SA(1.0s) [g],Complete_damage
0.05000000000000001,3.0018321162117445e-11
0.056172467201025755,6.865508161979506e-11
0.06310692142900626,1.5464585167990208e-10
0.07089742948257126,3.430751238653329e-10
0.07964967064493539,7.496020471009501e-10
0.08948237023750269,1.6131266322716442e-09
0.10052891014472326,3.4190716924342723e-09
0.11293913815718663,7.137666901968487e-09
0.1268814006769336,1.4676389437084936e-08
0.14254482635890514,2.9723777772439064e-08
0.16014189166643014,5.9294983145719016e-08
0.17991130314285533,1.165115052215171e-07
0.2021212354977168,2.255094790903911e-07
0.2270729694325259,4.2994668814078096e-07
0.2551049785537617,8.074719523021301e-07
0.28659752081259104,1.493870984692336e-06
0.3219777967548112,2.7225880186998452e-06
0.36172574455336326,4.888155279547668e-06
0.4063805504338082,8.645976066090633e-06
0.45654796280755766,1.5066124192220087e-05
0.5129085093300529,2.5865499536648073e-05
0.5762267283493882,4.375082444618705e-05
0.6473615399712076,7.29143248472397e-05
0.7272778974247632,0.00011973385912877887
0.8170598767824696,0.00019373853476289948
0.9179253825967483,0.0003089076063735874
1.0312426689380967,0.00048537205152965335
1.1585488999444697,0.0007515813446020703
1.3015710016583038,0.0011469787936588816
1.4622490880091454,0.0017251935529918327
1.6427627787184707,0.002557702955923391
1.8455607661325835,0.003737843662866336
2.0733940320616497,0.005384955575477135
2.329353165215711,0.007648333646903649
2.6169102854537,0.010710549372310862
2.9399661435534976,0.014789600488518517
3.3029030354176987,0.02013927308411867
3.710644248503383,0.02704707624918934
4.168720846874621,0.03582915651845975
4.683346700825936,0.046821734411207294
5.261502778863538,0.06036883655275349
5.911031845476362,0.07680641982348702
6.64074484928479,0.09644337895367538
7.4605404447366075,0.119540360037385
8.381539268677866,0.14628771956796516
9.416234793278331,0.17678431289558394
10.578662801651687,0.21101900762750891
11.884591785129816,0.24885684537030128
13.351736844955687,0.290031586979427
15.0,0.334145966646316
