PGA [g],Complete_damage
0.05000000000000001,1.1650238507243671e-07
0.056172467201025755,3.9076748392652405e-07
0.06310692142900626,1.2448331330183748e-06
0.07089742948257126,3.766830274365418e-06
0.07964967064493539,1.0828885239844155e-05
0.08948237023750269,2.958104458927746e-05
0.10052891014472326,7.679883511180208e-05
0.11293913815718663,0.0001895431614642451
0.1268814006769336,0.00044482436538495485
0.14254482635890514,0.0009929479842285538
0.16014189166643014,0.00210897350883954
0.17991130314285533,0.004263768946739743
0.2021212354977168,0.00820901982320188
0.2270729694325259,0.015058855964082518
0.2551049785537617,0.026336620313640036
0.28659752081259104,0.04394435122583629
0.3219777967548112,0.07001318205361862
0.36172574455336326,0.10661289776175875
0.4063805504338082,0.15534016456541466
0.45654796280755766,0.21685852170586983
0.5129085093300529,0.2905090508192436
0.5762267283493882,0.37412431702850757
0.6473615399712076,0.46414326130029604
0.7272778974247632,0.5560444073379572
0.8170598767824696,0.6450150287519165
0.9179253825967483,0.7266941369973009
1.0312426689380967,0.7978014014488399
1.1585488999444697,0.8565037530403089
1.3015710016583038,0.9024590383183336
1.4622490880091454,0.93657469530581
1.6427627787184707,0.9605912195620075
1.8455607661325835,0.976623840469493
2.0733940320616497,0.9867731529982386
2.329353165215711,0.9928658027861829
2.6169102854537,0.9963340737251716
2.9399661435534976,0.998206293076938
3.3029030354176987,0.999164671496544
3.710644248503383,0.9996298863261465
4.168720846874621,0.9998440303320106
4.683346700825936,0.9999375049581446
5.261502778863538,0.999976196546834
5.911031845476362,0.9999913836150636
6.64074484928479,0.9999970364382704
7.4605404447366075,0.9999990316566518
8.381539268677866,0.999999699459892
9.416234793278331,0.9999999114126688
10.578662801651687,0.9999999752039955
11.884591785129816,0.9999999934100362
13.351736844955687,0.9999999983372354
15.0,0.9999999996017238
