PGA [g],Complete_damage
0.05000000000000001,5.515165114600151e-07
0.056172467201025755,1.8400680030783434e-06
0.06310692142900626,5.7981336020196395e-06
0.07089742948257126,1.7258700687472484e-05
0.07964967064493539,4.8539070105824145e-05
0.08948237023750269,0.00012901777631879607
0.10052891014472326,0.00032419723596310845
0.11293913815718663,0.0007703996123541446
0.1268814006769336,0.001731956274114932
0.14254482635890514,0.003685232534125338
0.16014189166643014,0.007425466465670216
0.17991130314285533,0.01417666125110928
0.2021212354977168,0.02566374331869059
0.2270729694325259,0.04408784895211315
0.2551049785537617,0.07194335564960519
0.28659752081259104,0.11164275862280848
0.3219777967548112,0.16497691361313893
0.36172574455336326,0.2325191775609925
0.4063805504338082,0.3131488208345655
0.45654796280755766,0.4038813310755045
0.5129085093300529,0.5001267942609564
0.5762267283493882,0.5963648420096231
0.6473615399712076,0.6870763818154494
0.7272778974247632,0.76767496840766
0.8170598767824696,0.8351808130841857
0.9179253825967483,0.8884779960635767
1.0312426689380967,0.9281437657274285
1.1585488999444697,0.9559713845513236
1.3015710016583038,0.9743742084535887
1.4622490880091454,0.9858462536852186
1.6427627787184707,0.992587572021391
1.8455607661325835,0.9963217587620068
2.0733940320616497,0.998271576453457
2.329353165215711,0.9992312826144549
2.6169102854537,0.9996765576492251
2.9399661435534976,0.9998713014503826
3.3029030354176987,0.9999515881452301
3.710644248503383,0.9999827890744207
4.168720846874621,0.999994218774149
4.683346700825936,0.9999981655708653
5.261502778863538,0.9999994502557183
5.911031845476362,0.9999998444311835
6.64074484928479,0.9999999584359248
7.4605404447366075,0.9999999895169793
8.381539268677866,0.9999999975044123
9.416234793278331,0.9999999994393031
10.578662801651687,0.9999999998811202
11.884591785129816,0.9999999999762167
13.351736844955687,0.9999999999955106
15.0,0.9999999999992005
