SA(0.6s) [g],Complete_damage
0.05000000000000001,9.611436757595015e-08
0.056172467201025755,1.9890608138339871e-07
0.06310692142900626,4.0425163172486123e-07
0.07089742948257126,8.068847008324553e-07
0.07964967064493539,1.5817577532217797e-06
0.08948237023750269,3.045446250293793e-06
0.10052891014472326,5.759158294593725e-06
0.11293913815718663,1.0697440209539444e-05
0.1268814006769336,1.9517774078048333e-05
0.14254482635890514,3.4980683478957886e-05
0.16014189166643014,6.158759422403293e-05
0.17991130314285533,0.00010652363047858326
0.2021212354977168,0.00018101263132730416
0.2270729694325259,0.0003022081683773381
0.2551049785537617,0.0004957514980188371
0.28659752081259104,0.0007991174956852864
0.3219777967548112,0.0012658335272974774
0.36172574455336326,0.0019705844768779235
0.4063805504338082,0.0030151020798261374
0.45654796280755766,0.0045345751567895665
0.5129085093300529,0.00670411393111725
0.5762267283493882,0.009744571819148784
0.6473615399712076,0.01392680021172965
0.7272778974247632,0.01957322677629314
0.8170598767824696,0.027055556013947824
0.9179253825967483,0.03678744491361985
1.0312426689380967,0.049211251310001036
1.1585488999444697,0.0647784123440841
1.3015710016583038,0.08392367709881343
1.4622490880091454,0.1070342416862643
1.6427627787184707,0.13441572424212267
1.8455607661325835,0.16625774283744188
2.0733940320616497,0.20260247364825024
2.329353165215711,0.24331982851341205
2.6169102854537,0.28809269454870345
2.9399661435534976,0.33641498091621225
3.3029030354176987,0.387604057591291
3.710644248503383,0.4408276716070584
4.168720846874621,0.4951437829952663
4.683346700825936,0.5495502123696354
5.261502778863538,0.603039772195592
5.911031845476362,0.6546558580458159
6.64074484928479,0.703543417356163
7.4605404447366075,0.7489908009712971
8.381539268677866,0.7904591415969735
9.416234793278331,0.8275974113952332
10.578662801651687,0.8602429555916975
11.884591785129816,0.8884088399148533
13.351736844955687,0.912260581721581
15.0,0.9320856199418753
