SA(1.0s) [g],Complete_damage
0.05000000000000001,1.1102230246251565e-16
0.056172467201025755,7.771561172376096e-16
0.06310692142900626,4.3298697960381105e-15
0.07089742948257126,2.375877272697835e-14
0.07964967064493539,1.2445600106048005e-13
0.08948237023750269,6.210587599753126e-13
0.10052891014472326,2.9573010706940295e-12
0.11293913815718663,1.3434586776384094e-11
0.1268814006769336,5.823097559698454e-11
0.14254482635890514,2.408309107693185e-10
0.16014189166643014,9.50444278835505e-10
0.17991130314285533,3.5795462149934565e-09
0.2021212354977168,1.2866169685210593e-08
0.2270729694325259,4.4139454091762786e-08
0.2551049785537617,1.4454433261423816e-07
0.28659752081259104,4.5187239561261805e-07
0.3219777967548112,1.3487147489943396e-06
0.36172574455336326,3.843866001052021e-06
0.4063805504338082,1.0462142325695645e-05
0.45654796280755766,2.7198483717350008e-05
0.5129085093300529,6.754853704316055e-05
0.5762267283493882,0.00016029470739409302
0.6473615399712076,0.00036353811058931207
0.7272778974247632,0.000788163372406725
0.8170598767824696,0.0016339569338987836
0.9179253825967483,0.003240130092104332
1.0312426689380967,0.006148100895777331
1.1585488999444697,0.011167568302015596
1.3015710016583038,0.019427859657964563
1.4622490880091454,0.032387812421959206
1.6427627787184707,0.05177353408308738
1.8455607661325835,0.07941946299118963
2.0733940320616497,0.11700763456309005
2.329353165215711,0.16573154488052622
2.6169102854537,0.225946462074043
2.9399661435534976,0.29689397232292947
3.3029030354176987,0.3765908667047375
3.710644248503383,0.4619434865391562
4.168720846874621,0.54909271770689
4.683346700825936,0.6339289785643729
5.261502778863538,0.7126645024326616
5.911031845476362,0.7823321487248522
6.64074484928479,0.8411031000377283
7.4605404447366075,0.8883709013155003
8.381539268677866,0.9246151492902354
9.416234793278331,0.9511113552970873
10.578662801651687,0.9695784711300569
11.884591785129816,0.9818496163435027
13.351736844955687,0.9896235637441056
15.0,0.9943189184010027
