SA(0.6s) [g],Complete_damage
0.05000000000000001,1.8811493673887014e-07
0.056172467201025755,4.011264294057071e-07
0.06310692142900626,8.379481053477633e-07
0.07089742948257126,1.714929944274246e-06
0.07964967064493539,3.438632462327007e-06
0.08948237023750269,6.75543297690151e-06
0.10052891014472326,1.300373091661644e-05
0.11293913815718663,2.4527365305671012e-05
0.1268814006769336,4.533403609519038e-05
0.14254482635890514,8.211313833494938e-05
0.16014189166643014,0.00014576118437092944
0.17991130314285533,0.00025359487484033494
0.2021212354977168,0.00043245326653529315
0.2270729694325259,0.0007228887340314794
0.2551049785537617,0.0011846053173349969
0.28659752081259104,0.0019032046424302118
0.3219777967548112,0.002998127849952903
0.36172574455336326,0.004631428201954169
0.4063805504338082,0.007016678741347926
0.45654796280755766,0.010426938930629515
0.5129085093300529,0.015200325483841426
0.5762267283493882,0.021741432956233653
0.6473615399712076,0.03051672470773259
0.7272778974247632,0.042042163114634046
0.8170598767824696,0.05686184780975401
0.9179253825967483,0.07551731379479643
1.0312426689380967,0.09850836748995917
1.1585488999444697,0.12624778220606725
1.3015710016583038,0.15901362636571625
1.4622490880091454,0.19690419169545015
1.6427627787184707,0.2398011471203123
1.8455607661325835,0.2873464391625986
2.0733940320616497,0.33893747383703265
2.329353165215711,0.3937432872720483
2.6169102854537,0.45074195330630507
2.9399661435534976,0.5087767450959251
3.3029030354176987,0.5666260100692235
3.710644248503383,0.6230797782235429
4.168720846874621,0.6770151529221194
4.683346700825936,0.7274627097457185
5.261502778863538,0.7736574199528484
5.911031845476362,0.8150697840401908
6.64074484928479,0.8514155197364279
7.4605404447366075,0.8826448423431126
8.381539268677866,0.9089146757236455
9.416234793278331,0.9305487203172689
10.578662801651687,0.9479910208183313
11.884591785129816,0.9617585321362979
13.351736844955687,0.9723973346151558
15.0,0.9804458479207061
