SA(0.6s) [g],Complete_damage
0.05000000000000001,1.4466252925560141e-06
0.056172467201025755,2.914935764430915e-06
0.06310692142900626,5.754737933405529e-06
0.07089742948257126,1.1131782220896724e-05
0.07964967064493539,2.1099242153210795e-05
0.08948237023750269,3.918808403102769e-05
0.10052891014472326,7.13263488713034e-05
0.11293913815718663,0.0001272273398180701
0.1268814006769336,0.00022241968473701856
0.14254482635890514,0.0003811171531965529
0.16014189166643014,0.0006401312764239275
0.17991130314285533,0.0010539997843334037
0.2021212354977168,0.0017014208444463552
0.2270729694325259,0.00269293012711036
0.2551049785537617,0.004179523805578511
0.28659752081259104,0.006361617167033651
0.3219777967548112,0.009497356378550426
0.36172574455336326,0.013908915667308452
0.4063805504338082,0.019985085306427952
0.45654796280755766,0.028178279677694484
0.5129085093300529,0.038994168974391674
0.5762267283493882,0.05297254845978028
0.6473615399712076,0.07065885084392809
0.7272778974247632,0.09256685929429576
0.8170598767824696,0.11913458602303728
0.9179253825967483,0.15067675397347624
1.0312426689380967,0.187338600810953
1.1585488999444697,0.22905653525589875
1.3015710016583038,0.2755312700474769
1.4622490880091454,0.3262182844546593
1.6427627787184707,0.3803388308715182
1.8455607661325835,0.4369123647310085
2.0733940320616497,0.4948085724233179
2.329353165215711,0.5528145303175771
2.6169102854537,0.6097104031287865
2.9399661435534976,0.6643458626575198
3.3029030354176987,0.7157093035484863
3.710644248503383,0.7629829704766176
4.168720846874621,0.805579100171743
4.683346700825936,0.8431547634424278
5.261502778863538,0.8756058191933104
5.911031845476362,0.9030428215950064
6.64074484928479,0.9257535017888393
7.4605404447366075,0.9441573763828703
8.381539268677866,0.9587580880515365
9.416234793278331,0.9700983846129745
10.578662801651687,0.9787214249647479
11.884591785129816,0.9851406416295359
13.351736844955687,0.9898189543638226
15.0,0.9931569214815866
