SA(1.0s) [g],Complete_damage
0.05000000000000001,0.0
0.056172467201025755,0.0
0.06310692142900626,2.220446049250313e-16
0.07089742948257126,9.992007221626409e-16
0.07964967064493539,5.88418203051333e-15
0.08948237023750269,3.241851231905457e-14
0.10052891014472326,1.6964207816272392e-13
0.11293913815718663,8.458789224619068e-13
0.1268814006769336,4.022782107426792e-12
0.14254482635890514,1.8243406785245497e-11
0.16014189166643014,7.890088582485077e-11
0.17991130314285533,3.2544678063572974e-10
0.2021212354977168,1.280349382071222e-09
0.2270729694325259,4.804615372222543e-09
0.2551049785537617,1.71990599540095e-08
0.28659752081259104,5.8736019492577896e-08
0.3219777967548112,1.913813688636523e-07
0.36172574455336326,5.950262679244034e-07
0.4063805504338082,1.765488598315379e-06
0.45654796280755766,4.999684669715343e-06
0.5129085093300529,1.3515506482986162e-05
0.5762267283493882,3.4882256621182606e-05
0.6473615399712076,8.596831742990751e-05
0.7272778974247632,0.00020235913969401942
0.8170598767824696,0.0004550489637022981
0.9179253825967483,0.00097781789517426
1.0312426689380967,0.0020084058719799236
1.1585488999444697,0.003944444100199451
1.3015710016583038,0.007410188984704247
1.4622490880091454,0.013322173549705663
1.6427627787184707,0.02293219251540002
1.8455607661325835,0.037817905683568576
2.0733940320616497,0.0597899098767537
2.329353165215711,0.09069460640688698
2.6169102854537,0.13211690696503986
2.9399661435534976,0.18502218355507383
3.3029030354176987,0.24941225461527805
3.710644248503383,0.32409048900407056
4.168720846874621,0.406622886483895
4.683346700825936,0.4935409825267273
5.261502778863538,0.5807680541699585
5.911031845476362,0.664183740492997
6.64074484928479,0.7401987737998051
7.4605404447366075,0.8062082889450524
8.381539268677866,0.8608304435907649
9.416234793278331,0.9039015736712701
10.578662801651687,0.9362653181330483
11.884591785129816,0.959438528325146
13.351736844955687,0.9752498597934456
15.0,0.9855301490705066
