SA(1.0s) [g],Complete_damage
0.05000000000000001,6.399903170861698e-06
0.056172467201025755,1.2149489236001898e-05
0.06310692142900626,2.2621842948544746e-05
0.07089742948257126,4.131463753309639e-05
0.07964967064493539,7.401302903986551e-05
0.08948237023750269,0.00013006627752809585
0.10052891014472326,0.00022423299695628618
0.11293913815718663,0.00037926321834669263
0.1268814006769336,0.000629388494216121
0.14254482635890514,0.0010248653704385546
0.16014189166643014,0.0016376486747803343
0.17991130314285533,0.002568145896510332
0.2021212354977168,0.003952813646472597
0.2270729694325259,0.005972102395170986
0.2551049785537617,0.008857951616448312
0.28659752081259104,0.012899718126948456
0.3219777967548112,0.018447139930908518
0.36172574455336326,0.025908767187834747
0.4063805504338082,0.0357443095454264
0.45654796280755766,0.04844962598016578
0.5129085093300529,0.06453366346137346
0.5762267283493882,0.08448753131662956
0.6473615399712076,0.10874701414726284
0.7272778974247632,0.13765104563864217
0.8170598767824696,0.17139979996000887
0.9179253825967483,0.21001688781434857
1.0312426689380967,0.2533204620239423
1.1585488999444697,0.300907691599156
1.3015710016583038,0.35215600263119884
1.4622490880091454,0.40624278572866035
1.6427627787184707,0.4621831393741771
1.8455607661325835,0.5188829652812734
2.0733940320616497,0.575202713649412
2.329353165215711,0.6300256317516859
2.6169102854537,0.6823237487636998
2.9399661435534976,0.7312151423619017
3.3029030354176987,0.7760072232450562
3.710644248503383,0.8162226346845955
4.168720846874621,0.8516065792542211
4.683346700825936,0.8821165944606842
5.261502778863538,0.9078976708727633
5.911031845476362,0.9292468955090388
6.64074484928479,0.946572388489968
7.4605404447366075,0.9603511924719095
8.381539268677866,0.9710900940715326
9.416234793278331,0.9792922990181262
10.578662801651687,0.9854316685567488
11.884591785129816,0.9899350561746254
13.351736844955687,0.9931723138591635
15.0,0.9954528533047091
