PGA [g],Loss_ratio
0.05000000000000001,3.65404531463386e-06
0.056172467201025755,7.729764764696733e-06
0.06310692142900626,1.5945308419670168e-05
0.07089742948257126,3.20789906419856e-05
0.07964967064493539,6.294826395324443e-05
0.08948237023750269,0.0001204993824598901
0.10052891014472326,0.00022505901284021983
0.11293913815718663,0.0004102061094948945
0.1268814006769336,0.0007297898155763691
0.14254482635890514,0.0012676295764895628
0.16014189166643014,0.002150345239038579
0.17991130314285533,0.0035635312994734686
0.2021212354977168,0.005771064827061768
0.2270729694325259,0.00913667875913962
0.2551049785537617,0.014146001929360386
0.28659752081259104,0.021426026959745825
0.3219777967548112,0.0317573963628992
0.36172574455336326,0.04607305205652183
0.4063805504338082,0.06543494144956917
0.45654796280755766,0.09097929127501533
0.5129085093300529,0.12382169209565234
0.5762267283493882,0.16491758411976293
0.6473615399712076,0.21488322157856024
0.7272778974247632,0.27379692124507105
0.8170598767824696,0.34101762365021604
0.9179253825967483,0.4150712959707369
1.0312426689380967,0.49365715344928723
1.1585488999444697,0.5738083595067843
1.3015710016583038,0.6522055075492923
1.4622490880091454,0.7255949604445526
1.6427627787184707,0.7912249258604337
1.8455607661325835,0.8471975929556366
2.0733940320616497,0.8926548782765745
2.329353165215711,0.9277630216482569
2.6169102854537,0.9535192167846915
2.9399661435534976,0.9714492275085277
3.3029030354176987,0.9832828038384618
3.710644248503383,0.9906813973073034
4.168720846874621,0.9950604909525581
4.683346700825936,0.9975127308753532
5.261502778863538,0.9988112834062189
5.911031845476362,0.9994612276579994
6.64074484928479,0.9997685817751285
7.4605404447366075,0.9999058580373004
8.381539268677866,0.9999637489549407
9.416234793278331,0.9999867933124708
10.578662801651687,0.9999954500047755
11.884591785129816,0.9999985181662853
13.351736844955687,0.9999995439577284
15.0,0.9999998674166263
