SA(0.3s) [g],Complete_damage
0.05000000000000001,9.309009337932217e-06
0.056172467201025755,1.6533889014902492e-05
0.06310692142900626,2.8898321412507144e-05
0.07089742948257126,4.9706410703231896e-05
0.07964967064493539,8.414177507287679e-05
0.08948237023750269,0.00014018093711398727
0.10052891014472326,0.0002298604128401216
0.11293913815718663,0.0003709870440739005
0.1268814006769336,0.000589380380293103
0.14254482635890514,0.0009217216629970881
0.16014189166643014,0.0014190505767069928
0.17991130314285533,0.002150893101614204
0.2021212354977168,0.003209917815618857
0.2270729694325259,0.004716903327132926
0.2551049785537617,0.006825660595753513
0.28659752081259104,0.009727401606728359
0.3219777967548112,0.013653898407710585
0.36172574455336326,0.018878659038629175
0.4063805504338082,0.025715289467980074
0.45654796280755766,0.03451224443345968
0.5129085093300529,0.045643321703958684
0.5762267283493882,0.05949353923300571
0.6473615399712076,0.07644045078784278
0.7272778974247632,0.09683147810757409
0.8170598767824696,0.1209584172301097
0.9179253825967483,0.14903084230899255
1.0312426689380967,0.18115059688667223
1.1585488999444697,0.21728984320176103
1.3015710016583038,0.25727516099533165
1.4622490880091454,0.30077990352812645
1.6427627787184707,0.3473264265093794
1.8455607661325835,0.3962989495480449
2.0733940320616497,0.44696677980387844
2.329353165215711,0.4985165493993944
2.6169102854537,0.5500911346620727
2.9399661435534976,0.6008321734744138
3.3029030354176987,0.6499226850619705
3.710644248503383,0.6966262847526328
4.168720846874621,0.740319876331276
4.683346700825936,0.7805174394493103
5.261502778863538,0.8168835032802088
5.911031845476362,0.8492359742172498
6.64074484928479,0.8775390217663765
7.4605404447366075,0.9018875956956828
8.381539268677866,0.9224857563257248
9.416234793278331,0.9396213016275143
10.578662801651687,0.9536391705173569
11.884591785129816,0.9649158342418067
13.351736844955687,0.9738364294755647
15.0,0.9807758243721022
