SA(1.0s) [g],Complete_damage
0.05000000000000001,1.3322676295501878e-15
0.056172467201025755,6.439293542825908e-15
0.06310692142900626,2.9753977059954195e-14
0.07089742948257126,1.3156142841808105e-13
0.07964967064493539,5.611067166455541e-13
0.08948237023750269,2.3021584638627246e-12
0.10052891014472326,9.09172737095787e-12
0.11293913815718663,3.4560465600463885e-11
0.1268814006769336,1.2645828828539152e-10
0.14254482635890514,4.454191460112611e-10
0.16014189166643014,1.510308544894201e-09
0.17991130314285533,4.930154950955057e-09
0.2021212354977168,1.549453509941401e-08
0.2270729694325259,4.688638777228249e-08
0.2551049785537617,1.366138936420569e-07
0.28659752081259104,3.833144761600238e-07
0.3219777967548112,1.0357699548046995e-06
0.36172574455336326,2.6956163933222754e-06
0.4063805504338082,6.757443630434068e-06
0.45654796280755766,1.631862752926594e-05
0.5129085093300529,3.796767314412364e-05
0.5762267283493882,8.511997137383709e-05
0.6473615399712076,0.00018390796375966634
0.7272778974247632,0.00038299491207993697
0.8170598767824696,0.0007689341184992093
0.9179253825967483,0.0014886028371164928
1.0312426689380967,0.002779477563437105
1.1585488999444697,0.0050067504857002065
1.3015710016583038,0.00870333600222617
1.4622490880091454,0.014604887010005063
1.6427627787184707,0.02366784064378602
1.8455607661325835,0.03705571497144655
2.0733940320616497,0.05607927766596843
2.329353165215711,0.08208150276589388
2.6169102854537,0.11626902862022681
2.9399661435534976,0.15950680863576805
3.3029030354176987,0.2121082579200113
3.710644248503383,0.27366429907157797
4.168720846874621,0.34295617751605434
4.683346700825936,0.4179857887161643
5.261502778863538,0.4961344929806397
5.911031845476362,0.5744323003936417
6.64074484928479,0.6498921878682964
7.4605404447366075,0.7198476180681775
8.381539268677866,0.7822304979224552
9.416234793278331,0.8357421171841302
10.578662801651687,0.8798960526480966
11.884591785129816,0.9149413182366463
13.351736844955687,0.9416977290217129
15.0,0.9613478332918433
