SA(0.6s) [g],Loss_ratio
0.05000000000000001,5.193789106703438e-23
0.056172467201025755,8.259218088074741e-22
0.06310692142900626,1.2131603318014216e-20
0.07089742948257126,1.1118690751677158e-16
0.07964967064493539,1.2233085052802383e-15
0.08948237023750269,8.905674623564698e-15
0.10052891014472326,6.031864863956367e-14
0.11293913815718663,3.8621941200672243e-13
0.1268814006769336,2.3296739210139305e-12
0.14254482635890514,1.3236548234995209e-11
0.16014189166643014,7.08832831814399e-11
0.17991130314285533,3.580092564659125e-10
0.2021212354977168,1.7066991959317362e-09
0.2270729694325259,7.685793266647769e-09
0.2551049785537617,3.272249883364723e-08
0.28659752081259104,1.318122912481374e-07
0.3219777967548112,5.026596752232101e-07
0.36172574455336326,1.8153159462609637e-06
0.4063805504338082,6.2087847082084275e-06
0.45654796280755766,2.0104950264486453e-05
0.5129085093300529,6.159711105142226e-05
0.5762267283493882,0.00017839073531205458
0.6473615399712076,0.0004878001815416337
0.7272778974247632,0.0012578265044014692
0.8170598767824696,0.0030545106395186185
0.9179253825967483,0.006976523402170656
1.0312426689380967,0.014967608465745144
1.1585488999444697,0.030124413109556568
1.3015710016583038,0.05680240008993785
1.4622490880091454,0.10021553140422466
1.6427627787184707,0.16524588816076136
1.8455607661325835,0.25447395678469864
2.0733940320616497,0.36602638508591645
2.329353165215711,0.4924112098199522
2.6169102854537,0.6214876505596552
2.9399661435534976,0.7397299091759832
3.3029030354176987,0.8364480819685559
3.710644248503383,0.9068064982797265
4.168720846874621,0.9521683612536019
4.683346700825936,0.9780115319222749
5.261502778863538,0.9909890445715765
5.911031845476362,0.9967211039602931
6.64074484928479,0.9989440706082662
7.4605404447366075,0.9996998774962694
8.381539268677866,0.9999248861724302
9.416234793278331,0.9999834780778353
10.578662801651687,0.9999968112963316
11.884591785129816,0.9999994607592955
13.351736844955687,0.9999999201899702
15.0,0.9999999896722942
