SA(0.6s) [g],Loss_ratio
0.05000000000000001,7.168307837930957e-07
0.056172467201025755,1.5543826782442565e-06
0.06310692142900626,3.2984995414139295e-06
0.07089742948257126,6.845585037618459e-06
0.07964967064493539,1.3884205685255182e-05
0.08948237023750269,2.749887925293853e-05
0.10052891014472326,5.314617269481151e-05
0.11293913815718663,0.00010016331978799137
0.1268814006769336,0.00018399257000545327
0.14254482635890514,0.0003293040047253825
0.16014189166643014,0.0005741636741405689
0.17991130314285533,0.0009753169233719897
0.2021212354977168,0.0016145443563601912
0.2270729694325259,0.0026059185052958824
0.2551049785537617,0.004103669344260413
0.28659752081259104,0.006310280153305744
0.3219777967548112,0.009484392178335662
0.36172574455336326,0.013948089115138312
0.4063805504338082,0.020093137965113445
0.45654796280755766,0.028385745186565496
0.5129085093300529,0.039369277241221357
0.5762267283493882,0.05366404219326712
0.6473615399712076,0.07196236172185004
0.7272778974247632,0.09501545434635339
0.8170598767824696,0.12360601804617329
0.9179253825967483,0.1584975431061464
1.0312426689380967,0.20035028717547926
1.1585488999444697,0.2495976257772453
1.3015710016583038,0.3062879883272674
1.4622490880091454,0.3699166961487958
1.6427627787184707,0.43929317047389427
1.8455607661325835,0.5125012048920505
2.0733940320616497,0.5870013760318044
2.329353165215711,0.6598901354470046
2.6169102854537,0.7282779823557323
2.9399661435534976,0.7897004419849257
3.3029030354176987,0.842454518574233
3.710644248503383,0.885773010740277
4.168720846874621,0.9198026604684973
4.683346700825936,0.9454154896556659
5.261502778863538,0.9639281791722771
5.911031845476362,0.9768157718404913
6.64074484928479,0.9854854891201943
7.4605404447366075,0.9911399646745698
8.381539268677866,0.9947252575664634
9.416234793278331,0.9969391629481968
10.578662801651687,0.9982711412355146
11.884591785129816,0.9990513014409316
13.351736844955687,0.9994953416237699
15.0,0.9997403360008581
