SA(1.0s) [g],Loss_ratio
0.05000000000000001,4.95643326968515e-07
0.056172467201025755,1.3772932681955747e-06
0.06310692142900626,3.6752658876627794e-06
0.07089742948257126,9.419022826779274e-06
0.07964967064493539,2.318636240454642e-05
0.08948237023750269,5.4831499753790634e-05
0.10052891014472326,0.00012458518332337173
0.11293913815718663,0.00027203040863403236
0.1268814006769336,0.0005709111133533757
0.14254482635890514,0.0011519013402776375
0.16014189166643014,0.0022349394401407984
0.17991130314285533,0.004171017082706977
0.2021212354977168,0.007490008222190749
0.2270729694325259,0.012946253184397042
0.2551049785537617,0.02154799147374472
0.28659752081259104,0.0345521826164198
0.3219777967548112,0.05340539615516579
0.36172574455336326,0.07961693644771167
0.4063805504338082,0.11456354574221986
0.45654796280755766,0.15924457731359734
0.5129085093300529,0.214027775452808
0.5762267283493882,0.2784414624023426
0.6473615399712076,0.3510714968997277
0.7272778974247632,0.42960638223715103
0.8170598767824696,0.5110427571944846
0.9179253825967483,0.5920241134466614
1.0312426689380967,0.669250144156395
1.1585488999444697,0.7398746020682165
1.3015710016583038,0.8018127900528824
1.4622490880091454,0.8539046679209682
1.6427627787184707,0.8959173582627946
1.8455607661325835,0.9284090208039129
2.0733940320616497,0.9525032406292331
2.329353165215711,0.96963304628225
2.6169102854537,0.9813068757015448
2.9399661435534976,0.9889308972532815
3.3029030354176987,0.9937008196428128
3.710644248503383,0.9965583615576464
4.168720846874621,0.9981965796665161
4.683346700825936,0.9990947032363856
5.261502778863538,0.9995651580809438
5.911031845476362,0.999800391424032
6.64074484928479,0.9999125461903399
7.4605404447366075,0.9999634770377991
8.381539268677866,0.9999854796439361
9.416234793278331,0.9999945114499375
10.578662801651687,0.9999980299893684
11.884591785129816,0.9999993293525408
13.351736844955687,0.9999997837050046
15.0,0.9999999339812062
