SA(0.6s) [g],Loss_ratio
0.05000000000000001,2.331523617897634e-15
0.056172467201025755,1.1435964101522215e-14
0.06310692142900626,5.340919585344216e-14
0.07089742948257126,2.395527105932421e-13
0.07964967064493539,1.032589614351795e-12
0.08948237023750269,4.278946335954455e-12
0.10052891014472326,1.7056916983318767e-11
0.11293913815718663,6.545975507009455e-11
0.1268814006769336,2.4217152177157437e-10
0.14254482635890514,8.654697012596094e-10
0.16014189166643014,2.9971213068332945e-09
0.17991130314285533,1.0099853020819654e-08
0.2021212354977168,3.329031091381376e-08
0.2270729694325259,1.0789772548496662e-07
0.2551049785537617,3.452814021916137e-07
0.28659752081259104,1.0923833529321287e-06
0.3219777967548112,3.4085527754442664e-06
0.36172574455336326,1.0427659435595255e-05
0.4063805504338082,3.102434244624042e-05
0.45654796280755766,8.89952413867232e-05
0.5129085093300529,0.00024421193750327026
0.5762267283493882,0.0006369674948092307
0.6473615399712076,0.0015715175084937512
0.7272778974247632,0.0036550477092579916
0.8170598767824696,0.007995843339821604
0.9179253825967483,0.016430469079923495
1.0312426689380967,0.03169306703771317
1.1585488999444697,0.05737845530529697
1.3015710016583038,0.09752792312297918
1.4622490880091454,0.15573845637284434
1.6427627787184707,0.2338925291928576
1.8455607661325835,0.3308797530915936
2.0733940320616497,0.44188831669842804
2.329353165215711,0.5587954532393833
2.6169102854537,0.671790416208942
2.9399661435534976,0.771759719340857
3.3029030354176987,0.8525061649331527
3.710644248503383,0.9118979935563939
4.168720846874621,0.9515840420636392
4.683346700825936,0.9756221120421612
5.261502778863538,0.9887939081698927
5.911031845476362,0.9953116900064871
6.64074484928479,0.9982195919627921
7.4605404447366075,0.9993877042756729
8.381539268677866,0.9998096830102016
9.416234793278331,0.9999466266851766
10.578662801651687,0.9999865147507027
11.884591785129816,0.9999969343173872
13.351736844955687,0.9999993736047589
15.0,0.9999998850773096
