SA(1.0s) [g],Loss_ratio
0.05000000000000001,2.3494186070925058e-07
0.056172467201025755,7.203560718266487e-07
0.06310692142900626,2.1176054171207614e-06
0.07089742948257126,5.956383703084794e-06
0.07964967064493539,1.6013971494878356e-05
0.08948237023750269,4.113055325280147e-05
0.10052891014472326,0.00010089829083392363
0.11293913815718663,0.00023639765125021503
0.1268814006769336,0.0005290324044748318
0.14254482635890514,0.0011310432956347293
0.16014189166643014,0.0023106975060158564
0.17991130314285533,0.004512435778652564
0.2021212354977168,0.008426518890349283
0.2270729694325259,0.015053919142093468
0.2551049785537617,0.0257420628281464
0.28659752081259104,0.04215950449705971
0.3219777967548112,0.06617831962206726
0.36172574455336326,0.09964707454453776
0.4063805504338082,0.1440660143385823
0.45654796280755766,0.2002141824256673
0.5129085093300529,0.26781293272781886
0.5762267283493882,0.34532555177451224
0.6473615399712076,0.4299759580707773
0.7272778974247632,0.518019389881317
0.8170598767824696,0.6052280151101768
0.9179253825967483,0.6874888630983805
1.0312426689380967,0.7613756290872541
1.1585488999444697,0.824564170642548
1.3015710016583038,0.8760105530466133
1.4622490880091454,0.9158808288531316
1.6427627787184707,0.9452870628874008
1.8455607661325835,0.9659231230085488
2.0733940320616497,0.9796982464942925
2.329353165215711,0.9884422851422542
2.6169102854537,0.9937185384933052
2.9399661435534976,0.9967438416302805
3.3029030354176987,0.9983914709752936
3.710644248503383,0.9992433975704023
4.168720846874621,0.9996614116801612
4.683346700825936,0.9998559530460995
5.261502778863538,0.9999417844603344
5.911031845476362,0.9999776661250884
6.64074484928479,0.9999918720652141
7.4605404447366075,0.9999971958477495
8.381539268677866,0.9999990834492771
9.416234793278331,0.9999997163468762
10.578662801651687,0.9999999169285292
11.884591785129816,0.9999999769897626
13.351736844955687,0.9999999939746662
15.0,0.999999998509157
