SA(1.0s) [g],Loss_ratio
0.05000000000000001,0.00017246274578934425
0.056172467201025755,0.0002941847352928489
0.06310692142900626,0.00048219253230333877
0.07089742948257126,0.000761134196114627
0.07964967064493539,0.001160538973860256
0.08948237023750269,0.0017163688846396138
0.10052891014472326,0.0024758075668323155
0.11293913815718663,0.0035081022817168585
0.1268814006769336,0.004924811597261344
0.14254482635890514,0.006912541196214525
0.16014189166643014,0.009779580017922214
0.17991130314285533,0.014014197328591976
0.2021212354977168,0.02034645024147288
0.2270729694325259,0.029797696257058297
0.2551049785537617,0.04369446935038562
0.28659752081259104,0.06361939842188975
0.3219777967548112,0.09127579858917911
0.36172574455336326,0.12825793700692956
0.4063805504338082,0.17574573042529876
0.45654796280755766,0.23417505846680986
0.5129085093300529,0.3029616856388839
0.5762267283493882,0.3803646053173575
0.6473615399712076,0.4635541831436729
0.7272778974247632,0.5489026727284101
0.8170598767824696,0.6324527414198646
0.9179253825967483,0.7104652226103133
1.0312426689380967,0.7799214259016988
1.1585488999444697,0.8388686201835646
1.3015710016583038,0.8865447744999049
1.4622490880091454,0.9232819867866393
1.6427627787184707,0.9502441668128652
1.8455607661325835,0.9690857519543169
2.0733940320616497,0.9816187208915658
2.329353165215711,0.9895512994166384
2.6169102854537,0.9943270028375286
2.9399661435534976,0.9970607023123388
3.3029030354176987,0.9985479145334129
3.710644248503383,0.9993165394482955
4.168720846874621,0.9996937472293748
4.683346700825936,0.9998694483588957
5.261502778863538,0.9999470909967985
5.911031845476362,0.9999796271746382
6.64074484928479,0.999992550978638
7.4605404447366075,0.9999974150623048
8.381539268677866,0.9999991490419553
9.416234793278331,0.9999997343506514
10.578662801651687,0.9999999213819738
11.884591785129816,0.999999977947494
13.351736844955687,0.999999994137666
15.0,0.9999999985230523
