SA(0.3s) [g],Complete_damage
0.05000000000000001,5.516254120152553e-12
0.056172467201025755,1.618383205226337e-11
0.06310692142900626,4.63479254975141e-11
0.07089742948257126,1.2956979933420598e-10
0.07964967064493539,3.535991499603597e-10
0.08948237023750269,9.420256796843773e-10
0.10052891014472326,2.450021074906772e-09
0.11293913815718663,6.220774340093271e-09
0.1268814006769336,1.5420536736421298e-08
0.14254482635890514,3.7320608603508276e-08
0.16014189166643014,8.818747121441817e-08
0.17991130314285533,2.0346506168777978e-07
0.2021212354977168,4.583683259617999e-07
0.2270729694325259,1.0083225125967488e-06
0.2551049785537617,2.166028493344463e-06
0.28659752081259104,4.543912842769338e-06
0.3219777967548112,9.309362706155788e-06
0.36172574455336326,1.8627687457306585e-05
0.4063805504338082,3.6406083431694825e-05
0.45654796280755766,6.950152177875868e-05
0.5129085093300529,0.00012961399031241605
0.5762267283493882,0.00023614643213321074
0.6473615399712076,0.0004203593680719431
0.7272778974247632,0.0007311581584418247
0.8170598767824696,0.0012427922747325626
0.9179253825967483,0.0020645819471356575
1.0312426689380967,0.003352484174823589
1.1585488999444697,0.0053218489505924005
1.3015710016583038,0.0082601109337741
1.4622490880091454,0.0125374725351044
1.6427627787184707,0.018612979694447418
1.8455607661325835,0.027032943926567632
2.0733940320616497,0.03841862757742953
2.329353165215711,0.0534406758024214
2.6169102854537,0.07277906865595096
2.9399661435534976,0.09706936462249771
3.3029030354176987,0.12683851556062387
3.710644248503383,0.16243616436942476
4.168720846874621,0.203969557653219
4.683346700825936,0.25125143992566723
5.261502778863538,0.3037700652212033
5.911031845476362,0.36068853256682554
6.64074484928479,0.4208771412595299
7.4605404447366075,0.4829778667880881
8.381539268677866,0.5454951804197051
9.416234793278331,0.6069032162941939
10.578662801651687,0.66575659077805
11.884591785129816,0.7207915682191175
13.351736844955687,0.7710058753116138
15.0,0.8157089513824003
