SA(1.0s) [g],Complete_damage
0.05000000000000001,6.149047359071957e-07
0.056172467201025755,1.320674160254498e-06
0.06310692142900626,2.772514519966407e-06
0.07089742948257126,5.689352815974047e-06
0.07964967064493539,1.1412610980032767e-05
0.08948237023750269,2.2380217113315837e-05
0.10052891014472326,4.2906859277991316e-05
0.11293913815718663,8.042674981700859e-05
0.1268814006769336,0.00014740639269483768
0.14254482635890514,0.0002641845810124055
0.16014189166643014,0.00046303124346391833
0.17991130314285533,0.0007937147775326503
0.2021212354977168,0.0013308016661732758
0.2270729694325259,0.0021827519840166287
0.2551049785537617,0.003502593388593933
0.28659752081259104,0.005499542550009617
0.3219777967548112,0.008450412498932858
0.36172574455336326,0.012709052703603119
0.4063805504338082,0.01871151812224736
0.45654796280755766,0.0269742990141304
0.5129085093300529,0.03808293343356506
0.5762267283493882,0.05266882547945806
0.6473615399712076,0.07137320089294008
0.7272778974247632,0.09479883380508791
0.8170598767824696,0.12345231375203336
0.9179253825967483,0.15768187581350923
1.0312426689380967,0.1976177547664435
1.1585488999444697,0.24312317144151707
1.3015710016583038,0.293764010549165
1.4622490880091454,0.3488037850585354
1.6427627787184707,0.40722765994932975
1.8455607661325835,0.4677954922969183
2.0733940320616497,0.529119660750552
2.329353165215711,0.5897596714072788
2.6169102854537,0.6483228760122596
2.9399661435534976,0.7035596568064184
3.3029030354176987,0.7544423213167715
3.710644248503383,0.8002195277311351
4.168720846874621,0.8404418069683441
4.683346700825936,0.8749579302296654
5.261502778863538,0.9038857219767
5.911031845476362,0.9275638018596449
6.64074484928479,0.9464922756913401
7.4605404447366075,0.9612705125983293
8.381539268677866,0.9725390498745567
9.416234793278331,0.9809307576108741
10.578662801651687,0.9870341462257877
11.884591785129816,0.9913695499891295
13.351736844955687,0.9943771904234998
15.0,0.9964149835802323
