SA(1.0s) [g],Complete_damage
0.05000000000000001,0.0
0.056172467201025755,0.0
0.06310692142900626,2.220446049250313e-16
0.07089742948257126,1.1102230246251565e-15
0.07964967064493539,6.661338147750939e-15
0.08948237023750269,3.785860513971784e-14
0.10052891014472326,2.0394796962364126e-13
0.11293913815718663,1.04638520070921e-12
0.1268814006769336,5.1096904485348205e-12
0.14254482635890514,2.3745894139892698e-11
0.16014189166643014,1.0502276825974377e-10
0.17991130314285533,4.4209014227192256e-10
0.2021212354977168,1.7713388533735497e-09
0.2270729694325259,6.756008974484473e-09
0.2551049785537617,2.4530931841404424e-08
0.28659752081259104,8.4803633781938e-08
0.3219777967548112,2.7914969258358013e-07
0.36172574455336326,8.750497784149047e-07
0.4063805504338082,2.6125075779370732e-06
0.45654796280755766,7.429751582077593e-06
0.5129085093300529,2.0130433104004197e-05
0.5762267283493882,5.197239572163337e-05
0.6473615399712076,0.0001278856226047953
0.7272778974247632,0.00029998538910736006
0.8170598767824696,0.000670998003421297
0.9179253825967483,0.0014315746363519066
1.0312426689380967,0.002914241258789141
1.1585488999444697,0.0056627085534235455
1.3015710016583038,0.010507604403334314
1.4622490880091454,0.01862890124867378
1.6427627787184707,0.03157424620015192
1.8455607661325835,0.0511965225158324
2.0733940320616497,0.07948000323014481
2.329353165215711,0.11824718227662445
2.6169102854537,0.16877651558919515
2.9399661435534976,0.23140488178081997
3.3029030354176987,0.30522025876558323
3.710644248503383,0.38795176364619444
4.168720846874621,0.47612633999118315
4.683346700825936,0.5654906783545509
5.261502778863538,0.6516165277864092
5.911031845476362,0.7305481786761947
6.64074484928479,0.7993368954525766
7.4605404447366075,0.8563443328432504
8.381539268677866,0.9012699479435908
9.416234793278331,0.9349369647986596
10.578662801651687,0.9589287850264399
11.884591785129816,0.9751868764668609
13.351736844955687,0.9856635532784473
15.0,0.9920834043257797
