SA(1.0s) [g],Complete_damage
0.05000000000000001,2.220446049250313e-16
0.056172467201025755,1.2212453270876722e-15
0.06310692142900626,7.216449660063518e-15
0.07089742948257126,4.085620730620576e-14
0.07964967064493539,2.2004620348070603e-13
0.08948237023750269,1.1264322807846838e-12
0.10052891014472326,5.488276499931999e-12
0.11293913815718663,2.5447199902828288e-11
0.1268814006769336,1.1229239760268683e-10
0.14254482635890514,4.716227408607665e-10
0.16014189166643014,1.8854034999904457e-09
0.17991130314285533,7.174857263869683e-09
0.2021212354977168,2.5993171282046035e-08
0.2270729694325259,8.965692788187596e-08
0.2551049785537617,2.9446448446268647e-07
0.28659752081259104,9.209951700173136e-07
0.3219777967548112,2.743555211348614e-06
0.36172574455336326,7.78511504506696e-06
0.4063805504338082,2.1046596065832368e-05
0.45654796280755766,5.4217978419424107e-05
0.5129085093300529,0.00013311851425568122
0.5762267283493882,0.0003115787885085153
0.6473615399712076,0.0006954174726071516
0.7272778974247632,0.0014804756663630014
0.8170598767824696,0.0030073426478171017
0.9179253825967483,0.005831228254566279
1.0312426689380967,0.010797606786048797
1.1585488999444697,0.019103371314559747
1.3015710016583038,0.03231227351616173
1.4622490880091454,0.052287943804331216
1.6427627787184707,0.08101450986640701
1.8455607661325835,0.12029835148075463
2.0733940320616497,0.17138321269716328
2.329353165215711,0.23455434121480156
2.6169102854537,0.30883800278094276
2.9399661435534976,0.39190266343927616
3.3029030354176987,0.4802284807828312
3.710644248503383,0.5695399925428627
4.168720846874621,0.655416747920712
4.683346700825936,0.73393890236274
5.261502778863538,0.8022131837333872
5.911031845476362,0.8586640166435255
6.64074484928479,0.9030485612351623
7.4605404447366075,0.9362335189006203
8.381539268677866,0.9598273637261208
9.416234793278331,0.9757789531550324
10.578662801651687,0.9860344527122475
11.884591785129816,0.9923043017973446
13.351736844955687,0.9959493606078391
15.0,0.9979644714037367
