SA(1.0s) [g],Complete_damage
0.05000000000000001,1.6245893519339916e-12
0.056172467201025755,7.348233133086524e-12
0.06310692142900626,3.175548712874843e-11
0.07089742948257126,1.3112277930105165e-10
0.07964967064493539,5.173521611112619e-10
0.08948237023750269,1.950611894230292e-09
0.10052891014472326,7.028492454708157e-09
0.11293913815718663,2.4204352855328182e-08
0.1268814006769336,7.967118631491132e-08
0.14254482635890514,2.506835361515414e-07
0.16014189166643014,7.540695855512425e-07
0.17991130314285533,2.1687385788338176e-06
0.2021212354977168,5.964411639691747e-06
0.2270729694325259,1.568748127511732e-05
0.2551049785537617,3.946677489796713e-05
0.28659752081259104,9.499013788261124e-05
0.3219777967548112,0.00021876547780730338
0.36172574455336326,0.0004822009909473124
0.4063805504338082,0.0010175002038198544
0.45654796280755766,0.002055987593559294
0.5129085093300529,0.0039794708982180405
0.5762267283493882,0.007380876351060106
0.6473615399712076,0.013123513509777696
0.7272778974247632,0.022380028888639103
0.8170598767824696,0.03662517882377836
0.9179253825967483,0.05755521718377432
1.0312426689380967,0.08691525861390947
1.1585488999444697,0.12623648603498938
1.3015710016583038,0.1765148729199688
1.4622490880091454,0.23789383801244912
1.6427627787184707,0.3094326652739612
1.8455607661325835,0.38903909668448666
2.0733940320616497,0.47361343690985047
2.329353165215711,0.5593988064456421
2.6169102854537,0.6424741191657303
2.9399661435534976,0.7192836092377697
3.3029030354176987,0.7870855131577574
3.710644248503383,0.8442271874896838
4.168720846874621,0.8902049716285935
4.683346700825936,0.9255254873739034
5.261502778863538,0.9514308612625663
5.911031845476362,0.9695708248131187
6.64074484928479,0.9816981924734796
7.4605404447366075,0.9894388904437686
8.381539268677866,0.9941560110906738
9.416234793278331,0.9969004713900784
10.578662801651687,0.9984249447378846
11.884591785129816,0.9992334175614681
13.351736844955687,0.9996427663401241
15.0,0.9998406472126753
