SA(0.3s) [g],Loss_ratio
0.05000000000000001,1.7272250959673733e-09
0.056172467201025755,4.78194772439502e-09
0.06310692142900626,1.2871191858102754e-08
0.07089742948257126,3.3682799133065855e-08
0.07964967064493539,8.570219566229312e-08
0.08948237023750269,2.1202675104309504e-07
0.10052891014472326,5.100665976761195e-07
0.11293913815718663,1.1932339732364238e-06
0.1268814006769336,2.7146558927788524e-06
0.14254482635890514,6.006563883244655e-06
0.16014189166643014,1.2926948703477201e-05
0.17991130314285533,2.7062458712873942e-05
0.2021212354977168,5.511763570569899e-05
0.2270729694325259,0.00010922634292656658
0.2551049785537617,0.0002106457735477613
0.28659752081259104,0.00039542045574574253
0.3219777967548112,0.000722704435505935
0.36172574455336326,0.001286464750341082
0.4063805504338082,0.0022312146338683346
0.45654796280755766,0.003772201602086498
0.5129085093300529,0.006220071269979298
0.5762267283493882,0.010009395102123288
0.6473615399712076,0.015729468376767364
0.7272778974247632,0.024154176729560852
0.8170598767824696,0.036265035436990646
0.9179253825967483,0.05325726937875788
1.0312426689380967,0.07651315994542102
1.1585488999444697,0.10752154955955437
1.3015710016583038,0.14772151887126722
1.4622490880091454,0.19825802826065686
1.6427627787184707,0.2596630224114136
1.8455607661325835,0.33151601977721
2.0733940320616497,0.4121808701680557
2.329353165215711,0.4987363981233419
2.6169102854537,0.5871934818245204
2.9399661435534976,0.6730119290554251
3.3029030354176987,0.7518199113119809
3.710644248503383,0.8201459500107533
4.168720846874621,0.875949461181877
4.683346700825936,0.9188007982713973
5.261502778863538,0.9496883506012294
5.911031845476362,0.9705578566470755
6.64074484928479,0.983759660554605
7.4605404447366075,0.9915706433935215
8.381539268677866,0.995889336647069
9.416234793278331,0.9981190559088025
10.578662801651687,0.9991933454511133
11.884591785129816,0.999676099700503
13.351736844955687,0.9998783349110189
15.0,0.9999572813793202
