SA(1.0s) [g],Complete_damage
0.05000000000000001,1.1102230246251565e-16
0.056172467201025755,7.771561172376096e-16
0.06310692142900626,4.773959005888173e-15
0.07089742948257126,2.7200464103316335e-14
0.07964967064493539,1.468825061579082e-13
0.08948237023750269,7.556177905598815e-13
0.10052891014472326,3.700595385680572e-12
0.11293913815718663,1.725408704800202e-11
0.1268814006769336,7.65965069149388e-11
0.14254482635890514,3.2377778236281074e-10
0.16014189166643014,1.3032749324182191e-09
0.17991130314285533,4.995841074162399e-09
0.2021212354977168,1.8238999643926945e-08
0.2270729694325259,6.342392000480146e-08
0.2551049785537617,2.100916651759377e-07
0.28659752081259104,6.630052453715507e-07
0.3219777967548112,1.9935704611562244e-06
0.36172574455336326,5.7123251521185026e-06
0.4063805504338082,1.5600129571691213e-05
0.45654796280755766,4.061185124359934e-05
0.5129085093300529,0.00010080250823041315
0.5762267283493882,0.00023860489254634576
0.6473615399712076,0.0005387469727510252
0.7272778974247632,0.0011606746568367798
0.8170598767824696,0.0023866904141053302
0.9179253825967483,0.004685990595869716
1.0312426689380967,0.008788400300555388
1.1585488999444697,0.015751881053452044
1.3015710016583038,0.02699684207937869
1.4622490880091454,0.04427247508332477
1.6427627787184707,0.06952208171227114
1.8455607661325835,0.10463121155201205
2.0733940320616497,0.1510753024003919
2.329353165215711,0.20952549450697955
2.6169102854537,0.27950753492068015
2.9399661435534976,0.35922115289534373
3.3029030354176987,0.44560325385750066
3.710644248503383,0.5346586750837339
4.168720846874621,0.6220045367340844
4.683346700825936,0.7035067997346829
5.261502778863538,0.7758574324148104
5.911031845476362,0.836960114844522
6.64074484928479,0.8860535498750302
7.4605404447366075,0.9235794973613809
8.381539268677866,0.9508683259431238
9.416234793278331,0.9697474985581516
10.578662801651687,0.9821733367270765
11.884591785129816,0.9899539335875002
13.351736844955687,0.9945888767171914
15.0,0.9972156340388729
