SA(0.3s) [g],Loss_ratio
0.05000000000000001,2.0031985726899624e-13
0.056172467201025755,9.935649349115793e-13
0.06310692142900626,4.709630579002052e-12
0.07089742948257126,2.132657005151798e-11
0.07964967064493539,9.221153740888358e-11
0.08948237023750269,3.804865739828734e-10
0.10052891014472326,1.4973630921981078e-09
0.11293913815718663,5.616883640294875e-09
0.1268814006769336,2.007291637998177e-08
0.14254482635890514,6.830818793498041e-08
0.16014189166643014,2.2127368124530308e-07
0.17991130314285533,6.821593610714092e-07
0.2021212354977168,2.001286434331039e-06
0.2270729694325259,5.587738648156155e-06
0.2551049785537617,1.4851538075751014e-05
0.28659752081259104,3.7591337019582367e-05
0.3219777967548112,9.066105365766627e-05
0.36172574455336326,0.00020847913934481403
0.4063805504338082,0.00045746015627146585
0.45654796280755766,0.0009586720714178953
0.5129085093300529,0.0019205090375227947
0.5762267283493882,0.0036813782742631173
0.6473615399712076,0.006758903953260771
0.7272778974247632,0.01189699352399633
0.8170598767824696,0.020096234658057856
0.9179253825967483,0.032608616919865156
1.0312426689380967,0.05087756493044487
1.1585488999444697,0.0764115805979282
1.3015710016583038,0.11059498819326666
1.4622490880091454,0.15445860181534543
1.6427627787184707,0.20844861048020213
1.8455607661325835,0.2722356540471173
2.0733940320616497,0.344597300025237
2.329353165215711,0.4233962036508663
2.6169102854537,0.5056760247224599
2.9399661435534976,0.5879049426115772
3.3029030354176987,0.6663856269743702
3.710644248503383,0.7377928673752423
4.168720846874621,0.799709221709326
4.683346700825936,0.8509723628539507
5.261502778863538,0.8916943785807996
5.911031845476362,0.9229577907121025
6.64074484928479,0.946342493754985
7.4605404447366075,0.9634888957073139
8.381539268677866,0.9758328281025914
9.416234793278331,0.9845260747036458
10.578662801651687,0.9904710014109354
11.884591785129816,0.9943850991786004
13.351736844955687,0.9968472324791925
15.0,0.9983183446541597
