SA(1.0s) [g],Complete_damage
0.05000000000000001,3.858723551797283e-08
0.056172467201025755,6.904316252054343e-08
0.06310692142900626,1.222021365210324e-07
0.07089742948257126,2.139553159086205e-07
0.07964967064493539,3.705602429349142e-07
0.08948237023750269,6.348799177491316e-07
0.10052891014472326,1.076037079550396e-06
0.11293913815718663,1.8041470064567022e-06
0.1268814006769336,2.9924860006635967e-06
0.14254482635890514,4.910375250521959e-06
0.16014189166643014,7.971256522298908e-06
0.17991130314285533,1.2801947191332097e-05
0.2021212354977168,2.034091276892358e-05
0.2270729694325259,3.197558309353532e-05
0.2551049785537617,4.973121753504284e-05
0.28659752081259104,7.652648535716455e-05
0.3219777967548112,0.00011651357583952748
0.36172574455336326,0.00017552299048040343
0.4063805504338082,0.0002616347786386086
0.45654796280755766,0.00038589831551938403
0.5129085093300529,0.0005632211306154655
0.5762267283493882,0.0008134430375492663
0.6473615399712076,0.001162604134239631
0.7272778974247632,0.0016444034481436498
0.8170598767824696,0.0023018286010467737
0.9179253825967483,0.0031889157075652985
1.0312426689380967,0.004372573145601133
1.1585488999444697,0.005934373838404561
1.3015710016583038,0.00797219002341154
1.4622490880091454,0.010601514722869965
1.6427627787184707,0.013956288611827516
1.8455607661325835,0.018189033632432294
2.0733940320616497,0.023470089749146772
2.329353165215711,0.029985762741007282
2.6169102854537,0.03793522224013157
2.9399661435534976,0.04752604238812508
3.3029030354176987,0.05896835262112987
3.710644248503383,0.07246766094270374
4.168720846874621,0.08821652166229299
4.683346700825936,0.1063853363718612
5.261502778863538,0.1271126910290017
5.911031845476362,0.15049573200356403
6.64074484928479,0.17658115797307972
7.4605404447366075,0.20535744165362435
8.381539268677866,0.2367488868753448
9.416234793278331,0.2706120674556488
10.578662801651687,0.30673508438580555
11.884591785129816,0.3448399219967294
13.351736844955687,0.3845879922116333
15.0,0.4255887434694253
