SA(1.0s) [g],Complete_damage
0.05000000000000001,7.347433994553398e-09
0.056172467201025755,1.3539716792188017e-08
0.06310692142900626,2.4680836929746874e-08
0.07089742948257126,4.4503176588328586e-08
0.07964967064493539,7.937936041813032e-08
0.08948237023750269,1.4006011772593752e-07
0.10052891014472326,2.444650510913249e-07
0.11293913815718663,4.2210434814116127e-07
0.1268814006769336,7.209900017013382e-07
0.14254482635890514,1.2182907294100431e-06
0.16014189166643014,2.036531516425022e-06
0.17991130314285533,3.367878196880447e-06
0.2021212354977168,5.510024873478514e-06
0.2270729694325259,8.918461788964827e-06
0.2551049785537617,1.4281480718025819e-05
0.28659752081259104,2.262619392123799e-05
0.3219777967548112,3.5466090288704955e-05
0.36172574455336326,5.500316971218666e-05
0.4063805504338082,8.440035758061626e-05
0.45654796280755766,0.00012814249070403072
0.5129085093300529,0.00019250636150514033
0.5762267283493882,0.00028616166575690105
0.6473615399712076,0.00042092465441900817
0.7272778974247632,0.0006126841685110129
0.8170598767824696,0.000882514794536382
0.9179253825967483,0.0012579833715928856
1.0312426689380967,0.0017746423604581008
1.1585488999444697,0.0024776862229440866
1.3015710016583038,0.0034237249020127036
1.4622490880091454,0.0046826022138201084
1.6427627787184707,0.006339157608613699
1.8455607661325835,0.008494799249424645
2.0733940320616497,0.011268727421900326
2.329353165215711,0.014798623384312704
2.6169102854537,0.01924060388723814
2.9399661435534976,0.02476823992981858
3.3029030354176987,0.03157045379923973
3.710644248503383,0.0398481441562637
4.168720846874621,0.04980944653820929
4.683346700825936,0.06166361579776947
5.261502778863538,0.0756136148748714
5.911031845476362,0.09184760543184145
6.64074484928479,0.11052965220983413
7.4605404447366075,0.13179006429479678
8.381539268677866,0.1557158913071467
9.416234793278331,0.18234215916707563
10.578662801651687,0.21164445802893073
11.884591785129816,0.24353347630217603
13.351736844955687,0.27785200532783405
15.0,0.31437482002027983
