SA(1.0s) [g],Loss_ratio
0.05000000000000001,1.1315857798882075e-08
0.056172467201025755,3.8026707965936127e-08
0.06310692142900626,1.2221337508842796e-07
0.07089742948257126,3.7568049900737797e-07
0.07964967064493539,1.1046736033925289e-06
0.08948237023750269,3.107529027522635e-06
0.10052891014472326,8.364086284289892e-06
0.11293913815718663,2.154302599175898e-05
0.1268814006769336,5.310681469524401e-05
0.14254482635890514,0.00012532235449610408
0.16014189166643014,0.0002831597236646311
0.17991130314285533,0.000612719024537462
0.2021212354977168,0.0012700922350599953
0.2270729694325259,0.0025228291415668683
0.2551049785537617,0.0048036886519637724
0.28659752081259104,0.008771568303621748
0.3219777967548112,0.015367595197029698
0.36172574455336326,0.025846798102731845
0.4063805504338082,0.041760501657722465
0.45654796280755766,0.06486535706411233
0.5129085093300529,0.0969447264455714
0.5762267283493882,0.13954711462661767
0.6473615399712076,0.19367064884103272
0.7272778974247632,0.2594454444615307
0.8170598767824696,0.33588041699781507
0.9179253825967483,0.4207440574078024
1.0312426689380967,0.51063878675859
1.1585488999444697,0.6013036065124997
1.3015710016583038,0.6881352500116219
1.4622490880091454,0.7668535903691514
1.6427627787184707,0.8341687148655905
1.8455607661325835,0.8882702594977945
2.0733940320616497,0.9289904054143504
2.329353165215711,0.9575951134410781
2.6169102854537,0.9762909500961391
2.9399661435534976,0.9876287266323773
3.3029030354176987,0.9939927761321253
3.710644248503383,0.9972923171732921
4.168720846874621,0.998869607614234
4.683346700825936,0.9995637500749729
5.261502778863538,0.9998446204569696
5.911031845476362,0.9999489989742729
6.64074484928479,0.9999845919160137
7.4605404447366075,0.9999957201036098
8.381539268677866,0.9999989079942903
9.416234793278331,0.999999744277635
10.578662801651687,0.9999999450768974
11.884591785129816,0.9999999891878247
13.351736844955687,0.9999999980501328
15.0,0.9999999996780254
