SA(1.0s) [g],Loss_ratio
0.05000000000000001,4.241229425084693e-07
0.056172467201025755,1.0435101391139552e-06
0.06310692142900626,2.472950841541025e-06
0.07089742948257126,5.653927082979479e-06
0.07964967064493539,1.2494267189121393e-05
0.08948237023750269,2.6742490548905766e-05
0.10052891014472326,5.556362563560377e-05
0.11293913815718663,0.00011231879065530085
0.1268814006769336,0.0002213583869115734
0.14254482635890514,0.00042606517892101027
0.16014189166643014,0.0008018836582481494
0.17991130314285533,0.001476480361048925
0.2021212354977168,0.002659147211895417
0.2270729694325259,0.004680543549807008
0.2551049785537617,0.008041256339713785
0.28659752081259104,0.013463069919315385
0.3219777967548112,0.02193063379367743
0.36172574455336326,0.03470494661924152
0.4063805504338082,0.0532865406013605
0.45654796280755766,0.07930880310897565
0.5129085093300529,0.11435284509740923
0.5762267283493882,0.15969419646531577
0.6473615399712076,0.21601409195003912
0.7272778974247632,0.2831273326280421
0.8170598767824696,0.3597882997123866
0.9179253825967483,0.44363369476876585
1.0312426689380967,0.531305359899124
1.1585488999444697,0.618769636988306
1.3015710016583038,0.7018099027899353
1.4622490880091454,0.7766174971112477
1.6427627787184707,0.8403561146131535
1.8455607661325835,0.8915526287400976
2.0733940320616497,0.9301996335510359
2.329353165215711,0.9575431200203801
2.6169102854537,0.9756370464936663
2.9399661435534976,0.9868203042934854
3.3029030354176987,0.9932739705800498
3.710644248503383,0.9967544360814536
4.168720846874621,0.9985129093562144
4.683346700825936,0.9993489362070006
5.261502778863538,0.9997254504553179
5.911031845476362,0.9998875097157373
6.64074484928479,0.9999548705132866
7.4605404447366075,0.9999821864788732
8.381539268677866,0.9999930765665411
9.416234793278331,0.9999973582296277
10.578662801651687,0.9999990154903531
11.884591785129816,0.9999996436864482
13.351736844955687,0.9999998753816068
15.0,0.999999958038875
