SA(1.0s) [g],Complete_damage
0.05000000000000001,1.1102230246251565e-16
0.056172467201025755,9.992007221626409e-16
0.06310692142900626,7.216449660063518e-15
0.07089742948257126,4.951594689828198e-14
0.07964967064493539,3.1907809727727e-13
0.08948237023750269,1.936006910341348e-12
0.10052891014472326,1.1044720693575982e-11
0.11293913815718663,5.925715473864557e-11
0.1268814006769336,2.990188097129476e-10
0.14254482635890514,1.4192885755548446e-09
0.16014189166643014,6.337294911062941e-09
0.17991130314285533,2.662252984730884e-08
0.2021212354977168,1.0523593207967252e-07
0.2270729694325259,3.9148216146589476e-07
0.2551049785537617,1.3707705358578792e-06
0.28659752081259104,4.518591582458598e-06
0.3219777967548112,1.4025493531910627e-05
0.36172574455336326,4.100279038499188e-05
0.4063805504338082,0.00011292932447970472
0.45654796280755766,0.00029311154326017164
0.5129085093300529,0.000717210872087759
0.5762267283493882,0.0016551114750803508
0.6473615399712076,0.003603969901359916
0.7272778974247632,0.007408829505382131
0.8170598767824696,0.014388459882993532
0.9179253825967483,0.026418364344197975
1.0312426689380967,0.04590013251921987
1.1585488999444697,0.07554376519669792
1.3015710016583038,0.1179248142174516
1.4622490880091454,0.17485590733738887
1.6427627787184707,0.24671225599262603
1.8455607661325835,0.3319277910258597
2.0733940320616497,0.4268812006608219
2.329353165215711,0.5262936120579467
2.6169102854537,0.6240868775815159
2.9399661435534976,0.7144758750647249
3.3029030354176987,0.7929742022824899
3.710644248503383,0.8570277694559836
4.168720846874621,0.9061371148920034
4.683346700825936,0.9415142484920647
5.261502778863538,0.965459451324546
5.911031845476362,0.9806877518338316
6.64074484928479,0.9897873245693063
7.4605404447366075,0.9948962170081962
8.381539268677866,0.9975912756186406
9.416234793278331,0.9989270860053552
10.578662801651687,0.9995491799363532
11.884591785129816,0.9998213880158234
13.351736844955687,0.9999333006868558
15.0,0.999976531158317
