PGA [g],Complete_damage
0.05000000000000001,6.538103392017547e-13
0.056172467201025755,3.1122882049317013e-12
0.06310692142900626,1.4135137504922568e-11
0.07089742948257126,6.124656337647139e-11
0.07964967064493539,2.531965748175935e-10
0.08948237023750269,9.987478621908963e-10
0.10052891014472326,3.759294764371646e-09
0.11293913815718663,1.3503384188595646e-08
0.1268814006769336,4.629149563672996e-08
0.14254482635890514,1.5146854559500156e-07
0.16014189166643014,4.7309771489256747e-07
0.17991130314285533,1.41070319881198e-06
0.2021212354977168,4.0163497587730745e-06
0.2270729694325259,1.0919413874099781e-05
0.2551049785537617,2.8353520745039162e-05
0.28659752081259104,7.032837942666514e-05
0.3219777967548112,0.00016666931382347538
0.36172574455336326,0.0003774665212151751
0.4063805504338082,0.0008171615322277725
0.45654796280755766,0.001691483097431279
0.5129085093300529,0.003348870659956149
0.5762267283493882,0.006343964546931646
0.6473615399712076,0.01150373660689008
0.7272778974247632,0.01997765964414744
0.8170598767824696,0.03324465666906973
0.9179253825967483,0.05304601770933404
1.0312426689380967,0.08122023796083355
1.1585488999444697,0.11943607359767339
1.3015710016583038,0.1688522943684999
1.4622490880091454,0.22976817292076435
1.6427627787184707,0.3013538924517414
1.8455607661325835,0.3815507295182877
2.0733940320616497,0.46719988686132563
2.329353165215711,0.5544013925402075
2.6169102854537,0.6390383251236913
2.9399661435534976,0.7173507869968433
3.3029030354176987,0.7864283229716029
3.710644248503383,0.8445151625152549
4.168720846874621,0.8910795116841561
4.683346700825936,0.9266642780344063
5.261502778863538,0.9525887180880318
5.911031845476362,0.9705935557507065
6.64074484928479,0.9825143021779688
7.4605404447366075,0.9900383568380956
8.381539268677866,0.9945656071240138
9.416234793278331,0.9971624814909675
10.578662801651687,0.9985825229668739
11.884591785129816,0.9993227834036876
13.351736844955687,0.9996906592018254
15.0,0.9998649405034059
