PGA [g],Complete_damage
0.05000000000000001,6.807936436814543e-10
0.056172467201025755,2.6429560762153415e-09
0.06310692142900626,9.778921894465498e-09
0.07089742948257126,3.44870274560094e-08
0.07964967064493539,1.1593785076424723e-07
0.08948237023750269,3.715734455678188e-07
0.10052891014472326,1.135439888111378e-06
0.11293913815718663,3.3085624980833117e-06
0.1268814006769336,9.194587974437063e-06
0.14254482635890514,2.437318224302043e-05
0.16014189166643014,6.163918888146824e-05
0.17991130314285533,0.0001487488686339189
0.2021212354977168,0.0003426108201215472
0.2270729694325259,0.0007533741594604182
0.2551049785537617,0.0015820105754388303
0.28659752081259104,0.0031735224781154203
0.3219777967548112,0.006083767643840887
0.36172574455336326,0.011150445891429883
0.4063805504338082,0.019548745688016567
0.45654796280755766,0.03280234798738568
0.5129085093300529,0.05271601326746744
0.5762267283493882,0.08120279271041664
0.6473615399712076,0.12000089989464391
0.7272778974247632,0.17031073479005898
0.8170598767824696,0.23242202144187984
0.9179253825967483,0.30542885805436915
1.0312426689380967,0.3871307243216857
1.1585488999444697,0.47418215497059757
1.3015710016583038,0.5624892027993815
1.4622490880091454,0.6477776766106186
1.6427627787184707,0.7262038144410816
1.8455607661325835,0.7948642866089141
2.0733940320616497,0.8520948679743539
2.329353165215711,0.8975125395402235
2.6169102854537,0.9318285514026432
2.9399661435534976,0.9565141616900296
3.3029030354176987,0.9734211363404381
3.710644248503383,0.9844457339283349
4.168720846874621,0.9912901156008903
4.683346700825936,0.9953356893195974
5.261502778863538,0.9976123600389698
5.911031845476362,0.9988321759254328
6.64074484928479,0.9994544218293225
7.4605404447366075,0.999756627928009
8.381539268677866,0.999896366891873
9.416234793278331,0.999957885232222
10.578662801651687,0.9999836700556968
11.884591785129816,0.9999939595923808
13.351736844955687,0.9999978688942749
15.0,0.9999992829741554
