SA(0.6s) [g],Complete_damage
0.05000000000000001,1.3877787807814457e-14
0.056172467201025755,7.627232179174825e-14
0.06310692142900626,3.9901415505028126e-13
0.07089742948257126,1.98685512486918e-12
0.07964967064493539,9.419798274734603e-12
0.08948237023750269,4.252798113668632e-11
0.10052891014472326,1.8284918024136232e-10
0.11293913815718663,7.487285236251751e-10
0.1268814006769336,2.9201190354655182e-09
0.14254482635890514,1.0848163145560363e-08
0.16014189166643014,3.839100537472717e-08
0.17991130314285533,1.2943818750166258e-07
0.2021212354977168,4.1581628607012533e-07
0.2270729694325259,1.2729115503873345e-06
0.2551049785537617,3.7137264191633435e-06
0.28659752081259104,1.032762401864673e-05
0.3219777967548112,2.738049037864787e-05
0.36172574455336326,6.921695741379796e-05
0.4063805504338082,0.00016688009817356075
0.45654796280755766,0.00038381268787823775
0.5129085093300529,0.0008423109414086305
0.5762267283493882,0.0017643931935737989
0.6473615399712076,0.0035288906412643817
0.7272778974247632,0.0067417527166383495
0.8170598767824696,0.012308263665366415
0.9179253825967483,0.021485126319089054
1.0312426689380967,0.03588059453573689
1.1585488999444697,0.05736770200768215
1.3015710016583038,0.08788533828664269
1.4622490880091454,0.12912781717810073
1.6427627787184707,0.18216246568364047
1.8455607661325835,0.24705516013911888
2.0733940320616497,0.322608416651881
2.329353165215711,0.40630965934264973
2.6169102854537,0.49454285449629354
2.9399661435534976,0.5830449417763746
3.3029030354176987,0.667513761970371
3.710644248503383,0.7442253070226847
4.168720846874621,0.8105150561344809
4.683346700825936,0.8650221840531657
5.261502778863538,0.9076684894752849
5.911031845476362,0.9394175301890887
6.64074484928479,0.9619081151832943
7.4605404447366075,0.9770678530483214
8.381539268677866,0.9867909194671936
9.416234793278331,0.9927247513480169
10.578662801651687,0.9961705304249291
11.884591785129816,0.9980744981842214
13.351736844955687,0.9990755382491779
15.0,0.9995763364492731
