SA(1.0s) [g],Loss_ratio
0.05000000000000001,7.917394435701651e-11
0.056172467201025755,3.9359770073198366e-10
0.06310692142900626,1.8111100543094158e-09
0.07089742948257126,7.715404081581416e-09
0.07964967064493539,3.043752381254965e-08
0.08948237023750269,1.1123242943874652e-07
0.10052891014472326,3.766899340299307e-07
0.11293913815718663,1.182652617726619e-06
0.1268814006769336,3.4441451402334953e-06
0.14254482635890514,9.309807624746465e-06
0.16014189166643014,2.3377134970190667e-05
0.17991130314285533,5.4587052582044565e-05
0.2021212354977168,0.00011869553389092176
0.2270729694325259,0.00024078578958250984
0.2551049785537617,0.00045686987600669936
0.28659752081259104,0.0008137673763403837
0.3219777967548112,0.0013678800810935034
0.36172574455336326,0.002186737874912841
0.4063805504338082,0.003362054583415225
0.45654796280755766,0.005048182761304839
0.5129085093300529,0.0075428086866894724
0.5762267283493882,0.011423743512966916
0.6473615399712076,0.017741559064911934
0.7272778974247632,0.028237047454320215
0.8170598767824696,0.04550406339205829
0.9179253825967483,0.07296481181871636
1.0312426689380967,0.11449929372784563
1.1585488999444697,0.17362136761483932
1.3015710016583038,0.25225697166969085
1.4622490880091454,0.34943797059644166
1.6427627787184707,0.4604697790073732
1.8455607661325835,0.577172617657502
2.0733940320616497,0.6894671354032149
2.329353165215711,0.787916553337247
2.6169102854537,0.8662108043372326
2.9399661435534976,0.922477196878247
3.3029030354176987,0.9589085608373629
3.710644248503383,0.9801212186799713
4.168720846874621,0.9912236571485283
4.683346700825936,0.9964544847708049
5.261502778863538,0.998681601826185
5.911031845476362,0.9995445456148525
6.64074484928479,0.9998520776127751
7.4605404447366075,0.9999542797235972
8.381539268677866,0.9999864300749289
9.416234793278331,0.9999961214299882
10.578662801651687,0.9999989363555076
11.884591785129816,0.9999997222953817
13.351736844955687,0.999999931561656
15.0,0.9999999841945697
