SA(1.0s) [g],Loss_ratio
0.05000000000000001,1.0818202154927573e-18
0.056172467201025755,1.2676475829618891e-17
0.06310692142900626,2.483310113133358e-16
0.07089742948257126,2.263114938551998e-15
0.07964967064493539,1.905696819902238e-14
0.08948237023750269,1.4880943012993442e-13
0.10052891014472326,1.1015960199466785e-12
0.11293913815718663,7.668976511282018e-12
0.1268814006769336,5.00048005769877e-11
0.14254482635890514,3.0443293921414907e-10
0.16014189166643014,1.7265765875963667e-09
0.17991130314285533,9.107360692271828e-09
0.2021212354977168,4.4630119363664786e-08
0.2270729694325259,2.0303614227842357e-07
0.2551049785537617,8.571053755583368e-07
0.28659752081259104,3.356703291078363e-06
0.3219777967548112,1.2195210061615098e-05
0.36172574455336326,4.110628548122876e-05
0.4063805504338082,0.00012857997309765235
0.45654796280755766,0.0003733737981514706
0.5129085093300529,0.0010070123945659748
0.5762267283493882,0.0025241709295596194
0.6473615399712076,0.005884739411038973
0.7272778974247632,0.012771756342736734
0.8170598767824696,0.025830585772175972
0.9179253825967483,0.04873831102957712
1.0312426689380967,0.085899240357423
1.1585488999444697,0.14159739190339457
1.3015710016583038,0.21861621309733148
1.4622490880091454,0.31665234153164873
1.6427627787184707,0.43117936032975535
1.8455607661325835,0.5535189583747345
2.0733940320616497,0.6725208634611811
2.329353165215711,0.7774628523271288
2.6169102854537,0.8609904518487722
2.9399661435534976,0.9207431272124904
3.3029030354176987,0.9590113701539581
3.710644248503383,0.9808769004200204
4.168720846874621,0.9919890505951781
4.683346700825936,0.9969987663417861
5.261502778863538,0.9989978638952984
5.911031845476362,0.9997026199564937
6.64074484928479,0.9999217660904177
7.4605404447366075,0.9999817912998183
8.381539268677866,0.9999962571482117
9.416234793278331,0.999999321547832
10.578662801651687,0.9999998916878686
11.884591785129816,0.9999999847873795
13.351736844955687,0.9999999981220059
15.0,0.9999999997963908
