SA(0.6s) [g],Complete_damage
0.05000000000000001,0.0002151560158623056
0.056172467201025755,0.0003312791552646521
0.06310692142900626,0.0005036443775635613
0.07089742948257126,0.0007560675522014781
0.07964967064493539,0.0011207858175578123
0.08948237023750269,0.0016407034122294384
0.10052891014472326,0.002371943902016449
0.11293913815718663,0.0033866369035033816
0.1268814006769336,0.004775814657428601
0.14254482635890514,0.006652233125080564
0.16014189166643014,0.009152868114040147
0.17991130314285533,0.012440775965724238
0.2021212354977168,0.016705959287731553
0.2270729694325259,0.02216485127125445
0.2551049785537617,0.029058037872703224
0.28659752081259104,0.0376458850461171
0.3219777967548112,0.04820183491573249
0.36172574455336326,0.061003282208960785
0.4063805504338082,0.07632013608223853
0.45654796280755766,0.0944014010537555
0.5129085093300529,0.11546035517377784
0.5762267283493882,0.13965913866598678
0.6473615399712076,0.16709376303846546
0.7272778974247632,0.19778067962048373
0.8170598767824696,0.23164608184951474
0.9179253825967483,0.26851903958135614
1.0312426689380967,0.3081293700322033
1.1585488999444697,0.3501108465357602
1.3015710016583038,0.39400995555764795
1.4622490880091454,0.43929996978719343
1.6427627787184707,0.4853996553185822
1.8455607661325835,0.5316955224804488
2.0733940320616497,0.5775662088139032
2.329353165215711,0.6224073862619011
2.6169102854537,0.6656555359835851
2.9399661435534976,0.706809039124823
3.3029030354176987,0.7454452779177285
3.710644248503383,0.7812327997781827
4.168720846874621,0.8139380264473143
4.683346700825936,0.8434264429575958
5.261502778863538,0.8696586294673481
5.911031845476362,0.8926818609724905
6.64074484928479,0.9126182646110147
7.4605404447366075,0.9296506746026203
8.381539268677866,0.9440073583260034
9.416234793278331,0.9559467144864557
10.578662801651687,0.9657428870121387
11.884591785129816,0.9736730238878222
13.351736844955687,0.9800066683500268
15.0,0.9849975286661999
