SA(0.6s) [g],Complete_damage
0.05000000000000001,5.4330494135945706e-05
0.056172467201025755,8.692980104207937e-05
0.06310692142900626,0.00013732096490892687
0.07089742948257126,0.00021417189117689528
0.07964967064493539,0.00032980774771673715
0.08948237023750269,0.0005014738864730361
0.10052891014472326,0.0007529087297978299
0.11293913815718663,0.001116250219238446
0.1268814006769336,0.0016342782198447425
0.14254482635890514,0.0023629638291575716
0.16014189166643014,0.0033742541918855284
0.17991130314285533,0.004758968772443306
0.2021212354977168,0.006629622421433057
0.2270729694325259,0.00912292641101331
0.2551049785537617,0.012401657564810153
0.28659752081259104,0.016655536382813918
0.3219777967548112,0.022100727832360056
0.36172574455336326,0.028977583820625097
0.4063805504338082,0.037546293789220364
0.45654796280755766,0.04808020604383578
0.5129085093300529,0.060856729342257276
0.5762267283493882,0.07614591763788603
0.6473615399712076,0.09419706917932391
0.7272778974247632,0.11522391553856814
0.8170598767824696,0.13938921148672723
0.9179253825967483,0.16678973395788776
1.0312426689380967,0.19744282815270264
1.1585488999444697,0.23127567529081483
1.3015710016583038,0.26811838169084745
1.4622490880091454,0.3077017964086892
1.6427627787184707,0.34966066229644355
1.8455607661325835,0.39354231535408013
2.0733940320616497,0.43882070494714254
2.329353165215711,0.4849150574809783
2.6169102854537,0.5312120969877733
2.9399661435534976,0.5770904138956501
3.3029030354176987,0.6219453753594943
3.710644248503383,0.6652129202751869
4.168720846874621,0.7063906854425306
4.683346700825936,0.7450551540303976
5.261502778863538,0.7808738748152468
5.911031845476362,0.8136122295384209
6.64074484928479,0.843134678470906
7.4605404447366075,0.8694008430253904
8.381539268677866,0.8924571470969719
9.416234793278331,0.9124250046527208
10.578662801651687,0.9294866926523679
11.884591785129816,0.9438700830305715
13.351736844955687,0.9558333359358151
15.0,0.9656504998581086
