SA(1.0s) [g],Loss_ratio
0.05000000000000001,1.5821112106168626e-07
0.056172467201025755,3.4620786964888656e-07
0.06310692142900626,7.365485994141955e-07
0.07089742948257126,1.5245016503338693e-06
0.07964967064493539,3.0723559295067257e-06
0.08948237023750269,6.034650533435245e-06
0.10052891014472326,1.156536222845522e-05
0.11293913815718663,2.165474706498867e-05
0.1268814006769336,3.966972776241336e-05
0.14254482635890514,7.121207659456169e-05
0.16014189166643014,0.00012546924074847992
0.17991130314285533,0.00021731913483070305
0.2021212354977168,0.0003705639318589094
0.2270729694325259,0.0006227991844042359
0.2551049785537617,0.0010325438122714605
0.28659752081259104,0.001689304902531331
0.3219777967548112,0.0027271375500482965
0.36172574455336326,0.004341869443626091
0.4063805504338082,0.0068113843831935535
0.45654796280755766,0.010517150240396166
0.5129085093300529,0.015963616893914893
0.5762267283493882,0.02379047387872056
0.6473615399712076,0.034771534126694696
0.7272778974247632,0.04979383024498185
0.8170598767824696,0.06981195856537309
0.9179253825967483,0.09577603416980396
1.0312426689380967,0.12853645059506186
1.1585488999444697,0.16873385513397113
1.3015710016583038,0.21668677631489439
1.4622490880091454,0.2722908726330358
1.6427627787184707,0.33494271449675783
1.8455607661325835,0.4034988989710818
2.0733940320616497,0.4762804436085295
2.329353165215711,0.551133722774221
2.6169102854537,0.6255600587285866
2.9399661435534976,0.6969205437099097
3.3029030354176987,0.7627056401266239
3.710644248503383,0.820832295729833
4.168720846874621,0.8699061210773744
4.683346700825936,0.9093790445506782
5.261502778863538,0.9395543516866679
5.911031845476362,0.9614363692733631
6.64074484928479,0.9764715249271216
7.4605404447366075,0.9862577117019741
8.381539268677866,0.9922971651519206
9.416234793278331,0.9958393066912384
10.578662801651687,0.9978216079197479
11.884591785129816,0.9988865278521015
13.351736844955687,0.999440101493497
15.0,0.9997211850968527
