SA(1.0s) [g],Loss_ratio
0.05000000000000001,3.8013695547178864e-10
0.056172467201025755,1.3548435352827986e-09
0.06310692142900626,4.635318903225121e-09
0.07089742948257126,1.5224364684548865e-08
0.07964967064493539,4.8006281362403775e-08
0.08948237023750269,1.4534140831200043e-07
0.10052891014472326,4.225220333609349e-07
0.11293913815718663,1.1795543615992451e-06
0.1268814006769336,3.1625627186503312e-06
0.14254482635890514,8.144445628061065e-06
0.16014189166643014,2.014832610653876e-05
0.17991130314285533,4.7888512009050215e-05
0.2021212354977168,0.00010937180568870407
0.2270729694325259,0.00024006880847205806
0.2551049785537617,0.00050653119555805
0.28659752081259104,0.0010275694431185578
0.3219777967548112,0.002004737592179859
0.36172574455336326,0.003762415249309884
0.4063805504338082,0.006794813519696928
0.45654796280755766,0.01181270568983762
0.5129085093300529,0.019777266891110062
0.5762267283493882,0.03190374249470336
0.6473615399712076,0.04961622662833018
0.7272778974247632,0.07443918167354123
0.8170598767824696,0.1078228024820109
0.9179253825967483,0.15091662480141674
1.0312426689380967,0.20432435574418534
1.1585488999444697,0.2678861139974877
1.3015710016583038,0.3405363512280048
1.4622490880091454,0.42027529653402257
1.6427627787184707,0.504273049801302
1.8455607661325835,0.5891052832032736
2.0733940320616497,0.6711015679362997
2.329353165215711,0.746769069293797
2.6169102854537,0.8132315204354923
2.9399661435534976,0.8685998724809568
3.3029030354176987,0.9121831615178797
3.710644248503383,0.944474713854064
4.168720846874621,0.9669118900803012
4.683346700825936,0.9814824758848651
5.261502778863538,0.9902987751939178
5.911031845476362,0.9952559090926771
6.64074484928479,0.9978399835348509
7.4605404447366075,0.9990863705920509
8.381539268677866,0.9996416988882846
9.416234793278331,0.9998699354231816
10.578662801651687,0.9999563616252143
11.884591785129816,0.9999864846290741
13.351736844955687,0.9999961402244821
15.0,0.9999989845494873
