SA(0.3s) [g],Loss_ratio
0.05000000000000001,5.137427299956621e-09
0.056172467201025755,1.464528389354066e-08
0.06310692142900626,4.044873806822478e-08
0.07089742948257126,1.0823911838233883e-07
0.07964967064493539,2.806394591716812e-07
0.08948237023750269,7.05030060372943e-07
0.10052891014472326,1.7161946370575943e-06
0.11293913815718663,4.0478859041313675e-06
0.1268814006769336,9.251115743165462e-06
0.14254482635890514,2.048640039009027e-05
0.16014189166643014,4.395890122290458e-05
0.17991130314285533,9.1400038166944e-05
0.2021212354977168,0.00018415370335462007
0.2270729694325259,0.00035956323831142
0.2551049785537617,0.0006804084710130069
0.28659752081259104,0.0012480088101352624
0.3219777967548112,0.0022191682556942497
0.36172574455336326,0.00382628849597118
0.4063805504338082,0.006398691193382989
0.45654796280755766,0.010381591095478988
0.5129085093300529,0.01634756954822625
0.5762267283493882,0.024994336992063753
0.6473615399712076,0.03712268163556624
0.7272778974247632,0.053590343875419416
0.8170598767824696,0.07524135481234927
0.9179253825967483,0.10281574353395277
1.0312426689380967,0.13685030289323577
1.1585488999444697,0.17758552464297792
1.3015710016583038,0.22489497724937474
1.4622490880091454,0.2782501852708883
1.6427627787184707,0.3367270654845006
1.8455607661325835,0.3990517913955629
2.0733940320616497,0.4636782543235721
2.329353165215711,0.5288885165574859
2.6169102854537,0.5929107713742732
2.9399661435534976,0.6540516492025163
3.3029030354176987,0.710836105179779
3.710644248503383,0.7621379577333778
4.168720846874621,0.8072737643427952
4.683346700825936,0.8460320490857779
5.261502778863538,0.8786246133675502
5.911031845476362,0.9055721645512329
6.64074484928479,0.9275595573742406
7.4605404447366075,0.9453035781069802
8.381539268677866,0.9594647790923394
9.416234793278331,0.9706121301509831
10.578662801651687,0.9792281724097551
11.884591785129816,0.9857324315855436
13.351736844955687,0.9905033821233002
15.0,0.9938889299634326
