SA(0.6s) [g],Complete_damage
0.05000000000000001,2.6204674097307645e-08
0.056172467201025755,5.710829442673315e-08
0.06310692142900626,1.2209848954114477e-07
0.07089742948257126,2.56108364848906e-07
0.07964967064493539,5.270503240506486e-07
0.08948237023750269,1.0641640501019012e-06
0.10052891014472326,2.108179133264443e-06
0.11293913815718663,4.0979261002327405e-06
0.1268814006769336,7.816183946074418e-06
0.14254482635890514,1.4629079717498605e-05
0.16014189166643014,2.6868887376685358e-05
0.17991130314285533,4.842984588782073e-05
0.2021212354977168,8.56700602498428e-05
0.2270729694325259,0.0001487377515156929
0.2551049785537617,0.0002534632317250374
0.28659752081259104,0.0004239726875907568
0.3219777967548112,0.000696177168610701
0.36172574455336326,0.0011222587672951034
0.4063805504338082,0.0017762034392557746
0.45654796280755766,0.0027603050967383025
0.5129085093300529,0.004212382150201144
0.5762267283493882,0.006313208297407891
0.6473615399712076,0.009293380284254082
0.7272778974247632,0.013438559521769089
0.8170598767824696,0.019091782055711604
0.9179253825967483,0.026651396363086888
1.0312426689380967,0.0365632297437517
1.1585488999444697,0.049305862081141405
1.3015710016583038,0.06536843545080995
1.4622490880091454,0.08522124218245752
1.6427627787184707,0.10928035060755736
1.8455607661325835,0.13786862709291747
2.0733940320616497,0.17117652711050746
2.329353165215711,0.2092267644198884
2.6169102854537,0.25184724372107925
2.9399661435534976,0.29865632685933563
3.3029030354176987,0.34906355166832037
3.710644248503383,0.4022874022503953
4.168720846874621,0.45738981889426256
4.683346700825936,0.5133251037226281
5.261502778863538,0.5689990382727559
5.911031845476362,0.6233326816744907
6.64074484928479,0.6753246900429192
7.4605404447366075,0.7241061967995273
8.381539268677866,0.7689832856344836
9.416234793278331,0.8094637037380317
10.578662801651687,0.8452664339901804
11.884591785129816,0.8763147567216272
13.351736844955687,0.9027151853709988
15.0,0.9247259254265605
