SA(1.0s) [g],Complete_damage
0.05000000000000001,1.0722016607900287e-09
0.056172467201025755,2.179897040655021e-09
0.06310692142900626,4.373647888300525e-09
0.07089742948257126,8.659745254213647e-09
0.07964967064493539,1.6920973178180532e-08
0.08948237023750269,3.262948344850969e-08
0.10052891014472326,6.209630110109998e-08
0.11293913815718663,1.1662678078838695e-07
0.1268814006769336,2.1617952761232573e-07
0.14254482635890514,3.954773570846726e-07
0.16014189166643014,7.140472108035922e-07
0.17991130314285533,1.2724430646926521e-06
0.2021212354977168,2.2380215123352087e-06
0.2270729694325259,3.885200586917215e-06
0.2551049785537617,6.657256263142841e-06
0.28659752081259104,1.1259514301364959e-05
0.3219777967548112,1.879737087162603e-05
0.36172574455336326,3.097696081166834e-05
0.4063805504338082,5.0391422856344015e-05
0.45654796280755766,8.092136327619848e-05
0.5129085093300529,0.00012828384575047647
0.5762267283493882,0.00020076930044798935
0.6473615399712076,0.0003102090751968545
0.7272778974247632,0.0004732165163732205
0.8170598767824696,0.0007127397189934381
0.9179253825967483,0.0010599524760763757
1.0312426689380967,0.0015564895536950285
1.1585488999444697,0.002257001626668864
1.3015710016583038,0.003231963198982224
1.4622490880091454,0.004570614020180108
1.6427627787184707,0.006383853047792876
1.8455607661325835,0.008806838180407173
2.0733940320616497,0.012000981398393562
2.329353165215711,0.016154976380867936
2.6169102854537,0.02148446451453523
2.9399661435534976,0.028229946442405507
3.3029030354176987,0.03665258996822296
3.710644248503383,0.047027678546097795
4.168720846874621,0.059635590395694105
4.683346700825936,0.0747503927837736
5.261502778863538,0.0926263680213435
5.911031845476362,0.11348303840835494
6.64074484928479,0.13748950124866943
7.4605404447366075,0.1647490923701248
8.381539268677866,0.1952855366850892
9.416234793278331,0.22903178999944207
10.578662801651687,0.26582270818099796
11.884591785129816,0.3053924903901313
13.351736844955687,0.34737753925829895
15.0,0.39132498476884203
