SA(1.0s) [g],Complete_damage
0.05000000000000001,1.7100554305926607e-10
0.056172467201025755,4.1364056624360046e-10
0.06310692142900626,9.818814650230934e-10
0.07089742948257126,2.2873133387335542e-09
0.07964967064493539,5.229152555408234e-09
0.08948237023750269,1.1732345206461048e-08
0.10052891014472326,2.5834233863264444e-08
0.11293913815718663,5.583075890491784e-08
0.1268814006769336,1.184211446680905e-07
0.14254482635890514,2.4653241847971685e-07
0.16014189166643014,5.037556116693764e-07
0.17991130314285533,1.010368196330269e-06
0.2021212354977168,1.9891478028055687e-06
0.2270729694325259,3.844118084739279e-06
0.2551049785537617,7.292633111277702e-06
0.28659752081259104,1.3581471392298816e-05
0.3219777967548112,2.4831454851326207e-05
0.36172574455336326,4.457278940162013e-05
0.4063805504338082,7.855442783599731e-05
0.45654796280755766,0.00013593373716580537
0.5129085093300529,0.00023097441538499908
0.5762267283493882,0.000385395628109797
0.6473615399712076,0.0006315160351548776
0.7272778974247632,0.0010163129100619894
0.8170598767824696,0.0016064578735746071
0.9179253825967483,0.002494286495801079
1.0312426689380967,0.0038045023709657455
1.1585488999444697,0.0057012076852581695
1.3015710016583038,0.008394603387323674
1.4622490880091454,0.012146438740867516
1.6427627787184707,0.017273053642458014
1.8455607661325835,0.02414470225121712
2.0733940320616497,0.033179834665350794
2.329353165215711,0.04483320205320407
2.6169102854537,0.05957707906971932
2.9399661435534976,0.07787557153632363
3.3029030354176987,0.10015285750078784
3.710644248503383,0.1267572048419059
4.168720846874621,0.15792358076135837
4.683346700825936,0.19373845002135415
5.261502778863538,0.23411077952797166
5.911031845476362,0.278753188825822
6.64074484928479,0.32717653756375653
7.4605404447366075,0.37870004223547726
8.381539268677866,0.4324773870754063
9.416234793278331,0.4875374495081145
10.578662801651687,0.5428364686119904
11.884591785129816,0.5973170258558133
13.351736844955687,0.6499683185768873
15.0,0.6998820364456627
