SA(1.0s) [g],Complete_damage
0.05000000000000001,1.1668443988810395e-13
0.056172467201025755,3.256284131225584e-13
0.06310692142900626,8.916201110764632e-13
0.07089742948257126,2.3955282202337003e-12
0.07964967064493539,6.315281630975278e-12
0.08948237023750269,1.6337264874266566e-11
0.10052891014472326,4.1473380285594885e-11
0.11293913815718663,1.0331480115866043e-10
0.1268814006769336,2.525615272475079e-10
0.14254482635890514,6.058857859869704e-10
0.16014189166643014,1.4263974446038219e-09
0.17991130314285533,3.2955252970978677e-09
0.2021212354977168,7.472253593654443e-09
0.2270729694325259,1.662763404741696e-08
0.2551049785537617,3.63137282466397e-08
0.28659752081259104,7.783644251357913e-08
0.3219777967548112,1.6374866140811406e-07
0.36172574455336326,3.381168206528784e-07
0.4063805504338082,6.852710759952529e-07
0.45654796280755766,1.363257321251865e-06
0.5129085093300529,2.6621174046281837e-06
0.5762267283493882,5.103000448869466e-06
0.6473615399712076,9.602608652237166e-06
0.7272778974247632,1.7739257500370975e-05
0.8170598767824696,3.2172357037341115e-05
0.9179253825967483,5.728641045188443e-05
1.0312426689380967,0.00010015282980990747
1.1585488999444697,0.0001719257810407493
1.3015710016583038,0.0002898078134150328
1.4622490880091454,0.00047973085301522556
1.6427627787184707,0.0007798895482816759
1.8455607661325835,0.0012452264097390087
2.0733940320616497,0.0019528906425334558
2.329353165215711,0.0030085658151107753
2.6169102854537,0.0045533814384377536
2.9399661435534976,0.006770895031779411
3.3029030354176987,0.009893371904970527
3.710644248503383,0.014206332406491273
4.168720846874621,0.02005012845342513
4.683346700825936,0.027817211462265123
5.261502778863538,0.037943823618291406
5.911031845476362,0.050895135103315
6.64074484928479,0.06714338789565133
7.4605404447366075,0.08713937919970882
8.381539268677866,0.11127856234224831
9.416234793278331,0.139864047241831
10.578662801651687,0.1730696926023887
11.884591785129816,0.21090712505021825
13.351736844955687,0.2532007360945052
15.0,0.29957438324384444
