SA(0.6s) [g],Loss_ratio
0.05000000000000001,6.971158918374742e-13
0.056172467201025755,2.4660980892440795e-12
0.06310692142900626,8.459910595584947e-12
0.07089742948257126,2.8144738303336757e-11
0.07964967064493539,9.081827706631919e-11
0.08948237023750269,2.843295700253177e-10
0.10052891014472326,8.641674941177015e-10
0.11293913815718663,2.5526841839821392e-09
0.1268814006769336,7.344098359128257e-09
0.14254482635890514,2.065463137695005e-08
0.16014189166643014,5.711838674826338e-08
0.17991130314285533,1.5660770785895284e-07
0.2021212354977168,4.2994476649501476e-07
0.2270729694325259,1.1923316956151372e-06
0.2551049785537617,3.353039515211945e-06
0.28659752081259104,9.524448187460918e-06
0.3219777967548112,2.7026459162898582e-05
0.36172574455336326,7.549378985733728e-05
0.4063805504338082,0.00020462769607550757
0.45654796280755766,0.0005319126882878896
0.5129085093300529,0.0013146630280965652
0.5762267283493882,0.0030717113027211645
0.6473615399712076,0.006760254455570278
0.7272778974247632,0.013984766628917062
0.8170598767824696,0.027165712497719742
0.9179253825967483,0.04954094105758758
1.0312426689380967,0.08484901798104821
1.1585488999444697,0.13659879326368113
1.3015710016583038,0.2069878905569007
1.4622490880091454,0.2957564146937699
1.6427627787184707,0.399437947237073
1.8455607661325835,0.5114570555279377
2.0733940320616497,0.6232508074527553
2.329353165215711,0.7261470474804717
2.6169102854537,0.8133458604583127
2.9399661435534976,0.8812651901796562
3.3029030354176987,0.9298031399638836
3.710644248503383,0.9615732320913555
4.168720846874621,0.9805873071133924
4.683346700825936,0.9909760219288903
5.261502778863538,0.9961501433699428
5.911031845476362,0.9984960497072619
6.64074484928479,0.9994631008456417
7.4605404447366075,0.9998251536672186
8.381539268677866,0.9999481375426795
9.416234793278331,0.9999860075694048
10.578662801651687,0.9999965702710418
11.884591785129816,0.9999992370445338
13.351736844955687,0.9999998461092603
15.0,0.9999999718778405
