SA(1.0s) [g],Loss_ratio
0.05000000000000001,7.530728409118603e-09
0.056172467201025755,2.3193562456709086e-08
0.06310692142900626,6.80401853918294e-08
0.07089742948257126,1.902006331462418e-07
0.07964967064493539,5.06955532134983e-07
0.08948237023750269,1.2894263607930437e-06
0.10052891014472326,3.133021200631123e-06
0.11293913815718663,7.282522116062926e-06
0.1268814006769336,1.622313105117495e-05
0.14254482635890514,3.471418404582918e-05
0.16014189166643014,7.154992035762201e-05
0.17991130314285533,0.00014252078450976177
0.2021212354977168,0.00027538317761276274
0.2270729694325259,0.0005181985514886704
0.2551049785537617,0.0009531965151639996
0.28659752081259104,0.0017192007411761861
0.3219777967548112,0.0030461456145297965
0.36172574455336326,0.00530437837240802
0.4063805504338082,0.009068040092527008
0.45654796280755766,0.015184826658117469
0.5129085093300529,0.024834038345085987
0.5762267283493882,0.039543543689686565
0.6473615399712076,0.061129393377618885
0.7272778974247632,0.09152625512947227
0.8170598767824696,0.13249805660050673
0.9179253825967483,0.18525591901304106
1.0312426689380967,0.250055438685946
1.1585488999444697,0.3258803139660113
1.3015710016583038,0.4103248974642828
1.4622490880091454,0.4997528230299273
1.6427627787184707,0.5897368732494135
1.8455607661325835,0.6756990078355919
2.0733940320616497,0.7536014824245999
2.329353165215711,0.8205187039137332
2.6169102854537,0.8749553710824555
2.9399661435534976,0.9168561561783595
3.3029030354176987,0.94734424762379
3.710644248503383,0.9682956903315023
4.168720846874621,0.9818812696065459
4.683346700825936,0.9901863645933964
5.261502778863538,0.9949689449205567
5.911031845476362,0.9975614425709869
6.64074484928479,0.998883497529811
7.4605404447366075,0.9995174454272653
8.381539268677866,0.9998032062557869
9.416234793278331,0.9999242822718026
10.578662801651687,0.9999725089475783
11.884591785129816,0.9999905758662981
13.351736844955687,0.9999969466257976
15.0,0.9999990636444234
