SA(0.3s) [g],Loss_ratio
0.05000000000000001,6.70668667451015e-21
0.056172467201025755,7.489509678720853e-20
0.06310692142900626,7.762370071703763e-19
0.07089742948257126,9.628502935261848e-17
0.07964967064493539,1.043672352663085e-15
0.08948237023750269,1.085553852518126e-14
0.10052891014472326,1.0266298086910546e-13
0.11293913815718663,8.93071479135412e-13
0.1268814006769336,7.135924040865446e-12
0.14254482635890514,5.236007820910653e-11
0.16014189166643014,3.527494168959076e-10
0.17991130314285533,2.1818179010816466e-09
0.2021212354977168,1.2389714899275815e-08
0.2270729694325259,6.459948878143512e-08
0.2551049785537617,3.093019151834943e-07
0.28659752081259104,1.3602165141341943e-06
0.3219777967548112,5.4956256713932994e-06
0.36172574455336326,2.040557952202094e-05
0.4063805504338082,6.965827190969221e-05
0.45654796280755766,0.00021872197476795397
0.5129085093300529,0.0006320520917893595
0.5762267283493882,0.001682083919035471
0.6473615399712076,0.004126003821632973
0.7272778974247632,0.009337363330179514
0.8170598767824696,0.019518513215478053
0.9179253825967483,0.03774187798208119
1.0312426689380967,0.06762688040720208
1.1585488999444697,0.11253062579170961
1.3015710016583038,0.17435159768790753
1.4622490880091454,0.25234311742955107
1.6427627787184707,0.34251704538975986
1.8455607661325835,0.43809576085958557
2.0733940320616497,0.5310228791253742
2.329353165215711,0.614001590650426
2.6169102854537,0.6822405702903169
2.9399661435534976,0.7342492720509217
3.3029030354176987,0.7715239576354915
3.710644248503383,0.7974709402933416
4.168720846874621,0.8161358291683685
4.683346700825936,0.8311974659817117
5.261502778863538,0.8454091810538801
5.911031845476362,0.8604348006262457
6.64074484928479,0.8769317042339476
7.4605404447366075,0.8947527289128585
8.381539268677866,0.9131964587734
9.416234793278331,0.9312747661810195
10.578662801651687,0.9479734012343521
11.884591785129816,0.9624718904860092
13.351736844955687,0.9742857450747509
15.0,0.9833087725825902
