SA(0.3s) [g],Loss_ratio
0.05000000000000001,5.651557944994671e-36
0.056172467201025755,1.7131048789380725e-34
0.06310692142900626,4.817144227699859e-33
0.07089742948257126,1.1102230246251578e-16
0.07964967064493539,1.2212453270876752e-15
0.08948237023750269,1.2878587085651884e-14
0.10052891014472326,1.2301271112846876e-13
0.11293913815718663,1.078359623818442e-12
0.1268814006769336,8.66795524245894e-12
0.14254482635890514,6.389799800388938e-11
0.16014189166643014,4.320566127093017e-10
0.17991130314285533,2.6800796026922673e-09
0.2021212354977168,1.5254147167655603e-08
0.2270729694325259,7.968051352088288e-08
0.2551049785537617,3.820706147051465e-07
0.28659752081259104,1.682212595480222e-06
0.3219777967548112,6.802995220845709e-06
0.36172574455336326,2.5278962634418363e-05
0.4063805504338082,8.634589781257782e-05
0.45654796280755766,0.0002712454268448085
0.5129085093300529,0.0007841053094548117
0.5762267283493882,0.0020872637776445414
0.6473615399712076,0.005120690270205187
0.7272778974247632,0.011589277698569865
0.8170598767824696,0.02422578271833718
0.9179253825967483,0.04684031900324126
1.0312426689380967,0.08391633876997247
1.1585488999444697,0.13960217012502246
1.3015710016583038,0.21622252632826316
1.4622490880091454,0.3128040010041658
1.6427627787184707,0.42433552902964977
1.8455607661325835,0.5423302603842312
2.0733940320616497,0.6566971601708288
2.329353165215711,0.7582582023319909
2.6169102854537,0.8408920665254183
2.9399661435534976,0.9024929060329822
3.3029030354176987,0.9445596057416229
3.710644248503383,0.9708615368602812
4.168720846874621,0.9859011336651903
4.683346700825936,0.9937494589167718
5.261502778863538,0.9974749572490037
5.911031845476362,0.9990762923729386
6.64074484928479,0.9996960435837061
7.4605404447366075,0.9999106407891165
8.381539268677866,0.9999766843373042
9.416234793278331,0.9999946337663309
10.578662801651687,0.9999989165412168
11.884591785129816,0.9999998090202384
13.351736844955687,0.9999999707311272
15.0,0.9999999961135118
