SA(0.3s) [g],Complete_damage
0.05000000000000001,4.181933737079646e-07
0.056172467201025755,8.318183716271577e-07
0.06310692142900626,1.6252077110756602e-06
0.07089742948257126,3.119118057948178e-06
0.07964967064493539,5.880467160324088e-06
0.08948237023750269,1.0890916964600983e-05
0.10052891014472326,1.981555782804012e-05
0.11293913815718663,3.5420545421938066e-05
0.1268814006769336,6.220573751725134e-05
0.14254482635890514,0.00010733775770277454
0.16014189166643014,0.0001819883855339599
0.17991130314285533,0.00030319905485942655
0.2021212354977168,0.0004963989734619867
0.2270729694325259,0.0007986945166081894
0.2551049785537617,0.0012630122546311018
0.28659752081259104,0.001963108165813021
0.3219777967548112,0.0029993438700357533
0.36172574455336326,0.004504974068097245
0.4063805504338082,0.006652492220487027
0.45654796280755766,0.009659358679148577
0.5129085093300529,0.013792214128639513
0.5762267283493882,0.019368500591586346
0.6473615399712076,0.026754320751108285
0.7272778974247632,0.03635741474621945
0.8170598767824696,0.04861436534006691
0.9179253825967483,0.06397158165165417
1.0312426689380967,0.08286025181170009
1.1585488999444697,0.10566624994465945
1.3015710016583038,0.13269684525263425
1.4622490880091454,0.1641468680757343
1.6427627787184707,0.20006759784944395
1.8455607661325835,0.24034191378788305
2.0733940320616497,0.2846690864664436
2.329353165215711,0.3325619418219776
2.6169102854537,0.38335803025861626
2.9399661435534976,0.43624499633560443
3.3029030354176987,0.4902987528580639
3.710644248503383,0.5445315435324946
4.168720846874621,0.5979457608050429
4.683346700825936,0.6495886616095452
5.261502778863538,0.6986030098722693
5.911031845476362,0.7442691892082753
6.64074484928479,0.7860353892222007
7.4605404447366075,0.823533905875071
8.381539268677866,0.8565831894070834
9.416234793278331,0.8851767897364597
10.578662801651687,0.9094615860774301
11.884591785129816,0.9297085036540347
13.351736844955687,0.9462792544398179
15.0,0.95959251015817
