SA(0.3s) [g],Complete_damage
0.05000000000000001,3.4338348919860096e-06
0.056172467201025755,6.453203937439866e-06
0.06310692142900626,1.1914045441319132e-05
0.07089742948257126,2.1609651493670334e-05
0.07964967064493539,3.850870493860015e-05
0.08948237023750269,6.742361455935875e-05
0.10052891014472326,0.00011599196486733465
0.11293913815718663,0.0001960780252996397
0.1268814006769336,0.0003257161037336642
0.14254482635890514,0.0005317223206315891
0.16014189166643014,0.0008530884974604636
0.17991130314285533,0.001345232405104202
0.2021212354977168,0.002085103699188462
0.2270729694325259,0.0031770275909731582
0.2551049785537617,0.004759006521383724
0.28659752081259104,0.0070089995125642846
0.3219777967548112,0.010150475810189463
0.36172574455336326,0.01445632256093754
0.4063805504338082,0.020250016069133903
0.45654796280755766,0.027902891397210916
0.5129085093300529,0.03782641574401602
0.5762267283493882,0.05045862834879711
0.6473615399712076,0.06624437412696027
0.7272778974247632,0.08560961836314795
0.8170598767824696,0.1089309343819933
0.9179253825967483,0.13650211316503325
1.0312426689380967,0.16850062816615674
1.1585488999444697,0.2049572586047801
1.3015710016583038,0.24573239694764282
1.4622490880091454,0.2905023437756219
1.6427627787184707,0.33875818980234385
1.8455607661325835,0.38981874250964543
2.0733940320616497,0.44285749640676075
2.329353165215711,0.49694206087102855
2.6169102854537,0.5510829752025674
2.9399661435534976,0.6042876826474743
3.3029030354176987,0.6556147862029199
3.710644248503383,0.7042236733317047
4.168720846874621,0.7494151800587664
4.683346700825936,0.7906600733945128
5.261502778863538,0.8276135894114355
5.911031845476362,0.860115849702872
6.64074484928479,0.8881794621542198
7.4605404447366075,0.9119667974367682
8.381539268677866,0.9317601891453149
9.416234793278331,0.9479285817472966
10.578662801651687,0.9608939742828763
11.884591785129816,0.9711004706486144
13.351736844955687,0.9789879799969387
15.0,0.9849717551919334
