SA(0.3s) [g],Complete_damage
0.05000000000000001,2.4792798591910525e-08
0.056172467201025755,5.282153237029519e-08
0.06310692142900626,1.1053378112801937e-07
0.07089742948257126,2.2718947134681144e-07
0.07964967064493539,4.586715038890077e-07
0.08948237023750269,9.095941959635923e-07
0.10052891014472326,1.7718981043524096e-06
0.11293913815718663,3.3906939881367393e-06
0.1268814006769336,6.37399665182059e-06
0.14254482635890514,1.177129022988943e-05
0.16014189166643014,2.135708842121442e-05
0.17991130314285533,3.807007440415067e-05
0.2021212354977168,6.667582553532281e-05
0.2270729694325259,0.00011474052318960482
0.2551049785537617,0.00019402216532760086
0.28659752081259104,0.00032240076490996916
0.3219777967548112,0.000526474078501038
0.36172574455336326,0.0008449329814569362
0.4063805504338082,0.0013327918218120072
0.45654796280755766,0.0020664750295960044
0.5129085093300529,0.0031496449827478346
0.5762267283493882,0.004719495365080539
0.6473615399712076,0.006953034488249132
0.7272778974247632,0.01007266037333221
0.8170598767824696,0.014350112170928075
0.9179253825967483,0.02010771095716668
1.0312426689380967,0.02771572567007885
1.1585488999444697,0.03758476699640201
1.3015710016583038,0.05015236484926833
1.4622490880091454,0.06586334474026012
1.6427627787184707,0.08514427415735715
1.8455607661325835,0.1083730517698629
2.0733940320616497,0.13584556879134757
2.329353165215711,0.16774215861296526
2.6169102854537,0.20409712662540858
2.9399661435534976,0.24477488328901953
3.3029030354176987,0.28945599164153013
3.710644248503383,0.33763574803748675
4.168720846874621,0.388636782179382
4.683346700825936,0.4416357103227919
5.261502778863538,0.4957022920805074
5.911031845476362,0.5498480531781627
6.64074484928479,0.6030801698449831
7.4605404447366075,0.6544557489860932
8.381539268677866,0.7031315881697705
9.416234793278331,0.7484050688828701
10.578662801651687,0.7897429337912503
11.884591785129816,0.8267961503711087
13.351736844955687,0.8594006472156958
15.0,0.8875651962304547
