PGA [g],Loss_ratio
0.05000000000000001,1.8466256314228572e-05
0.056172467201025755,3.654666664240341e-05
0.06310692142900626,7.016108584111527e-05
0.07089742948257126,0.000131049567188408
0.07964967064493539,0.0002389730402701019
0.08948237023750269,0.0004269774113139254
0.10052891014472326,0.0007500874630326183
0.11293913815718663,0.0012993567281079882
0.1268814006769336,0.0022236822613398016
0.14254482635890514,0.003761776278591523
0.16014189166643014,0.006285588843001693
0.17991130314285533,0.010353663065132733
0.2021212354977168,0.016767976230244244
0.2270729694325259,0.026621009242084603
0.2551049785537617,0.041312343201487994
0.28659752081259104,0.06250847099510988
0.3219777967548112,0.09201926151855894
0.36172574455336326,0.1315735781314906
0.4063805504338082,0.18249799362652375
0.45654796280755766,0.2453363052533911
0.5129085093300529,0.31948752679080694
0.5762267283493882,0.4029719819289893
0.6473615399712076,0.4924386697402774
0.7272778974247632,0.5834846434472898
0.8170598767824696,0.6712681114710903
0.9179253825967483,0.7512880446076784
1.0312426689380967,0.8201230298398601
1.1585488999444697,0.8759172088021969
1.3015710016583038,0.9184841507641983
1.4622490880091454,0.9490357299927158
1.6427627787184707,0.9696676755513305
1.8455607661325835,0.9827903262552388
2.0733940320616497,0.9906671262787863
2.329353165215711,0.995143471954745
2.6169102854537,0.9975630027525456
2.9399661435534976,0.9988142493546548
3.3029030354176987,0.9994376477136324
3.710644248503383,0.9997390180037362
4.168720846874621,0.9998812588777749
4.683346700825936,0.999947062535399
5.261502778863538,0.9999769304813092
5.911031845476362,0.9999902075591849
6.64074484928479,0.9999959664924041
7.4605404447366075,0.99999839326525
8.381539268677866,0.9999993826958709
9.416234793278331,0.9999997717119837
10.578662801651687,0.9999999188482573
11.884591785129816,0.9999999722957096
13.351736844955687,0.9999999909223339
15.0,0.999999997146265
