SA(1.0s) [g],Loss_ratio
0.05000000000000001,7.148107055431291e-10
0.056172467201025755,2.0623064362785516e-09
0.06310692142900626,5.778889317023178e-09
0.07089742948257126,1.5728409187254995e-08
0.07964967064493539,4.15814243593697e-08
0.08948237023750269,1.0678759404604581e-07
0.10052891014472326,2.6643741325277007e-07
0.11293913815718663,6.459382797377641e-07
0.1268814006769336,1.5219944054608955e-06
0.14254482635890514,3.486767374070151e-06
0.16014189166643014,7.770821639735245e-06
0.17991130314285533,1.6862003638933815e-05
0.2021212354977168,3.5666980471945936e-05
0.2270729694325259,7.366001002389531e-05
0.2551049785537617,0.00014882354498629366
0.28659752081259104,0.0002948292089842112
0.3219777967548112,0.0005739947563049597
0.36172574455336326,0.001100190945889442
0.4063805504338082,0.0020778736830898642
0.45654796280755766,0.0038648516192863564
0.5129085093300529,0.007065080967106781
0.5762267283493882,0.012650159682156608
0.6473615399712076,0.022090532011196498
0.7272778974247632,0.037449023264362724
0.8170598767824696,0.06135751074415046
0.9179253825967483,0.0967813043046385
1.0312426689380967,0.14650267423781557
1.1585488999444697,0.21234579836779918
1.3015710016583038,0.2943098715600998
1.4622490880091454,0.3899158634947889
1.6427627787184707,0.4941104801948965
1.8455607661325835,0.5999336137754027
2.0733940320616497,0.6998598721539933
2.329353165215711,0.7874050916054329
2.6169102854537,0.8584319848663597
2.9399661435534976,0.9117067123008294
3.3029030354176987,0.9485941234967602
3.710644248503383,0.9721401427366235
4.168720846874621,0.9859799395140639
4.683346700825936,0.9934627612224438
5.261502778863538,0.9971809268705134
5.911031845476362,0.9988774955626483
6.64074484928479,0.9995878697290008
7.4605404447366075,0.999860645773401
8.381539268677866,0.9999566501690414
9.416234793278331,0.9999876052739546
10.578662801651687,0.9999967452384972
11.884591785129816,0.9999992156185648
13.351736844955687,0.9999998266231
15.0,0.9999999648704608
