SA(1.0s) [g],Loss_ratio
0.05000000000000001,3.362142134541219e-07
0.056172467201025755,9.380037312511482e-07
0.06310692142900626,2.465787654025687e-06
0.07089742948257126,6.109835470079249e-06
0.07964967064493539,1.4276282121462227e-05
0.08948237023750269,3.147296870310498e-05
0.10052891014472326,6.550413283189891e-05
0.11293913815718663,0.00012880707351045132
0.1268814006769336,0.00023953136904250683
0.14254482635890514,0.00042175184582797303
0.16014189166643014,0.0007041965563405274
0.17991130314285533,0.0011172609382146816
0.2021212354977168,0.001688966442893868
0.2270729694325259,0.002441766950548214
0.2551049785537617,0.00339330907206076
0.28659752081259104,0.004564926053568291
0.3219777967548112,0.006001538182186395
0.36172574455336326,0.007805965416211797
0.4063805504338082,0.010189958863924056
0.45654796280755766,0.013543664227669979
0.5129085093300529,0.018523545410963273
0.5762267283493882,0.026153086938263365
0.6473615399712076,0.03791733314862694
0.7272778974247632,0.055810630533808775
0.8170598767824696,0.08227308721388366
0.9179253825967483,0.11994146810589408
1.0312426689380967,0.17116711083168634
1.1585488999444697,0.23733262962803958
1.3015710016583038,0.31811939714473497
1.4622490880091454,0.4109878438315666
1.6427627787184707,0.5111544821487002
1.8455607661325835,0.6122251149111735
2.0733940320616497,0.7073917475547858
2.329353165215711,0.7908354883747284
2.6169102854537,0.8588532928214162
2.9399661435534976,0.9103318716561812
3.3029030354176987,0.9464778461000052
3.710644248503383,0.9700174878141394
4.168720846874621,0.9842401464072822
4.683346700825936,0.9922208462154108
5.261502778863538,0.9963874082461139
5.911031845476362,0.9984169778507281
6.64074484928479,0.9993429193201813
7.4605404447366075,0.9997404914319251
8.381539268677866,0.9999020465647294
9.416234793278331,0.9999645336290011
10.578662801651687,0.9999876552933983
11.884591785129816,0.9999958684076116
13.351736844955687,0.9999986724815803
15.0,0.9999995916805696
