SA(0.6s) [g],Complete_damage
0.05000000000000001,0.0
0.056172467201025755,2.220446049250313e-16
0.06310692142900626,1.6653345369377348e-15
0.07089742948257126,1.0325074129013956e-14
0.07964967064493539,6.228351168147128e-14
0.08948237023750269,3.538280779480374e-13
0.10052891014472326,1.9063639555838563e-12
0.11293913815718663,9.733547301493672e-12
0.1268814006769336,4.709954648518533e-11
0.14254482635890514,2.1601631594592163e-10
0.16014189166643014,9.39098798724558e-10
0.17991130314285533,3.8701493121351405e-09
0.2021212354977168,1.512086145183389e-08
0.2270729694325259,5.6014768490264544e-08
0.2551049785537617,1.9676844820182282e-07
0.28659752081259104,6.555269433938804e-07
0.3219777967548112,2.0714260918763827e-06
0.36172574455336326,6.209564054060479e-06
0.4063805504338082,1.766212564380254e-05
0.45654796280755766,4.767626457746754e-05
0.5129085093300529,0.00012216236779760692
0.5762267283493882,0.0002972079841702113
0.6473615399712076,0.0006867500126599424
0.7272778974247632,0.0015076399882546498
0.8170598767824696,0.0031457518495281445
0.9179253825967483,0.006241249825704953
1.0312426689380967,0.011780439367847784
1.1585488999444697,0.021166665147595576
1.3015710016583038,0.03622805818255659
1.4622490880091454,0.05911400779019027
1.6427627787184707,0.09204483408599362
1.8455607661325835,0.1369159042845649
2.0733940320616497,0.1948134985705796
2.329353165215711,0.2655567556315479
2.6169102854537,0.3474108002212488
2.9399661435534976,0.4370970538244442
3.3029030354176987,0.5301526129473537
3.710644248503383,0.6215827741671802
4.168720846874621,0.7066509970780828
4.683346700825936,0.7816017335626597
5.261502778863538,0.8441355656755838
5.911031845476362,0.8935421316550096
6.64074484928479,0.9305066152125199
7.4605404447366075,0.9566953666437048
8.381539268677866,0.9742654943698499
9.416234793278331,0.9854280795020078
10.578662801651687,0.992143668750995
11.884591785129816,0.9959695602239558
13.351736844955687,0.9980335617894502
15.0,0.9990879872828125
