SA(0.6s) [g],Complete_damage
0.05000000000000001,2.9455926586763326e-10
0.056172467201025755,9.492816532841175e-10
0.06310692142900626,2.9565485615279385e-09
0.07089742948257126,8.899447845323039e-09
0.07964967064493539,2.5891154997736976e-08
0.08948237023750269,7.280718383739782e-08
0.10052891014472326,1.979054216061371e-07
0.11293913815718663,5.20032326090103e-07
0.1268814006769336,1.321062366166359e-06
0.14254482635890514,3.2446710819256097e-06
0.16014189166643014,7.705657755097128e-06
0.17991130314285533,1.769625601322211e-05
0.2021212354977168,3.930345959268777e-05
0.2270729694325259,8.443209949537955e-05
0.2551049785537617,0.00017545541446095658
0.28659752081259104,0.00035275179828486714
0.3219777967548112,0.0006862504126775582
0.36172574455336326,0.0012920587016265195
0.4063805504338082,0.0023547900702286517
0.45654796280755766,0.004155148533064534
0.5129085093300529,0.007100531325376247
0.5762267283493882,0.01175394709023625
0.6473615399712076,0.01885380061462738
0.7272778974247632,0.02931482961964016
0.8170598767824696,0.04419976549415672
0.9179253825967483,0.06465324162845487
1.0312426689380967,0.09179480978002463
1.1585488999444697,0.12657648015669265
1.3015710016583038,0.1696205832701514
1.4622490880091454,0.22106338971651196
1.6427627787184707,0.28043562958549617
1.8455607661325835,0.34661003156994385
2.0733940320616497,0.4178369976490719
2.329353165215711,0.4918736386167045
2.6169102854537,0.5661921177296442
2.9399661435534976,0.6382356116826231
3.3029030354176987,0.7056791834828396
3.710644248503383,0.7666517097450498
4.168720846874621,0.8198840589485532
4.683346700825936,0.8647653013551357
5.261502778863538,0.901308106093402
5.911031845476362,0.9300414797744918
6.64074484928479,0.9518596871046557
7.4605404447366075,0.9678589201793498
8.381539268677866,0.9791888410234594
9.416234793278331,0.9869370645827443
10.578662801651687,0.9920541764177457
11.884591785129816,0.9953177627782207
13.351736844955687,0.9973278396968934
15.0,0.998523416655714
