SA(0.6s) [g],Loss_ratio
0.05000000000000001,5.442153555455695e-08
0.056172467201025755,1.6502711572531207e-07
0.06310692142900626,4.962110335308798e-07
0.07089742948257126,1.4596183588447056e-06
0.07964967064493539,4.1606762891496916e-06
0.08948237023750269,1.14222351111188e-05
0.10052891014472326,3.008235313809186e-05
0.11293913815718663,7.582547328486648e-05
0.1268814006769336,0.00018266327499959125
0.14254482635890514,0.00042022224433206303
0.16014189166643014,0.0009228515577030179
0.17991130314285533,0.0019344626025682666
0.2021212354977168,0.0038707813933816313
0.2270729694325259,0.007395115613388491
0.2551049785537617,0.013494327550993354
0.28659752081259104,0.02352982852882134
0.3219777967548112,0.039228144785728586
0.36172574455336326,0.06257345077103016
0.4063805504338082,0.0955771643891093
0.45654796280755766,0.1399302987724423
0.5129085093300529,0.19658807736774728
0.5762267283493882,0.26537949797064725
0.6473615399712076,0.3447576103023135
0.7272778974247632,0.4317925513767076
0.8170598767824696,0.5224546654799682
0.9179253825967483,0.61215309675458
1.0312426689380967,0.6964146563273319
1.1585488999444697,0.7715402251968767
1.3015710016583038,0.8350814971307153
1.4622490880091454,0.8860379084150147
1.6427627787184707,0.9247594178274241
1.8455607661325835,0.9526223075494457
2.0733940320616497,0.9715941366865617
2.329353165215711,0.9838086005541726
2.6169102854537,0.9912385327101164
2.9399661435534976,0.9955053058502125
3.3029030354176987,0.9978167266764323
3.710644248503383,0.9989970204873675
4.168720846874621,0.9995647091712191
4.683346700825936,0.9998217075816918
5.261502778863538,0.9999311430058953
5.911031845476362,0.9999749473879014
6.64074484928479,0.9999914196289182
7.4605404447366075,0.9999972356425363
8.381539268677866,0.9999991627962035
9.416234793278331,0.9999997617923242
10.578662801651687,0.999999936360073
11.884591785129816,0.9999999840435616
13.351736844955687,0.999999996247013
15.0,0.9999999991722995
