SA(0.6s) [g],Loss_ratio
0.05000000000000001,1.5081826909844678e-05
0.056172467201025755,3.1018392242708013e-05
0.06310692142900626,6.106933305910964e-05
0.07089742948257126,0.00011529799672295561
0.07964967064493539,0.00020922920042305677
0.08948237023750269,0.00036606525272624797
0.10052891014472326,0.00061996256265658
0.11293913815718663,0.001021469890143654
0.1268814006769336,0.0016471584310268751
0.14254482635890514,0.0026165475324152233
0.16014189166643014,0.004120150421603776
0.17991130314285533,0.006461963135137127
0.2021212354977168,0.010116899524223387
0.2270729694325259,0.01579765360771245
0.2551049785537617,0.024516333847119896
0.28659752081259104,0.0376158639924484
0.3219777967548112,0.056738731696425654
0.36172574455336326,0.08370192423880887
0.4063805504338082,0.1202619434748885
0.45654796280755766,0.16778379243813732
0.5129085093300529,0.22686695702309825
0.5762267283493882,0.2970164751909755
0.6473615399712076,0.37646144478045784
0.7272778974247632,0.46220397318290196
0.8170598767824696,0.5503276809396804
0.9179253825967483,0.6365209587665267
1.0312426689380967,0.7167022584972675
1.1585488999444697,0.7875995212388
1.3015710016583038,0.847148403430835
1.4622490880091454,0.8946299669300104
1.6427627787184707,0.9305461215625337
1.8455607661325835,0.9563011467846753
2.0733940320616497,0.9737966448633125
2.329353165215711,0.9850469302439663
2.6169102854537,0.991890084133026
2.9399661435534976,0.9958246427910235
3.3029030354176987,0.9979615720920579
3.710644248503383,0.9990572167904956
4.168720846874621,0.9995872427728706
4.683346700825936,0.9998290527183218
5.261502778863538,0.9999330568196705
5.911031845476362,0.9999752199904285
6.64074484928479,0.9999913300803193
7.4605404447366075,0.9999971323867252
8.381539268677866,0.9999991029596527
9.416234793278331,0.9999997344053662
10.578662801651687,0.9999999254885475
11.884591785129816,0.9999999801635503
13.351736844955687,0.9999999949795453
15.0,0.9999999987893884
