SA(0.6s) [g],Loss_ratio
0.05000000000000001,1.0500235151200927e-10
0.056172467201025755,3.34898368149452e-10
0.06310692142900626,1.0348248878007309e-09
0.07089742948257126,3.098923299776953e-09
0.07964967064493539,8.998063111070232e-09
0.08948237023750269,2.534820096599761e-08
0.10052891014472326,6.93321810950003e-08
0.11293913815718663,1.8428955484653485e-07
0.1268814006769336,4.7651639822499164e-07
0.14254482635890514,1.1998368114800296e-06
0.16014189166643014,2.9450120846526236e-06
0.17991130314285533,7.053422321376754e-06
0.2021212354977168,1.6498487583811888e-05
0.2270729694325259,3.7717775114260027e-05
0.2551049785537617,8.432525149230847e-05
0.28659752081259104,0.00018442716997219702
0.3219777967548112,0.0003945797810060167
0.36172574455336326,0.0008253656268525362
0.4063805504338082,0.0016858779918549967
0.45654796280755766,0.0033559588478687
0.5129085093300529,0.006493187748141548
0.5762267283493882,0.012172068203736756
0.6473615399712076,0.022031141409772532
0.7272778974247632,0.03836943504438227
0.8170598767824696,0.06409664104445735
0.9179253825967483,0.10242637515131393
1.0312426689380967,0.1562430465104793
1.1585488999444697,0.2271929876442975
1.3015710016583038,0.3147286497624628
1.4622490880091454,0.41548682652455704
1.6427627787184707,0.5233871075991801
1.8455607661325835,0.6306185090814463
2.0733940320616497,0.7292974496758253
2.329353165215711,0.8132292391281286
2.6169102854537,0.879115309055611
2.9399661435534976,0.9268005879893154
3.3029030354176987,0.9586044871135314
3.710644248503383,0.9781535358222359
4.168720846874621,0.9892369854711744
4.683346700825936,0.9950426362611731
5.261502778863538,0.9978597264569745
5.911031845476362,0.9991306955054337
6.64074484928479,0.9996663869352165
7.4605404447366075,0.999878488583548
8.381539268677866,0.9999578357132684
9.416234793278331,0.9999860277593511
10.578662801651687,0.999995576027471
11.884591785129816,0.9999986633390427
13.351736844955687,0.9999996156331452
15.0,0.9999998951526546
