SA(1.0s) [g],Loss_ratio
0.05000000000000001,1.1082345128224439e-09
0.056172467201025755,5.204879164579135e-09
0.06310692142900626,2.2921669055948077e-08
0.07089742948257126,9.466497174242695e-08
0.07964967064493539,3.66692072706155e-07
0.08948237023750269,1.3324640098020031e-06
0.10052891014472326,4.542924988061129e-06
0.11293913815718663,1.4535807540412929e-05
0.1268814006769336,4.3659480658977657e-05
0.14254482635890514,0.0001231355090396909
0.16014189166643014,0.0003262144615698974
0.17991130314285533,0.0008121048491574009
0.2021212354977168,0.001900695249542805
0.2270729694325259,0.004184477024521906
0.2551049785537617,0.008671139768530919
0.28659752081259104,0.01692562786942865
0.3219777967548112,0.031148211809080322
0.36172574455336326,0.054099964110359694
0.4063805504338082,0.08879201153510763
0.45654796280755766,0.1379101699299373
0.5129085093300529,0.2030512627966161
0.5762267283493882,0.2839672475188615
0.6473615399712076,0.378087395218507
0.7272778974247632,0.4805602634575022
0.8170598767824696,0.5849112160037925
0.9179253825967483,0.6841942681666016
1.0312426689380967,0.7723205804190664
1.1585488999444697,0.8451622170275968
1.3015710016583038,0.9011044212510504
1.4622490880091454,0.9409254758561151
1.6427627787184707,0.9671288458287848
1.8455607661325835,0.983025602709885
2.0733940320616497,0.991893564113181
2.329353165215711,0.9964310507284128
2.6169102854537,0.9985556399309997
2.9399661435534976,0.9994640610098087
3.3029030354176987,0.9998180863454688
3.710644248503383,0.9999436300484082
4.168720846874621,0.999984081874801
4.683346700825936,0.9999959099947345
5.261502778863538,0.9999990451068035
5.911031845476362,0.999999797664969
6.64074484928479,0.9999999611291047
7.4605404447366075,0.9999999932356853
8.381539268677866,0.999999998934566
9.416234793278331,0.9999999998482136
10.578662801651687,0.9999999999804531
11.884591785129816,0.9999999999977258
13.351736844955687,0.9999999999997611
15.0,0.9999999999999774
