SA(1.0s) [g],Loss_ratio
0.05000000000000001,3.0115288181963174e-07
0.056172467201025755,8.804876649447891e-07
0.06310692142900626,2.4270120419357437e-06
0.07089742948257126,6.318038745300143e-06
0.07964967064493539,1.5568188632511016e-05
0.08948237023750269,3.641829173892613e-05
0.10052891014472326,8.118200459165481e-05
0.11293913815718663,0.0001732485840024797
0.1268814006769336,0.0003558703180359537
0.14254482635890514,0.0007076763033827625
0.16014189166643014,0.0013698267543617538
0.17991130314285533,0.002591815445072467
0.2021212354977168,0.004803387874247842
0.2270729694325259,0.008715655657332714
0.2551049785537617,0.015441556288935104
0.28659752081259104,0.02660301629589134
0.3219777967548112,0.04436473161181209
0.36172574455336326,0.07131673008193348
0.4063805504338082,0.11014018102625292
0.45654796280755766,0.16304837640439898
0.5129085093300529,0.23109180955661096
0.5762267283493882,0.3135177627095223
0.6473615399712076,0.40742597899775923
0.7272778974247632,0.5079172293382085
0.8170598767824696,0.6087868514603827
0.9179253825967483,0.7036204941513395
1.0312426689380967,0.7869882281523348
1.1585488999444697,0.8553820120010841
1.3015710016583038,0.907629161929586
1.4622490880091454,0.944706210740833
1.6427627787184707,0.9690890649624881
1.8455607661325835,0.9839131189016648
2.0733940320616497,0.9922269811940465
2.329353165215711,0.9965202172751368
2.6169102854537,0.9985586992265597
2.9399661435534976,0.999447957788172
3.3029030354176987,0.9998043648487162
3.710644248503383,0.9999357328544111
4.168720846874621,0.9999803627579872
4.683346700825936,0.9999943903255466
5.261502778863538,0.9999984917889635
5.911031845476362,0.9999996154214135
6.64074484928479,0.999999906297343
7.4605404447366075,0.9999999780600728
8.381539268677866,0.999999995050629
9.416234793278331,0.999999998925313
10.578662801651687,0.9999999997762218
11.884591785129816,0.9999999999555408
13.351736844955687,0.9999999999916147
15.0,0.9999999999985051
