SA(1.0s) [g],Loss_ratio
0.05000000000000001,1.1320369388315114e-16
0.056172467201025755,8.013122075051409e-16
0.06310692142900626,5.021789083595573e-15
0.07089742948257126,3.099958462964163e-14
0.07964967064493539,1.847304075716138e-13
0.08948237023750269,1.0583268096299044e-12
0.10052891014472326,5.853543023278294e-12
0.11293913815718663,3.129441659066626e-11
0.1268814006769336,1.616851806524973e-10
0.14254482635890514,8.056119285880763e-10
0.16014189166643014,3.857242901475765e-09
0.17991130314285533,1.7666379892184117e-08
0.2021212354977168,7.70241197001562e-08
0.2270729694325259,3.1820322763394925e-07
0.2551049785537617,1.2405698413143456e-06
0.28659752081259104,4.549165472904044e-06
0.3219777967548112,1.564988233961375e-05
0.36172574455336326,5.041109812849409e-05
0.4063805504338082,0.00015184320783458407
0.45654796280755766,0.00042731428097188945
0.5129085093300529,0.0011230124861870841
0.5762267283493882,0.0027558245064464625
0.6473615399712076,0.00631550465715863
0.7272778974247632,0.013520839763700825
0.8170598767824696,0.027055376222418145
0.9179253825967483,0.05063106847265085
1.0312426689380967,0.08867157071230272
1.1585488999444697,0.1454391595258967
1.3015710016583038,0.2236164643968077
1.4622490880091454,0.32269367885016237
1.6427627787184707,0.43786091560603724
1.8455607661325835,0.5601873405985095
2.0733940320616497,0.6784449014946586
2.329353165215711,0.7820849668003989
2.6169102854537,0.8641114391524949
2.9399661435534976,0.9225316449741546
3.3029030354176987,0.9598531268683326
3.710644248503383,0.9811790055501721
4.168720846874621,0.9920515884913109
4.683346700825936,0.9969868631053459
5.261502778863538,0.9989777758343471
5.911031845476362,0.9996904360938058
6.64074484928479,0.9999164995414762
7.4605404447366075,0.9999799755020391
8.381539268677866,0.9999957372702267
9.416234793278331,0.9999991955736707
10.578662801651687,0.9999998655813894
11.884591785129816,0.9999999801308472
13.351736844955687,0.9999999974041663
15.0,0.9999999997004758
