SA(0.6s) [g],Loss_ratio
0.05000000000000001,1.4639180954599733e-08
0.056172467201025755,4.860804441667873e-08
0.06310692142900626,1.5432435598765057e-07
0.07089742948257126,4.685583476266026e-07
0.07964967064493539,1.3607412020880983e-06
0.08948237023750269,3.7806278545442944e-06
0.10052891014472326,1.0051708602813686e-05
0.11293913815718663,2.5582073240959172e-05
0.1268814006769336,6.234632638902731e-05
0.14254482635890514,0.00014556585227322834
0.16014189166643014,0.0003257769800187778
0.17991130314285533,0.0006993385333121901
0.2021212354977168,0.0014411829538319076
0.2270729694325259,0.0028539196375338785
0.2551049785537617,0.005436766472011332
0.28659752081259104,0.009975409529224398
0.3219777967548112,0.01764815091657123
0.36172574455336326,0.03013151517580584
0.4063805504338082,0.04966580003357156
0.45654796280755766,0.07900728166712506
0.5129085093300529,0.12116184330745769
0.5762267283493882,0.17880104238174857
0.6473615399712076,0.2533571073004827
0.7272778974247632,0.343997494374981
0.8170598767824696,0.4469135754098643
0.9179253825967483,0.5554341043009818
1.0312426689380967,0.6612185008862721
1.1585488999444697,0.7562407482676516
1.3015710016583038,0.8347721705531826
1.4622490880091454,0.894504882964191
1.6427627787184707,0.9364222323350461
1.8455607661325835,0.9636904803459195
2.0733940320616497,0.9802499164458304
2.329353165215711,0.989718814055928
2.6169102854537,0.9948620352004663
2.9399661435534976,0.9975341538796111
3.3029030354176987,0.9988662989266222
3.710644248503383,0.9995028643517815
4.168720846874621,0.9997931385489252
4.683346700825936,0.9999187084417674
5.261502778863538,0.9999699466842692
5.911031845476362,0.9999895773756056
6.64074484928479,0.9999966159706835
7.4605404447366075,0.9999989727410885
8.381539268677866,0.9999997087127115
9.416234793278331,0.9999999228942886
10.578662801651687,0.9999999809552302
11.884591785129816,0.9999999956123322
13.351736844955687,0.9999999990573895
15.0,0.999999999811218
