SA(0.6s) [g],Complete_damage
0.05000000000000001,8.084080229564528e-06
0.056172467201025755,1.4664014951093485e-05
0.06310692142900626,2.6149948420317592e-05
0.07089742948257126,4.584604246349322e-05
0.07964967064493539,7.902502275414225e-05
0.08948237023750269,0.00013393042562404034
0.10052891014472326,0.0002231861879422592
0.11293913815718663,0.00036572285102831614
0.1268814006769336,0.0005893301951199748
0.14254482635890514,0.0009339297407450209
0.16014189166643014,0.0014556197354563816
0.17991130314285533,0.002231472823732039
0.2021212354977168,0.003364957531065027
0.2270729694325259,0.004991708339183165
0.2551049785537617,0.007285191725968421
0.28659752081259104,0.010461622350203759
0.3219777967548112,0.014783299952123574
0.36172574455336326,0.020559398276077334
0.4063805504338082,0.028143183354142787
0.45654796280755766,0.03792471104660944
0.5129085093300529,0.05031828603265953
0.5762267283493882,0.06574437214940776
0.6473615399712076,0.08460621627210507
0.7272778974247632,0.10726214150230295
0.8170598767824696,0.133995203717169
0.9179253825967483,0.16498258485759643
1.0312426689380967,0.20026759935904248
1.1585488999444697,0.23973740526299014
1.3015710016583038,0.283109355181985
1.4622490880091454,0.32992835943785426
1.6427627787184707,0.3795766920933511
1.8455607661325835,0.43129644418218593
2.0733940320616497,0.48422346791609083
2.329353165215711,0.5374303467591219
2.6169102854537,0.5899748592469897
2.9399661435534976,0.6409497404857265
3.3029030354176987,0.6895293869552743
3.710644248503383,0.7350095222552173
4.168720846874621,0.7768366858900242
4.683346700825936,0.8146255946099948
5.261502778863538,0.8481637792205741
5.911031845476362,0.8774042267066873
6.64074484928479,0.9024478832213083
7.4605404447366075,0.9235186684147767
8.381539268677866,0.9409340483859766
9.416234793278331,0.9550742121346799
10.578662801651687,0.9663525517665004
11.884591785129816,0.9751895575517171
13.351736844955687,0.9819915218144053
15.0,0.9871347143549616
