PGA [g],Loss_ratio
0.05000000000000001,4.202016225144521e-10
0.056172467201025755,2.312058864676144e-09
0.06310692142900626,1.1895293309495373e-08
0.07089742948257126,5.7038985700771524e-08
0.07964967064493539,2.5434811527429827e-07
0.08948237023750269,1.0532169710949939e-06
0.10052891014472326,4.046238893152208e-06
0.11293913815718663,1.441497079546741e-05
0.1268814006769336,4.761195337526427e-05
0.14254482635890514,0.00014580337162624598
0.16014189166643014,0.0004140551631608201
0.17991130314285533,0.0010908099756342087
0.2021212354977168,0.0026672921264331065
0.2270729694325259,0.006057944308831508
0.2551049785537617,0.01279075658809249
0.28659752081259104,0.025133905485725375
0.3219777967548112,0.046026153130687676
0.36172574455336326,0.07867807947505503
0.4063805504338082,0.12580411794771848
0.45654796280755766,0.18863124924243102
0.5129085093300529,0.26602986036484316
0.5762267283493882,0.35419008949210806
0.6473615399712076,0.4471213421007453
0.7272778974247632,0.5379146084698806
0.8170598767824696,0.6203513145639997
0.9179253825967483,0.6902756918924313
1.0312426689380967,0.7462614365406561
1.1585488999444697,0.7894187539240214
1.3015710016583038,0.8225298321710666
1.4622490880091454,0.8489151167962344
1.6427627787184707,0.8714520474078492
1.8455607661325835,0.892018306980157
2.0733940320616497,0.9114086629108851
2.329353165215711,0.9295928697920859
2.6169102854537,0.9461114330054334
2.9399661435534976,0.9604388979223918
3.3029030354176987,0.9722240775185211
3.710644248503383,0.9813901135390962
4.168720846874621,0.9881221846976239
4.683346700825936,0.992788569160191
5.261502778863538,0.9958402291425638
5.911031845476362,0.9977226631378548
6.64074484928479,0.9988177652769842
7.4605404447366075,0.9994184877034498
8.381539268677866,0.9997291702547291
9.416234793278331,0.9998806407202576
10.578662801651687,0.9999502481182245
11.884591785129816,0.9999803955869547
13.351736844955687,0.9999927002289144
15.0,0.9999974324725829
