SA(0.6s) [g],Complete_damage
0.05000000000000001,1.5945947062778743e-07
0.056172467201025755,3.212748158620826e-07
0.06310692142900626,6.361630944251573e-07
0.07089742948257126,1.238047965257394e-06
0.07964967064493539,2.368079371595222e-06
0.08948237023750269,4.4520316430096685e-06
0.10052891014472326,8.226929479659972e-06
0.11293913815718663,1.4943426534741455e-05
0.1268814006769336,2.6681603660705377e-05
0.14254482635890514,4.683177315711884e-05
0.16014189166643014,8.080814294664229e-05
0.17991130314285533,0.00013708054872363373
0.2021212354977168,0.00022862546623425573
0.2270729694325259,0.0003749082612534149
0.2551049785537617,0.0006045086021926327
0.28659752081259104,0.0009584831889626333
0.3219777967548112,0.0014945166777173835
0.36172574455336326,0.002291835572879597
0.4063805504338082,0.003456745888469559
0.45654796280755766,0.005128503215556024
0.5129085093300529,0.007485040397397169
0.5762267283493882,0.010747879675840344
0.6473615399712076,0.015185369782117486
0.7272778974247632,0.02111325042980805
0.8170598767824696,0.028891499527842424
0.9179253825967483,0.03891650440207306
1.0312426689380967,0.051607850618095585
1.1585488999444697,0.06738945491891235
1.3015710016583038,0.08666536854899787
1.4622490880091454,0.10979129612043903
1.6427627787184707,0.1370436313208736
1.8455607661325835,0.1685884952156621
2.0733940320616497,0.20445375423968537
2.329353165215711,0.2445071799119405
2.6169102854537,0.2884437088118533
2.9399661435534976,0.3357841396221686
3.3029030354176987,0.3858866001427972
3.710644248503383,0.43797083527071246
4.168720846874621,0.49115396798322586
4.683346700825936,0.5444950632757747
5.261502778863538,0.5970447742416523
5.911031845476362,0.6478957303248971
6.64074484928479,0.6962292366445231
7.4605404447366075,0.7413543044815767
8.381539268677866,0.7827359560030716
9.416234793278331,0.8200109990906082
10.578662801651687,0.8529908638628584
11.884591785129816,0.8816524331859845
13.351736844955687,0.9061189101096576
15.0,0.92663352086621
