SA(0.6s) [g],Complete_damage
0.05000000000000001,8.80127820623855e-07
0.056172467201025755,1.6967306846193964e-06
0.06310692142900626,3.2151473202679526e-06
0.07089742948257126,5.988574064641483e-06
0.07964967064493539,1.0964663171963984e-05
0.08948237023750269,1.973477868533191e-05
0.10052891014472326,3.491814973144436e-05
0.11293913815718663,6.073937430528531e-05
0.1268814006769336,0.00010387451441784545
0.14254482635890514,0.00017465790311066431
0.16014189166643014,0.00028875569942588
0.17991130314285533,0.000469418584583714
0.2021212354977168,0.0007504186459239559
0.2270729694325259,0.001179747112181384
0.2551049785537617,0.0018240925545215392
0.28659752081259104,0.002774027033115911
0.3219777967548112,0.004149697338947322
0.36172574455336326,0.006106652633629084
0.4063805504338082,0.008841249318408573
0.45654796280755766,0.012594879694349359
0.5129085093300529,0.017656103907493947
0.5762267283493882,0.02435966397813405
0.6473615399712076,0.03308136702476594
0.7272778974247632,0.04422798081276591
0.8170598767824696,0.05822161395409642
0.9179253825967483,0.07547855803527792
1.0312426689380967,0.09638322152663448
1.1585488999444697,0.12125852315816088
1.3015710016583038,0.1503348417810182
1.4622490880091454,0.1837202257334023
1.6427627787184707,0.22137492872437814
1.8455607661325835,0.26309336054562116
2.0733940320616497,0.308496159174787
2.329353165215711,0.35703430404797043
2.6169102854537,0.40800606368225756
2.9399661435534976,0.46058623335433657
3.3029030354176987,0.5138657461052991
3.710644248503383,0.5668985281781671
4.168720846874621,0.6187515990339717
4.683346700825936,0.6685540201707634
5.261502778863538,0.715540437840863
5.911031845476362,0.7590856203913354
6.64074484928479,0.7987274597080619
7.4605404447366075,0.8341772260364054
8.381539268677866,0.8653172436002968
9.416234793278331,0.8921874017926393
10.578662801651687,0.9149628789271279
11.884591785129816,0.9339260355464298
13.351736844955687,0.94943560219503
15.0,0.9618960765059821
