SA(0.3s) [g],Loss_ratio
0.05000000000000001,1.7393235281004038e-07
0.056172467201025755,3.941990075092268e-07
0.06310692142900626,8.631333268367057e-07
0.07089742948257126,1.8263249975575007e-06
0.07964967064493539,3.7355378570934994e-06
0.08948237023750269,7.3888126339237715e-06
0.10052891014472326,1.414032618468664e-05
0.11293913815718663,2.6198967099345138e-05
0.1268814006769336,4.7033225495598934e-05
0.14254482635890514,8.189949457168848e-05
0.16014189166643014,0.00013851880560608257
0.17991130314285533,0.00022795757089467026
0.2021212354977168,0.00036584188064341566
0.2270729694325259,0.0005741756393390417
0.2551049785537617,0.0008842562467636147
0.28659752081259104,0.0013414794177920941
0.3219777967548112,0.0020131434937821833
0.36172574455336326,0.0030005847900212417
0.4063805504338082,0.004456909491279502
0.45654796280755766,0.006610994801285861
0.5129085093300529,0.009797085483002295
0.5762267283493882,0.014487104660874661
0.6473615399712076,0.021319879469099152
0.7272778974247632,0.031118381020271153
0.8170598767824696,0.04488373911083017
0.9179253825967483,0.06375445603479007
1.0312426689380967,0.08892212516394268
1.1585488999444697,0.12150175325997017
1.3015710016583038,0.16236513629800922
1.4622490880091454,0.21195789629992537
1.6427627787184707,0.27013167534382543
1.8455607661325835,0.3360288325834411
2.0733940320616497,0.408054476583862
2.329353165215711,0.4839582632052069
2.6169102854537,0.5610274476577828
2.9399661435534976,0.636367684819318
3.3029030354176987,0.7072257493158021
3.710644248503383,0.7712956610812435
4.168720846874621,0.8269513498334111
4.683346700825936,0.8733653714349199
5.261502778863538,0.9104998370385582
5.911031845476362,0.9389846742788629
6.64074484928479,0.9599210330292135
7.4605404447366075,0.974658057107787
8.381539268677866,0.984587948976206
9.416234793278331,0.9909904749035823
10.578662801651687,0.9949398168940911
11.884591785129816,0.9972701381869323
13.351736844955687,0.9985854889776913
15.0,0.999295877423533
