SA(1.0s) [g],Complete_damage
0.05000000000000001,7.493556886117858e-10
0.056172467201025755,1.911523828113104e-09
0.06310692142900626,4.766271599621064e-09
0.07089742948257126,1.1617078410353088e-08
0.07964967064493539,2.7678755176729908e-08
0.08948237023750269,6.446752576216852e-08
0.10052891014472326,1.4678934079359607e-07
0.11293913815718663,3.2675510863722224e-07
0.1268814006769336,7.111168993656491e-07
0.14254482635890514,1.5131012329749893e-06
0.16014189166643014,3.147910027645473e-06
0.17991130314285533,6.403603298732463e-06
0.2021212354977168,1.2737857161049249e-05
0.2270729694325259,2.477775893838796e-05
0.2551049785537617,4.713539835765612e-05
0.28659752081259104,8.769601077684985e-05
0.3219777967548112,0.00015958438117191776
0.36172574455336326,0.0002840611707781715
0.4063805504338082,0.0004946298380026359
0.45654796280755766,0.0008426262538333562
0.5129085093300529,0.0014044905939282204
0.5762267283493882,0.00229075613891494
0.6473615399712076,0.003656508563466887
0.7272778974247632,0.0057126634799279374
0.8170598767824696,0.008736897826267187
0.9179253825967483,0.013082508593749598
1.0312426689380967,0.01918296036381828
1.1585488999444697,0.02754955981406293
1.3015710016583038,0.03875971895690833
1.4622490880091454,0.053433783072515006
1.6427627787184707,0.07219948842104551
1.8455607661325835,0.09564475802315542
2.0733940320616497,0.12426158233216411
2.329353165215711,0.1583858641718685
2.6169102854537,0.19813992412528925
2.9399661435534976,0.24338541961277504
3.3029030354176987,0.29369435265629207
3.710644248503383,0.3483444283878717
4.168720846874621,0.4063423373755265
4.683346700825936,0.4664749140396818
5.261502778863538,0.5273841570890196
5.911031845476362,0.5876585025306202
6.64074484928479,0.6459302060569226
7.4605404447366075,0.7009677234843518
8.381539268677866,0.7517527711652963
9.416234793278331,0.7975341424041473
10.578662801651687,0.837853873501327
11.884591785129816,0.8725453153443508
13.351736844955687,0.9017063520453542
15.0,0.9256538114917807
