SA(0.6s) [g],Loss_ratio
0.05000000000000001,0.0003163685676819044
0.056172467201025755,0.00047125915513206824
0.06310692142900626,0.0006883809733462739
0.07089742948257126,0.000986004917970583
0.07964967064493539,0.0013855010175133173
0.08948237023750269,0.0019117785364094475
0.10052891014472326,0.002594431415928012
0.11293913815718663,0.003470192709980483
0.1268814006769336,0.004587463855539831
0.14254482635890514,0.006013770489840409
0.16014189166643014,0.007846935718227354
0.17991130314285533,0.010230469985053739
0.2021212354977168,0.013373065387164795
0.2270729694325259,0.0175710810155542
0.2551049785537617,0.023231503657442462
0.28659752081259104,0.030891171447648785
0.3219777967548112,0.041226341503934796
0.36172574455336326,0.055045460587333436
0.4063805504338082,0.07325792458647037
0.45654796280755766,0.09681337533842749
0.5129085093300529,0.12661013612023328
0.5762267283493882,0.1633776407207689
0.6473615399712076,0.20754528427749225
0.7272778974247632,0.25911730751921924
0.8170598767824696,0.31757787418442185
0.9179253825967483,0.38185026316256737
1.0312426689380967,0.4503278326751546
1.1585488999444697,0.5209825029193028
1.3015710016583038,0.5915412043105304
1.4622490880091454,0.6597057759657945
1.6427627787184707,0.7233813125627022
1.8455607661325835,0.7808751339896826
2.0733940320616497,0.8310344647189114
2.329353165215711,0.8733040534213435
2.6169102854537,0.9077017118021727
2.9399661435534976,0.9347255789635492
3.3029030354176987,0.9552178981817764
3.710644248503383,0.9702140915520736
4.168720846874621,0.9808030430987833
4.683346700825936,0.9880167350803397
5.261502778863538,0.9927576423210651
5.911031845476362,0.9957633587208194
6.64074484928479,0.9976016694855031
7.4605404447366075,0.9986863348982052
8.381539268677866,0.9993038133091185
9.416234793278331,0.9996430194739926
10.578662801651687,0.9998228710812107
11.884591785129816,0.9999149360038346
13.351736844955687,0.9999604509554224
15.0,0.9999821918084948
