SA(0.3s) [g],Loss_ratio
0.05000000000000001,3.574039379403438e-06
0.056172467201025755,6.783775540549382e-06
0.06310692142900626,1.2654139152257252e-05
0.07089742948257126,2.3193813935512312e-05
0.07964967064493539,4.1764300882555276e-05
0.08948237023750269,7.386521583592678e-05
0.10052891014472326,0.0001282883593207144
0.11293913815718663,0.0002187616304619343
0.1268814006769336,0.00036621849362424605
0.14254482635890514,0.0006018367498330889
0.16014189166643014,0.0009709927929539752
0.17991130314285533,0.0015382798717936247
0.2021212354977168,0.0023937509454321063
0.2270729694325259,0.003660578137970335
0.2551049785537617,0.005504370089611566
0.28659752081259104,0.00814442503154726
0.3219777967548112,0.011867139555845375
0.36172574455336326,0.017041492543885723
0.4063805504338082,0.024135774481552994
0.45654796280755766,0.0337333279971332
0.5129085093300529,0.046542925037047295
0.5762267283493882,0.06339676346107086
0.6473615399712076,0.08522666436524189
0.7272778974247632,0.11300821810155852
0.8170598767824696,0.14766505328910776
0.9179253825967483,0.18993250562992342
1.0312426689380967,0.24019188829963978
1.1585488999444697,0.2983012188147536
1.3015710016583038,0.36346101728169217
1.4622490880091454,0.43415853823132744
1.6427627787184707,0.5082253603424929
1.8455607661325835,0.5830204497904963
2.0733940320616497,0.6557184507480472
2.329353165215711,0.7236512509954243
2.6169102854537,0.7846317542507151
2.9399661435534976,0.8371905820299579
3.3029030354176987,0.8806795667333556
3.710644248503383,0.9152322664154382
4.168720846874621,0.9416081775992446
4.683346700825936,0.9609715713714961
5.261502778863538,0.9746616677403734
5.911031845476362,0.9839997374251621
6.64074484928479,0.9901580114730042
7.4605404447366075,0.9940939212912047
8.381539268677866,0.9965378277624262
9.416234793278331,0.9980155307645314
10.578662801651687,0.9988872894433629
11.884591785129816,0.9993897386211625
13.351736844955687,0.9996728322253299
15.0,0.9998287269463444
