SA(0.3s) [g],Loss_ratio
0.05000000000000001,4.244460662625186e-06
0.056172467201025755,7.978344842813962e-06
0.06310692142900626,1.472822601249388e-05
0.07089742948257126,2.6702864582849073e-05
0.07964967064493539,4.7551195747879995e-05
0.08948237023750269,8.317502522471221e-05
0.10052891014472326,0.0001429194179884404
0.11293913815718663,0.00024127077988384243
0.1268814006769336,0.0004002157927681768
0.14254482635890514,0.0006524337426495426
0.16014189166643014,0.0010455088697631362
0.17991130314285533,0.0016473587820606155
0.2021212354977168,0.0025530828058620584
0.2270729694325259,0.003893443686002442
0.2551049785537617,0.005845203269795938
0.28659752081259104,0.008643511520518135
0.3219777967548112,0.012596428574617938
0.36172574455336326,0.01810130765037724
0.4063805504338082,0.025661983285915794
0.45654796280755766,0.03590427750120324
0.5129085093300529,0.04958514613436604
0.5762267283493882,0.06758804449954203
0.6473615399712076,0.09089455284434785
0.7272778974247632,0.12052139610599828
0.8170598767824696,0.15741461092158301
0.9179253825967483,0.20230040481464395
1.0312426689380967,0.2555054706269624
1.1585488999444697,0.3167758540084975
1.3015710016583038,0.3851376608624335
1.4622490880091454,0.4588478821828138
1.6427627787184707,0.5354734275904999
1.8455607661325835,0.612109794579485
2.0733940320616497,0.6857134266700224
2.329353165215711,0.7534858191934456
2.6169102854537,0.8132268048447389
2.9399661435534976,0.8635786902771289
3.3029030354176987,0.9041119928169534
3.710644248503383,0.9352472398034521
4.168720846874621,0.958049688975403
4.683346700825936,0.9739604306448377
5.261502778863538,0.9845312719082313
5.911031845476362,0.991214761047641
6.64074484928479,0.9952341956881694
7.4605404447366075,0.9975325298055739
8.381539268677866,0.9987816026030018
9.416234793278331,0.9994265839795641
10.578662801651687,0.9997429325555433
11.884591785129816,0.9998902764637094
13.351736844955687,0.9999554312650497
15.0,0.9999827788787018
