SA(1.0s) [g],Loss_ratio
0.05000000000000001,1.085512269146149e-06
0.056172467201025755,2.7478022160217863e-06
0.06310692142900626,6.713593983695829e-06
0.07089742948257126,1.5833868885755797e-05
0.07964967064493539,3.6051998995758435e-05
0.08948237023750269,7.925652232276558e-05
0.10052891014472326,0.00016825298657629616
0.11293913815718663,0.0003449672957439928
0.1268814006769336,0.0006832082811044541
0.14254482635890514,0.001307282738152962
0.16014189166643014,0.0024172300300550633
0.17991130314285533,0.0043201660157215814
0.2021212354977168,0.007465030781949438
0.2270729694325259,0.012475009002343973
0.2551049785537617,0.020168542689248257
0.28659752081259104,0.03155718970430363
0.3219777967548112,0.047807989983852835
0.36172574455336326,0.07016088768499767
0.4063805504338082,0.09979892904315292
0.45654796280755766,0.1376799730176415
0.5129085093300529,0.18435143471820434
0.5762267283493882,0.23978059014391
0.6473615399712076,0.30323810563310205
0.7272778974247632,0.37326850711072546
0.8170598767824696,0.4477674414684282
0.9179253825967483,0.5241642044319416
1.0312426689380967,0.5996844339757206
1.1585488999444697,0.6716487844682744
1.3015710016583038,0.737754581781297
1.4622490880091454,0.7962916674840579
1.6427627787184707,0.8462595589543773
1.8455607661325835,0.8873757924154708
2.0733940320616497,0.9199882204195452
2.329353165215711,0.9449210310121806
2.6169102854537,0.9632917798290426
2.9399661435534976,0.9763345214231907
3.3029030354176987,0.9852547521545141
3.710644248503383,0.9911293365428366
4.168720846874621,0.9948527553558576
4.683346700825936,0.9971224893324234
5.261502778863538,0.9984520656196315
5.911031845476362,0.9991997665771584
6.64074484928479,0.9996029763331044
7.4605404447366075,0.9998112269377937
8.381539268677866,0.999914105001221
9.416234793278331,0.999962650642235
10.578662801651687,0.999984501774619
11.884591785129816,0.9999938711039598
13.351736844955687,0.9999976930911855
15.0,0.999999174520316
