SA(1.0s) [g],Loss_ratio
0.05000000000000001,6.597790780041075e-06
0.056172467201025755,1.3832638248108106e-05
0.06310692142900626,2.8313796121903622e-05
0.07089742948257126,5.663404773863848e-05
0.07964967064493539,0.0001107791514202584
0.08948237023750269,0.00021200520541744117
0.10052891014472326,0.000397035824700418
0.11293913815718663,0.0007275654911728076
0.1268814006769336,0.001304147321497915
0.14254482635890514,0.0022853640942674916
0.16014189166643014,0.003912522217693828
0.17991130314285533,0.0065387653688707605
0.2021212354977168,0.010659382434655194
0.2270729694325259,0.016937339040415552
0.2551049785537617,0.02621523378328522
0.28659752081259104,0.03950293594674423
0.3219777967548112,0.057930352839327265
0.36172574455336326,0.08265826576787144
0.4063805504338082,0.11474748504193186
0.45654796280755766,0.1549970309103355
0.5129085093300529,0.20377350422073398
0.5762267283493882,0.26086292528749755
0.6473615399712076,0.3253794577342529
0.7272778974247632,0.3957600076854161
0.8170598767824696,0.46985943451033285
0.9179253825967483,0.5451407090414835
1.0312426689380967,0.6189329705362869
1.1585488999444697,0.6887141676926025
1.3015710016583038,0.7523687706170337
1.4622490880091454,0.8083768880218715
1.6427627787184707,0.8559072640336887
1.8455607661325835,0.894808212779966
2.0733940320616497,0.9255113942965123
2.329353165215711,0.9488780699633759
2.6169102854537,0.9660231928305031
2.9399661435534976,0.9781495274433083
3.3029030354176987,0.9864145717500403
3.710644248503383,0.9918411489540588
4.168720846874621,0.9952716640603618
4.683346700825936,0.9973584399394972
5.261502778863538,0.9985789660728093
5.911031845476362,0.9992647518032916
6.64074484928479,0.9996345512014928
7.4605404447366075,0.9998257168008391
8.381539268677866,0.9999203464943209
9.416234793278331,0.9999651513604959
10.578662801651687,0.9999854200948275
11.884591785129816,0.9999941718279113
13.351736844955687,0.9999977755377596
15.0,0.9999991896970495
