SA(0.6s) [g],Loss_ratio
0.05000000000000001,1.4103244944984247e-12
0.056172467201025755,4.869622627646664e-12
0.06310692142900626,1.6311125127354688e-11
0.07089742948257126,5.3002012310768314e-11
0.07964967064493539,1.670895439545524e-10
0.08948237023750269,5.110959942244449e-10
0.10052891014472326,1.5171701472672303e-09
0.11293913815718663,4.372067898028269e-09
0.1268814006769336,1.2237864642806306e-08
0.14254482635890514,3.330437020410928e-08
0.16014189166643014,8.82536048287697e-08
0.17991130314285533,2.2824362374597456e-07
0.2021212354977168,5.779769318274481e-07
0.2270729694325259,1.4390617704991293e-06
0.2551049785537617,3.539524160510695e-06
0.28659752081259104,8.63741026406119e-06
0.3219777967548112,2.0967765642723434e-05
0.36172574455336326,5.062587081504779e-05
0.4063805504338082,0.00012115299227606995
0.45654796280755766,0.0002855901461917712
0.5129085093300529,0.0006580851920851438
0.5762267283493882,0.0014709633468081487
0.6473615399712076,0.0031676622487134733
0.7272778974247632,0.006535907907420767
0.8170598767824696,0.012868060034517594
0.9179253825967483,0.024104597836808326
1.0312426689380967,0.042878572098020706
1.1585488999444697,0.07235269895315516
1.3015710016583038,0.11575617558757789
1.4622490880091454,0.17561077752944498
1.6427627787184707,0.2527825341718766
1.8455607661325835,0.3456549255519176
2.0733940320616497,0.4497984204335194
2.329353165215711,0.558420042550102
2.6169102854537,0.6636020624837518
2.9399661435534976,0.7579876954601994
3.3029030354176987,0.8363341134871196
3.710644248503383,0.8963847504354101
4.168720846874621,0.9388151081108417
4.683346700825936,0.9664094305081339
5.261502778863538,0.982903337108353
5.911031845476362,0.991952753906541
6.64074484928479,0.9965047187651435
7.4605404447366075,0.9986017254512516
8.381539268677866,0.999485649033395
9.416234793278331,0.9998262775293308
10.578662801651687,0.9999461936461255
11.884591785129816,0.9999847344405514
13.351736844955687,0.9999960365502849
15.0,0.9999990590930499
