PGA [g],Complete_damage
0.05000000000000001,4.173635848037094e-07
0.056172467201025755,1.3392167863557347e-06
0.06310692142900626,4.078145123376231e-06
0.07089742948257126,1.178753545894029e-05
0.07964967064493539,3.234551437458766e-05
0.08948237023750269,8.428077784472521e-05
0.10052891014472326,0.00020857939722607188
0.11293913815718663,0.000490413010725943
0.1268814006769336,0.00109581276562154
0.14254482635890514,0.0023278251767928637
0.16014189166643014,0.0047030882131148255
0.17991130314285533,0.009041517171731406
0.2021212354977168,0.016548713290571726
0.2270729694325259,0.028855589551044725
0.2551049785537617,0.04796921134211307
0.28659752081259104,0.07609232972910918
0.3219777967548112,0.11529444627730911
0.36172574455336326,0.1670648199949445
0.4063805504338082,0.23183557936150356
0.45654796280755766,0.30860755390408545
0.5129085093300529,0.3948165452718013
0.5762267283493882,0.4865290629323691
0.6473615399712076,0.57896288299669
0.7272778974247632,0.6672219691839032
0.8170598767824696,0.7470607990867781
0.9179253825967483,0.8154826871835017
1.0312426689380967,0.8710349827916497
1.1585488999444697,0.9137651813303809
1.3015710016583038,0.9449033885801825
1.4622490880091454,0.9664003912813861
1.6427627787184707,0.9804604656224519
1.8455607661325835,0.9891725581750848
2.0733940320616497,0.9942868114217723
2.329353165215711,0.9971310535362586
2.6169102854537,0.9986296170331695
2.9399661435534976,0.9993776274243961
3.3029030354176987,0.9997313506854232
3.710644248503383,0.9998898190961182
4.168720846874621,0.999957077171539
4.683346700825936,0.9999841210112248
5.261502778863538,0.9999944228312694
5.911031845476362,0.9999981405860103
6.64074484928479,0.9999994116521219
7.4605404447366075,0.9999998233471321
8.381539268677866,0.9999999496759802
9.416234793278331,0.9999999863998403
10.578662801651687,0.9999999965135932
11.884591785129816,0.9999999991523169
13.351736844955687,0.9999999998045342
15.0,0.9999999999572581
