SA(1.0s) [g],Complete_damage
0.05000000000000001,0.0
0.056172467201025755,0.0
0.06310692142900626,0.0
0.07089742948257126,0.0
0.07964967064493539,0.0
0.08948237023750269,4.440892098500626e-16
0.10052891014472326,4.107825191113079e-15
0.11293913815718663,3.2307490016592055e-14
0.1268814006769336,2.3803181647963356e-13
0.14254482635890514,1.6336931807359178e-12
0.16014189166643014,1.0459522137296062e-11
0.17991130314285533,6.247047323881816e-11
0.2021212354977168,3.4809966020787897e-10
0.2270729694325259,1.8098760268259184e-09
0.2551049785537617,8.781463001206191e-09
0.28659752081259104,3.976681006712113e-08
0.3219777967548112,1.681052361757196e-07
0.36172574455336326,6.634804187166665e-07
0.4063805504338082,2.4454097720116863e-06
0.45654796280755766,8.418882270433414e-06
0.5129085093300529,2.708030685760754e-05
0.5762267283493882,8.141104221548456e-05
0.6473615399712076,0.00022882224627562842
0.7272778974247632,0.0006015577082358892
0.8170598767824696,0.0014798869844897533
0.9179253825967483,0.0034087503789184126
1.0312426689380967,0.007356358332013868
1.1585488999444697,0.014885680432667359
1.3015710016583038,0.028269123605732305
1.4622490880091454,0.050439378442933225
1.6427627787184707,0.08466607552782235
1.8455607661325835,0.1339098494060469
2.0733940320616497,0.1999381561577116
2.329353165215711,0.28244725843995777
2.6169102854537,0.3785347197649691
2.9399661435534976,0.4828204599997947
3.3029030354176987,0.5883020321227554
3.710644248503383,0.6877330147716492
4.168720846874621,0.7750824828094394
4.683346700825936,0.846596640269843
5.261502778863538,0.9011619670533451
5.911031845476362,0.9399621810010491
6.64074484928479,0.9656746434767699
7.4605404447366075,0.9815544383945031
8.381539268677866,0.9906942483687403
9.416234793278331,0.9955967732638262
10.578662801651687,0.9980474838985922
11.884591785129816,0.9991891864983214
13.351736844955687,0.9996848668819704
15.0,0.9998854236144061
