SA(1.0s) [g],Complete_damage
0.05000000000000001,1.1102230246251565e-16
0.056172467201025755,6.661338147750939e-16
0.06310692142900626,5.329070518200751e-15
0.07089742948257126,4.1522341120980855e-14
0.07964967064493539,3.027578188152802e-13
0.08948237023750269,2.060462911401828e-12
0.10052891014472326,1.3079426430806507e-11
0.11293913815718663,7.745371011225188e-11
0.1268814006769336,4.2792613896835974e-10
0.14254482635890514,2.2060648863231336e-09
0.16014189166643014,1.0613238288215143e-08
0.17991130314285533,4.765644479043374e-08
0.2021212354977168,1.9976126119924942e-07
0.2270729694325259,7.81803818239446e-07
0.2551049785537617,2.85741210281909e-06
0.28659752081259104,9.75530386226886e-06
0.3219777967548112,3.111863932936387e-05
0.36172574455336326,9.277881633928953e-05
0.4063805504338082,0.00025863235620759983
0.45654796280755766,0.0006743803613408206
0.5129085093300529,0.0016456105219332384
0.5762267283493882,0.0037600815398778353
0.6473615399712076,0.008050205667923471
0.7272778974247632,0.016162195537332447
0.8170598767824696,0.03045689918275052
0.9179253825967483,0.05393234446116657
1.0312426689380967,0.08986125709552606
1.1585488999444697,0.14110801576454168
1.3015710016583038,0.20922905663339164
1.4622490880091454,0.2936186819363027
1.6427627787184707,0.39104808160768234
1.8455607661325835,0.4958777866790117
2.0733940320616497,0.6009945947822113
2.329353165215711,0.6992266958362976
2.6169102854537,0.78477828500974
2.9399661435534976,0.8542160816418699
3.3029030354176987,0.9067399514581247
3.710644248503383,0.9437662311966822
4.168720846874621,0.9680913836498254
4.683346700825936,0.9829847427552634
5.261502778863538,0.9914828210778953
5.911031845476362,0.9960017870458766
6.64074484928479,0.9982412655440446
7.4605404447366075,0.9992755579571485
8.381539268677866,0.9997207295543403
9.416234793278331,0.9998992953186303
10.578662801651687,0.9999660458128313
11.884591785129816,0.9999892996774224
13.351736844955687,0.999996849190022
15.0,0.9999991333393831
