SA(0.6s) [g],Complete_damage
0.05000000000000001,0.002746216619807118
0.056172467201025755,0.003866030425558109
0.06310692142900626,0.005378968988861033
0.07089742948257126,0.007397096748545606
0.07964967064493539,0.010054931099046316
0.08948237023750269,0.01351081430107881
0.10052891014472326,0.017947330758283253
0.11293913815718663,0.023570446641867138
0.1268814006769336,0.030607062919651318
0.14254482635890514,0.03930072195680656
0.16014189166643014,0.04990529625595175
0.17991130314285533,0.0626766159999188
0.2021212354977168,0.07786215533597995
0.2270729694325259,0.09568908576840396
0.2551049785537617,0.11635120317841996
0.28659752081259104,0.1399954229943663
0.3219777967548112,0.1667086934014924
0.36172574455336326,0.19650627668238618
0.4063805504338082,0.22932237429081925
0.45654796280755766,0.2650040086621137
0.5129085093300529,0.3033089193973997
0.5762267283493882,0.34390798918358056
0.6473615399712076,0.3863924024195907
0.7272778974247632,0.43028538363881663
0.8170598767824696,0.47505799728613274
0.9179253825967483,0.520148152421969
1.0312426689380967,0.5649816814537497
1.1585488999444697,0.6089941811251015
1.3015710016583038,0.651652236919835
1.4622490880091454,0.6924727063172302
1.6427627787184707,0.7310389058498129
1.8455607661325835,0.7670128127119584
2.0733940320616497,0.8001427245387444
2.329353165215711,0.8302661853609345
2.6169102854537,0.8573083443533265
2.9399661435534976,0.8812762324327754
3.3029030354176987,0.9022496924858272
3.710644248503383,0.9203698640932566
4.168720846874621,0.9358261960440708
4.683346700825936,0.9488429432931975
5.261502778863538,0.9596660119182787
5.911031845476362,0.9685508650906787
6.64074484928479,0.975752017451997
7.4605404447366075,0.9815144472062941
8.381539268677866,0.9860670649526112
9.416234793278331,0.9896182117546641
10.578662801651687,0.9923530267962111
11.884591785129816,0.9944324322861018
13.351736844955687,0.9959934301298243
15.0,0.9971503873706884
