SA(0.6s) [g],Complete_damage
0.05000000000000001,6.395100069500614e-07
0.056172467201025755,1.1780132649352737e-06
0.06310692142900626,2.1386593846983715e-06
0.07089742948257126,3.8267661482960236e-06
0.07964967064493539,6.7488843062957216e-06
0.08948237023750269,1.1731495837219441e-05
0.10052891014472326,2.0100575151116296e-05
0.11293913815718663,3.394770434206329e-05
0.1268814006769336,5.6516231424108554e-05
0.14254482635890514,9.274954942772862e-05
0.16014189166643014,0.00015005216139618582
0.17991130314285533,0.00023932146773408824
0.2021212354977168,0.00037631224698730925
0.2270729694325259,0.0005833940566627449
0.2551049785537617,0.0008917511985888638
0.28659752081259104,0.0013440521707217545
0.3219777967548112,0.0019975775906440063
0.36172574455336326,0.002927740262872236
0.4063805504338082,0.004231857972008757
0.45654796280755766,0.006032950998943187
0.5129085093300529,0.008483238069244003
0.5762267283493882,0.011766906266220123
0.6473615399712076,0.01610164616905796
0.7272778974247632,0.021738390055281775
0.8170598767824696,0.028958686792541988
0.9179253825967483,0.038069209157518435
1.0312426689380967,0.049393030317744
1.1585488999444697,0.06325753053301897
1.3015710016583038,0.07997909594608443
1.4622490880091454,0.09984512855210981
1.6427627787184707,0.12309426661358347
1.8455607661325835,0.14989607337811384
2.0733940320616497,0.18033173810177427
2.329353165215711,0.2143774968143335
2.6169102854537,0.2518924794603996
2.9399661435534976,0.2926125002858767
3.3029030354176987,0.336150928110335
3.710644248503383,0.3820072274972969
4.168720846874621,0.429583101658899
4.683346700825936,0.4782054646162136
5.261502778863538,0.5271548064679232
5.911031845476362,0.5756969739884286
6.64074484928479,0.6231160387566477
7.4605404447366075,0.6687458125016233
8.381539268677866,0.7119977092331351
9.416234793278331,0.7523830274999576
10.578662801651687,0.78952828485992
11.884591785129816,0.8231829087975384
13.351736844955687,0.8532192908397922
15.0,0.8796258614171115
