SA(0.3s) [g],Complete_damage
0.05000000000000001,0.00018491299447076504
0.056172467201025755,0.00028540220927764093
0.06310692142900626,0.0004349916102590612
0.07089742948257126,0.000654718948966182
0.07964967064493539,0.0009731894959469356
0.08948237023750269,0.0014286559130580745
0.10052891014472326,0.0020714107585847463
0.11293913815718663,0.0029664380388760847
0.1268814006769336,0.004196222790228243
0.14254482635890514,0.005863561584199761
0.16014189166643014,0.008094155581861773
0.17991130314285533,0.011038706907755769
0.2021212354977168,0.014874186322675897
0.2270729694325259,0.019803904743986744
0.2551049785537617,0.026056013202946038
0.28659752081259104,0.03388008500451212
0.3219777967548112,0.04354150779315957
0.36172574455336326,0.055313535771931543
0.4063805504338082,0.06946702189698428
0.45654796280755766,0.08625805828002409
0.5129085093300529,0.10591398501086269
0.5762267283493882,0.12861846140156463
0.6473615399712076,0.15449650273051863
0.7272778974247632,0.18360054148902605
0.8170598767824696,0.2158986482345906
0.9179253825967483,0.2512660225970502
1.0312426689380967,0.28948072857743457
1.1585488999444697,0.33022440137559217
1.3015710016583038,0.3730883108290248
1.4622490880091454,0.4175847576995144
1.6427627787184707,0.46316334272585535
1.8455607661325835,0.5092312299843107
2.0733940320616497,0.5551761715608705
2.329353165215711,0.6003908101075532
2.6169102854537,0.6442966586015104
2.9399661435534976,0.686366186322491
3.3029030354176987,0.7261416132140903
3.710644248503383,0.7632493111320118
4.168720846874621,0.7974090958613302
4.683346700825936,0.8284381249633546
5.261502778863538,0.8562495470548461
5.911031845476362,0.880846434461557
6.64074484928479,0.9023118379290453
7.4605404447366075,0.9207960057836735
8.381539268677866,0.9365019009759129
9.416234793278331,0.949670131736737
10.578662801651687,0.9605643006009214
11.884591785129816,0.9694575959576198
13.351736844955687,0.976621227936791
15.0,0.9823150744059521
