SA(1.0s) [g],Loss_ratio
0.05000000000000001,6.231093169392951e-07
0.056172467201025755,1.589257758486026e-06
0.06310692142900626,3.916042861580014e-06
0.07089742948257126,9.323154778203013e-06
0.07964967064493539,2.144786162281716e-05
0.08948237023750269,4.768243918554239e-05
0.10052891014472326,0.00010245637946146919
0.11293913815718663,0.00021280607064574897
0.1268814006769336,0.00042732502111440313
0.14254482635890514,0.0008297248890861204
0.16014189166643014,0.001558087985643025
0.17991130314285533,0.0028302325283038514
0.2021212354977168,0.004974229646549548
0.2270729694325259,0.008460912787828373
0.2551049785537617,0.013932377283698446
0.28659752081259104,0.022217546111620818
0.3219777967548112,0.03432386912362391
0.36172574455336326,0.05139439127980492
0.4063805504338082,0.07462292154487919
0.45654796280755766,0.1051273304438233
0.5129085093300529,0.14379133276118003
0.5762267283493882,0.19109619613955875
0.6473615399712076,0.24697219747816745
0.7272778974247632,0.3107017441601736
0.8170598767824696,0.38089975914959456
0.9179253825967483,0.45558296452284436
1.0312426689380967,0.5323220894490583
1.1585488999444697,0.608455562629203
1.3015710016583038,0.6813345751953975
1.4622490880091454,0.7485683310391962
1.6427627787184707,0.808241564982251
1.8455607661325835,0.859079678531588
2.0733940320616497,0.9005390050296858
2.329353165215711,0.9328044629694456
2.6169102854537,0.9566893378494543
2.9399661435534976,0.9734527633207289
3.3029030354176987,0.9845726446496813
3.710644248503383,0.9915241353011285
4.168720846874621,0.9956088623737952
4.683346700825936,0.9978597588318365
5.261502778863538,0.9990206370150934
5.911031845476362,0.9995800210432882
6.64074484928479,0.9998314927909635
7.4605404447366075,0.9999368304185681
8.381539268677866,0.9999779013898961
9.416234793278331,0.999992793469395
10.578662801651687,0.9999978112916652
11.884591785129816,0.9999993814180295
13.351736844955687,0.9999998374279416
15.0,0.9999999602933257
