SA(1.0s) [g],Loss_ratio
0.05000000000000001,2.601486846783777e-06
0.056172467201025755,5.747669069898235e-06
0.06310692142900626,1.2386345937196252e-05
0.07089742948257126,2.6045792163922463e-05
0.07964967064493539,5.345282874634788e-05
0.08948237023750269,0.0001070704451797856
0.10052891014472326,0.00020931229040069017
0.11293913815718663,0.0003992519571680707
0.1268814006769336,0.0007428129296261346
0.14254482635890514,0.0013474438402846642
0.16014189166643014,0.002381992722124965
0.17991130314285533,0.004101703291937572
0.2021212354977168,0.006876807586619833
0.2270729694325259,0.011221058112834362
0.2551049785537617,0.01781396347270459
0.28659752081259104,0.027508055448268617
0.3219777967548112,0.041311168467907486
0.36172574455336326,0.06033457922344656
0.4063805504338082,0.08570186454669308
0.45654796280755766,0.1184207146461124
0.5129085093300529,0.15922974175981858
0.5762267283493882,0.20844227410295593
0.6473615399712076,0.26581599670236056
0.7272778974247632,0.33047793549452686
0.8170598767824696,0.4009270007402179
0.9179253825967483,0.4751221275563204
1.0312426689380967,0.5506468918962816
1.1585488999444697,0.62492679492763
1.3015710016583038,0.6954675869502878
1.4622490880091454,0.7600829737515429
1.6427627787184707,0.817084979246113
1.8455607661325835,0.86541602398427
2.0733940320616497,0.9047066769702035
2.329353165215711,0.9352492202020962
2.6169102854537,0.9578882730355958
2.9399661435534976,0.9738461794760256
3.3029030354176987,0.9845173576156603
3.710644248503383,0.9912739383923221
4.168720846874621,0.995319327097419
4.683346700825936,0.9976086883252437
5.261502778863538,0.9988339984272581
5.911031845476362,0.9994554084795795
6.64074484928479,0.999755065237568
7.4605404447366075,0.9998931968536016
8.381539268677866,0.9999545040396756
9.416234793278331,0.9999809307301357
10.578662801651687,0.9999920944087957
11.884591785129816,0.9999967515503352
13.351736844955687,0.9999986786648155
15.0,0.9999994699365917
