SA(0.6s) [g],Complete_damage
0.05000000000000001,2.55351295663786e-15
0.056172467201025755,1.2545520178264269e-14
0.06310692142900626,6.084022174945858e-14
0.07089742948257126,2.8177460364986473e-13
0.07964967064493539,1.251776460264864e-12
0.08948237023750269,5.334066521811565e-12
0.10052891014472326,2.1803892025218374e-11
0.11293913815718663,8.550027352782763e-11
0.1268814006769336,3.2164904073539446e-10
0.14254482635890514,1.1609185834871028e-09
0.16014189166643014,4.0202401407896105e-09
0.17991130314285533,1.3358594785906064e-08
0.2021212354977168,4.2594994087430393e-08
0.2270729694325259,1.3034028756298e-07
0.2551049785537617,3.8278744451947233e-07
0.28659752081259104,1.079035683804186e-06
0.3219777967548112,2.9198287359033515e-06
0.36172574455336326,7.58527618993643e-06
0.4063805504338082,1.8920480628681347e-05
0.45654796280755766,4.5321054134794814e-05
0.5129085093300529,0.00010426585901479601
0.5762267283493882,0.0002304271392289392
0.6473615399712076,0.0004892813418416742
0.7272778974247632,0.0009984165416941915
0.8170598767824696,0.001958391661333825
0.9179253825967483,0.003693537369673483
1.0312426689380967,0.006700037325878427
1.1585488999444697,0.011693891767206366
1.3015710016583038,0.019645594219051987
1.4622490880091454,0.031783228597897395
1.6427627787184707,0.049543834842093126
1.8455607661325835,0.07445714466725872
2.0733940320616497,0.10795793652685315
2.329353165215711,0.15114252624634417
2.6169102854537,0.20450705449178597
2.9399661435534976,0.2677230178551724
3.3029030354176987,0.3395108936713873
3.710644248503383,0.41766030953836086
4.168720846874621,0.4992153268137609
4.683346700825936,0.5808032649969463
5.261502778863538,0.6590473576482436
5.911031845476362,0.7309802418510051
6.64074484928479,0.7943750484154996
7.4605404447366075,0.8479337629464739
8.381539268677866,0.8913104939574756
9.416234793278331,0.9249875132905063
10.578662801651687,0.950052100483933
11.884591785129816,0.9679349807444093
13.351736844955687,0.9801660462173598
15.0,0.988185428556168
