SA(0.6s) [g],Complete_damage
0.05000000000000001,3.4778846469407654e-12
0.056172467201025755,1.439381946966023e-11
0.06310692142900626,5.714562156811098e-11
0.07089742948257126,2.1765322877342896e-10
0.07964967064493539,7.953265823701372e-10
0.08948237023750269,2.788358544059122e-09
0.10052891014472326,9.379976129153533e-09
0.11293913815718663,3.027850903336571e-08
0.1268814006769336,9.379491894279113e-08
0.14254482635890514,2.788507230677695e-07
0.16014189166643014,7.957029279914707e-07
0.17991130314285533,2.1795152397308115e-06
0.2021212354977168,5.731208191472881e-06
0.2270729694325259,1.4469796617011532e-05
0.2551049785537617,3.508060560231119e-05
0.28659752081259104,8.168178372791601e-05
0.3219777967548112,0.0001826877603361421
0.36172574455336326,0.00039255554077077814
0.4063805504338082,0.0008105718067332734
0.45654796280755766,0.0016087309466653599
0.5129085093300529,0.0030696793266221656
0.5762267283493882,0.005633156669046513
0.6473615399712076,0.00994510430933393
0.7272778974247632,0.016898020549668935
0.8170598767824696,0.02764558775834902
0.9179253825967483,0.04357145579865651
1.0312426689380967,0.06619423384186729
1.1585488999444697,0.09700047639246745
1.3015710016583038,0.13721487562383472
1.4622490880091454,0.1875388081640108
1.6427627787184707,0.24790833212500574
1.8455607661325835,0.3173325785696086
2.0733940320616497,0.39386666095506095
2.329353165215711,0.47474810442179816
2.6169102854537,0.5566875896409649
2.9399661435534976,0.6362646508535245
3.3029030354176987,0.7103500937401865
3.710644248503383,0.7764693814169529
4.168720846874621,0.8330377585046447
4.683346700825936,0.8794325789135565
5.261502778863538,0.9159092710405289
5.911031845476362,0.9434015981347302
6.64074484928479,0.9632651809155752
7.4605404447366075,0.9770231270762474
8.381539268677866,0.9861579359486957
9.416234793278331,0.9919722040228557
10.578662801651687,0.9955198497385163
11.884591785129816,0.9975949300254958
13.351736844955687,0.9987584635288262
15.0,0.999383883942632
