SA(0.6s) [g],Complete_damage
0.05000000000000001,1.5054624213917123e-13
0.056172467201025755,6.802336471878334e-13
0.06310692142900626,2.948974398009341e-12
0.07089742948257126,1.2262968418497167e-11
0.07964967064493539,4.89173146434041e-11
0.08948237023750269,1.871992560964486e-10
0.10052891014472326,6.872905577992583e-10
0.11293913815718663,2.4210103921618042e-09
0.1268814006769336,8.182757471608681e-09
0.14254482635890514,2.6538649167129336e-08
0.16014189166643014,8.259735917448552e-08
0.17991130314285533,2.467157713681445e-07
0.2021212354977168,7.073098782228726e-07
0.2270729694325259,1.9464675580227464e-06
0.2551049785537617,5.14228635328795e-06
0.28659752081259104,1.3043346024255165e-05
0.3219777967548112,3.176897405143819e-05
0.36172574455336326,7.431269997715262e-05
0.4063805504338082,0.00016697070521742852
0.45654796280755766,0.00036042521986556775
0.5129085093300529,0.0007476146431919517
0.5762267283493882,0.0014904917565414788
0.6473615399712076,0.002856834086358062
0.7272778974247632,0.005265914416694328
0.8170598767824696,0.009337770378567312
0.9179253825967483,0.015935325693761992
1.0312426689380967,0.026182952761992007
1.1585488999444697,0.04144150548196435
1.3015710016583038,0.06322127299877778
1.4622490880091454,0.0930231144996948
1.6427627787184707,0.1321146753402811
1.8455607661325835,0.18127028035218729
2.0733940320616497,0.24052367923559936
2.329353165215711,0.30899421515716585
2.6169102854537,0.38484227304050067
2.9399661435534976,0.46538670243258007
3.3029030354176987,0.5473797211709885
3.710644248503383,0.6273941981650195
4.168720846874621,0.7022474352720366
4.683346700825936,0.7693753111387268
5.261502778863538,0.8270845698840416
5.911031845476362,0.874644183538098
6.64074484928479,0.9122176546478674
7.4605404447366075,0.9406736925667123
8.381539268677866,0.9613330866922252
9.416234793278331,0.9757114906321499
10.578662801651687,0.9853044726469845
11.884591785129816,0.9914399212248087
13.351736844955687,0.9952016599675091
15.0,0.9974126176288753
