SA(1.0s) [g],Complete_damage
0.05000000000000001,0.0
0.056172467201025755,0.0
0.06310692142900626,1.1102230246251565e-16
0.07089742948257126,8.881784197001252e-16
0.07964967064493539,5.10702591327572e-15
0.08948237023750269,2.7755575615628914e-14
0.10052891014472326,1.4344081478157023e-13
0.11293913815718663,7.077671781985373e-13
0.1268814006769336,3.33244543071487e-12
0.14254482635890514,1.4977352691403212e-11
0.16014189166643014,6.425471266169325e-11
0.17991130314285533,2.631465045865866e-10
0.2021212354977168,1.0288250251733189e-09
0.2270729694325259,3.840313178571364e-09
0.2551049785537617,1.3686926148004375e-08
0.28659752081259104,4.657956054199275e-08
0.3219777967548112,1.513821600296339e-07
0.36172574455336326,4.698807106739977e-07
0.4063805504338082,1.3931008382428445e-06
0.45654796280755766,3.945601381505348e-06
0.5129085093300529,1.0676755893723744e-05
0.5762267283493882,2.7607527933515286e-05
0.6473615399712076,6.82263929667748e-05
0.7272778974247632,0.00016117501253665178
0.8170598767824696,0.0003640472156478669
0.9179253825967483,0.0007863917475561255
1.0312426689380967,0.0016250329717433232
1.1585488999444697,0.0032133997468195563
1.3015710016583038,0.006082798312350035
1.4622490880091454,0.011027005681813251
1.6427627787184707,0.019152848210312268
1.8455607661325835,0.03189099467049128
2.0733940320616497,0.05093728311489354
2.329353165215711,0.0781004819670007
2.6169102854537,0.11505078813560732
2.9399661435534976,0.16299341876941997
3.3029030354176987,0.2223258944819615
3.710644248503383,0.29236328441485926
4.168720846874621,0.37121921709745465
4.683346700825936,0.4559040774029064
5.261502778863538,0.5426490249030186
5.911031845476362,0.6274009596585484
6.64074484928479,0.706381857188823
7.4605404447366075,0.776585798030053
8.381539268677866,0.8361064742167545
9.416234793278331,0.884239270785058
10.578662801651687,0.9213655243748213
11.884591785129816,0.9486796844740595
13.351736844955687,0.9678469936920605
15.0,0.980676232424764
