SA(0.3s) [g],Loss_ratio
0.05000000000000001,6.859669592980462e-11
0.056172467201025755,1.7494939303778652e-10
0.06310692142900626,4.425897546980859e-10
0.07089742948257126,1.1119331308295985e-09
0.07964967064493539,2.776202672267665e-09
0.08948237023750269,6.888993175083567e-09
0.10052891014472326,1.697955901193489e-08
0.11293913815718663,4.151502624672222e-08
0.1268814006769336,1.0050688969579934e-07
0.14254482635890514,2.404045566999002e-07
0.16014189166643014,5.667869726123592e-07
0.17991130314285533,1.314040389352393e-06
0.2021212354977168,2.9892106044543295e-06
0.2270729694325259,6.659052945271619e-06
0.2551049785537617,1.4502544870664481e-05
0.28659752081259104,3.0834710956555966e-05
0.3219777967548112,6.392945615067748e-05
0.36172574455336326,0.00012913109724795854
0.4063805504338082,0.00025393404184310503
0.45654796280755766,0.0004858900302197793
0.5129085093300529,0.0009042989511971214
0.5762267283493882,0.001636537746824824
0.6473615399712076,0.0028794353341735942
0.7272778974247632,0.004925162025983594
0.8170598767824696,0.008189579785161116
0.9179253825967483,0.013238943424694512
1.0312426689380967,0.02080852212462566
1.1585488999444697,0.03180466582706084
1.3015710016583038,0.047280859200390324
1.4622490880091454,0.06837928735861079
1.6427627787184707,0.09623314484578109
1.8455607661325835,0.13183163902374082
2.0733940320616497,0.1758588374636402
2.329353165215711,0.2285276095571659
2.6169102854537,0.28943834501182597
2.9399661435534976,0.3574957859513694
3.3029030354176987,0.4309134253150806
3.710644248503383,0.5073222619670552
4.168720846874621,0.5839805922751866
4.683346700825936,0.6580582330312524
5.261502778863538,0.726948555362706
5.911031845476362,0.7885516056782953
6.64074484928479,0.8414756643328406
7.4605404447366075,0.8851226774673311
8.381539268677866,0.9196500599847393
9.416234793278331,0.9458291600703955
10.578662801651687,0.9648408615390455
11.884591785129816,0.9780561346307876
13.351736844955687,0.9868434206214234
15.0,0.9924295662213293
