SA(1.0s) [g],Complete_damage
0.05000000000000001,1.708564834257409e-05
0.056172467201025755,3.275837785499114e-05
0.06310692142900626,6.144476798031206e-05
0.07089742948257126,0.00011275800393273361
0.07964967064493539,0.00020246063306850193
0.08948237023750269,0.00035571160269121105
0.10052891014472326,0.0006115840970708497
0.11293913815718663,0.0010290935472082596
0.1268814006769336,0.001694874510990374
0.14254482635890514,0.002732447873643906
0.16014189166643014,0.004312708246755781
0.17991130314285533,0.006664835966725735
0.2021212354977168,0.010086328385398136
0.2270729694325259,0.014950318815974084
0.2551049785537617,0.021707916073536615
0.28659752081259104,0.03088309148110646
0.3219777967548112,0.043057810236764915
0.36172574455336326,0.058845769705242135
0.4063805504338082,0.07885431814141164
0.45654796280755766,0.10363582373965996
0.5129085093300529,0.13363175353501455
0.5762267283493882,0.16911468657402562
0.6473615399712076,0.21013502559270347
0.7272778974247632,0.2564798814639513
0.8170598767824696,0.3076511742004271
0.9179253825967483,0.3628683014448042
1.0312426689380967,0.42109790018807536
1.1585488999444697,0.48110965954377305
1.3015710016583038,0.5415534225965294
1.4622490880091454,0.6010496192141362
1.6427627787184707,0.6582830112969329
1.8455607661325835,0.7120892136191425
2.0733940320616497,0.7615245806895344
2.329353165215711,0.8059125984635176
2.6169102854537,0.8448633910788361
2.9399661435534976,0.8782666932734955
3.3029030354176987,0.9062619886019025
3.710644248503383,0.9291919458035139
4.168720846874621,0.9475465053068554
4.683346700825936,0.9619049437211207
5.261502778863538,0.9728821787807747
5.911031845476362,0.9810838284990486
6.64074484928479,0.9870725202060008
7.4605404447366075,0.9913460345720048
8.381539268677866,0.9943263404378296
9.416234793278331,0.9963575697204824
10.578662801651687,0.9977105126743556
11.884591785129816,0.9985912013845778
13.351736844955687,0.99915145899125
15.0,0.9994997766267223
