SA(1.0s) [g],Complete_damage
0.05000000000000001,3.7235384483524925e-06
0.056172467201025755,7.497005420242786e-06
0.06310692142900626,1.4765087930301846e-05
0.07089742948257126,2.844619768549439e-05
0.07964967064493539,5.361398378567195e-05
0.08948237023750269,9.886110331214226e-05
0.10052891014472326,0.0001783596372847418
0.11293913815718663,0.0003148649605546616
0.1268814006769336,0.000543931873873027
0.14254482635890514,0.0009195940501400823
0.16014189166643014,0.0015216750584873262
0.17991130314285533,0.0024647251440730322
0.2021212354977168,0.003908292262348456
0.2270729694325259,0.006067834057427168
0.2551049785537617,0.009225081892051623
0.28659752081259104,0.013736137481049626
0.3219777967548112,0.020035116237350103
0.36172574455336326,0.028630882212510866
0.4063805504338082,0.04009449506344165
0.45654796280755766,0.055035538869159795
0.5129085093300529,0.0740665945504756
0.5762267283493882,0.09775671909204531
0.6473615399712076,0.12657674324881008
0.7272778974247632,0.16084120219448095
0.8170598767824696,0.20065338278282407
0.9179253825967483,0.2458608949457305
1.0312426689380967,0.29602901319395314
1.1585488999444697,0.3504376169071508
1.3015710016583038,0.40810495691867354
1.4622490880091454,0.46783802608531233
1.6427627787184707,0.5283055679476576
1.8455607661325835,0.5881263893294375
2.0733940320616497,0.6459632888238439
2.329353165215711,0.7006120355784194
2.6169102854537,0.7510756065989832
2.9399661435534976,0.7966161615758067
3.3029030354176987,0.836780555626931
3.710644248503383,0.8713989304357803
4.168720846874621,0.9005594113079806
4.683346700825936,0.9245646058043413
5.261502778863538,0.9438770974988886
5.911031845476362,0.9590613673955418
6.64074484928479,0.9707287121913405
7.4605404447366075,0.9794900949101362
8.381539268677866,0.9859198696806233
9.416234793278331,0.9905313604550425
10.578662801651687,0.9937636435363792
11.884591785129816,0.9959777570331423
13.351736844955687,0.9974599774751197
15.0,0.9984297014415282
