SA(0.3s) [g],Complete_damage
0.05000000000000001,6.355938442226261e-09
0.056172467201025755,1.807861471636585e-08
0.06310692142900626,4.980612444693833e-08
0.07089742948257126,1.3290937628251953e-07
0.07964967064493539,3.4356496125820257e-07
0.08948237023750269,8.603393448769481e-07
0.10052891014472326,2.0872194533838595e-06
0.11293913815718663,4.906099044577061e-06
0.1268814006769336,1.1174031080529723e-05
0.14254482635890514,2.4661966653738432e-05
0.16014189166643014,5.275122234504881e-05
0.17991130314285533,0.00010936323754784372
0.2021212354977168,0.00021978399420863326
0.2270729694325259,0.00042821706488727074
0.2551049785537617,0.0008089815353123919
0.28659752081259104,0.0014821444234289771
0.3219777967548112,0.0026338936830644366
0.36172574455336326,0.004540977647747857
0.4063805504338082,0.007596995216328506
0.45654796280755766,0.012336315916023688
0.5129085093300529,0.01944928010968361
0.5762267283493882,0.029780687165237962
0.6473615399712076,0.04430323101104594
0.7272778974247632,0.06405929097958474
0.8170598767824696,0.09006881654637489
0.9179253825967483,0.12320778726570969
1.0312426689380967,0.16406983449046475
1.1585488999444697,0.2128311906029452
1.3015710016583038,0.26914384510602307
1.4622490880091454,0.33208153718836164
1.6427627787184707,0.4001569415971884
1.8455607661325835,0.47141668593534236
2.0733940320616497,0.5436059989458115
2.329353165215711,0.6143803960715335
2.6169102854537,0.6815316407000316
2.9399661435534976,0.7431920731187751
3.3029030354176987,0.7979861564788338
3.710644248503383,0.8451094190987541
4.168720846874621,0.884329781582647
4.683346700825936,0.9159207105861593
5.261502778863538,0.9405463608276072
5.911031845476362,0.9591238706478284
6.64074484928479,0.9726870573371388
7.4605404447366075,0.9822702536992811
8.381539268677866,0.9888231515458756
9.416234793278331,0.9931595654037703
10.578662801651687,0.9959367344266478
11.884591785129816,0.9976580008927656
13.351736844955687,0.998690448565885
15.0,0.9992897731243209
