SA(0.6s) [g],Loss_ratio
0.05000000000000001,2.6155472345904055e-06
0.056172467201025755,5.54416130365583e-06
0.06310692142900626,1.1487990943387e-05
0.07089742948257126,2.3145633005713455e-05
0.07964967064493539,4.517663479898922e-05
0.08948237023750269,8.523775814961199e-05
0.10052891014472326,0.00015532897664699653
0.11293913815718663,0.00027348377217658974
0.1268814006769336,0.0004659496380643657
0.14254482635890514,0.0007703169728219096
0.16014189166643014,0.0012406645293401772
0.17991130314285533,0.0019567146023195146
0.2021212354977168,0.0030400588764890883
0.2270729694325259,0.00468125225376431
0.2551049785537617,0.00718115542632717
0.28659752081259104,0.011007288394803706
0.3219777967548112,0.016860246947759675
0.36172574455336326,0.02573638556754742
0.4063805504338082,0.03896260450584079
0.45654796280755766,0.05817102037955105
0.5129085093300529,0.08518116926276173
0.5762267283493882,0.12177070954645006
0.6473615399712076,0.16934451472742326
0.7272778974247632,0.22855198628801
0.8170598767824696,0.29894078154380754
0.9179253825967483,0.378754293415698
1.0312426689380967,0.46496484008328376
1.1585488999444697,0.5535807526442629
1.3015710016583038,0.6401865808010547
1.4622490880091454,0.7205992651408228
1.6427627787184707,0.7914805279434842
1.8455607661325835,0.8507564033958981
2.0733940320616497,0.8977559666519027
2.329353165215711,0.9330683488501859
2.6169102854537,0.9581955610392228
2.9399661435534976,0.9751207093415944
3.3029030354176987,0.9859077018798931
3.710644248503383,0.9924102176041592
4.168720846874621,0.9961164836427592
4.683346700825936,0.9981133915000103
5.261502778863538,0.9991302792549608
5.911031845476362,0.9996196622010383
6.64074484928479,0.9998422484236945
7.4605404447366075,0.9999379427526703
8.381539268677866,0.9999768416094932
9.416234793278331,0.9999917985224072
10.578662801651687,0.9999972419113796
11.884591785129816,0.9999991185077909
13.351736844955687,0.9999997319711542
15.0,0.9999999223670386
