SA(1.0s) [g],Loss_ratio
0.05000000000000001,2.350673816828494e-08
0.056172467201025755,7.976290361114429e-08
0.06310692142900626,2.581415280365182e-07
0.07089742948257126,7.968928586460536e-07
0.07964967064493539,2.34678470137731e-06
0.08948237023750269,6.5937490286331356e-06
0.10052891014472326,1.767829724792998e-05
0.11293913815718663,4.523443479513133e-05
0.1268814006769336,0.00011048420539715753
0.14254482635890514,0.00025764754313275346
0.16014189166643014,0.0005737881015132609
0.17991130314285533,0.0012206638878346416
0.2021212354977168,0.002481393558946171
0.2270729694325259,0.004821760267855156
0.2551049785537617,0.008959920688863287
0.28659752081259104,0.015929282179806544
0.3219777967548112,0.027109284479183034
0.36172574455336326,0.04419193315897854
0.4063805504338082,0.06905383406101419
0.45654796280755766,0.10351903554586275
0.5129085093300529,0.14902793328478034
0.5762267283493882,0.20626565125572946
0.6473615399712076,0.27483653927092294
0.7272778974247632,0.3530836885675992
0.8170598767824696,0.4381321104354088
0.9179253825967483,0.5261816631840379
1.0312426689380967,0.6130056913308839
1.1585488999444697,0.6945484361753179
1.3015710016583038,0.7674829241252652
1.4622490880091454,0.8296037884800739
1.6427627787184707,0.879981061874205
1.8455607661325835,0.9188709511674279
2.0733940320616497,0.9474421371942001
2.329353165215711,0.9674114302155123
2.6169102854537,0.9806841328391179
2.9399661435534976,0.9890691209585057
3.3029030354176987,0.9941011280135575
3.710644248503383,0.9969678941765927
4.168720846874621,0.9985172212227089
4.683346700825936,0.9993109232833397
5.261502778863538,0.9996960304653043
5.911031845476362,0.9998728582836265
6.64074484928479,0.9999496289449191
7.4605404447366075,0.9999811171960027
8.381539268677866,0.9999933085161182
9.416234793278331,0.9999977605081628
10.578662801651687,0.9999992927514026
11.884591785129816,0.9999997894092185
13.351736844955687,0.9999999409220877
15.0,0.9999999843962932
