SA(0.6s) [g],Loss_ratio
0.05000000000000001,1.0822525639334985e-07
0.056172467201025755,2.0893382375310764e-07
0.06310692142900626,3.975190881943026e-07
0.07089742948257126,7.455359280644639e-07
0.07964967064493539,1.378732097918094e-06
0.08948237023750269,2.515347467653684e-06
0.10052891014472326,4.530217728627368e-06
0.11293913815718663,8.062213273071021e-06
0.1268814006769336,1.4195496549697399e-05
0.14254482635890514,2.4768453423938896e-05
0.16014189166643014,4.290587515061082e-05
0.17991130314285533,7.394224755421022e-05
0.2021212354977168,0.00012702332799199642
0.2270729694325259,0.00021785739031778597
0.2551049785537617,0.00037334719616559077
0.28659752081259104,0.0006391553059052592
0.3219777967548112,0.001091574958886171
0.36172574455336326,0.0018552523544402917
0.4063805504338082,0.003128089735079518
0.45654796280755766,0.005213723938324921
0.5129085093300529,0.00855999069643536
0.5762267283493882,0.013798582931070865
0.6473615399712076,0.021776923689251642
0.7272778974247632,0.03356896687307935
0.8170598767824696,0.050448803939151174
0.9179253825967483,0.0738116971747801
1.0312426689380967,0.10503346161576296
1.1585488999444697,0.14527183139244784
1.3015710016583038,0.19523122973631687
1.4622490880091454,0.2549310919049954
1.6427627787184707,0.32353115536021076
1.8455607661325835,0.39926810081318576
2.0733940320616497,0.47954224685464575
2.329353165215711,0.5611615990534807
2.6169102854537,0.6407108275554566
2.9399661435534976,0.7149769515998017
3.3029030354176987,0.7813444342682196
3.710644248503383,0.8380779517404447
4.168720846874621,0.884440460729363
4.683346700825936,0.9206375825573057
5.261502778863538,0.9476219779502941
5.911031845476362,0.9668196941620949
6.64074484928479,0.9798473570729931
7.4605404447366075,0.988276053868353
8.381539268677866,0.9934729371034567
9.416234793278331,0.9965253266845857
10.578662801651687,0.9982325522361873
11.884591785129816,0.9991415192066149
13.351736844955687,0.9996020683320221
15.0,0.9998240668807611
