SA(0.6s) [g],Complete_damage
0.05000000000000001,0.0002488335599997171
0.056172467201025755,0.00034777224224047387
0.06310692142900626,0.0004823058500055266
0.07089742948257126,0.0006637432382855524
0.07964967064493539,0.0009064344853763062
0.08948237023750269,0.0012284025315024705
0.10052891014472326,0.0016520481923265606
0.11293913815718663,0.0022049195423488044
0.1268814006769336,0.0029205301024949337
0.14254482635890514,0.003839202630850802
0.16014189166643014,0.005008906838733562
0.17991130314285533,0.006486050411646849
0.2021212354977168,0.008336173832316218
0.2270729694325259,0.01063449135314154
0.2551049785537617,0.013466213845553465
0.28659752081259104,0.016926585047788656
0.3219777967548112,0.021120561852588815
0.36172574455336326,0.02616207258694281
0.4063805504338082,0.03217279546484619
0.45654796280755766,0.039280413034692874
0.5129085093300529,0.047616317658983776
0.5762267283493882,0.05731276760529036
0.6473615399712076,0.06849952246888036
0.7272778974247632,0.08130001916305163
0.8170598767824696,0.09582718389316236
0.9179253825967483,0.1121790092479753
1.0312426689380967,0.13043405637226813
1.1585488999444697,0.15064706756986657
1.3015710016583038,0.17284489213829501
1.4622490880091454,0.19702293556106065
1.6427627787184707,0.22314233770622272
1.8455607661325835,0.25112806844797975
2.0733940320616497,0.28086809906979615
2.329353165215711,0.31221376582390803
2.6169102854537,0.3449813899963834
2.9399661435534976,0.378955159545032
3.3029030354176987,0.41389121435798537
3.710644248503383,0.449522814426936
4.168720846874621,0.48556641192174876
4.683346700825936,0.5217283983128984
5.261502778863538,0.5577122598373399
5.911031845476362,0.593225851463186
6.64074484928479,0.627988492760315
7.4605404447366075,0.6617375992205328
8.381539268677866,0.6942345888524166
9.416234793278331,0.7252698443959855
10.578662801651687,0.754666563356301
11.884591785129816,0.7822833875939832
13.351736844955687,0.8080157673539593
15.0,0.831796077189755
