SA(0.6s) [g],Complete_damage
0.05000000000000001,0.0010173408784700522
0.056172467201025755,0.0013728382330611133
0.06310692142900626,0.0018385880030938884
0.07089742948257126,0.0024438358342492306
0.07964967064493539,0.0032239859046407915
0.08948237023750269,0.004221427281462686
0.10052891014472326,0.005486341069362077
0.11293913815718663,0.00707744589105419
0.1268814006769336,0.009062630851785602
0.14254482635890514,0.011519417712479663
0.16014189166643014,0.014535188327574056
0.17991130314285533,0.01820711035327871
0.2021212354977168,0.02264169466456878
0.2270729694325259,0.02795392262607166
0.2551049785537617,0.03426589097365329
0.28659752081259104,0.041704936957153604
0.3219777967548112,0.050401226606096694
0.36172574455336326,0.06048481413002549
0.4063805504338082,0.07208220971086043
0.45654796280755766,0.08531252496788833
0.5129085093300529,0.10028329841274042
0.5762267283493882,0.11708613513116628
0.6473615399712076,0.1357923233588103
0.7272778974247632,0.1564486131153302
0.8170598767824696,0.1790733563077349
0.9179253825967483,0.20365321173388473
1.0312426689380967,0.230140610785748
1.1585488999444697,0.2584521596778748
1.3015710016583038,0.288468121886146
1.4622490880091454,0.3200330812868091
1.6427627787184707,0.3529578342701154
1.8455607661325835,0.38702250072455113
2.0733940320616497,0.4219807827478361
2.329353165215711,0.4575652401330639
2.6169102854537,0.49349339708794193
2.9399661435534976,0.5294744490267079
3.3029030354176987,0.5652163048372822
3.710644248503383,0.6004326811595498
4.168720846874621,0.6348499622748446
4.683346700825936,0.6682135524142487
5.261502778863538,0.700293475689903
5.911031845476362,0.7308890204021452
6.64074484928479,0.7598322762343089
7.4605404447366075,0.7869904712239928
8.381539268677866,0.8122670764550641
9.416234793278331,0.8356017061854459
10.578662801651687,0.8569688959368218
11.884591785129816,0.8763758878084467
13.351736844955687,0.8938595885906586
15.0,0.9094828906935064
