SA(0.6s) [g],Complete_damage
0.05000000000000001,6.763042848045853e-05
0.056172467201025755,9.734683537721e-05
0.06310692142900626,0.00013902774616214586
0.07089742948257126,0.00019700987626458666
0.07964967064493539,0.0002770056778081953
0.08948237023750269,0.0003864658899894735
0.10052891014472326,0.000535012053827888
0.11293913815718663,0.0007349442148573138
0.1268814006769336,0.001001826621121249
0.14254482635890514,0.001355150748189371
0.16014189166643014,0.0018190703369563854
0.17991130314285533,0.002423197264136534
0.2021212354977168,0.0032034400171203625
0.2270729694325259,0.004202858464165904
0.2551049785537617,0.005472499782198326
0.28659752081259104,0.0070721712620060995
0.3219777967548112,0.009071096842753645
0.36172574455336326,0.011548396367298985
0.4063805504338082,0.01459332054661655
0.45654796280755766,0.01830517139589083
0.5129085093300529,0.02279283838117363
0.5762267283493882,0.028173885539806154
0.6473615399712076,0.03457313508194004
0.7272778974247632,0.0421207088419846
0.8170598767824696,0.05094951045552987
0.9179253825967483,0.0611921578682495
1.0312426689380967,0.07297740681747467
1.1585488999444697,0.08642613983138991
1.3015710016583038,0.10164703015523124
1.4622490880091454,0.11873202353969381
1.6427627787184707,0.13775181046588458
1.8455607661325835,0.15875148452142018
2.0733940320616497,0.18174659682544092
2.329353165215711,0.20671981955500063
2.6169102854537,0.2336184222925901
2.9399661435534976,0.26235274244201756
3.3029030354176987,0.2927957956407614
3.710644248503383,0.3247841252343343
4.168720846874621,0.3581199337609571
4.683346700825936,0.39257447717967
5.261502778863538,0.4278926380799333
5.911031845476362,0.4637985315346216
6.64074484928479,0.5000019408496661
7.4605404447366075,0.536205334170271
8.381539268677866,0.572111180035983
9.416234793278331,0.6074292629196026
10.578662801651687,0.6418836997858437
11.884591785129816,0.6752193757647345
13.351736844955687,0.7072075499039643
15.0,0.7376504282590103
