SA(0.3s) [g],Complete_damage
0.05000000000000001,2.2769369663055983e-06
0.056172467201025755,4.387971295982673e-06
0.06310692142900626,8.300686967999127e-06
0.07089742948257126,1.5414127162438618e-05
0.07964967064493539,2.8099390727565066e-05
0.08948237023750269,5.0288391036268365e-05
0.10052891014472326,8.835940310436552e-05
0.11293913815718663,0.00015243159282796181
0.1268814006769336,0.0002582017581297391
0.14254482635890514,0.00042946938666499346
0.16014189166643014,0.0007014925474558842
0.17991130314285533,0.0011252867291626778
0.2021212354977168,0.0017729102564886245
0.2270729694325259,0.0027436633357826867
0.2551049785537617,0.004170957459340596
0.28659752081259104,0.006229390434007831
0.3219777967548112,0.009141304432303321
0.36172574455336326,0.013181839945353824
0.4063805504338082,0.01868127263563546
0.45654796280755766,0.02602329055747543
0.5129085093300529,0.035637898593529505
0.5762267283493882,0.04798788070481441
0.6473615399712076,0.0635482421539647
0.7272778974247632,0.08277878957009488
0.8170598767824696,0.10609093438880812
0.9179253825967483,0.13381082051683346
1.0312426689380967,0.16614183113207437
1.1585488999444697,0.2031302486498514
1.3015710016583038,0.24463815789739463
1.4622490880091454,0.29032746850008107
1.6427627787184707,0.33965813616999496
1.8455607661325835,0.3919023292312199
2.0733940320616497,0.44617456377689835
2.329353165215711,0.5014759511561853
2.6169102854537,0.5567489461096492
2.9399661435534976,0.6109376314260055
3.3029030354176987,0.6630478480006392
3.710644248503383,0.7122014995986475
4.168720846874621,0.7576801260154974
4.683346700825936,0.7989542185385972
5.261502778863538,0.8356965208863336
5.911031845476362,0.8677794370123706
6.64074484928479,0.8952583746072289
7.4605404447366075,0.918344160748048
8.381539268677866,0.9373684316918156
9.416234793278331,0.9527460825357534
10.578662801651687,0.964938521285315
11.884591785129816,0.974420735810918
13.351736844955687,0.9816542205814333
15.0,0.987066795990394
