SA(0.3s) [g],Complete_damage
0.05000000000000001,1.9605881329098906e-05
0.056172467201025755,3.5480007282595594e-05
0.06310692142900626,6.303506094351707e-05
0.07089742948257126,0.00010995215993214735
0.07964967064493539,0.00018830946738668253
0.08948237023750269,0.00031667438155680294
0.10052891014472326,0.0005229422853465504
0.11293913815718663,0.0008480561400135977
0.1268814006769336,0.0013506970269856478
0.14254482635890514,0.0021129492045205422
0.16014189166643014,0.003246805641330619
0.17991130314285533,0.00490118846257892
0.2021212354977168,0.007268920275227186
0.2270729694325259,0.010592817383565878
0.2551049785537617,0.015169820494766895
0.28659752081259104,0.02135188347989969
0.3219777967548112,0.02954226690022954
0.36172574455336326,0.040185991714329905
0.4063805504338082,0.05375354844060287
0.45654796280755766,0.0707175484716891
0.5129085093300529,0.09152282531507405
0.5762267283493882,0.11655147125944332
0.6473615399712076,0.14608530574316503
0.7272778974247632,0.18026915375553587
0.8170598767824696,0.2190788903630626
0.9179253825967483,0.2622983247785384
1.0312426689380967,0.30950855339864913
1.1585488999444697,0.3600923905308331
1.3015710016583038,0.41325497452194915
1.4622490880091454,0.46805983027010123
1.6427627787184707,0.5234778040241329
1.8455607661325835,0.5784446595519834
2.0733940320616497,0.6319219987154769
2.329353165215711,0.6829557312557145
2.6169102854537,0.7307266419760284
2.9399661435534976,0.7745886339928985
3.3029030354176987,0.8140917926340502
3.710644248503383,0.8489892617986865
4.168720846874621,0.8792287666926157
4.683346700825936,0.9049311887811233
5.261502778863538,0.926359702686619
5.911031845476362,0.9438835183909947
6.64074484928479,0.9579402359222869
7.4605404447366075,0.969000303220056
8.381539268677866,0.9775362210571866
9.416234793278331,0.9839981366486512
10.578662801651687,0.9887964756363238
11.884591785129816,0.9922914110539744
13.351736844955687,0.9947883387031565
15.0,0.9965381504519466
