SA(0.6s) [g],Loss_ratio
0.05000000000000001,4.54843131052204e-05
0.056172467201025755,7.96953900597756e-05
0.06310692142900626,0.00013644586878234154
0.07089742948257126,0.00022814987544404018
0.07964967064493539,0.0003726478364364104
0.08948237023750269,0.000595107520249916
0.10052891014472326,0.0009307357421267734
0.11293913815718663,0.0014289318286219161
0.1268814006769336,0.002159906872404249
0.14254482635890514,0.0032252035264170404
0.16014189166643014,0.004773798705787649
0.17991130314285533,0.007025267404638649
0.2021212354977168,0.010300469553099956
0.2270729694325259,0.01505806679029116
0.2551049785537617,0.021931773274352542
0.28659752081259104,0.031758939487693594
0.3219777967548112,0.04558686714122626
0.36172574455336326,0.06464086316969074
0.4063805504338082,0.09023957745774308
0.45654796280755766,0.12365044799684519
0.5129085093300529,0.1658915781065162
0.5762267283493882,0.21750423444664085
0.6473615399712076,0.27833779479557724
0.7272778974247632,0.3473998586836431
0.8170598767824696,0.4228220105923379
0.9179253825967483,0.5019731504088769
1.0312426689380967,0.5817197113425077
1.1585488999444697,0.6587939077778955
1.3015710016583038,0.7301996555029461
1.4622490880091454,0.7935724759835225
1.6427627787184707,0.8474202659429788
1.8455607661325835,0.8912033592369932
2.0733940320616497,0.9252541253150706
2.329353165215711,0.9505743655116575
2.6169102854537,0.9685713630823282
2.9399661435534976,0.9807958087571608
3.3029030354176987,0.988729929877077
3.710644248503383,0.9936502670364477
4.168720846874621,0.9965660171847192
4.683346700825936,0.9982174129459856
5.261502778863538,0.9991116301501091
5.911031845476362,0.999574797670106
6.64074484928479,0.9998044243193254
7.4605404447366075,0.999913483251798
8.381539268677866,0.9999631543857489
9.416234793278331,0.9999848755363058
10.578662801651687,0.999994008364685
11.884591785129816,0.9999977061258923
13.351736844955687,0.9999991501800085
15.0,0.9999996949756551
