PGA [g],Complete_damage
0.05000000000000001,4.381431583744266e-05
0.056172467201025755,0.00011513366814930315
0.06310692142900626,0.00028657845743029764
0.07089742948257126,0.0006758881841736342
0.07964967064493539,0.0015109542021778388
0.08948237023750269,0.003202958468136896
0.10052891014472326,0.006441411800099717
0.11293913815718663,0.01229645096866172
0.1268814006769336,0.02229595199861334
0.14254482635890514,0.038427779597096534
0.16014189166643014,0.06301140054445631
0.17991130314285533,0.09840016889093128
0.2021212354977168,0.14652205129097506
0.2270729694325259,0.20833472599268665
0.2551049785537617,0.28333630449034686
0.28659752081259104,0.3693012397100972
0.3219777967548112,0.46237568108956695
0.36172574455336326,0.5575670893526511
0.4063805504338082,0.6495322419944898
0.45654796280755766,0.7334602755208324
0.5129085093300529,0.8058120095745123
0.5762267283493882,0.8647301302972565
0.6473615399712076,0.9100518868447358
0.7272778974247632,0.9429842055930522
0.8170598767824696,0.9655887314098293
0.9179253825967483,0.9802450789206665
1.0312426689380967,0.9892217038391868
1.1585488999444697,0.9944151669373902
1.3015710016583038,0.9972534604535495
1.4622490880091454,0.9987187162421525
1.6427627787184707,0.9994332537633365
1.8455607661325835,0.9997624020640676
2.0733940320616497,0.9999056250353995
2.329353165215711,0.9999644941753612
2.6169102854537,0.9999873510099765
2.9399661435534976,0.9999957339675066
3.3029030354176987,0.9999986381948024
3.710644248503383,0.999999588614522
4.168720846874621,0.9999998824140451
4.683346700825936,0.9999999682040775
5.261502778863538,0.9999999918671936
5.911031845476362,0.9999999980325136
6.64074484928479,0.9999999995498683
7.4605404447366075,0.9999999999026171
8.381539268677866,0.9999999999800794
9.416234793278331,0.9999999999961473
10.578662801651687,0.9999999999992956
11.884591785129816,0.9999999999998782
13.351736844955687,0.9999999999999801
15.0,0.9999999999999969
