SA(0.3s) [g],Loss_ratio
0.05000000000000001,9.80158706211703e-07
0.056172467201025755,2.476304826609185e-06
0.06310692142900626,6.037405380295662e-06
0.07089742948257126,1.4206300664244843e-05
0.07964967064493539,3.226616070379805e-05
0.08948237023750269,7.074675551655698e-05
0.10052891014472326,0.00014976939883960192
0.11293913815718663,0.0003061748028659797
0.1268814006769336,0.0006045431644321636
0.14254482635890514,0.0011531580976559587
0.16014189166643014,0.0021254849968512196
0.17991130314285533,0.003786625017672453
0.2021212354977168,0.0065223564807896164
0.2270729694325259,0.010865907968765154
0.2551049785537617,0.017515018776181713
0.28659752081259104,0.027330068933575532
0.3219777967548112,0.04130435327994979
0.36172574455336326,0.06050107331783446
0.4063805504338082,0.08595860613966606
0.45654796280755766,0.11857461152078187
0.5129085093300529,0.15898691538034046
0.5762267283493882,0.20747008132098294
0.6473615399712076,0.26385843212039534
0.7272778974247632,0.32749264337105255
0.8170598767824696,0.39717929371480887
0.9179253825967483,0.47116365456477793
1.0312426689380967,0.5471458473930053
1.1585488999444697,0.622397311173785
1.3015710016583038,0.6940239892077311
1.4622490880091454,0.7593592043349001
1.6427627787184707,0.8163825625030423
1.8455607661325835,0.8640145698837443
2.0733940320616497,0.902175459151778
2.329353165215711,0.9316037518033881
2.6169102854537,0.9535346855518407
2.9399661435534976,0.9693753517191719
3.3029030354176987,0.9804729804088599
3.710644248503383,0.9879994061961096
4.168720846874621,0.9929206359491274
4.683346700825936,0.99600697931089
5.261502778863538,0.9978539917853076
5.911031845476362,0.998904112674493
6.64074484928479,0.9994694123387476
7.4605404447366075,0.9997568434384467
8.381539268677866,0.9998946558633188
9.416234793278331,0.9999568960620128
10.578662801651687,0.9999833550470922
11.884591785129816,0.9999939375771159
13.351736844955687,0.999997918434415
15.0,0.999999326516012
