SA(0.3s) [g],Loss_ratio
0.05000000000000001,5.669599721263005e-08
0.056172467201025755,1.3168978833043323e-07
0.06310692142900626,2.9587453384528964e-07
0.07089742948257126,6.43110041625422e-07
0.07964967064493539,1.3525812149294662e-06
0.08948237023750269,2.7531815769193787e-06
0.10052891014472326,5.425155805042234e-06
0.11293913815718663,1.0352211687379104e-05
0.1268814006769336,1.9136777517144988e-05
0.14254482635890514,3.428743401755844e-05
0.16014189166643014,5.958092765093292e-05
0.17991130314285533,0.00010049431869846512
0.2021212354977168,0.00016470280175864471
0.2270729694325259,0.00026265823301363565
0.2551049785537617,0.00040832044368445614
0.28659752081259104,0.0006202283399650033
0.3219777967548112,0.0009232862223693671
0.36172574455336326,0.001351902465416132
0.4063805504338082,0.0019554223535015146
0.45654796280755766,0.002807069937251349
0.5129085093300529,0.00401772792610775
0.5762267283493882,0.005755664116582473
0.6473615399712076,0.008272559128897279
0.7272778974247632,0.0119347352579538
0.8170598767824696,0.017256273770686614
0.9179253825967483,0.024927891933659217
1.0312426689380967,0.03583248630547524
1.1585488999444697,0.0510359363418547
1.3015710016583038,0.07174120361945402
1.4622490880091454,0.09919617880663684
1.6427627787184707,0.13455211661632924
1.8455607661325835,0.17868011717852317
2.0733940320616497,0.23196688682852246
2.329353165215711,0.29412507394076204
2.6169102854537,0.3640632143295635
2.9399661435534976,0.43986036554250785
3.3029030354176987,0.518876794332997
3.710644248503383,0.5980044617272284
4.168720846874621,0.6740251598299196
4.683346700825936,0.744010927064915
5.261502778863538,0.8056834566811075
5.911031845476362,0.8576553642593816
6.64074484928479,0.8995063620061718
7.4605404447366075,0.9316917170278168
8.381539268677866,0.9553230281709439
9.416234793278331,0.9718876944330254
10.578662801651687,0.9829764261384644
11.884591785129816,0.9900706254975137
13.351736844955687,0.9944134910599417
15.0,0.9969619270581744
