SA(0.6s) [g],Loss_ratio
0.05000000000000001,1.6624996245287137e-07
0.056172467201025755,3.4462267771318633e-07
0.06310692142900626,7.129096899935103e-07
0.07089742948257126,1.4792477921447625e-06
0.07964967064493539,3.0929233543298904e-06
0.08948237023750269,6.53513174597174e-06
0.10052891014472326,1.3952613029881811e-05
0.11293913815718663,2.9997550978232105e-05
0.1268814006769336,6.454857166237612e-05
0.14254482635890514,0.00013797317596712661
0.16014189166643014,0.0002907517023328524
0.17991130314285533,0.000600006805368387
0.2021212354977168,0.0012059627600288314
0.2270729694325259,0.002351026228174611
0.2551049785537617,0.004432243708346139
0.28659752081259104,0.008063583077571455
0.3219777967548112,0.014137563436999276
0.36172574455336326,0.023867162981748513
0.4063805504338082,0.038781319376462106
0.45654796280755766,0.06064494538555463
0.5129085093300529,0.09128187373318994
0.5762267283493882,0.13229933290788762
0.6473615399712076,0.18474377542313444
0.7272778974247632,0.24875239171429495
0.8170598767824696,0.32328959982946714
0.9179253825967483,0.4060594752298124
1.0312426689380967,0.49365531938263396
1.1585488999444697,0.5819496172967846
1.3015710016583038,0.6666578608377748
1.4622490880091454,0.7439528833803652
1.6427627787184707,0.8109855369323665
1.8455607661325835,0.8661930986150002
2.0733940320616497,0.9093403656035643
2.329353165215711,0.9413158999657376
2.6169102854537,0.9637684504165723
2.9399661435534976,0.9786957265237449
3.3029030354176987,0.9880855895978142
3.710644248503383,0.9936704707258891
4.168720846874621,0.9968093430815474
4.683346700825936,0.9984753823563143
5.261502778863538,0.9993100498940415
5.911031845476362,0.9997045446598951
6.64074484928479,0.9998803647495919
7.4605404447366075,0.9999542252052855
8.381539268677866,0.9999834602717744
9.416234793278331,0.9999943594019831
10.578662801651687,0.9999981853217316
11.884591785129816,0.9999994495026481
13.351736844955687,0.9999998425967193
15.0,0.99999995759533
