SA(0.6s) [g],Loss_ratio
0.05000000000000001,6.8422900913335475e-06
0.056172467201025755,1.4212093381728672e-05
0.06310692142900626,2.8336232765712054e-05
0.07089742948257126,5.428281213131356e-05
0.07964967064493539,0.0001000388996770251
0.08948237023750269,0.0001776633114536496
0.10052891014472326,0.00030473823209781615
0.11293913815718663,0.0005063388215236373
0.1268814006769336,0.0008180736407141487
0.14254482635890514,0.0012913055882854318
0.16014189166643014,0.002002404953988544
0.17991130314285533,0.0030686207834491244
0.2021212354977168,0.0046734803037691815
0.2270729694325259,0.007103927450863773
0.2551049785537617,0.010798994981553432
0.28659752081259104,0.016405179929319173
0.3219777967548112,0.0248270208913781
0.36172574455336326,0.03725395220331869
0.4063805504338082,0.05513900937335341
0.45654796280755766,0.08010509661931745
0.5129085093300529,0.11376386552029849
0.5762267283493882,0.15745227901731357
0.6473615399712076,0.21192006079728615
0.7272778974247632,0.2770298975381493
0.8170598767824696,0.3515502636328874
0.9179253825967483,0.4331171057786731
1.0312426689380967,0.5184099930927659
1.1585488999444697,0.6035353500114002
1.3015710016583038,0.6845493374447622
1.4622490880091454,0.7580071501211181
1.6427627787184707,0.8214125763917736
1.8455607661325835,0.8734686334708666
2.0733940320616497,0.9140880792624603
2.329353165215711,0.9441901264374305
2.6169102854537,0.9653622328725461
2.9399661435534976,0.9794868234326959
3.3029030354176987,0.9884200132988181
3.710644248503383,0.9937739779895898
4.168720846874621,0.9968138397096886
4.683346700825936,0.9984486718293256
5.261502778863538,0.9992814621768347
5.911031845476362,0.9996833695180263
6.64074484928479,0.9998672029498791
7.4605404447366075,0.9999469515694714
8.381539268677866,0.9999797944295638
9.416234793278331,0.9999926513992862
10.578662801651687,0.9999974435268176
11.884591785129816,0.9999991475426744
13.351736844955687,0.9999997269338868
15.0,0.9999999157825874
