SA(0.6s) [g],Complete_damage
0.05000000000000001,2.385747658995019e-05
0.056172467201025755,4.1097833228032066e-05
0.06310692142900626,6.968994708755893e-05
0.07089742948257126,0.00011633109463171643
0.07964967064493539,0.00019116788291384523
0.08948237023750269,0.0003092771606191258
0.10052891014472326,0.0004926250236615415
0.11293913815718663,0.0007725815942282166
0.1268814006769336,0.0011930452454397278
0.14254482635890514,0.0018141848719236409
0.16014189166643014,0.0027167384846148446
0.17991130314285533,0.004006708989937713
0.2021212354977168,0.005820175571785047
0.2270729694325259,0.008327799145278258
0.2551049785537617,0.011738456936431274
0.28659752081259104,0.01630131511197863
0.3219777967548112,0.02230556583545784
0.36172574455336326,0.03007704519775478
0.4063805504338082,0.039971038481182775
0.45654796280755766,0.052360789029280985
0.5129085093300529,0.06762156284473375
0.5762267283493882,0.08611057014335644
0.6473615399712076,0.10814357248140949
0.7272778974247632,0.13396955295906454
0.8170598767824696,0.1637453235719557
0.9179253825967483,0.1975123064714832
1.0312426689380967,0.2351778781919993
1.1585488999444697,0.2765035507184398
1.3015710016583038,0.32110185614949904
1.4622490880091454,0.36844311998008694
1.6427627787184707,0.4178724133330074
1.8455607661325835,0.4686359673846252
2.0733940320616497,0.5199153400607972
2.329353165215711,0.5708667788173016
2.6169102854537,0.6206626420433254
2.9399661435534976,0.6685315084880628
3.3029030354176987,0.7137937528717622
3.710644248503383,0.7558898749343255
4.168720846874621,0.794399665497289
4.683346700825936,0.8290512647984796
5.261502778863538,0.8597201838611097
5.911031845476362,0.8864192893747743
6.64074484928479,0.9092814887765821
7.4605404447366075,0.9285373238154164
8.381539268677866,0.9444898605818671
9.416234793278331,0.9574891674974693
10.578662801651687,0.967908350921697
11.884591785129816,0.9761226442755927
13.351736844955687,0.9824925025352628
15.0,0.9873511161145655
