SA(0.6s) [g],Complete_damage
0.05000000000000001,9.161217549624734e-05
0.056172467201025755,0.00014155655835856873
0.06310692142900626,0.00021620324463611507
0.07089742948257126,0.0003264097724702264
0.07964967064493539,0.00048713239608100256
0.08948237023750269,0.0007186689771122579
0.10052891014472326,0.0010481535848001489
0.11293913815718663,0.001511305601780033
0.1268814006769336,0.002154415072292526
0.14254482635890514,0.0030365178083642252
0.16014189166643014,0.004231678645916337
0.17991130314285533,0.005831260473238564
0.2021212354977168,0.007946012713895168
0.2270729694325259,0.010707769644955789
0.2551049785537617,0.014270511367834304
0.28659752081259104,0.018810514547156654
0.3219777967548112,0.024525312833791446
0.36172574455336326,0.031631204594763096
0.4063805504338082,0.04035909339930921
0.45654796280755766,0.05094852762859736
0.5129085093300529,0.06363991930477975
0.5762267283493882,0.07866506444340449
0.6473615399712076,0.09623624915002338
0.7272778974247632,0.11653439425906731
0.8170598767824696,0.13969685005090082
0.9179253825967483,0.1658055830222459
1.0312426689380967,0.19487658046327683
1.1585488999444697,0.22685131984659934
1.3015710016583038,0.26159109782266543
1.4622490880091454,0.29887488402588214
1.6427627787184707,0.3384011624106289
1.8455607661325835,0.3797939607182519
2.0733940320616497,0.4226129681608657
2.329353165215711,0.46636732973060036
2.6169102854537,0.5105324129857081
2.9399661435534976,0.5545685994943865
3.3029030354176987,0.5979409839039154
3.710644248503383,0.6401387869557884
4.168720846874621,0.6806933129753221
4.683346700825936,0.7191934048034763
5.261502778863538,0.7552975566203406
5.911031845476362,0.7887421156087728
6.64074484928479,0.8193453089074214
7.4605404447366075,0.8470071423284028
8.381539268677866,0.8717055026190855
9.416234793278331,0.8934890309385857
10.578662801651687,0.9124675040853061
11.884591785129816,0.9288005527474534
13.351736844955687,0.9426855622875593
15.0,0.9543455488008418
