SA(1.0s) [g],Loss_ratio
0.05000000000000001,2.1710308102552163e-06
0.056172467201025755,4.428237501895901e-06
0.06310692142900626,8.936360090472931e-06
0.07089742948257126,1.7937361023775678e-05
0.07964967064493539,3.603064829575204e-05
0.08948237023750269,7.28321090792775e-05
0.10052891014472326,0.00014862000922768103
0.11293913815718663,0.00030586091243333405
0.1268814006769336,0.0006314097017510598
0.14254482635890514,0.0012962016230549753
0.16014189166643014,0.0026200642480853457
0.17991130314285533,0.0051663901232170874
0.2021212354977168,0.0098616753714713
0.2270729694325259,0.018116333771356474
0.2551049785537617,0.031897991046180796
0.28659752081259104,0.05368618553648463
0.3219777967548112,0.08623481769099146
0.36172574455336326,0.1321036160592204
0.4063805504338082,0.19299876146725706
0.45654796280755766,0.26906770304532673
0.5129085093300529,0.3583788196708477
0.5762267283493882,0.45682632110327415
0.6473615399712076,0.5585997308448006
0.7272778974247632,0.6571643566926203
0.8170598767824696,0.7464926823947124
0.9179253825967483,0.8221696622356837
1.0312426689380967,0.882035045363128
1.1585488999444697,0.9262090901294918
1.3015710016583038,0.9565826903344976
1.4622490880091454,0.9760247322956787
1.6427627787184707,0.9875993468733378
1.8455607661325835,0.9940028663558979
2.0733940320616497,0.9972923972988876
2.329353165215711,0.998860357469289
2.6169102854537,0.999553354563298
2.9399661435534976,0.9998371846238704
3.3029030354176987,0.9999448498673003
3.710644248503383,0.9999826562453166
4.168720846874621,0.9999949399734296
4.683346700825936,0.9999986313911604
5.261502778863538,0.9999996570283072
5.911031845476362,0.9999999204109838
6.64074484928479,0.9999999829056676
7.4605404447366075,0.9999999966032365
8.381539268677866,0.9999999993758026
9.416234793278331,0.9999999998939604
10.578662801651687,0.9999999999833519
11.884591785129816,0.9999999999975852
13.351736844955687,0.9999999999996765
15.0,0.9999999999999599
