SA(0.6s) [g],Loss_ratio
0.05000000000000001,0.00029788654594366547
0.056172467201025755,0.00047649601315894006
0.06310692142900626,0.0007497539691394333
0.07089742948257126,0.0011630845268036246
0.07964967064493539,0.0017833246484287443
0.08948237023750269,0.0027092970199024077
0.10052891014472326,0.004087001387871931
0.11293913815718663,0.006130173977532562
0.1268814006769336,0.009145998212500884
0.14254482635890514,0.013564008203428238
0.16014189166643014,0.019963733700621784
0.17991130314285533,0.02909373706323821
0.2021212354977168,0.04187214084856235
0.2270729694325259,0.05935765351741991
0.2551049785537617,0.08268171199945015
0.28659752081259104,0.11293760344705105
0.3219777967548112,0.1510313730399504
0.36172574455336326,0.19751071736818104
0.4063805504338082,0.25239922365615053
0.45654796280755766,0.3150706020186129
0.5129085093300529,0.3841974329169049
0.5762267283493882,0.4577993867889503
0.6473615399712076,0.5333975687904975
0.7272778974247632,0.6082584488059758
0.8170598767824696,0.6796889681535521
0.9179253825967483,0.7453305311245384
1.0312426689380967,0.8033983991835352
1.1585488999444697,0.852825359158005
1.3015710016583038,0.8932909123725437
1.4622490880091454,0.9251429269316636
1.6427627787184707,0.9492402682686649
1.8455607661325835,0.9667568385153167
2.0733940320616497,0.9789878170722328
2.329353165215711,0.9871896209306272
2.6169102854537,0.9924706554268343
2.9399661435534976,0.9957353270449388
3.3029030354176987,0.9976728513590976
3.710644248503383,0.9987767987732685
4.168720846874621,0.9993807243671683
4.683346700825936,0.9996979955195142
5.261502778863538,0.9998581026657747
5.911031845476362,0.9999357438434187
6.64074484928479,0.9999719427302098
7.4605404447366075,0.9999881793931205
8.381539268677866,0.9999951912445206
9.416234793278331,0.9999981093336957
10.578662801651687,0.9999992808448178
11.884591785129816,0.9999997350757985
13.351736844955687,0.9999999053795239
15.0,0.9999999672005464
