SA(1.0s) [g],Complete_damage
0.05000000000000001,4.579145978955701e-06
0.056172467201025755,7.990176226768675e-06
0.06310692142900626,1.3746453972340866e-05
0.07089742948257126,2.3318446956244188e-05
0.07964967064493539,3.900283102942215e-05
0.08948237023750269,6.432710699189048e-05
0.10052891014472326,0.00010461838876063556
0.11293913815718663,0.00016778529582728297
0.1268814006769336,0.0002653679505737472
0.14254482635890514,0.0004139136688957601
0.16014189166643014,0.0006367326300088516
0.17991130314285533,0.0009660757943977805
0.2021212354977168,0.00144575364988897
0.2270729694325259,0.0021341763718024653
0.2551049785537617,0.0031077420113591048
0.28659752081259104,0.004464429432958439
0.3219777967548112,0.006327369494735113
0.36172574455336326,0.008848077219623995
0.4063805504338082,0.012208938849780915
0.45654796280755766,0.016624473590527766
0.5129085093300529,0.022340846022643857
0.5762267283493882,0.029633108053229718
0.6473615399712076,0.038799713896230936
0.7272778974247632,0.05015398851784125
0.8170598767824696,0.06401244231415826
0.9179253825967483,0.08068010535573156
1.0312426689380967,0.10043338434802762
1.1585488999444697,0.1235012937527813
1.3015710016583038,0.15004623889458313
1.4622490880091454,0.18014578762219058
1.6427627787184707,0.21377701330260712
1.8455607661325835,0.2508049886773982
2.0733940320616497,0.2909768355152701
2.329353165215711,0.33392238779999683
2.6169102854537,0.37916202870203464
2.9399661435534976,0.42612165900032783
3.3029030354176987,0.4741541105300807
3.710644248503383,0.5225657066288385
4.168720846874621,0.5706461665776945
4.683346700825936,0.6176997160591817
5.261502778863538,0.6630751436118476
5.911031845476362,0.7061926497552689
6.64074484928479,0.7465656570693999
7.4605404447366075,0.7838162447763333
8.381539268677866,0.8176834780240896
9.416234793278331,0.8480245463594467
10.578662801651687,0.874809233452178
11.884591785129816,0.8981087464224007
13.351736844955687,0.9180802914888041
15.0,0.93494896917691
