SA(1.0s) [g],Complete_damage
0.05000000000000001,1.9060278464211322e-05
0.056172467201025755,3.2051880361261276e-05
0.06310692142900626,5.3146535504811077e-05
0.07089742948257126,8.689763325919753e-05
0.07964967064493539,0.0001401095775909189
0.08948237023750269,0.00022277732633546599
0.10052891014472326,0.0003493292806162618
0.11293913815718663,0.0005402299138000943
0.1268814006769336,0.0008239902262825449
0.14254482635890514,0.0012396152765902224
0.16014189166643014,0.0018394858493774313
0.17991130314285533,0.0026926236509767776
0.2021212354977168,0.0038882255674865807
0.2270729694325259,0.005539273998084182
0.2551049785537617,0.007785941585295664
0.28659752081259104,0.010798417804412264
0.3219777967548112,0.014778703432406837
0.36172574455336326,0.01996086151038967
0.4063805504338082,0.02660919635973269
0.45654796280755766,0.035013871393528184
0.5129085093300529,0.04548358454142054
0.5762267283493882,0.05833510340011938
0.6473615399712076,0.07387971779727731
0.7272778974247632,0.0924069810102841
0.8170598767824696,0.1141664560936122
0.9179253825967483,0.1393485236065528
1.0312426689380967,0.16806559724044978
1.1585488999444697,0.20033528843264226
1.3015710016583038,0.23606711918273815
1.4622490880091454,0.27505427550138095
1.6427627787184707,0.3169716124699895
1.8455607661325835,0.3613806788073468
2.0733940320616497,0.407741960748095
2.329353165215711,0.4554339091180787
2.6169102854537,0.50377768075651
2.9399661435534976,0.5520659711965834
3.3029030354176987,0.5995939085130482
3.710644248503383,0.6456897702801752
4.168720846874621,0.6897433035043555
4.683346700825936,0.731229668879261
5.261502778863538,0.769727464630491
5.911031845476362,0.804929856519253
6.64074484928479,0.8366484787795513
7.4605404447366075,0.8648104005271292
8.381539268677866,0.8894490040735203
9.416234793278331,0.9106900412771955
10.578662801651687,0.9287343885221726
11.884591785129816,0.9438391007973969
13.351736844955687,0.9562982836670304
15.0,0.9664250895137393
