SA(1.0s) [g],Loss_ratio
0.05000000000000001,3.3553010716823356e-08
0.056172467201025755,1.1288410240726439e-07
0.06310692142900626,3.561088860105257e-07
0.07089742948257126,1.0544397257968306e-06
0.07964967064493539,2.934470702299921e-06
0.08948237023750269,7.68913955908595e-06
0.10052891014472326,1.9014829355091687e-05
0.11293913815718663,4.451776414401431e-05
0.1268814006769336,9.907613470198055e-05
0.14254482635890514,0.00021068042508201
0.16014189166643014,0.0004306712525150274
0.17991130314285533,0.0008519703579230399
0.2021212354977168,0.0016414447036310412
0.2270729694325259,0.0030951684138210956
0.2551049785537617,0.005725600661110749
0.28659752081259104,0.010383279036765381
0.3219777967548112,0.018397974773253452
0.36172574455336326,0.03169459959340294
0.4063805504338082,0.0528057672302842
0.45654796280755766,0.08468544950620052
0.5129085093300529,0.13025193302491173
0.5762267283493882,0.1916690406253
0.6473615399712076,0.26950060781155916
0.7272778974247632,0.3619976047200068
0.8170598767824696,0.4648308185969231
0.9179253825967483,0.5715053221914217
1.0312426689380967,0.6744760667189937
1.1585488999444697,0.7666938783970605
1.3015710016583038,0.8430839145954008
1.4622490880091454,0.9014366372563073
1.6427627787184707,0.9424236104452552
1.8455607661325835,0.9688291873107772
2.0733940320616497,0.984400780336761
2.329353165215711,0.992794835774656
2.6169102854537,0.9969291270767227
2.9399661435534976,0.9987907363090648
3.3029030354176987,0.999558646750218
3.710644248503383,0.9998499219937349
4.168720846874621,0.9999521106980684
4.683346700825936,0.9999855367369938
5.261502778863538,0.9999958303910702
5.911031845476362,0.9999988450873258
6.64074484928479,0.9999996917918674
7.4605404447366075,0.9999999208614894
8.381539268677866,0.9999999805364423
9.416234793278331,0.9999999954417295
10.578662801651687,0.9999999989891852
11.884591785129816,0.9999999997887197
13.351736844955687,0.99999999995851
15.0,0.9999999999923619
