SA(1.0s) [g],Complete_damage
0.05000000000000001,4.440892098500626e-16
0.056172467201025755,2.1094237467877974e-15
0.06310692142900626,9.992007221626409e-15
0.07089742948257126,4.6629367034256575e-14
0.07964967064493539,2.0872192862952943e-13
0.08948237023750269,8.993916722488393e-13
0.10052891014472326,3.7247982476174e-12
0.11293913815718663,1.4830026096035454e-11
0.1268814006769336,5.6763926892244854e-11
0.14254482635890514,2.0888746288250104e-10
0.16014189166643014,7.390654754857451e-10
0.17991130314285533,2.5142418147439116e-09
0.2021212354977168,8.224505299025964e-09
0.2270729694325259,2.5871299103030765e-08
0.2551049785537617,7.826399761601266e-08
0.28659752081259104,2.2770550445194715e-07
0.3219777967548112,6.372182762559575e-07
0.36172574455336326,1.7153197122699027e-06
0.4063805504338082,4.442086340317175e-06
0.45654796280755766,1.1067800433472996e-05
0.5129085093300529,2.6535081770195923e-05
0.5762267283493882,6.122410239517428e-05
0.6473615399712076,0.00013596650127334353
0.7272778974247632,0.0002906838943468326
0.8170598767824696,0.000598370451471042
0.9179253825967483,0.0011862323834872512
1.0312426689380967,0.0022652778200691337
1.1585488999444697,0.004168115948886331
1.3015710016583038,0.0073918692949291875
1.4622490880091454,0.012638974063681863
1.6427627787184707,0.020843920443770814
1.8455607661325835,0.0331701412610399
2.0733940320616497,0.05096040634257237
2.329353165215711,0.07562836770960868
2.6169102854537,0.10848950128299994
2.9399661435534976,0.1505457303631934
3.3029030354176987,0.20225598590627247
3.710644248503383,0.2633391678492948
4.168720846874621,0.3326602403704254
4.683346700825936,0.40824036038820777
5.261502778863538,0.48740816175695223
5.911031845476362,0.5670769670485868
6.64074484928479,0.6441010862083344
7.4605404447366075,0.7156435485802288
8.381539268677866,0.779484553864094
9.416234793278331,0.8342156585183378
10.578662801651687,0.8792939385939283
11.884591785129816,0.9149636046207323
13.351736844955687,0.9420798325363812
15.0,0.9618840629685693
