PGA [g],Complete_damage
0.05000000000000001,2.5515476842485896e-07
0.056172467201025755,6.780597687772172e-07
0.06310692142900626,1.7395203399939163e-06
0.07089742948257126,4.308494431115584e-06
0.07964967064493539,1.0303789181209666e-05
0.08948237023750269,2.3795171603779863e-05
0.10052891014472326,5.3070218534512215e-05
0.11293913815718663,0.00011432417009060725
0.1268814006769336,0.00023790926900524312
0.14254482635890514,0.0004783420695212426
0.16014189166643014,0.0009293841277453474
0.17991130314285533,0.0017452827365632695
0.2021212354977168,0.0031684346901117433
0.2270729694325259,0.005562094223659941
0.2551049785537617,0.009444219944458987
0.28659752081259104,0.015515398564677652
0.3219777967548112,0.024670701087182167
0.36172574455336326,0.037983480439209405
0.4063805504338082,0.056649906708970854
0.45654796280755766,0.08188762533026905
0.5129085093300529,0.11479062787782723
0.5762267283493882,0.15615415235774566
0.6473615399712076,0.2062955171956964
0.7272778974247632,0.2649054749128559
0.8170598767824696,0.330966199784282
0.9179253825967483,0.4027641345987446
1.0312426689380967,0.47800907033066364
1.1585488999444697,0.5540485808418537
1.3015710016583038,0.6281451441069966
1.4622490880091454,0.6977682717050595
1.6427627787184707,0.7608503063251493
1.8455607661325835,0.8159633681333934
2.0733940320616497,0.8623935136211578
2.329353165215711,0.9001109510962549
2.6169102854537,0.9296557410114983
2.9399661435534976,0.9519717322938605
3.3029030354176987,0.9682252721571021
3.710644248503383,0.9796402792015354
4.168720846874621,0.9873706582743554
4.683346700825936,0.9924186857961335
5.261502778863538,0.9955973077562377
5.911031845476362,0.9975272850841557
6.64074484928479,0.9986572412889139
7.4605404447366075,0.9992951624364158
8.381539268677866,0.9996424332416294
9.416234793278331,0.9998247242851034
10.578662801651687,0.9999169937624376
11.884591785129816,0.9999620283663484
13.351736844955687,0.9999832232028318
15.0,0.9999928417416658
