SA(0.3s) [g],Complete_damage
0.05000000000000001,1.2791784298471498e-09
0.056172467201025755,3.0863125388691515e-09
0.06310692142900626,7.294009951586133e-09
0.07089742948257126,1.6885772002872557e-08
0.07964967064493539,3.829258798937474e-08
0.08948237023750269,8.506670223784596e-08
0.10052891014472326,1.8512633637168818e-07
0.11293913815718663,3.946881337313357e-07
0.1268814006769336,8.243879917602115e-07
0.14254482635890514,1.6870054048157002e-06
0.16014189166643014,3.3824014631367305e-06
0.17991130314285533,6.644702831071214e-06
0.2021212354977168,1.2790482264768421e-05
0.2270729694325259,2.4125699953803093e-05
0.2551049785537617,4.459404759238339e-05
0.28659752081259104,8.077964508979019e-05
0.3219777967548112,0.00014341056275424258
0.36172574455336326,0.00024954147170652696
0.4063805504338082,0.0004256154155996006
0.45654796280755766,0.0007116038151522286
0.5129085093300529,0.0011663843581205535
0.5762267283493882,0.0018744205920383505
0.6473615399712076,0.002953638777954626
0.7272778974247632,0.00456414795975868
0.8170598767824696,0.006917123146896298
0.9179253825967483,0.010282794411237361
1.0312426689380967,0.014996107176323936
1.1585488999444697,0.021458316970386804
1.3015710016583038,0.03013264989468678
1.4622490880091454,0.04153229601446995
1.6427627787184707,0.056199485818405504
1.8455607661325835,0.07467526327163654
2.0733940320616497,0.09746077614792736
2.329353165215711,0.1249723336528834
2.6169102854537,0.1574939286006446
2.9399661435534976,0.19513212382022316
3.3029030354176987,0.23777888409674686
3.710644248503383,0.28508786621855764
4.168720846874621,0.3364687383292235
4.683346700825936,0.3911023171124477
5.261502778863538,0.4479768891505854
5.911031845476362,0.5059433717418074
6.64074484928479,0.563784408645194
7.4605404447366075,0.6202905311607729
8.381539268677866,0.6743354984215384
9.416234793278331,0.7249430495196948
10.578662801651687,0.7713385321753012
11.884591785129816,0.8129809923884141
13.351736844955687,0.8495739376254653
15.0,0.8810556720809911
