SA(1.0s) [g],Complete_damage
0.05000000000000001,0.0
0.056172467201025755,3.3306690738754696e-16
0.06310692142900626,1.4432899320127035e-15
0.07089742948257126,7.216449660063518e-15
0.07964967064493539,3.4083846855992306e-14
0.08948237023750269,1.539879335155092e-13
0.10052891014472326,6.681322162194192e-13
0.11293913815718663,2.787770014833768e-12
0.1268814006769336,1.1182055281722114e-11
0.14254482635890514,4.3121284321046005e-11
0.16014189166643014,1.5987622337121365e-10
0.17991130314285533,5.699277716431084e-10
0.2021212354977168,1.9535385531455063e-09
0.2270729694325259,6.438946154041503e-09
0.2551049785537617,2.0409146705979708e-08
0.28659752081259104,6.221300319353418e-08
0.3219777967548112,1.823960671387681e-07
0.36172574455336326,5.143544509200737e-07
0.4063805504338082,1.3952768956881911e-06
0.45654796280755766,3.641255351016781e-06
0.5129085093300529,9.142837190667663e-06
0.5762267283493882,2.2090275422548267e-05
0.6473615399712076,5.136511914582975e-05
0.7272778974247632,0.00011495967986885347
0.8170598767824696,0.0002476869555813055
0.9179253825967483,0.0005138301567843007
1.0312426689380967,0.0010265566002999327
1.1585488999444697,0.0019755678251898168
1.3015710016583038,0.0036631790866835656
1.4622490880091454,0.006546473857456658
1.6427627787184707,0.011279308820108858
1.8455607661325835,0.018743271811945017
2.0733940320616497,0.03005251387507868
2.329353165215711,0.04651568618962887
2.6169102854537,0.06954121623751752
2.9399661435534976,0.1004813306674106
3.3029030354176987,0.14042522737184915
3.710644248503383,0.18996970332708185
4.168720846874621,0.24901106884561908
4.683346700825936,0.3166090823658092
5.261502778863538,0.3909671151719092
5.911031845476362,0.4695518676786492
6.64074484928479,0.5493449314559604
7.4605404447366075,0.6271859389595735
8.381539268677866,0.7001431471558656
9.416234793278331,0.7658399750740228
10.578662801651687,0.8226777418651816
11.884591785129816,0.8699216686637496
13.351736844955687,0.9076503220026413
15.0,0.936597944584971
