SA(1.0s) [g],Complete_damage
0.05000000000000001,1.5432100042289676e-14
0.056172467201025755,7.127631818093505e-14
0.06310692142900626,3.157474282033945e-13
0.07089742948257126,1.344369060518602e-12
0.07964967064493539,5.502820421554588e-12
0.08948237023750269,2.1653900894591516e-11
0.10052891014472326,8.192257983097306e-11
0.11293913815718663,2.9799152034826193e-10
0.1268814006769336,1.0422176455193721e-09
0.14254482635890514,3.5050228275324002e-09
0.16014189166643014,1.1335130389866777e-08
0.17991130314285533,3.5252768371130117e-08
0.2021212354977168,1.0544385076194374e-07
0.2270729694325259,3.033498331417306e-07
0.2551049785537617,8.394543390410902e-07
0.28659752081259104,2.2347098963537704e-06
0.3219777967548112,5.723477505603647e-06
0.36172574455336326,1.4104644615930972e-05
0.4063805504338082,3.344886938283498e-05
0.45654796280755766,7.634446634363634e-05
0.5129085093300529,0.00016773239554201957
0.5762267283493882,0.0003547919348719786
0.6473615399712076,0.0007226547999593658
0.7272778974247632,0.0014176907281601148
0.8170598767824696,0.0026793553426901484
0.9179253825967483,0.0048797272322878005
1.0312426689380967,0.00856664862396117
1.1585488999444697,0.0145020133511079
1.3015710016583038,0.023682100358917824
1.4622490880091454,0.03732360065462226
1.6427627787184707,0.056799320610563475
1.8455607661325835,0.0835134504907733
2.0733940320616497,0.1187184827138783
2.329353165215711,0.16329280250824096
2.6169102854537,0.2175154880250869
2.9399661435534976,0.280886944434785
3.3029030354176987,0.35204478430374375
3.710644248503383,0.42881066788617817
4.168720846874621,0.5083771574899211
4.683346700825936,0.5876106133329386
5.261502778863538,0.6634165911577026
5.911031845476362,0.733097652062314
6.64074484928479,0.7946355247849046
7.4605404447366075,0.8468494809153422
8.381539268677866,0.8894139360119411
9.416234793278331,0.9227507326423968
10.578662801651687,0.9478358944063816
11.884591785129816,0.9659712523864661
13.351736844955687,0.9785677981982451
15.0,0.9869738649585341
