SA(0.6s) [g],Loss_ratio
0.05000000000000001,0.00022252521760671404
0.056172467201025755,0.0003329301091090914
0.06310692142900626,0.00049369127473428
0.07089742948257126,0.0007253714000232217
0.07964967064493539,0.0010556134244652147
0.08948237023750269,0.0015209385537258342
0.10052891014472326,0.0021687996795315954
0.11293913815718663,0.0030599665170578847
0.1268814006769336,0.004271448328502705
0.14254482635890514,0.005900366384304315
0.16014189166643014,0.008069451627314128
0.17991130314285533,0.010935094162689202
0.2021212354977168,0.014698975452086298
0.2270729694325259,0.01962407047216646
0.2551049785537617,0.02605497831001675
0.28659752081259104,0.03444092761229033
0.3219777967548112,0.04535737574357809
0.36172574455336326,0.0595191701611988
0.4063805504338082,0.07777551882563405
0.45654796280755766,0.10107574353967193
0.5129085093300529,0.1303964293964544
0.5762267283493882,0.16662632267730343
0.6473615399712076,0.21041534713397042
0.7272778974247632,0.2620068979856163
0.8170598767824696,0.3210847394797964
0.9179253825967483,0.38667273958914106
1.0312426689380967,0.45712301040047093
1.1585488999444697,0.5302138270100611
1.3015710016583038,0.6033549665920699
1.4622490880091454,0.673870968351386
1.6427627787184707,0.7393107960587152
1.8455607661325835,0.7977232567852891
2.0733940320616497,0.8478450235367953
2.329353165215711,0.8891701367300315
2.6169102854537,0.9218991966079189
2.9399661435534976,0.9467936543821683
3.3029030354176987,0.9649777292161923
3.710644248503383,0.9777339267687524
4.168720846874621,0.9863293812371396
4.683346700825936,0.9918943993460068
5.261502778863538,0.9953578279244881
5.911031845476362,0.9974310284276835
6.64074484928479,0.9986255343608511
7.4605404447366075,0.9992885531696349
8.381539268677866,0.999643440166016
9.416234793278331,0.9998268258211013
10.578662801651687,0.9999184201851805
11.884591785129816,0.9999626920845821
13.351736844955687,0.9999834247199122
15.0,0.9999928416709797
