SA(0.6s) [g],Loss_ratio
0.05000000000000001,1.8585816883426663e-06
0.056172467201025755,3.4500607161699945e-06
0.06310692142900626,6.301417508553579e-06
0.07089742948257126,1.1324939710972844e-05
0.07964967064493539,2.0028442349376274e-05
0.08948237023750269,3.485893087873664e-05
0.10052891014472326,5.971792460927118e-05
0.11293913815718663,0.00010072394664659013
0.1268814006769336,0.00016733511717963295
0.14254482635890514,0.0002740149990181228
0.16014189166643014,0.0004427638430200491
0.17991130314285533,0.0007071079834728738
0.2021212354977168,0.0011186312575046922
0.2270729694325259,0.0017579283807414936
0.2551049785537617,0.002752950628159324
0.28659752081259104,0.004308821516528361
0.3219777967548112,0.006753556575842793
0.36172574455336326,0.010602331846400198
0.4063805504338082,0.01663721226585457
0.45654796280755766,0.025988269099088218
0.5129085093300529,0.04018661402314652
0.5762267283493882,0.061144826263794944
0.6473615399712076,0.09101480984109489
0.7272778974247632,0.13188854504505815
0.8170598767824696,0.1853504325237107
0.9179253825967483,0.2519554976927061
1.0312426689380967,0.3307731227119712
1.1585488999444697,0.4191666321429514
1.3015710016583038,0.5129447515207115
1.4622490880091454,0.606916943307688
1.6427627787184707,0.6957435868344779
1.8455607661325835,0.7748545354626099
2.0733940320616497,0.8411740058666876
2.329353165215711,0.8934576275649339
2.6169102854537,0.932188667571455
2.9399661435534976,0.9591290893279845
3.3029030354176987,0.9767129477926186
3.710644248503383,0.9874758166156635
4.168720846874621,0.9936504266925501
4.683346700825936,0.9969689428018583
5.261502778863538,0.9986390187843939
5.911031845476362,0.9994257191604818
6.64074484928479,0.9997724580060863
7.4605404447366075,0.9999154032129456
8.381539268677866,0.9999705065583989
9.416234793278331,0.9999903632557808
10.578662801651687,0.9999970504985753
11.884591785129816,0.9999991547537334
13.351736844955687,0.9999997732969592
15.0,0.9999999431131865
