SA(1.0s) [g],Complete_damage
0.05000000000000001,1.1102230246251565e-16
0.056172467201025755,7.771561172376096e-16
0.06310692142900626,4.551914400963142e-15
0.07089742948257126,2.5424107263916085e-14
0.07964967064493539,1.368904989362818e-13
0.08948237023750269,7.001066393286237e-13
0.10052891014472326,3.4120484215804936e-12
0.11293913815718663,1.5838552691604946e-11
0.1268814006769336,7.003231328184256e-11
0.14254482635890514,2.9498137266159574e-10
0.16014189166643014,1.1836815971832948e-09
0.17991130314285533,4.525341434913344e-09
0.2021212354977168,1.6484637987979056e-08
0.2270729694325259,5.7221353544356646e-08
0.2551049785537617,1.8929124756539295e-07
0.28659752081259104,5.968212234419568e-07
0.3219777967548112,1.7937096031817035e-06
0.36172574455336326,5.1394060734955005e-06
0.4063805504338082,1.4040812677085235e-05
0.45654796280755766,3.658166610587266e-05
0.5129085093300529,9.090945978440512e-05
0.5762267283493882,0.0002155370346536012
0.6473615399712076,0.0004876485558911181
0.7272778974247632,0.0010531331204879368
0.8170598767824696,0.002171632964526382
0.9179253825967483,0.004277314744192462
1.0312426689380967,0.008050355180476698
1.1585488999444697,0.014485114977217717
1.3015710016583038,0.02493028731791802
1.4622490880091454,0.04106798147518853
1.6427627787184707,0.06479865912975724
1.8455607661325835,0.09801270318789657
2.0733940320616497,0.14225895426277435
2.329353165215711,0.19836044892262894
2.6169102854537,0.26606466583758204
2.9399661435534976,0.34383257526254696
3.3029030354176987,0.4288540449741167
3.710644248503383,0.517324917394995
4.168720846874621,0.6049473986990996
4.683346700825936,0.6875463087069933
5.261502778863538,0.7616562707018705
5.911031845476362,0.8249444092540728
6.64074484928479,0.876385650810868
7.4605404447366075,0.9161820573103849
8.381539268677866,0.9454855548297496
9.416234793278331,0.9660226071197562
10.578662801651687,0.9797219474068314
11.884591785129816,0.9884196372376335
13.351736844955687,0.9936755808764618
15.0,0.9966985922804056
