SA(0.3s) [g],Complete_damage
0.05000000000000001,7.114215039294436e-08
0.056172467201025755,1.7036815436188846e-07
0.06310692142900626,3.976429027163775e-07
0.07089742948257126,9.046104533227961e-07
0.07964967064493539,2.0059278098560895e-06
0.08948237023750269,4.335886383155518e-06
0.10052891014472326,9.136396152298332e-06
0.11293913815718663,1.8768696278481656e-05
0.1268814006769336,3.759114788104423e-05
0.14254482635890514,7.341117834547273e-05
0.16014189166643014,0.00013979761119897738
0.17991130314285533,0.00025961955947728654
0.2021212354977168,0.0004702383528123466
0.2270729694325259,0.0008307851158340096
0.2551049785537617,0.001431861761179487
0.28659752081259104,0.0024077541106752864
0.3219777967548112,0.003950796338236251
0.36172574455336326,0.006326857295675503
0.4063805504338082,0.009890065853590091
0.45654796280755766,0.015093964530461856
0.5129085093300529,0.02249547522849471
0.5762267283493882,0.032747647234179666
0.6473615399712076,0.046577431071698094
0.7272778974247632,0.0647459244766665
0.8170598767824696,0.08799075975073434
0.9179253825967483,0.11695339537495797
1.0312426689380967,0.15209760277532292
1.1585488999444697,0.19362870947171285
1.3015710016583038,0.24142534689990391
1.4622490880091454,0.2949957955400495
1.6427627787184707,0.3534690584928629
1.8455607661325835,0.41562655116151936
2.0733940320616497,0.4799743598904188
2.329353165215711,0.5448494771720842
2.6169102854537,0.6085476051751016
2.9399661435534976,0.6694563010336186
3.3029030354176987,0.7261762782193216
3.710644248503383,0.7776157978975564
4.168720846874621,0.8230477989433962
4.683346700825936,0.8621256723928383
5.261502778863538,0.8948600481893485
5.911031845476362,0.9215643531520729
6.64074484928479,0.9427803065984875
7.4605404447366075,0.9591955706365036
8.381539268677866,0.9715646455144168
9.416234793278331,0.9806413996638234
10.578662801651687,0.9871281609100172
11.884591785129816,0.9916428642600913
13.351736844955687,0.9947029561324763
15.0,0.9967229201169523
