SA(1.0s) [g],Complete_damage
0.05000000000000001,2.7478219699617057e-10
0.056172467201025755,6.376649208661433e-10
0.06310692142900626,1.4541410298107849e-09
0.07089742948257126,3.2586500164910603e-09
0.07964967064493539,7.176186977986276e-09
0.08948237023750269,1.5530402741603666e-08
0.10052891014472326,3.3030352120100304e-08
0.11293913815718663,6.903896876409021e-08
0.1268814006769336,1.418194019997543e-07
0.14254482635890514,2.863172584577356e-07
0.16014189166643014,5.681209997998593e-07
0.17991130314285533,1.1079680095615885e-06
0.2021212354977168,2.1238265922596256e-06
0.2270729694325259,4.00156214563907e-06
0.2551049785537617,7.410932952978122e-06
0.28659752081259104,1.3491620564631823e-05
0.3219777967548112,2.4144568496198282e-05
0.36172574455336326,4.247723274508619e-05
0.4063805504338082,7.346712345834838e-05
0.45654796280755766,0.0001249251580994759
0.5129085093300529,0.00020885666991432572
0.5762267283493882,0.00034332982893792163
0.6473615399712076,0.0005549635602358771
0.7272778974247632,0.0008821331278882072
0.8170598767824696,0.0013789537902331173
0.9179253825967483,0.0021200338805018593
1.0312426689380967,0.0032058827838441495
1.1585488999444697,0.004768715201925899
1.3015710016583038,0.006978216168435192
1.4622490880091454,0.010046635837239304
1.6427627787184707,0.014232393724469161
1.8455607661325835,0.019841223261629293
2.0733940320616497,0.027223820481054872
2.329353165215711,0.03676901780248665
2.6169102854537,0.04889172049383006
2.9399661435534976,0.06401523789449604
3.3029030354176987,0.08254820622388515
3.710644248503383,0.10485699431322404
4.168720846874621,0.13123523325440178
4.683346700825936,0.16187281240746776
5.261502778863538,0.19682721841346285
5.911031845476362,0.23600034545219584
6.64074484928479,0.27912378492817536
7.4605404447366075,0.3257550698553642
8.381539268677866,0.3752864253592587
9.416234793278331,0.4269663516621661
10.578662801651687,0.4799329888299847
11.884591785129816,0.5332568708223906
13.351736844955687,0.5859895649226118
15.0,0.6372139795483154
