SA(1.0s) [g],Loss_ratio
0.05000000000000001,7.688244767701844e-09
0.056172467201025755,2.8558608473890666e-08
0.06310692142900626,9.893318918342877e-08
0.07089742948257126,3.197219769721387e-07
0.07964967064493539,9.642321212887717e-07
0.08948237023750269,2.714881670302084e-06
0.10052891014472326,7.140002527000096e-06
0.11293913815718663,1.7550492519293097e-05
0.1268814006769336,4.03507971372569e-05
0.14254482635890514,8.685620790834257e-05
0.16014189166643014,0.0001752542368422857
0.17991130314285533,0.00033201402024111477
0.2021212354977168,0.000591845542338634
0.2270729694325259,0.0009956852383930016
0.2551049785537617,0.0015875001471571141
0.28659752081259104,0.0024129709464422067
0.3219777967548112,0.003525799035145314
0.36172574455336326,0.005009574882300142
0.4063805504338082,0.007024054560464875
0.45654796280755766,0.0098839131426624
0.5129085093300529,0.014174888345843522
0.5762267283493882,0.020904185848882272
0.6473615399712076,0.03166400471850689
0.7272778974247632,0.04875428542810406
0.8170598767824696,0.07516708281141746
0.9179253825967483,0.11430315875333566
1.0312426689380967,0.16931538386622516
1.1585488999444697,0.242097453784696
1.3015710016583038,0.33215731241471946
1.4622490880091454,0.43583664620814044
1.6427627787184707,0.5463866143799638
1.8455607661325835,0.6551474422116842
2.0733940320616497,0.753560397314557
2.329353165215711,0.8352558923864801
2.6169102854537,0.8973587967617709
2.9399661435534976,0.9405438058170995
3.3029030354176987,0.9680097064743367
3.710644248503383,0.9840016039420246
4.168720846874621,0.9925450875200019
4.683346700825936,0.9967492266391895
5.261502778863538,0.9986656381355989
5.911031845476362,0.9994809029341335
6.64074484928479,0.9998073863363909
7.4605404447366075,0.9999315251649554
8.381539268677866,0.9999766445427279
9.416234793278331,0.9999923711133599
10.578662801651687,0.9999976235764336
11.884591785129816,0.9999992977113
13.351736844955687,0.999999804089672
15.0,0.9999999486258363
