PGA [g],Complete_damage
0.05000000000000001,1.4488842980941996e-07
0.056172467201025755,4.558695008149982e-07
0.06310692142900626,1.3686790422129391e-06
0.07089742948257126,3.921680893248514e-06
0.07964967064493539,1.0725413247425486e-05
0.08948237023750269,2.800243258282986e-05
0.10052891014472326,6.980628282982071e-05
0.11293913815718663,0.00016618695601988698
0.1268814006769336,0.0003779207411116481
0.14254482635890514,0.0008211385576586405
0.16014189166643014,0.001705177492756338
0.17991130314285533,0.003385346556002422
0.2021212354977168,0.006428068308415358
0.2270729694325259,0.011678553005854075
0.2551049785537617,0.020311611366203075
0.28659752081259104,0.0338372655494954
0.3219777967548112,0.05402931434375491
0.36172574455336326,0.0827524045865502
0.4063805504338082,0.12168476634837655
0.45654796280755766,0.1719675455774905
0.5129085093300529,0.2338484765628992
0.5762267283493882,0.3064128634736418
0.6473615399712076,0.38749392269705907
0.7272778974247632,0.4738205024288009
0.8170598767824696,0.5613992880222991
0.9179253825967483,0.6460601278785275
1.0312426689380967,0.724042327593309
1.1585488999444697,0.792486678974687
1.3015710016583038,0.8497279028364623
1.4622490880091454,0.8953430734559946
1.6427627787184707,0.9299799480927586
1.8455607661325835,0.9550408663683607
2.0733940320616497,0.9723184903829278
2.329353165215711,0.9836685897093792
2.6169102854537,0.9907732569062291
2.9399661435534976,0.9950108188550923
3.3029030354176987,0.9974191511909708
3.710644248503383,0.9987233523505064
4.168720846874621,0.999396329487672
4.683346700825936,0.9997272192561735
5.261502778863538,0.999882241273919
5.911031845476362,0.9999514451073682
6.64074484928479,0.9999808820921684
7.4605404447366075,0.9999928132493417
8.381539268677866,0.999997421090854
9.416234793278331,0.9999991167472682
10.578662801651687,0.999999711317495
11.884591785129816,0.9999999099695399
13.351736844955687,0.9999999732117577
15.0,0.9999999923960105
