PGA [g],Complete_damage
0.05000000000000001,3.5144684495946876e-08
0.056172467201025755,1.1321934445529536e-07
0.06310692142900626,3.4887292488239297e-07
0.07089742948257126,1.0283580639258716e-06
0.07964967064493539,2.9000234186282725e-06
0.08948237023750269,7.825169144881627e-06
0.10052891014472326,2.0206089437868613e-05
0.11293913815718663,4.993849380419135e-05
0.1268814006769336,0.00011814890728767402
0.14254482635890514,0.000267639945149889
0.16014189166643014,0.0005806250836996041
0.17991130314285533,0.0012066283622648166
0.2021212354977168,0.0024027464672837784
0.2270729694325259,0.0045860609946256625
0.2551049785537617,0.008393242071711438
0.28659752081259104,0.014735383754863496
0.3219777967548112,0.02482823097780651
0.36172574455336326,0.04017217378456861
0.4063805504338082,0.06245682798949226
0.45654796280755766,0.09337548443069343
0.5129085093300529,0.13435635941679025
0.5762267283493882,0.18624685722808065
0.6473615399712076,0.24901518036341708
0.7272778974247632,0.32154880182866385
0.8170598767824696,0.4016214869828272
0.9179253825967483,0.48606682019285585
1.0312426689380967,0.5711440154557755
1.1585488999444697,0.6530276150865455
1.3015710016583038,0.7283158172327039
1.4622490880091454,0.794446519666455
1.6427627787184707,0.8499378975492481
1.8455607661325835,0.8944208888628322
2.0733940320616497,0.9284858960778107
2.329353165215711,0.9534070942736239
2.6169102854537,0.9708241674842482
2.9399661435534976,0.9824527595619973
3.3029030354176987,0.9898696976851334
3.710644248503383,0.9943889603324231
4.168720846874621,0.9970195659603527
4.683346700825936,0.9984823794599149
5.261502778863538,0.999259461776997
5.911031845476362,0.9996538189380013
6.64074484928479,0.9998450052721055
7.4605404447366075,0.9999335511049378
8.381539268677866,0.9999727273960666
9.416234793278331,0.9999892859401748
10.578662801651687,0.9999959719088255
11.884591785129816,0.9999985508983693
13.351736844955687,0.9999995012352323
15.0,0.9999998357751887
