PGA [g],Loss_ratio
0.05000000000000001,2.3834079768618997e-08
0.056172467201025755,5.1957734579710066e-08
0.06310692142900626,1.1113112201640882e-07
0.07089742948257126,2.3322048141750137e-07
0.07964967064493539,4.802372438426285e-07
0.08948237023750269,9.703239348031112e-07
0.10052891014472326,1.9238181730625257e-06
0.11293913815718663,3.742944786474613e-06
0.1268814006769336,7.146311409649536e-06
0.14254482635890514,1.3390227757415696e-05
0.16014189166643014,2.4623594126186306e-05
0.17991130314285533,4.44420467472898e-05
0.2021212354977168,7.872984593442197e-05
0.2270729694325259,0.00013690310003954857
0.2551049785537617,0.00023369204450701615
0.28659752081259104,0.0003916177091494893
0.3219777967548112,0.0006443213847269284
0.36172574455336326,0.001040883586095331
0.4063805504338082,0.0016512112581198626
0.45654796280755766,0.00257246717564125
0.5129085093300529,0.003936357100320713
0.5762267283493882,0.005916879063016493
0.6473615399712076,0.008737887061284144
0.7272778974247632,0.012679553920841816
0.8170598767824696,0.018082573818862854
0.9179253825967483,0.02534877231525454
1.0312426689380967,0.034936741001657536
1.1585488999444697,0.0473512272923644
1.3015710016583038,0.06312531182725797
1.4622490880091454,0.08279489732333024
1.6427627787184707,0.10686569257001416
1.8455607661325835,0.13577367003753554
2.0733940320616497,0.1698408709482484
2.329353165215711,0.20922939775885468
2.6169102854537,0.25389743325441316
2.9399661435534976,0.3035620792247228
3.3029030354176987,0.3576745518540565
3.710644248503383,0.4154135280461691
4.168720846874621,0.4757018417440958
4.683346700825936,0.5372499342653447
5.261502778863538,0.5986263134552303
5.911031845476362,0.6583509994224008
6.64074484928479,0.7150032388755891
7.4605404447366075,0.7673307716665043
8.381539268677866,0.8143458695216913
9.416234793278331,0.855394170704919
10.578662801651687,0.890186226979463
11.884591785129816,0.9187879730075911
13.351736844955687,0.9415735572990318
15.0,0.9591503354640852
