PGA [g],Loss_ratio
0.05000000000000001,1.2611264776411893e-07
0.056172467201025755,2.4525073043445866e-07
0.06310692142900626,4.7000147093271344e-07
0.07089742948257126,8.878352907620314e-07
0.07964967064493539,1.653505499084218e-06
0.08948237023750269,3.036692547204054e-06
0.10052891014472326,5.500265855260594e-06
0.11293913815718663,9.826572686128456e-06
0.1268814006769336,1.731748797620811e-05
0.14254482635890514,3.0105219954560253e-05
0.16014189166643014,5.162543204474185e-05
0.17991130314285533,8.732206537534872e-05
0.2021212354977168,0.00014567351934171153
0.2270729694325259,0.00023965056594251662
0.2551049785537617,0.0003887338804111852
0.28659752081259104,0.0006216276952173737
0.3219777967548112,0.0009797980604598713
0.36172574455336326,0.0015219300900039217
0.4063805504338082,0.002329328469355234
0.45654796280755766,0.003512171056811405
0.5129085093300529,0.005216362769820168
0.5762267283493882,0.007630530131791843
0.6473615399712076,0.010992460864174335
0.7272778974247632,0.015594055487138554
0.8170598767824696,0.02178365870528983
0.9179253825967483,0.02996452467890175
1.0312426689380967,0.04058818910474965
1.1585488999444697,0.0541417088071372
1.3015710016583038,0.07112810230468983
1.4622490880091454,0.09203987230368482
1.6427627787184707,0.11732617793995256
1.8455607661325835,0.14735499939430852
2.0733940320616497,0.18237244562738986
2.329353165215711,0.22246214865518363
2.6169102854537,0.2675084179425948
2.9399661435534976,0.31716742895845085
3.3029030354176987,0.37085107097417297
3.710644248503383,0.42772798634330034
4.168720846874621,0.4867455447945942
4.683346700825936,0.5466747800638435
5.261502778863538,0.606177593448725
5.911031845476362,0.6638920145152476
6.64074484928479,0.7185275869320346
7.4605404447366075,0.7689599056148605
8.381539268677866,0.8143119353174032
9.416234793278331,0.8540106964569206
10.578662801651687,0.887811340690703
11.884591785129816,0.9157859598170528
13.351736844955687,0.9382804670900174
15.0,0.9558480960091035
