SA(1.0s) [g],Loss_ratio
0.05000000000000001,5.379403516739273e-07
0.056172467201025755,1.0667967911583263e-06
0.06310692142900626,2.0930860573012943e-06
0.07089742948257126,4.0747570237489965e-06
0.07964967064493539,7.896530089228751e-06
0.08948237023750269,1.5282796713988084e-05
0.10052891014472326,2.962101258433196e-05
0.11293913815718663,5.759595384380435e-05
0.1268814006769336,0.00011239470585206913
0.14254482635890514,0.0002198694176906544
0.16014189166643014,0.0004300509924365003
0.17991130314285533,0.0008378160563282235
0.2021212354977168,0.0016180422331808011
0.2270729694325259,0.0030813251075632077
0.2551049785537617,0.005754430918517111
0.28659752081259104,0.010482531847632141
0.3219777967548112,0.01853578989155739
0.36172574455336326,0.031681840510995055
0.4063805504338082,0.05216484790932016
0.45654796280755766,0.0825245471696914
0.5129085093300529,0.12521139010416077
0.5762267283493882,0.18201576002705522
0.6473615399712076,0.2534200029354492
0.7272778974247632,0.3380665210641727
0.8170598767824696,0.43256337365275266
0.9179253825967483,0.5317827344791939
1.0312426689380967,0.6296514318612818
1.1585488999444697,0.7202445952054488
1.3015710016583038,0.7988621103648769
1.4622490880091454,0.8627639057867629
1.6427627787184707,0.9113714908742674
1.8455607661325835,0.9459456542494883
2.0733940320616497,0.9689257109119989
2.329353165215711,0.9831895989510857
2.6169102854537,0.9914536699917966
2.9399661435534976,0.9959210651272801
3.3029030354176987,0.9981738245130166
3.710644248503383,0.9992334239408096
4.168720846874621,0.9996983490914612
4.683346700825936,0.9998887115713267
5.261502778863538,0.9999614876310701
5.911031845476362,0.9999874881128251
6.64074484928479,0.9999961792464164
7.4605404447366075,0.9999989015758405
8.381539268677866,0.9999997021357496
9.416234793278331,0.9999999236466992
10.578662801651687,0.9999999814574541
11.884591785129816,0.9999999957247204
13.351736844955687,0.9999999990624654
15.0,0.9999999998042173
