SA(1.0s) [g],Loss_ratio
0.05000000000000001,1.767452553382534e-08
0.056172467201025755,4.818621427656494e-08
0.06310692142900626,1.2733862004595153e-07
0.07089742948257126,3.2619999742342636e-07
0.07964967064493539,8.100662373334399e-07
0.08948237023750269,1.9502867674619995e-06
0.10052891014472326,4.552489605393649e-06
0.11293913815718663,1.0304005042673598e-05
0.1268814006769336,2.261554523216177e-05
0.14254482635890514,4.813853484935292e-05
0.16014189166643014,9.938216394613884e-05
0.17991130314285533,0.00019902304080023905
0.2021212354977168,0.0003866627416649088
0.2270729694325259,0.0007288798834856329
0.2551049785537617,0.0013333420466667954
0.28659752081259104,0.002367358980300768
0.3219777967548112,0.004080443450421991
0.36172574455336326,0.006829128285689523
0.4063805504338082,0.011100528888873595
0.45654796280755766,0.017529208542546446
0.5129085093300529,0.026900311979930553
0.5762267283493882,0.040131389905969705
0.6473615399712076,0.05822658178195945
0.7272778974247632,0.08220033908903926
0.8170598767824696,0.11297354463403324
0.9179253825967483,0.1512517527158293
1.0312426689380967,0.1974015442884527
1.1585488999444697,0.251344488989689
1.3015710016583038,0.3124872856104523
1.4622490880091454,0.379701222841158
1.6427627787184707,0.4513561284609737
1.8455607661325835,0.5254067576476862
2.0733940320616497,0.5995257120213427
2.329353165215711,0.6712761394375693
2.6169102854537,0.7383158896330967
2.9399661435534976,0.7986179929487398
3.3029030354176987,0.8506796869944758
3.710644248503383,0.8936799190957756
4.168720846874621,0.9275437861521046
4.683346700825936,0.9528890877531915
5.261502778863538,0.9708622017526423
5.911031845476362,0.9829043710157439
6.64074484928479,0.9905088290867713
7.4605404447366075,0.9950250827883302
8.381539268677866,0.9975429327883337
9.416234793278331,0.9988585700515756
10.578662801651687,0.9995020199014426
11.884591785129816,0.999796240148533
13.351736844955687,0.9999218989488015
15.0,0.9999719857091548
