SA(0.3s) [g],Complete_damage
0.05000000000000001,1.887379141862766e-15
0.056172467201025755,1.7985612998927536e-14
0.06310692142900626,1.5698553568199713e-13
0.07089742948257126,1.2644330027455908e-12
0.07964967064493539,9.398148925754413e-12
0.08948237023750269,6.444733635646571e-11
0.10052891014472326,4.0780523402617064e-10
0.11293913815718663,2.3814804572808157e-09
0.1268814006769336,1.2836880336486445e-08
0.14254482635890514,6.388084916597592e-08
0.16014189166643014,2.935431339112782e-07
0.17991130314285533,1.2458543743321115e-06
0.2021212354977168,4.885126713927157e-06
0.2270729694325259,1.7702497633442782e-05
0.2551049785537617,5.930642457308011e-05
0.28659752081259104,0.0001837644163789065
0.3219777967548112,0.0005269004615443551
0.36172574455336326,0.0013988008175638278
0.4063805504338082,0.0034406613445278067
0.45654796280755766,0.007847687280345794
0.5129085093300529,0.016614201146504692
0.5762267283493882,0.03268625405301051
0.6473615399712076,0.05984314657505663
0.7272778974247632,0.10213474623788033
0.8170598767824696,0.16283553631744763
0.9179253825967483,0.24313293648617773
1.0312426689380967,0.34103144834730903
1.1585488999444697,0.45103800171644703
1.3015710016583038,0.5649656468530913
1.4622490880091454,0.6737102840244908
1.6427627787184707,0.7693756304140817
1.8455607661325835,0.8469412495915393
2.0733940320616497,0.9049043057189504
2.329353165215711,0.944825185619007
2.6169102854537,0.9701656758683027
2.9399661435534976,0.9849906895596426
3.3029030354176987,0.9929842327656956
3.710644248503383,0.9969565734028579
4.168720846874621,0.9987759190877212
4.683346700825936,0.9995438887464794
5.261502778863538,0.9998426548791978
5.911031845476362,0.9999497760653647
6.64074484928479,0.9999851736960464
7.4605404447366075,0.9999959538711198
8.381539268677866,0.9999989795867077
9.416234793278331,0.9999997622569418
10.578662801651687,0.9999999488414623
11.884591785129816,0.99999998983506
13.351736844955687,0.999999998135432
15.0,0.9999999996843112
