SA(1.0s) [g],Loss_ratio
0.05000000000000001,1.3084582969651098e-07
0.056172467201025755,3.266231183941981e-07
0.06310692142900626,7.918076448687334e-07
0.07089742948257126,1.8645306087759704e-06
0.07964967064493539,4.2663697985636465e-06
0.08948237023750269,9.492392387288026e-06
0.10052891014472326,2.055994238583899e-05
0.11293913815718663,4.343305998340594e-05
0.1268814006769336,8.97489377444668e-05
0.14254482635890514,0.00018213479681198011
0.16014189166643014,0.00036477805180454975
0.17991130314285533,0.0007245084053880194
0.2021212354977168,0.0014317960000881289
0.2270729694325259,0.002815953137593937
0.2551049785537617,0.0054908449465216735
0.28659752081259104,0.010538787116873685
0.3219777967548112,0.019730589490387748
0.36172574455336326,0.035703554383099065
0.4063805504338082,0.061950602775222116
0.45654796280755766,0.10243752934162734
0.5129085093300529,0.1607283136039277
0.5762267283493882,0.2387033806130741
0.6473615399712076,0.3352551296984077
0.7272778974247632,0.445570887295269
0.8170598767824696,0.5615515783129357
0.9179253825967483,0.673477482670108
1.0312426689380967,0.7724013346861995
1.1585488999444697,0.8523137484294305
1.3015710016583038,0.9112074003791807
1.4622490880091454,0.9507384000283812
1.6427627787184707,0.9748689948834736
1.8455607661325835,0.9882464226400235
2.0733940320616497,0.9949735242445401
2.329353165215711,0.998038793215311
2.6169102854537,0.9993031849658528
2.9399661435534976,0.9997749241526285
3.3029030354176987,0.9999340008952071
3.710644248503383,0.9999824527769429
4.168720846874621,0.999995774540931
4.683346700825936,0.9999990792779198
5.261502778863538,0.999999818608212
5.911031845476362,0.9999999677128174
6.64074484928479,0.9999999948108915
7.4605404447366075,0.9999999992473998
8.381539268677866,0.9999999999015464
9.416234793278331,0.9999999999883881
10.578662801651687,0.9999999999987658
11.884591785129816,0.9999999999998818
13.351736844955687,0.9999999999999898
15.0,0.9999999999999992
