SA(0.3s) [g],Loss_ratio
0.05000000000000001,1.606454435923018e-12
0.056172467201025755,8.363490455454695e-12
0.06310692142900626,4.1208089206341956e-11
0.07089742948257126,1.9216886040357706e-10
0.07964967064493539,8.482488109538043e-10
0.08948237023750269,3.544391716148428e-09
0.10052891014472326,1.4021072671662988e-08
0.11293913815718663,5.2515733177814665e-08
0.1268814006769336,1.862598352827147e-07
0.14254482635890514,6.256473997244901e-07
0.16014189166643014,1.990613046279071e-06
0.17991130314285533,6.000191624321661e-06
0.2021212354977168,1.7137531416691036e-05
0.2270729694325259,4.63907253122137e-05
0.2551049785537617,0.00011904789525708819
0.28659752081259104,0.00028969648646337694
0.3219777967548112,0.0006687091688625274
0.36172574455336326,0.0014647632693266888
0.4063805504338082,0.0030459579170049153
0.45654796280755766,0.0060162983406261104
0.5129085093300529,0.011293970253101882
0.5762267283493882,0.02016453306019198
0.6473615399712076,0.034271079036361535
0.7272778974247632,0.055502725996825805
0.8170598767824696,0.0857602522103422
0.9179253825967483,0.12661449884374534
1.0312426689380967,0.17891907843277127
1.1585488999444697,0.24247345697757
1.3015710016583038,0.3158357794405324
1.4622490880091454,0.39635270113731436
1.6427627787184707,0.480422534756314
1.8455607661325835,0.5639605579409851
2.0733940320616497,0.6429965154686966
2.329353165215711,0.7142918711033591
2.6169102854537,0.7758207722311566
2.9399661435534976,0.8269558331888875
3.3029030354176987,0.8682851784154564
3.710644248503383,0.9011437093783953
4.168720846874621,0.9270719234778162
4.683346700825936,0.9474224367526799
5.261502778863538,0.9632158677535306
5.911031845476362,0.9751990095622066
6.64074484928479,0.9839797664774523
7.4605404447366075,0.9901307627652758
8.381539268677866,0.9942207499935348
9.416234793278331,0.9967907406875655
10.578662801651687,0.998312885191375
11.884591785129816,0.9991614260837172
13.351736844955687,0.9996062990126127
15.0,0.9998255502618687
