SA(1.0s) [g],Loss_ratio
0.05000000000000001,9.218659536255361e-08
0.056172467201025755,2.9364021832888603e-07
0.06310692142900626,8.747033693707131e-07
0.07089742948257126,2.437593472713127e-06
0.07964967064493539,6.357722375265715e-06
0.08948237023750269,1.552742380788421e-05
0.10052891014472326,3.553155707423417e-05
0.11293913815718663,7.623575948606175e-05
0.1268814006769336,0.00015350234370317366
0.14254482635890514,0.0002903740328775034
0.16014189166643014,0.0005167588493716905
0.17991130314285533,0.0008667269335256095
0.2021212354977168,0.0013733086578791801
0.2270729694325259,0.0020622206323984787
0.2551049785537617,0.002947824313755091
0.28659752081259104,0.004036024038705731
0.3219777967548112,0.005339005211108768
0.36172574455336326,0.00690570135678975
0.4063805504338082,0.008870629490800173
0.45654796280755766,0.011523444916246546
0.5129085093300529,0.015401996170251243
0.5762267283493882,0.02140949087568634
0.6473615399712076,0.030945362852228972
0.7272778974247632,0.04601396965065464
0.8170598767824696,0.06923761983331612
0.9179253825967483,0.10366841618204695
1.0312426689380967,0.15230108184416272
1.1585488999444697,0.21727183166870775
1.3015710016583038,0.29889133251130773
1.4622490880091454,0.3948444143095431
1.6427627787184707,0.4999757008360161
1.8455607661325835,0.6069524808196249
2.0733940320616497,0.7077461920909488
2.329353165215711,0.7954616425214648
2.6169102854537,0.8658235302460116
2.9399661435534976,0.9177695824154726
3.3029030354176987,0.9530301380635198
3.710644248503383,0.9750278868312698
4.168720846874621,0.9876449579352173
4.683346700825936,0.9943059230645802
5.261502778863538,0.9975497894500108
5.911031845476362,0.9990119696842624
6.64074484928479,0.9996248534851037
7.4605404447366075,0.9998651518786155
8.381539268677866,0.9999538729448447
9.416234793278331,0.9999849256447839
10.578662801651687,0.9999952850973758
11.884591785129816,0.9999985894911729
13.351736844955687,0.999999597491218
15.0,0.9999998908605817
