SA(1.0s) [g],Loss_ratio
0.05000000000000001,6.617912116825474e-11
0.056172467201025755,2.1643473222241913e-10
0.06310692142900626,6.851010650355473e-10
0.07089742948257126,2.0990520031864456e-09
0.07964967064493539,6.225219825545225e-09
0.08948237023750269,1.787215196853272e-08
0.10052891014472326,4.9673779984537924e-08
0.11293913815718663,1.3367823700655834e-07
0.1268814006769336,3.483875487562638e-07
0.14254482635890514,8.795677254242798e-07
0.16014189166643014,2.152280766924241e-06
0.17991130314285533,5.108502813397252e-06
0.2021212354977168,1.1775232115887739e-05
0.2270729694325259,2.6403667999447682e-05
0.2551049785537617,5.77246501739009e-05
0.28659752081259104,0.0001233830323821942
0.3219777967548112,0.00025859764738437777
0.36172574455336326,0.0005328324077172754
0.4063805504338082,0.0010809512047690064
0.45654796280755766,0.002158575737562283
0.5129085093300529,0.004233321775507957
0.5762267283493882,0.008120019747226896
0.6473615399712076,0.015152475582048516
0.7272778974247632,0.027351231668902878
0.8170598767824696,0.047498718630652435
0.9179253825967483,0.07899000980765046
1.0312426689380967,0.12532912690562517
1.1585488999444697,0.1892323305602212
1.3015710016583038,0.2714924121225451
1.4622490880091454,0.3699867935989804
1.6427627787184707,0.4793333605410543
1.8455607661325835,0.591564342032513
2.0733940320616497,0.6977803262963092
2.329353165215711,0.79024958534377
2.6169102854537,0.8641414071911722
2.9399661435534976,0.9182347388974089
3.3029030354176987,0.954449615756964
3.710644248503383,0.9765886436376299
4.168720846874621,0.9889301651162916
4.683346700825936,0.9951962849035741
5.261502778863538,0.9980909161151492
5.911031845476362,0.9993064118104457
6.64074484928479,0.9997699973810539
7.4605404447366075,0.9999304758252751
8.381539268677866,0.9999808659617782
9.416234793278331,0.9999952103100265
10.578662801651687,0.9999989104254782
11.884591785129816,0.9999997749275961
13.351736844955687,0.9999999578098072
15.0,0.9999999928275399
