SA(1.0s) [g],Complete_damage
0.05000000000000001,8.330431899850055e-09
0.056172467201025755,1.646789227205403e-08
0.06310692142900626,3.2113196546390554e-08
0.07089742948257126,6.177466493895167e-08
0.07964967064493539,1.1722635473443432e-07
0.08948237023750269,2.1944978234600399e-07
0.10052891014472326,4.05272845172e-07
0.11293913815718663,7.383633980895254e-07
0.1268814006769336,1.3271237407908032e-06
0.14254482635890514,2.3533150237398104e-06
0.16014189166643014,4.117043132079168e-06
0.17991130314285533,7.106198574802214e-06
0.2021212354977168,1.2101698045663412e-05
0.2270729694325259,2.0334030364055344e-05
0.2551049785537617,3.371169896959625e-05
0.28659752081259104,5.5148083632161615e-05
0.3219777967548112,8.90197234804102e-05
0.36172574455336326,0.0001417954817427569
0.4063805504338082,0.00022288156493277533
0.45654796280755766,0.00034573059999076783
0.5129085093300529,0.0005292621645144324
0.5762267283493882,0.0007996352008122765
0.6473615399712076,0.001192397313684257
0.7272778974247632,0.0017550098419795157
0.8170598767824696,0.0025497091142052675
0.9179253825967483,0.003656612817544591
1.0312426689380967,0.005176916955621391
1.1585488999444697,0.007235956701207913
1.3015710016583038,0.009985829469638663
1.4622490880091454,0.013607209410866017
1.6427627787184707,0.01830993033414874
1.8455607661325835,0.024331891470481426
2.0733940320616497,0.031935860138879946
2.329353165215711,0.041403818083030286
2.6169102854537,0.053028630533767274
2.9399661435534976,0.06710300899357957
3.3029030354176987,0.08390598210359124
3.710644248503383,0.10368736633731679
4.168720846874621,0.12665101352711283
4.683346700825936,0.15293787248784385
5.261502778863538,0.18261010118635979
5.911031845476362,0.2156375695340873
6.64074484928479,0.2518880734590363
7.4605404447366075,0.2911224230969156
8.381539268677866,0.332995272512951
9.416234793278331,0.3770621441785327
10.578662801651687,0.4227926046981312
11.884591785129816,0.4695890190816756
13.351736844955687,0.5168098071104692
15.0,0.5637957051694741
