SA(1.0s) [g],Complete_damage
0.05000000000000001,5.0521328009978106e-08
0.056172467201025755,9.633800646113855e-08
0.06310692142900626,1.8121806932835938e-07
0.07089742948257126,3.36274249557178e-07
0.07964967064493539,6.15576074336488e-07
0.08948237023750269,1.111665276054552e-06
0.10052891014472326,1.980519845456996e-06
0.11293913815718663,3.481018896689392e-06
0.1268814006769336,6.036223530236917e-06
0.14254482635890514,1.0326813155270287e-05
0.16014189166643014,1.7430921987471315e-05
0.17991130314285533,2.9029468665231484e-05
0.2021212354977168,4.7701814775646945e-05
0.2270729694325259,7.734299919448517e-05
0.2551049785537617,0.0001237403915582691
0.28659752081259104,0.0001953535703506093
0.3219777967548112,0.0003043453375403127
0.36172574455336326,0.00046791238133636615
0.4063805504338082,0.0007099591486596779
0.45654796280755766,0.0010631456890455304
0.5129085093300529,0.0015713172795863706
0.5762267283493882,0.002292288622143923
0.6473615399712076,0.0033009073078829054
0.7272778974247632,0.004692260557595307
0.8170598767824696,0.00658481855323767
0.9179253825967483,0.009123232138233406
1.0312426689380967,0.01248043024028267
1.1585488999444697,0.016858603624101853
1.3015710016583038,0.022488628951294998
1.4622490880091454,0.029627493598460064
1.6427627787184707,0.038553338919939395
1.8455607661325835,0.04955785570129834
2.0733940320616497,0.06293594256013091
2.329353165215711,0.07897277019615045
2.6169102854537,0.09792866671181222
2.9399661435534976,0.12002252764683208
3.3029030354176987,0.14541472728418736
3.710644248503383,0.17419072921406542
4.168720846874621,0.20634672828438816
4.683346700825936,0.24177867266334352
5.261502778863538,0.2802758944578677
5.911031845476362,0.32152031621608324
6.64074484928479,0.36509181271266533
7.4605404447366075,0.41047982472777056
8.381539268677866,0.4571007913731683
9.416234793278331,0.5043204469695811
10.578662801651687,0.5514795769939137
11.884591785129816,0.5979214987917416
13.351736844955687,0.6430193665910435
15.0,0.6862014173436731
