SA(1.0s) [g],Complete_damage
0.05000000000000001,2.3092638912203256e-13
0.056172467201025755,1.2385648062718246e-12
0.06310692142900626,6.303513266914251e-12
0.07089742948257126,3.043876262154299e-11
0.07964967064493539,1.3946677146492448e-10
0.08948237023750269,6.063863855487739e-10
0.10052891014472326,2.502057672160163e-09
0.11293913815718663,9.79833914005468e-09
0.1268814006769336,3.642142887283484e-08
0.14254482635890514,1.2851605102337516e-07
0.16014189166643014,4.305318345165787e-07
0.17991130314285533,1.3694876502823305e-06
0.2021212354977168,4.136947892918741e-06
0.2270729694325259,1.1869785527807153e-05
0.2551049785537617,3.235394676182057e-05
0.28659752081259104,8.379617549181262e-05
0.3219777967548112,0.00020627024327124488
0.36172574455336326,0.0004827044225974575
0.4063805504338082,0.0010742156577844275
0.45654796280755766,0.0022741523175690004
0.5129085093300529,0.004581845620342362
0.5762267283493882,0.008789331367514475
0.6473615399712076,0.016061975519379268
0.7272778974247632,0.027979538106156387
0.8170598767824696,0.04649387801021909
0.9179253825967483,0.07376198275661028
1.0312426689380967,0.11183592240880169
1.1585488999444697,0.16223551289478788
1.3015710016583038,0.22548436968918195
1.4622490880091454,0.30073410222290176
1.6427627787184707,0.38560991487952023
1.8455607661325835,0.4763689148242264
2.0733940320616497,0.5683762107015113
2.329353165215711,0.6568025503716581
2.6169102854537,0.7373715226059766
2.9399661435534976,0.8069669556691967
3.3029030354176987,0.8639597985361329
3.710644248503383,0.9082070654118755
4.168720846874621,0.9407741580037178
4.683346700825936,0.9634988375982501
5.261502778863538,0.9785317314409351
5.911031845476362,0.9879595936806485
6.64074484928479,0.9935650300286294
7.4605404447366075,0.9967246212566528
8.381539268677866,0.9984130290156176
9.416234793278331,0.999268387970954
10.578662801651687,0.9996792005533058
11.884591785129816,0.9998662528039381
13.351736844955687,0.9999469959363344
15.0,0.9999800383117545
