SA(1.0s) [g],Complete_damage
0.05000000000000001,6.909162131307767e-11
0.056172467201025755,1.6217915899119362e-10
0.06310692142900626,3.7432856814234583e-10
0.07089742948257126,8.495807390929144e-10
0.07964967064493539,1.8960807368628707e-09
0.08948237023750269,4.161179067985188e-09
0.10052891014472326,8.980298393801434e-09
0.11293913815718663,1.905845370409054e-08
0.1268814006769336,3.977546902955709e-08
0.14254482635890514,8.163613374190248e-08
0.16014189166643014,1.6477763320477123e-07
0.17991130314285533,3.270940321931093e-07
0.2021212354977168,6.385809211417737e-07
0.2270729694325259,1.2261378881106566e-06
0.2551049785537617,2.3155521029494253e-06
0.28659752081259104,4.301047820565174e-06
0.3219777967548112,7.857997670113193e-06
0.36172574455336326,1.4121531248800778e-05
0.4063805504338082,2.4963145952794363e-05
0.45654796280755766,4.340911301559114e-05
0.5129085093300529,7.425816334727386e-05
0.5762267283493882,0.00012497067133465656
0.6473615399712076,0.00020691545402828915
0.7272778974247632,0.0003370703364263816
0.8170598767824696,0.0005402744831288775
0.9179253825967483,0.0008521186480767717
1.0312426689380967,0.0013225276673175523
1.1585488999444697,0.0020200315459774076
1.3015710016583038,0.0030366326813404676
1.4622490880091454,0.004493055709473004
1.6427627787184707,0.006544017047683592
1.8455607661325835,0.00938298445403618
2.0733940320616497,0.013245732142881828
2.329353165215711,0.018411861588829237
2.6169102854537,0.025203385586634597
2.9399661435534976,0.0339794987250972
3.3029030354176987,0.04512681209199576
3.710644248503383,0.059044632677553666
4.168720846874621,0.07612531788282118
4.683346700825936,0.09673030649739656
5.261502778863538,0.12116306528940568
5.911031845476362,0.14964081559588327
6.64074484928479,0.1822674211551336
7.4605404447366075,0.2190101285551318
8.381539268677866,0.2596828718062878
9.416234793278331,0.30393853234322366
10.578662801651687,0.35127188225400097
11.884591785129816,0.4010339834634682
13.351736844955687,0.45245767303595785
15.0,0.5046925783728615
