SA(1.0s) [g],Loss_ratio
0.05000000000000001,1.1462904024943356e-08
0.056172467201025755,2.7594202233113853e-08
0.06310692142900626,6.517247248554815e-08
0.07089742948257126,1.5150570890237666e-07
0.07964967064493539,3.4840587097454035e-07
0.08948237023750269,7.981377113784776e-07
0.10052891014472326,1.836821572762787e-06
0.11293913815718663,4.280618184820985e-06
0.1268814006769336,1.0147151064148667e-05
0.14254482635890514,2.442868412751964e-05
0.16014189166643014,5.925679979618034e-05
0.17991130314285533,0.00014310620741470802
0.2021212354977168,0.0003397016128435145
0.2270729694325259,0.0007837264122632667
0.2551049785537617,0.0017420818432602302
0.28659752081259104,0.0037077689192553335
0.3219777967548112,0.0075248462591994605
0.36172574455336326,0.014524390531530616
0.4063805504338082,0.026624075686921524
0.45654796280755766,0.04631692180865176
0.5129085093300529,0.07646578068400926
0.5762267283493882,0.11985001721910431
0.6473615399712076,0.17848995631482126
0.7272778974247632,0.252887635815354
0.8170598767824696,0.341422816794687
0.9179253825967483,0.44016879128679887
1.0312426689380967,0.5433000659864721
1.1585488999444697,0.6440656894096948
1.3015710016583038,0.7360757984536503
1.4622490880091454,0.8145059751468526
1.6427627787184707,0.8768451075826739
1.8455607661325835,0.9229944444674438
2.0733940320616497,0.9547775326028561
2.329353165215711,0.9751180386766439
2.6169102854537,0.9872014436481719
2.9399661435534976,0.9938576869375275
3.3029030354176987,0.9972544023673537
3.710644248503383,0.9988587074865782
4.168720846874621,0.9995594382613656
4.683346700825936,0.9998422654831756
5.261502778863538,0.9999476789905615
5.911031845476362,0.9999839370014074
6.64074484928479,0.9999954396660339
7.4605404447366075,0.9999988036837235
8.381539268677866,0.9999997102181093
9.416234793278331,0.9999999352259031
10.578662801651687,0.9999999866465296
11.884591785129816,0.9999999974623439
13.351736844955687,0.9999999995556524
15.0,0.9999999999283379
