SA(0.6s) [g],Complete_damage
0.05000000000000001,1.3988810110276972e-13
0.056172467201025755,1.0722533971829762e-12
0.06310692142900626,7.612910302157161e-12
0.07089742948257126,5.008027326169895e-11
0.07964967064493539,3.0527014249770446e-10
0.08948237023750269,1.7244858874221336e-09
0.10052891014472326,9.029360814594156e-09
0.11293913815718663,4.3827726114997745e-08
0.1268814006769336,1.9725013367111188e-07
0.14254482635890514,8.232940024166524e-07
0.16014189166643014,3.187627946932281e-06
0.17991130314285533,1.1451867927836368e-05
0.2021212354977168,3.818740800987097e-05
0.2270729694325259,0.00011823877254291126
0.2551049785537617,0.0003400808653846177
0.28659752081259104,0.0009090860278168078
0.3219777967548112,0.002259873411255331
0.36172574455336326,0.005227831133484129
0.4063805504338082,0.011263558697236054
0.45654796280755766,0.02262422789150209
0.5129085093300529,0.04241586007076015
0.5762267283493882,0.07432856699831591
0.6473615399712076,0.12195530225779039
0.7272778974247632,0.18774286401093754
0.8170598767824696,0.27185199103394364
0.9179253825967483,0.3713808977406552
1.0312426689380967,0.48038990923671676
1.1585488999444697,0.5908951268832792
1.3015710016583038,0.6945788074227408
1.4622490880091454,0.7846208121682996
1.6427627787184707,0.8569955153482263
1.8455607661325835,0.910839222511682
2.0733940320616497,0.9479149028279789
2.329353165215711,0.9715440850709122
2.6169102854537,0.9854824838881169
2.9399661435534976,0.9930924168862829
3.3029030354176987,0.9969379054856339
3.710644248503383,0.9987364610124233
4.168720846874621,0.999515029033676
4.683346700825936,0.9998269670537281
5.261502778863538,0.9999426415559386
5.911031845476362,0.9999823426961958
6.64074484928479,0.9999949540778251
7.4605404447366075,0.9999986618662013
8.381539268677866,0.9999996707890011
9.416234793278331,0.9999999248802555
10.578662801651687,0.9999999841056898
11.884591785129816,0.9999999968821763
13.351736844955687,0.9999999994330979
15.0,0.9999999999044691
