SA(0.6s) [g],Complete_damage
0.05000000000000001,1.766586876783549e-12
0.056172467201025755,1.2195244813995032e-11
0.06310692142900626,7.80596698390923e-11
0.07089742948257126,4.6332437886320577e-10
0.07964967064493539,2.5504989231706077e-09
0.08948237023750269,1.302302310435266e-08
0.10052891014472326,6.16905420081082e-08
0.11293913815718663,2.7116178802355506e-07
0.1268814006769336,1.1062051844534793e-06
0.14254482635890514,4.189358146500233e-06
0.16014189166643014,1.4732848079401784e-05
0.17991130314285533,4.812764484962706e-05
0.2021212354977168,0.00014609469801196706
0.2270729694325259,0.00041228347205146676
0.2551049785537617,0.0010821825968710952
0.28659752081259104,0.002643677238682085
0.3219777967548112,0.0060148757422707755
0.36172574455336326,0.012756151760030754
0.4063805504338082,0.0252419109973685
0.45654796280755766,0.04666114114098796
0.5129085093300529,0.08069488194178631
0.5762267283493882,0.13078282536335195
0.6473615399712076,0.19905991962450642
0.7272778974247632,0.28526556082081744
0.8170598767824696,0.3860783322980671
0.9179253825967483,0.49527638466513846
1.0312426689380967,0.6048317959379762
1.1585488999444697,0.7066375635729167
1.3015710016583038,0.7942630453904111
1.4622490880091454,0.8641196854852209
1.6427627787184707,0.9157023571451273
1.8455607661325835,0.950981525248672
2.0733940320616497,0.9733301385843847
2.329353165215711,0.9864430710730302
2.6169102854537,0.993569389143072
2.9399661435534976,0.9971565077054182
3.3029030354176987,0.9988289083095027
3.710644248503383,0.9995510921185203
4.168720846874621,0.9998399383528631
4.683346700825936,0.9999469413103835
5.261502778863538,0.9999836554570912
5.911031845476362,0.9999953229638662
6.64074484928479,0.9999987571824642
7.4605404447366075,0.9999996934096722
8.381539268677866,0.9999999298035043
9.416234793278331,0.9999999850863787
10.578662801651687,0.999999997060472
11.884591785129816,0.9999999994625666
13.351736844955687,0.9999999999088707
15.0,0.9999999999856709
