SA(1.0s) [g],Complete_damage
0.05000000000000001,2.5169000217317716e-10
0.056172467201025755,5.827445193062886e-10
0.06310692142900626,1.3260923470426178e-09
0.07089742948257126,2.965922285547151e-09
0.07964967064493539,6.519941031513099e-09
0.08948237023750269,1.408748240283586e-08
0.10052891014472326,2.991832714904774e-08
0.11293913815718663,6.245458428200124e-08
0.1268814006769336,1.2815155225887054e-07
0.14254482635890514,2.5847942386469924e-07
0.16014189166643014,5.124851667481778e-07
0.17991130314285533,9.988520973669424e-07
0.2021212354977168,1.913805177111705e-06
0.2270729694325259,3.6048219005380133e-06
0.2551049785537617,6.675337360650957e-06
0.28659752081259104,1.2152920680907897e-05
0.3219777967548112,2.1753137153468494e-05
0.36172574455336326,3.8283690825702266e-05
0.4063805504338082,6.624825951362379e-05
0.45654796280755766,0.00011272580796972687
0.5129085093300529,0.00018861722656471347
0.5762267283493882,0.0003103637338505161
0.6473615399712076,0.0005022459569502535
0.7272778974247632,0.0007993628682984033
0.8170598767824696,0.0012513586798559295
0.9179253825967483,0.001926906140439777
1.0312426689380967,0.0029188606265241335
1.1585488999444697,0.004349868615234009
1.3015710016583038,0.006378050083931441
1.4622490880091454,0.009202188698219538
1.6427627787184707,0.013065677526604147
1.8455607661325835,0.018258312237330987
2.0733940320616497,0.025114936463271453
2.329353165215711,0.03400996603966022
2.6169102854537,0.04534698623556899
2.9399661435534976,0.05954295140611021
3.3029030354176987,0.07700701947909105
3.710644248503383,0.09811469433349451
4.168720846874621,0.12317866474692396
4.683346700825936,0.15241842718083176
5.261502778863538,0.1859313503098825
5.911031845476362,0.22366816887111374
6.64074484928479,0.26541588890264944
7.4605404447366075,0.3107906914462756
8.381539268677866,0.3592426394888819
9.416234793278331,0.41007288972684197
10.578662801651687,0.46246281317219673
11.884591785129816,0.5155131067632938
13.351736844955687,0.5682898189516064
15.0,0.6198733875228846
