SA(1.0s) [g],Complete_damage
0.05000000000000001,5.1674193812800695e-09
0.056172467201025755,1.6650730683132053e-08
0.06310692142900626,5.15656521926644e-08
0.07089742948257126,1.5349256865526684e-07
0.07964967064493539,4.391863737129853e-07
0.08948237023750269,1.2080461078145532e-06
0.10052891014472326,3.1947264369502903e-06
0.11293913815718663,8.123554456673787e-06
0.1268814006769336,1.9864264034996637e-05
0.14254482635890514,4.671648638143733e-05
0.16014189166643014,0.00010568246698516859
0.17991130314285533,0.0002300074479084646
0.2021212354977168,0.0004816887998445596
0.2270729694325259,0.0009708810886245312
0.2551049785537617,0.001883825327254729
0.28659752081259104,0.003519681570722466
0.3219777967548112,0.006334059349009213
0.36172574455336326,0.010983023036573614
0.4063805504338082,0.01835640173005615
0.45654796280755766,0.029584692780056265
0.5129085093300529,0.04600183730789775
0.5762267283493882,0.06904905542301853
0.6473615399712076,0.10011441718521519
0.7272778974247632,0.14031861534095147
0.8170598767824696,0.19027644274395916
0.9179253825967483,0.24988009658692512
1.0312426689380967,0.31815788884012375
1.1585488999444697,0.3932550179561507
1.3015710016583038,0.47256073601903925
1.4622490880091454,0.5529731286209816
1.6427627787184707,0.6312581700959474
1.8455607661325835,0.704434715000487
2.0733940320616497,0.7701100519914739
2.329353165215711,0.826703999680033
2.6169102854537,0.8735286886103228
2.9399661435534976,0.9107264666889914
3.3029030354176987,0.9390988767016757
3.710644248503383,0.9598772966374134
4.168720846874621,0.9744878208708754
4.683346700825936,0.9843518871279119
5.261502778863538,0.9907460393236902
5.911031845476362,0.9947257056426053
6.64074484928479,0.9971038977693569
7.4605404447366075,0.9984684296213852
8.381539268677866,0.9992201507352948
9.416234793278331,0.9996177687083487
10.578662801651687,0.9998197035701457
11.884591785129816,0.9999181709703008
13.351736844955687,0.9999642718642698
15.0,0.9999849952996211
