SA(1.0s) [g],Loss_ratio
0.05000000000000001,4.8576106377112784e-08
0.056172467201025755,1.2777674288136116e-07
0.06310692142900626,3.225798182856563e-07
0.07089742948257126,7.821220527006788e-07
0.07964967064493539,1.8227839756925618e-06
0.08948237023750269,4.087761325179372e-06
0.10052891014472326,8.833006292596017e-06
0.11293913815718663,1.8421550793860874e-05
0.1268814006769336,3.7155065344833615e-05
0.14254482635890514,7.264895723757439e-05
0.16014189166643014,0.00013808899788748328
0.17991130314285533,0.0002559264804010708
0.2021212354977168,0.00046390619550664054
0.2270729694325259,0.000824774618773518
0.2551049785537617,0.001441494044882167
0.28659752081259104,0.002480047037581044
0.3219777967548112,0.004201515815104894
0.36172574455336326,0.007003483475834903
0.4063805504338082,0.011467421189599591
0.45654796280755766,0.018403554363111772
0.5129085093300529,0.028878627910735345
0.5762267283493882,0.0442071108571438
0.6473615399712076,0.06588572479101945
0.7272778974247632,0.09545763686705921
0.8170598767824696,0.13430723665444402
0.9179253825967483,0.1834066632463784
1.0312426689380967,0.24305508961398065
1.1585488999444697,0.3126637381956262
1.3015710016583038,0.3906388360829274
1.4622490880091454,0.47440198653034016
1.6427627787184707,0.5605678857728228
1.8455607661325835,0.6452769035014414
2.0733940320616497,0.7246530543954246
2.329353165215711,0.7953226116039895
2.6169102854537,0.8548906443915729
2.9399661435534976,0.9022536118603882
3.3029030354176987,0.9376519853015093
3.710644248503383,0.9624433975101638
4.168720846874621,0.978673894830188
4.683346700825936,0.988591300120464
5.261502778863538,0.9942447885554394
5.911031845476362,0.9972545486294317
6.64074484928479,0.9987552233958281
7.4605404447366075,0.9994596119255665
8.381539268677866,0.9997732867190833
9.416234793278331,0.9999071802593776
10.578662801651687,0.9999626150580887
11.884591785129816,0.9999851245854059
13.351736844955687,0.9999941560229375
15.0,0.999997743195211
