PGA [g],Loss_ratio
0.05000000000000001,2.5248352759724376e-06
0.056172467201025755,5.597849247002158e-06
0.06310692142900626,1.2064114063866393e-05
0.07089742948257126,2.5275680534411238e-05
0.07964967064493539,5.148659987655983e-05
0.08948237023750269,0.00010198219130989386
0.10052891014472326,0.0001964503168919629
0.11293913815718663,0.0003680817090836945
0.1268814006769336,0.0006709186851923503
0.14254482635890514,0.001189893119019426
0.16014189166643014,0.0020537386263044994
0.17991130314285533,0.0034504696247143482
0.2021212354977168,0.005644368255251801
0.2270729694325259,0.008992455882101447
0.2551049785537617,0.013957393262538498
0.28659752081259104,0.021112898223699966
0.3219777967548112,0.03113740212933288
0.36172574455336326,0.044792077506084084
0.4063805504338082,0.06288071663425718
0.45654796280755766,0.08619115210480215
0.5129085093300529,0.11542066600553992
0.5762267283493882,0.1510906768452389
0.6473615399712076,0.19345853220676362
0.7272778974247632,0.24243632290143774
0.8170598767824696,0.29752832995006395
0.9179253825967483,0.35779994254096215
1.0312426689380967,0.4218909466069336
1.1585488999444697,0.48808348194633056
1.3015710016583038,0.5544279971498165
1.4622490880091454,0.6189186832788482
1.6427627787184707,0.6796952687903983
1.8455607661325835,0.7352357359770822
2.0733940320616497,0.7845006122755674
2.329353165215711,0.8269979380076518
2.6169102854537,0.8627576405893829
2.9399661435534976,0.8922281984978413
3.3029030354176987,0.9161279073811287
3.710644248503383,0.9352905446766778
4.168720846874621,0.9505391195067999
4.683346700825936,0.9626059696423616
5.261502778863538,0.9721001371084388
5.911031845476362,0.979510308298486
6.64074484928479,0.9852266775859204
7.4605404447366075,0.9895670254899838
8.381539268677866,0.9927979249104999
9.416234793278331,0.9951479408341368
10.578662801651687,0.9968138455370605
11.884591785129816,0.9979626693359442
13.351736844955687,0.9987323726146533
15.0,0.9992329700113235
