PGA [g],Loss_ratio
0.05000000000000001,2.8691077545129633e-06
0.056172467201025755,6.383097654873848e-06
0.06310692142900626,1.3804860867347977e-05
0.07089742948257126,2.9025747132419636e-05
0.07964967064493539,5.933679020284539e-05
0.08948237023750269,0.00011794958901182758
0.10052891014472326,0.0002280067234217642
0.11293913815718663,0.0004286769693988062
0.1268814006769336,0.0007839756002662615
0.14254482635890514,0.0013948600706436224
0.16014189166643014,0.002414841387637062
0.17991130314285533,0.004068743953122393
0.2021212354977168,0.006673306950488331
0.2270729694325259,0.010657100448448666
0.2551049785537617,0.016575905605243434
0.28659752081259104,0.025118590476311882
0.3219777967548112,0.03709800207912555
0.36172574455336326,0.053421880551883606
0.4063805504338082,0.07504051388917846
0.45654796280755766,0.10287073510395127
0.5129085093300529,0.13769953760810213
0.5762267283493882,0.18007446437469052
0.6473615399712076,0.23019146742081265
0.7272778974247632,0.2877938501099459
0.8170598767824696,0.35209813817607233
0.9179253825967483,0.42176405368512665
1.0312426689380967,0.4949252414900226
1.1585488999444697,0.5692931653540776
1.3015710016583038,0.6423366609259267
1.4622490880091454,0.7115236204154938
1.6427627787184707,0.7745921762364374
1.8455607661325835,0.8298031415432929
2.0733940320616497,0.8761212245264085
2.329353165215711,0.9132845830290476
2.6169102854537,0.9417489218880435
2.9399661435534976,0.9625248031859575
3.3029030354176987,0.9769530486733872
3.710644248503383,0.9864735597430102
4.168720846874621,0.9924352182412022
4.683346700825936,0.995974106290439
5.261502778863538,0.997963640809017
5.911031845476362,0.9990220797138567
6.64074484928479,0.9995545566786552
7.4605404447366075,0.9998077125170072
8.381539268677866,0.9999213949695455
9.416234793278331,0.9999695912606882
10.578662801651687,0.9999888740864483
11.884591785129816,0.9999961520347628
13.351736844955687,0.9999987425842494
15.0,0.9999996119433757
