SA(1.0s) [g],Loss_ratio
0.05000000000000001,0.0015006321837667033
0.056172467201025755,0.002184300871023158
0.06310692142900626,0.003093261020742963
0.07089742948257126,0.004297266372672573
0.07964967064493539,0.005917115140930886
0.08948237023750269,0.008167607260107727
0.10052891014472326,0.011417738409732583
0.11293913815718663,0.016264165671204776
0.1268814006769336,0.023605879255811726
0.14254482635890514,0.03469755367802919
0.16014189166643014,0.051149128650889525
0.17991130314285533,0.07483530896131699
0.2021212354977168,0.10768772367970414
0.2270729694325259,0.15136910085031124
0.2551049785537617,0.20687077980019666
0.28659752081259104,0.27412015499284437
0.3219777967548112,0.3517133694580327
0.36172574455336326,0.4368812466303249
0.4063805504338082,0.5257452185396583
0.45654796280755766,0.6138366417553109
0.5129085093300529,0.6967671287978545
0.5762267283493882,0.7708846197604036
0.6473615399712076,0.8337532540042589
0.7272778974247632,0.8843537864633257
0.8170598767824696,0.9229904057055734
0.9179253825967483,0.9509732124606749
1.0312426689380967,0.9701936447525136
1.1585488999444697,0.9827120768828964
1.3015710016583038,0.9904422285721092
1.4622490880091454,0.9949671695169667
1.6427627787184707,0.9974776542682681
1.8455607661325835,0.9987975843970109
2.0733940320616497,0.9994551160485396
2.329353165215711,0.9997654092869558
2.6169102854537,0.9999040940431922
2.9399661435534976,0.9999627875074527
3.3029030354176987,0.9999863028998283
3.710644248503383,0.9999952196470606
4.168720846874621,0.9999984188130101
4.683346700825936,0.9999995045448191
5.261502778863538,0.9999998529940406
5.911031845476362,0.999999958714967
6.64074484928479,0.9999999890301134
7.4605404447366075,0.9999999972432578
8.381539268677866,0.999999999345037
9.416234793278331,0.9999999998529325
10.578662801651687,0.9999999999687995
11.884591785129816,0.9999999999937478
13.351736844955687,0.999999999998817
15.0,0.9999999999997886
