SA(0.6s) [g],Loss_ratio
0.05000000000000001,7.859474440561469e-08
0.056172467201025755,1.7534676806536817e-07
0.06310692142900626,3.8278090391644225e-07
0.07089742948257126,8.176610570294902e-07
0.07964967064493539,1.709208157474698e-06
0.08948237023750269,3.496646487360836e-06
0.10052891014472326,7.0015245029753465e-06
0.11293913815718663,1.3724119579810846e-05
0.1268814006769336,2.6340210950257894e-05
0.14254482635890514,4.9513373159675914e-05
0.16014189166643014,9.119344480523945e-05
0.17991130314285533,0.00016465146556792054
0.2021212354977168,0.00029161723664785955
0.2270729694325259,0.0005070557498674461
0.2551049785537617,0.0008663646407699575
0.28659752081259104,0.001456109460927155
0.3219777967548112,0.00240981004901838
0.36172574455336326,0.003930625887471472
0.4063805504338082,0.006322763050154772
0.45654796280755766,0.010032504769789102
0.5129085093300529,0.01569720879494572
0.5762267283493882,0.02419570535216258
0.6473615399712076,0.036686132136107975
0.7272778974247632,0.0546086009782414
0.8170598767824696,0.07962356203945128
0.9179253825967483,0.11345775233738686
1.0312426689380967,0.15764408160517052
1.1585488999444697,0.21317256626035203
1.3015710016583038,0.2801119414850672
1.4622490880091454,0.3573015668465964
1.6427627787184707,0.4422295310923878
1.8455607661325835,0.5311869090605268
2.0733940320616497,0.6197166748581963
2.329353165215711,0.7032788828503731
2.6169102854537,0.7779702925283074
2.9399661435534976,0.8411064427520478
3.3029030354176987,0.8915155680878205
3.710644248503383,0.929491012654415
4.168720846874621,0.9564592691442476
4.683346700825936,0.9744977868781907
5.261502778863538,0.9858539235971955
5.911031845476362,0.9925784687179072
6.64074484928479,0.996321736025953
7.4605404447366075,0.9982795697647531
8.381539268677866,0.9992412794606281
9.416234793278331,0.9996847688759708
10.578662801651687,0.999876697802117
11.884591785129816,0.9999546231883624
13.351736844955687,0.9999842972405556
15.0,0.9999948928243692
