SA(0.6s) [g],Complete_damage
0.05000000000000001,1.4667628827069734e-06
0.056172467201025755,2.955985450636689e-06
0.06310692142900626,5.836524481162009e-06
0.07089742948257126,1.1291067538277133e-05
0.07964967064493539,2.1402518060265052e-05
0.08948237023750269,3.975264383393462e-05
0.10052891014472326,7.235396102411862e-05
0.11293913815718663,0.0001290564060719701
0.1268814006769336,0.00022560345011346516
0.14254482635890514,0.0003865370593101325
0.16014189166643014,0.0006491554359331353
0.17991130314285533,0.0010686961201853418
0.2021212354977168,0.0017248318328800805
0.2270729694325259,0.0027294104061885704
0.2551049785537617,0.004235132419541876
0.28659752081259104,0.006444542632531691
0.3219777967548112,0.009618335621531138
0.36172574455336326,0.014081588872233763
0.4063805504338082,0.020226210845607162
0.45654796280755766,0.028507720764281208
0.5129085093300529,0.03943456143849278
0.5762267283493882,0.053548571802413125
0.6473615399712076,0.07139605572436691
0.7272778974247632,0.09349005426310131
0.8170598767824696,0.12026585109797616
0.9179253825967483,0.15203322067043312
1.0312426689380967,0.18893020579692643
1.1585488999444697,0.23088400412867194
1.3015710016583038,0.277584605735952
1.4622490880091454,0.3284760120254758
1.6427627787184707,0.38276818440265814
1.8455607661325835,0.4394704980002433
2.0733940320616497,0.49744474737105626
2.329353165215711,0.5554731056978223
2.6169102854537,0.612334332996237
2.9399661435534976,0.6668803406374891
3.3029030354176987,0.7181051678025319
3.710644248503383,0.765199519785305
4.168720846874621,0.8075860568867805
4.683346700825936,0.8449332384406834
5.261502778863538,0.8771482661051642
5.911031845476362,0.9043520902720132
6.64074484928479,0.9268411955961555
7.4605404447366075,0.9450417727457905
8.381539268677866,0.95946189346905
9.416234793278331,0.970646568734266
10.578662801651687,0.9791393238260103
11.884591785129816,0.9854524511711463
13.351736844955687,0.9900466651326649
15.0,0.9933196846258511
