SA(0.6s) [g],Complete_damage
0.05000000000000001,2.3314683517128287e-15
0.056172467201025755,1.1435297153639112e-14
0.06310692142900626,5.340172748447003e-14
0.07089742948257126,2.3947510641164627e-13
0.07964967064493539,1.0318412790866205e-12
0.08948237023750269,4.272249221060065e-12
0.10052891014472326,1.7001289265294872e-11
0.11293913815718663,6.50308695782087e-11
0.1268814006769336,2.3910196045306975e-10
0.14254482635890514,8.450740107690535e-10
0.16014189166643014,2.871294091377763e-09
0.17991130314285533,9.379016008281837e-09
0.2021212354977168,2.9455144212597872e-08
0.2270729694325259,8.894457115271592e-08
0.2551049785537617,2.582647407045613e-07
0.28659752081259104,7.211644602600487e-07
0.3219777967548112,1.9367196346653515e-06
0.36172574455336326,5.002719874469541e-06
0.4063805504338082,1.2430852484479615e-05
0.45654796280755766,2.9716962248405032e-05
0.5129085093300529,6.835590450193774e-05
0.5762267283493882,0.00015131494466791295
0.6473615399712076,0.000322400328789052
0.7272778974247632,0.0006613014193818101
0.8170598767824696,0.001306129657001942
0.9179253825967483,0.0024846207393914854
1.0312426689380967,0.004553427209602834
1.1585488999444697,0.008041815933164775
1.3015710016583038,0.013691724855363296
1.4622490880091454,0.022481336720557854
1.6427627787184707,0.035615721352845076
1.8455607661325835,0.05446790400309054
2.0733940320616497,0.08045905479705517
2.329353165215711,0.11487830588814074
2.6169102854537,0.15865968404309938
2.9399661435534976,0.2121517782893687
3.3029030354176987,0.2749289842912024
3.710644248503383,0.3456953042191132
4.168720846874621,0.4223190741448517
4.683346700825936,0.5020107049460706
5.261502778863538,0.5816219134683596
5.911031845476362,0.6580139385070922
6.64074484928479,0.7284239025275814
7.4605404447366075,0.7907589789693374
8.381539268677866,0.8437671861111848
9.416234793278331,0.8870649972331575
10.578662801651687,0.9210354179909259
11.884591785129816,0.9466358922892236
13.351736844955687,0.9651672453732233
15.0,0.9780520609776637
