SA(0.6s) [g],Complete_damage
0.05000000000000001,1.8851586958135158e-13
0.056172467201025755,8.171241461241152e-13
0.06310692142900626,3.405054016525355e-12
0.07089742948257126,1.3637313500680648e-11
0.07964967064493539,5.249800594242515e-11
0.08948237023750269,1.9425827613162028e-10
0.10052891014472326,6.909727234827301e-10
0.11293913815718663,2.362706474912102e-09
0.1268814006769336,7.766960075095142e-09
0.14254482635890514,2.454776903970668e-08
0.16014189166643014,7.459716855340304e-08
0.17991130314285533,2.1797892613140135e-07
0.2021212354977168,6.125254352618015e-07
0.2270729694325259,1.6553518199513562e-06
0.2551049785537617,4.3028491554242265e-06
0.28659752081259104,1.0758930230836405e-05
0.3219777967548112,2.5881045430442562e-05
0.36172574455336326,5.990356112939299e-05
0.4063805504338082,0.00013342784482972547
0.45654796280755766,0.0002860458787696807
0.5129085093300529,0.0005903387285013384
0.5762267283493882,0.0011730972586512234
0.6473615399712076,0.0022451019350926416
0.7272778974247632,0.004139259097694525
0.8170598767824696,0.007354005830638166
0.9179253825967483,0.012594702969714433
1.0312426689380967,0.020800920432208825
1.1585488999444697,0.033143579868294415
1.3015710016583038,0.05097501639176716
1.4622490880091454,0.07571935592386358
1.6427627787184707,0.10870138927108286
1.8455607661325835,0.1509284721470896
2.0733940320616497,0.20285830053308063
2.329353165215711,0.2641998717525934
2.6169102854537,0.3337992156996029
2.9399661435534976,0.4096513259150627
3.3029030354176987,0.48905534424798525
3.710644248503383,0.5688970115278118
4.168720846874621,0.6460102634817299
4.683346700825936,0.7175489125871386
5.261502778863538,0.781296643346826
5.911031845476362,0.835859986872477
6.64074484928479,0.8807189709677197
7.4605404447366075,0.9161439873680679
8.381539268677866,0.9430149235081262
9.416234793278331,0.9625928899171325
10.578662801651687,0.9762942705569854
11.884591785129816,0.9855045534666855
13.351736844955687,0.9914514913454723
15.0,0.9951397852695706
