SA(0.3s) [g],Complete_damage
0.05000000000000001,4.720181543071966e-06
0.056172467201025755,8.75472580175174e-06
0.06310692142900626,1.5956181161125293e-05
0.07089742948257126,2.857820369916997e-05
0.07964967064493539,5.0301240167804906e-05
0.08948237023750269,8.701213955664144e-05
0.10052891014472326,0.00014793109419430905
0.11293913815718663,0.00024719532818306966
0.1268814006769336,0.0004060193154660219
0.14254482635890514,0.0006555490762599758
0.16014189166643014,0.0010405055005821007
0.17991130314285533,0.0016236601849285437
0.2021212354977168,0.0024910991963317253
0.2270729694325259,0.003758100681923393
0.2551049785537617,0.005575282152231131
0.28659752081259104,0.008134471883203487
0.3219777967548112,0.011673546227104814
0.36172574455336326,0.016479282242597204
0.4063805504338082,0.022887144479935784
0.45654796280755766,0.031276902952832586
0.5129085093300529,0.042063111006942155
0.5762267283493882,0.05567978926597983
0.6473615399712076,0.07255917398562262
0.7272778974247632,0.0931050709450646
0.8170598767824696,0.11766214737127711
0.9179253825967483,0.14648329593492337
1.0312426689380967,0.17969789205903153
1.1585488999444697,0.21728420632329926
1.3015710016583038,0.25904931163181577
1.4622490880091454,0.304619465896807
1.6427627787184707,0.3534431443190539
1.8455607661325835,0.4048077047000359
2.0733940320616497,0.45786923082425124
2.329353165215711,0.5116936040373898
2.6169102854537,0.5653055176287902
2.9399661435534976,0.6177411753685622
3.3029030354176987,0.6680999569583007
3.710644248503383,0.7155904621855385
4.168720846874621,0.7595670416294401
4.683346700825936,0.7995540746940266
5.261502778863538,0.8352566870124207
5.911031845476362,0.866558095541373
6.64074484928479,0.8935051213863487
7.4605404447366075,0.9162844471388971
8.381539268677866,0.9351928112175786
9.416234793278331,0.9506044956261551
10.578662801651687,0.9629392161635728
11.884591785129816,0.9726329607459261
13.351736844955687,0.9801135683831791
15.0,0.9857820301309529
