SA(0.3s) [g],Loss_ratio
0.05000000000000001,5.411464262114655e-06
0.056172467201025755,9.917298692465657e-06
0.06310692142900626,1.7868265328383964e-05
0.07089742948257126,3.165186045577127e-05
0.07964967064493539,5.512685758734265e-05
0.08948237023750269,9.440522450951124e-05
0.10052891014472326,0.0001589726336760277
0.11293913815718663,0.0002632516787601702
0.1268814006769336,0.00042872307840791975
0.14254482635890514,0.0006867229689489026
0.16014189166643014,0.0010820255291001842
0.17991130314285533,0.0016772982902609227
0.2021212354977168,0.002558485163545955
0.2270729694325259,0.0038411374922803754
0.2551049785537617,0.0056776890056044775
0.28659752081259104,0.008265668006390482
0.3219777967548112,0.011856856443101908
0.36172574455336326,0.01676740088097678
0.4063805504338082,0.023388752524329537
0.45654796280755766,0.032198883730771496
0.5129085093300529,0.04377226731329606
0.5762267283493882,0.05878542896600584
0.6473615399712076,0.07801254037068393
0.7272778974247632,0.10230302809963285
0.8170598767824696,0.1325316888346353
0.9179253825967483,0.16951303071232005
1.0312426689380967,0.2138772143343066
1.1585488999444697,0.2659157477450698
1.3015710016583038,0.3254195380335445
1.4622490880091454,0.3915457893831618
1.6427627787184707,0.46275727713685816
1.8455607661325835,0.5368717160196756
2.0733940320616497,0.6112378572856612
2.329353165215711,0.6830223616062587
2.6169102854537,0.7495573903991183
2.9399661435534976,0.8086760721702821
3.3029030354176987,0.8589615566172533
3.710644248503383,0.8998573721846165
4.168720846874621,0.9316248380273144
4.683346700825936,0.9551735052393584
5.261502778863538,0.9718189982271355
5.911031845476362,0.9830310657965861
6.64074484928479,0.9902236376889941
7.4605404447366075,0.9946157717879882
8.381539268677866,0.9971677146786283
9.416234793278331,0.9985779933142318
10.578662801651687,0.9993190172011241
11.884591785129816,0.9996891219260374
13.351736844955687,0.9998647802518352
15.0,0.9999439872856948
