SA(0.6s) [g],Loss_ratio
0.05000000000000001,9.593302906716151e-10
0.056172467201025755,2.4000513615752204e-09
0.06310692142900626,6.0047940761397556e-09
0.07089742948257126,1.5030665343513672e-08
0.07964967064493539,3.7570796110070106e-08
0.08948237023750269,9.340797164622982e-08
0.10052891014472326,2.297374702569668e-07
0.11293913815718663,5.556944296603559e-07
0.1268814006769336,1.3145805496735087e-06
0.14254482635890514,3.027337475105391e-06
0.16014189166643014,6.762835659246181e-06
0.17991130314285533,1.4621272244732945e-05
0.2021212354977168,3.0558296780319505e-05
0.2270729694325259,6.173564644749451e-05
0.2551049785537617,0.00012067776844167307
0.28659752081259104,0.00022868534623188744
0.3219777967548112,0.00042127727891512023
0.36172574455336326,0.0007569855803759239
0.4063805504338082,0.0013316424351845154
0.45654796280755766,0.002301223950018757
0.5129085093300529,0.003916853638961694
0.5762267283493882,0.006574769140801025
0.6473615399712076,0.010880631953060927
0.7272778974247632,0.017720418863559975
0.8170598767824696,0.028319356773432107
0.9179253825967483,0.04425835858919362
1.0312426689380967,0.06740953643778766
1.1585488999444697,0.09975602090508484
1.3015710016583038,0.14308297546131354
1.4622490880091454,0.19856727081852585
1.6427627787184707,0.266343948230888
1.8455607661325835,0.3451693064749496
2.0733940320616497,0.43230967984896124
2.329353165215711,0.5237452204417076
2.6169102854537,0.614691930214878
2.9399661435534976,0.7003396591700044
3.3029030354176987,0.7766216239699919
3.710644248503383,0.8408109885554128
4.168720846874621,0.8917953106073321
4.683346700825936,0.92998820083648
5.261502778863538,0.9569524657517573
5.911031845476362,0.9748831612207088
6.64074484928479,0.986108841849787
7.4605404447366075,0.9927235587531703
8.381539268677866,0.9963917473013296
9.416234793278331,0.9983063950067612
10.578662801651687,0.999247396339448
11.884591785129816,0.9996831626679927
13.351736844955687,0.9998735014969027
15.0,0.9999520302135999
