SA(0.6s) [g],Loss_ratio
0.05000000000000001,0.00010681670257427904
0.056172467201025755,0.0001874306374198866
0.06310692142900626,0.0003177548427710706
0.07089742948257126,0.0005219310786225792
0.07964967064493539,0.00083366202927679
0.08948237023750269,0.0013008203815919183
0.10052891014472326,0.0019937575479390393
0.11293913815718663,0.003019733377139056
0.1268814006769336,0.004546204195216033
0.14254482635890514,0.006835099199101676
0.16014189166643014,0.010288060608217927
0.17991130314285533,0.015498476552099651
0.2021212354977168,0.023300123942384825
0.2270729694325259,0.034795483976815936
0.2551049785537617,0.051341640287023496
0.28659752081259104,0.0744714009310665
0.3219777967548112,0.10573508864388187
0.36172574455336326,0.14646572761240712
0.4063805504338082,0.197495002456073
0.45654796280755766,0.258872943109398
0.5129085093300529,0.3296611920394078
0.5762267283493882,0.40786848056025904
0.6473615399712076,0.490572776384409
0.7272778974247632,0.5742309161966357
0.8170598767824696,0.6551255660150335
0.9179253825967483,0.7298582139800001
1.0312426689380967,0.795780969632641
1.1585488999444697,0.8512760000804476
1.3015710016583038,0.8958342649438696
1.4622490880091454,0.9299395775067113
1.6427627787184707,0.9548111570138892
1.8455607661325835,0.9720833021201649
2.0733940320616497,0.9834998172647541
2.329353165215711,0.9906787501042765
2.6169102854537,0.9949714963841567
2.9399661435534976,0.9974114877826256
3.3029030354176987,0.9987293512353678
3.710644248503383,0.9994055267382632
4.168720846874621,0.9997350333494752
4.683346700825936,0.9998875190416979
5.261502778863538,0.9999545291364433
5.911031845476362,0.9999824951851084
6.64074484928479,0.9999935815755131
7.4605404447366075,0.9999977576555433
8.381539268677866,0.9999992531684101
9.416234793278331,0.9999997626844691
10.578662801651687,0.9999999279811911
11.884591785129816,0.9999999791017514
13.351736844955687,0.9999999941932779
15.0,0.9999999984526546
