SA(0.3s) [g],Loss_ratio
0.05000000000000001,1.1645449697515808e-20
0.056172467201025755,3.5539635049115726e-16
0.06310692142900626,2.5769643391611363e-15
0.07089742948257126,2.0084397759940985e-14
0.07964967064493539,1.4558336427215597e-13
0.08948237023750269,9.852567863771588e-13
0.10052891014472326,6.230941099186306e-12
0.11293913815718663,3.6822446057782894e-11
0.1268814006769336,2.0336937766138719e-10
0.14254482635890514,1.0498392765807113e-09
0.16014189166643014,5.066148254725538e-09
0.17991130314285533,2.2856575795995904e-08
0.2021212354977168,9.642513584758215e-08
0.2270729694325259,3.804444345191994e-07
0.2551049785537617,1.4041066239256397e-06
0.28659752081259104,4.848579677449149e-06
0.3219777967548112,1.5669179773893233e-05
0.36172574455336326,4.740495304910518e-05
0.4063805504338082,0.0001343060859694645
0.45654796280755766,0.0003564805594572793
0.5129085093300529,0.0008868468749641235
0.5762267283493882,0.0020690782641600027
0.6473615399712076,0.0045301422549106915
0.7272778974247632,0.009315484365101517
0.8170598767824696,0.018008854301366454
0.9179253825967483,0.032769973571649694
1.0312426689380967,0.056209456888833734
1.1585488999444697,0.09104266129391424
1.3015710016583038,0.13953084811361835
1.4622490880091454,0.20281039550105737
1.6427627787184707,0.2802873681591141
1.8455607661325835,0.369299757031954
2.0733940320616497,0.4652172446990486
2.329353165215711,0.5620668586772597
2.6169102854537,0.6536302838533414
2.9399661435534976,0.7347470769107213
3.3029030354176987,0.8023646432247304
3.710644248503383,0.8558883599713696
4.168720846874621,0.8967036045376888
4.683346700825936,0.9271872565967001
5.261502778863538,0.9497543963263607
5.911031845476362,0.9663322271671124
6.64074484928479,0.9782963539986577
7.4605404447366075,0.9866507641477936
8.381539268677866,0.9922157184458545
9.416234793278331,0.9957157523090072
10.578662801651687,0.9977812360583014
11.884591785129816,0.9989209690360683
13.351736844955687,0.999507954793467
15.0,0.9997898457059884
