SA(0.6s) [g],Complete_damage
0.05000000000000001,0.00035018878981707413
0.056172467201025755,0.0004892582403845935
0.06310692142900626,0.0006780566215331962
0.07089742948257126,0.0009321699475608458
0.07964967064493539,0.0012712632898543852
0.08948237023750269,0.0017198782312587424
0.10052891014472326,0.0023083028763887237
0.11293913815718663,0.0030734952344190214
0.1268814006769336,0.004060031476671666
0.14254482635890514,0.0053210402726434625
0.16014189166643014,0.006919073624182981
0.17991130314285533,0.008926854041657495
0.2021212354977168,0.011427828416276431
0.2270729694325259,0.014516451570497524
0.2551049785537617,0.018298118341322334
0.28659752081259104,0.022888663311132484
0.3219777967548112,0.028413352998540642
0.36172574455336326,0.0350053072959986
0.4063805504338082,0.04280330568890156
0.45654796280755766,0.05194895934613886
0.5129085093300529,0.06258326200256181
0.5762267283493882,0.07484256949776591
0.6473615399712076,0.08885409808787781
0.7272778974247632,0.10473107280934957
0.8170598767824696,0.1225676963729263
0.9179253825967483,0.14243414314009728
1.0312426689380967,0.16437180847696675
1.1585488999444697,0.1883890582248282
1.3015710016583038,0.21445772374523364
1.4622490880091454,0.24251057338584292
1.6427627787184707,0.27243996072758025
1.8455607661325835,0.30409780428746114
2.0733940320616497,0.33729699441166705
2.329353165215711,0.37181425405570356
2.6169102854537,0.4073944051912034
2.9399661435534976,0.44375591660531843
3.3029030354176987,0.4805975371107345
3.710644248503383,0.517605755804415
4.168720846874621,0.554462782595244
4.683346700825936,0.5908547113985474
5.261502778863538,0.6264795175099933
5.911031845476362,0.6610545505543082
6.64074484928479,0.6943232143004097
7.4605404447366075,0.7260605722723021
8.381539268677866,0.7560776798866315
9.416234793278331,0.7842245152567437
10.578662801651687,0.8103914566935294
11.884591785129816,0.8345093300576885
13.351736844955687,0.8565481185471435
15.0,0.876514487015841
