SA(0.6s) [g],Complete_damage
0.05000000000000001,6.146341182677872e-07
0.056172467201025755,1.3449799075582192e-06
0.06310692142900626,2.873480404730344e-06
0.07089742948257126,5.993992694963701e-06
0.07964967064493539,1.2208540125957512e-05
0.08948237023750269,2.4281574859896793e-05
0.10052891014472326,4.716108713398448e-05
0.11293913815718663,8.945720211916974e-05
0.1268814006769336,0.000165731396725044
0.14254482635890514,0.0002999084505356242
0.16014189166643014,0.0005301598995529622
0.17991130314285533,0.0009155938984991563
0.2021212354977168,0.0015449859101913654
0.2270729694325259,0.0025475589354002626
0.2551049785537617,0.004105440411351746
0.28659752081259104,0.006466877849240937
0.3219777967548112,0.009958619721127326
0.36172574455336326,0.014995150529096501
0.4063805504338082,0.022081858818842948
0.45654796280755766,0.03180891297760402
0.5129085093300529,0.044832836742575655
0.5762267283493882,0.061843690335621315
0.6473615399712076,0.08351744398523242
0.7272778974247632,0.11045548046892306
0.8170598767824696,0.1431158828422271
0.9179253825967483,0.18174376748943089
1.0312426689380967,0.22630981622121793
1.1585488999444697,0.27646677018463706
1.3015710016583038,0.33153257632879574
1.4622490880091454,0.3905060458587557
1.6427627787184707,0.4521166106446144
1.8455607661325835,0.5149047389510705
2.0733940320616497,0.5773247327572627
2.329353165215711,0.6378579479899655
2.6169102854537,0.6951227281935995
2.9399661435534976,0.7479678965786809
3.3029030354176987,0.7955393917508902
3.710644248503383,0.8373139762146552
4.168720846874621,0.8730989983475005
4.683346700825936,0.9030019630060881
5.261502778863538,0.9273773208916012
5.911031845476362,0.9467598988178667
6.64074484928479,0.961794636266049
7.4605404447366075,0.9731710117022332
8.381539268677866,0.9815682354609282
9.416234793278331,0.9876145573134975
10.578662801651687,0.9918614423478093
11.884591785129816,0.994771311333602
13.351736844955687,0.9967162236840841
15.0,0.9979843142681021
