SA(0.6s) [g],Complete_damage
0.05000000000000001,3.3287876638476988e-06
0.056172467201025755,6.911083768046389e-06
0.06310692142900626,1.4010407037967632e-05
0.07089742948257126,2.7734882799501648e-05
0.07964967064493539,5.3616889944430035e-05
0.08948237023750269,0.0001012296712061822
0.10052891014472326,0.00018667190474785933
0.11293913815718663,0.0003362421166733798
0.1268814006769336,0.0005916540182382413
0.14254482635890514,0.0010171159289422693
0.16014189166643014,0.0017084752203562203
0.17991130314285533,0.0028043741685416235
0.2021212354977168,0.00449894930551753
0.2270729694325259,0.00705503133881924
0.2551049785537617,0.010816109903533877
0.28659752081259104,0.016214617347915183
0.3219777967548112,0.023773519177357483
0.36172574455336326,0.0340979810614791
0.4063805504338082,0.04785422544529905
0.45654796280755766,0.06573375521911151
0.5129085093300529,0.08840294876407051
0.5762267283493882,0.116440483752424
0.6473615399712076,0.15026778718061917
0.7272778974247632,0.190080221409748
0.8170598767824696,0.23578839806419882
0.9179253825967483,0.2869793118009861
1.0312426689380967,0.34290556077187806
1.1585488999444697,0.4025077665483512
1.3015710016583038,0.4644708194999183
1.4622490880091454,0.5273095089434732
1.6427627787184707,0.5894744129469894
1.8455607661325835,0.6494655719421883
2.0733940320616497,0.705940160021531
2.329353165215711,0.7578013792588107
2.6169102854537,0.8042589182278435
2.9399661435534976,0.8448558766996641
3.3029030354176987,0.8794621320354219
3.710644248503383,0.9082387348286315
4.168720846874621,0.9315812812080652
4.683346700825936,0.9500518691887205
5.261502778863538,0.9643091590832047
5.911031845476362,0.9750445285251736
6.64074484928479,0.9829298744127215
7.4605404447366075,0.9885798715009888
8.381539268677866,0.9925289830709951
9.416234793278331,0.9952215981104986
10.578662801651687,0.9970125041203748
11.884591785129816,0.9981744742425408
13.351736844955687,0.9989099032325038
15.0,0.9993639599670762
