SA(0.6s) [g],Complete_damage
0.05000000000000001,1.2146485584008104e-07
0.056172467201025755,4.646759990123428e-07
0.06310692142900626,1.6677312705271063e-06
0.07089742948257126,5.616517486095596e-06
0.07964967064493539,1.7753105603257602e-05
0.08948237023750269,5.26820623777402e-05
0.10052891014472326,0.00014681283752870922
0.11293913815718663,0.0003843522241631092
0.1268814006769336,0.0009456566977289471
0.14254482635890514,0.0021876552768739232
0.16014189166643014,0.004761036955923004
0.17991130314285533,0.009753887301421904
0.2021212354977168,0.018824879607143852
0.2270729694325259,0.034256927378381596
0.2551049785537617,0.05884108727213788
0.28659752081259104,0.09551444833324496
0.3219777967548112,0.1467427546660518
0.36172574455336326,0.21375182119014324
0.4063805504338082,0.2958288644617997
0.45654796280755766,0.3899689554927894
0.5129085093300529,0.49107856734790456
0.5762267283493882,0.59276786912331
0.6473615399712076,0.6885364575873767
0.7272778974247632,0.7729934951129364
0.8170598767824696,0.8427385477763005
0.9179253825967483,0.8966716716418963
1.0312426689380967,0.9357253625749233
1.1585488999444697,0.9622062539739165
1.3015710016583038,0.979020086656638
1.4622490880091454,0.9890169552302263
1.6427627787184707,0.99458270726003
1.8455607661325835,0.9974843620263968
2.0733940320616497,0.9989009024902165
2.329353165215711,0.9995484518393357
2.6169102854537,0.9998256412413252
2.9399661435534976,0.999936747724251
3.3029030354176987,0.9999784500537287
3.710644248503383,0.9999931068286777
4.168720846874621,0.9999979304445201
4.683346700825936,0.9999994169350414
5.261502778863538,0.9999998458839952
5.911031845476362,0.9999999617889417
6.64074484928479,0.9999999911147522
7.4605404447366075,0.999999998062572
8.381539268677866,0.9999999996039041
9.416234793278331,0.9999999999240824
10.578662801651687,0.9999999999863602
11.884591785129816,0.9999999999977031
13.351736844955687,0.9999999999996375
15.0,0.9999999999999464
