SA(1.0s) [g],Loss_ratio
0.05000000000000001,1.4555893587802763e-12
0.056172467201025755,9.008615015655244e-12
0.06310692142900626,5.139843405776022e-11
0.07089742948257126,2.703915082133961e-10
0.07964967064493539,1.3118277292524862e-09
0.08948237023750269,5.870893192272672e-09
0.10052891014472326,2.4243446267044078e-08
0.11293913815718663,9.24031274352406e-08
0.1268814006769336,3.251964412565125e-07
0.14254482635890514,1.0572280811171331e-06
0.16014189166643014,3.176833419370322e-06
0.17991130314285533,8.829130739065827e-06
0.2021212354977168,2.2714853608763568e-05
0.2270729694325259,5.415601210417795e-05
0.2551049785537617,0.00011982713028730344
0.28659752081259104,0.0002465380157162798
0.3219777967548112,0.0004729506875458578
0.36172574455336326,0.000849279354133791
0.4063805504338082,0.0014357975884223921
0.45654796280755766,0.002305080296507815
0.5129085093300529,0.003559199034747859
0.5762267283493882,0.005380190052568997
0.6473615399712076,0.008137252122230666
0.7272778974247632,0.012572390688485398
0.8170598767824696,0.02006880632135311
0.9179253825967483,0.03296023687693911
1.0312426689380967,0.0547549446695518
1.1585488999444697,0.09003993611225161
1.3015710016583038,0.14376917646172566
1.4622490880091454,0.2197560637805307
1.6427627787184707,0.31860188102785925
1.8455607661325835,0.4359113235348378
2.0733940320616497,0.5620322074262598
2.329353165215711,0.684123676217632
2.6169102854537,0.790026103185715
2.9399661435534976,0.8720540097994466
3.3029030354176987,0.928700396964412
3.710644248503383,0.963607566196932
4.168720846874621,0.9828820195042961
4.683346700825936,0.9924988834346005
5.261502778863538,0.9968938643243936
5.911031845476362,0.9987674487536603
6.64074484928479,0.9995272636633038
7.4605404447366075,0.9998247534029834
8.381539268677866,0.999937678931959
9.416234793278331,0.9999789653683939
10.578662801651687,0.9999933279451397
11.884591785129816,0.9999980255293521
13.351736844955687,0.9999994573886295
15.0,0.9999998619024836
