PGA [g],Loss_ratio
0.05000000000000001,0.0031174705985989415
0.056172467201025755,0.004870550118260576
0.06310692142900626,0.007456247469807559
0.07089742948257126,0.011187071893682357
0.07964967064493539,0.016453709748958597
0.08948237023750269,0.02372851871996746
0.10052891014472326,0.03356258021001776
0.11293913815718663,0.046574254949708835
0.1268814006769336,0.06342752162615697
0.14254482635890514,0.08479897234081576
0.16014189166643014,0.11133315853301097
0.17991130314285533,0.14358701552714787
0.2021212354977168,0.18196540150167842
0.2270729694325259,0.22665149967698547
0.2551049785537617,0.2775380691293725
0.28659752081259104,0.33416820176781364
0.3219777967548112,0.39569682627651204
0.36172574455336326,0.46088562135544237
0.4063805504338082,0.5281428275589074
0.45654796280755766,0.595614458710263
0.5129085093300529,0.6613244106675569
0.5762267283493882,0.7233494180880865
0.6473615399712076,0.7800038672583123
0.7272778974247632,0.830003061420461
0.8170598767824696,0.8725747712070343
0.9179253825967483,0.9074985249766094
1.0312426689380967,0.9350677688389228
1.1585488999444697,0.9559870305189087
1.3015710016583038,0.9712292759859535
1.4622490880091454,0.981884037674612
1.6427627787184707,0.9890238346272944
1.8455607661325835,0.9936070528573557
2.0733940320616497,0.9964236774606642
2.329353165215711,0.998079921502322
2.6169102854537,0.9990113467165238
2.9399661435534976,0.9995120910797481
3.3029030354176987,0.9997693475548876
3.710644248503383,0.9998956045201361
4.168720846874621,0.9999547819669151
4.683346700825936,0.999981264304918
5.261502778863538,0.9999925767243738
5.911031845476362,0.9999971884607958
6.64074484928479,0.999998982382476
7.4605404447366075,0.9999996481169156
8.381539268677866,0.9999998837807328
9.416234793278331,0.9999999633455929
10.578662801651687,0.9999999889629309
11.884591785129816,0.9999999968276592
13.351736844955687,0.9999999991297771
15.0,0.9999999997722082
