SA(1.0s) [g],Complete_damage
0.05000000000000001,6.328271240363392e-15
0.056172467201025755,2.142730437526552e-14
0.06310692142900626,7.038813976123492e-14
0.07089742948257126,2.2581936320875684e-13
0.07964967064493539,7.069900220812997e-13
0.08948237023750269,2.1610491174328672e-12
0.10052891014472326,6.449063505442609e-12
0.11293913815718663,1.8788859357243837e-11
0.1268814006769336,5.3443027780986085e-11
0.14254482635890514,1.4841372575347123e-10
0.16014189166643014,4.024033328775545e-10
0.17991130314285533,1.0652799753430031e-09
0.2021212354977168,2.7535428381852967e-09
0.2270729694325259,6.949568809311302e-09
0.2551049785537617,1.7126739138006997e-08
0.28659752081259104,4.121507102272659e-08
0.3219777967548112,9.685380764068441e-08
0.36172574455336326,2.2226569118544148e-07
0.4063805504338082,4.981271684023625e-07
0.45654796280755766,1.0902808051937996e-06
0.5129085093300529,2.330700803021557e-06
0.5762267283493882,4.866379196610815e-06
0.6473615399712076,9.924750090983814e-06
0.7272778974247632,1.9772075599444605e-05
0.8170598767824696,3.847963256997655e-05
0.9179253825967483,7.31618654673527e-05
1.0312426689380967,0.00013590818361397528
1.1585488999444697,0.0002466880144984529
1.3015710016583038,0.0004375521948186689
1.4622490880091454,0.0007584594061584848
1.6427627787184707,0.0012849927267494232
1.8455607661325835,0.0021280626716406736
2.0733940320616497,0.0034453870927848573
2.329353165215711,0.005454078819445374
2.6169102854537,0.008443074397445183
2.9399661435534976,0.012783463945734153
3.3029030354176987,0.01893415084549821
3.710644248503383,0.027439850110607233
4.168720846874621,0.0389184240628766
4.683346700825936,0.054035137323249494
5.261502778863538,0.0734627015785353
5.911031845476362,0.0978279523763379
6.64074484928479,0.12764845665437563
7.4605404447366075,0.16326490883809242
8.381539268677866,0.2047773157695274
9.416234793278331,0.25199413928954806
10.578662801651687,0.30440330170552155
11.884591785129816,0.36117204457352836
13.351736844955687,0.4211791868652821
15.0,0.483078841494316
