SA(1.0s) [g],Complete_damage
0.05000000000000001,6.428191312579656e-14
0.056172467201025755,2.0661250488274163e-13
0.06310692142900626,6.480371794737039e-13
0.07089742948257126,1.9845236565174673e-12
0.07964967064493539,5.9332538882017616e-12
0.08948237023750269,1.731803589422043e-11
0.10052891014472326,4.935041264531037e-11
0.11293913815718663,1.373016145223005e-10
0.1268814006769336,3.7296099542061256e-10
0.14254482635890514,9.891566454811596e-10
0.16014189166643014,2.561485135110786e-09
0.17991130314285533,6.476727043569497e-09
0.2021212354977168,1.599076038250047e-08
0.2270729694325259,3.8551927095120675e-08
0.2551049785537617,9.076139773078751e-08
0.28659752081259104,2.086652285404611e-07
0.3219777967548112,4.68500124362059e-07
0.36172574455336326,1.0273021989748443e-06
0.4063805504338082,2.200063306978528e-06
0.45654796280755766,4.60194797702318e-06
0.5129085093300529,9.402440875994067e-06
0.5762267283493882,1.8765346256555127e-05
0.6473615399712076,3.658612151391516e-05
0.7272778974247632,6.968655952765967e-05
0.8170598767824696,0.00012968391510992383
0.9179253825967483,0.00023580989877280967
1.0312426689380967,0.0004190002642849855
1.1585488999444697,0.0007275852836330365
1.3015710016583038,0.0012348543561199188
1.4622490880091454,0.0020486086492266242
1.6427627787184707,0.003322521115369015
1.8455607661325835,0.005268675514988774
2.0733940320616497,0.008170067650593804
2.329353165215711,0.012391181053421074
2.6169102854537,0.018384109372275748
2.9399661435534976,0.02668725466875288
3.3029030354176987,0.03791358199205641
3.710644248503383,0.05272594299490707
4.168720846874621,0.07179821422546506
4.683346700825936,0.0957629195327605
5.261502778863538,0.12514843652129315
5.911031845476362,0.16031145540281733
6.64074484928479,0.2013725532211006
7.4605404447366075,0.24816400845498898
8.381539268677866,0.3001988393459969
9.416234793278331,0.3566682620914008
10.578662801651687,0.41647142566744144
11.884591785129816,0.4782768485024651
13.351736844955687,0.5406102202896195
15.0,0.6019590485811911
