SA(1.0s) [g],Complete_damage
0.05000000000000001,2.7750239883772565e-09
0.056172467201025755,5.916075962453249e-09
0.06310692142900626,1.2413927330534591e-08
0.07089742948257126,2.563896328577897e-08
0.07964967064493539,5.212130393950076e-08
0.08948237023750269,1.0429460506333754e-07
0.10052891014472326,2.054229065739932e-07
0.11293913815718663,3.9827731435071456e-07
0.1268814006769336,7.601192467676654e-07
0.14254482635890514,1.4280642374187025e-06
0.16014189166643014,2.6411597263686915e-06
0.17991130314285533,4.808772867126443e-06
0.2021212354977168,8.619440472923401e-06
0.2270729694325259,1.5210464202164431e-05
0.2551049785537617,2.642644365102864e-05
0.28659752081259104,4.520464818824621e-05
0.3219777967548112,7.613632502145862e-05
0.36172574455336326,0.00012626490581046923
0.4063805504338082,0.00020619308288993832
0.45654796280755766,0.00033157848233078546
0.5129085093300529,0.0005250988120456546
0.5762267283493882,0.0008189576773147689
0.6473615399712076,0.00125797694412777
0.7272778974247632,0.001903275881778188
0.8170598767824696,0.002836467680199739
0.9179253825967483,0.004164209013084341
1.0312426689380967,0.006022820604472123
1.1585488999444697,0.008582563916777364
1.3015710016583038,0.012051024849534353
1.4622490880091454,0.016674939578048664
1.6427627787184707,0.022739725136306732
1.8455607661325835,0.030565975019946845
2.0733940320616497,0.04050227290732722
2.329353165215711,0.05291388321309598
2.6169102854537,0.06816720030614065
2.9399661435534976,0.0866102657897796
3.3029030354176987,0.10855016171273446
3.710644248503383,0.13422860346220955
4.168720846874621,0.1637975205117015
4.683346700825936,0.1972967505153529
5.261502778863538,0.23463611181628896
5.911031845476362,0.27558400874991607
6.64074484928479,0.31976434080997407
7.4605404447366075,0.36666284689333617
8.381539268677866,0.41564317631942505
9.416234793278331,0.4659720318967786
10.578662801651687,0.5168517936988142
11.884591785129816,0.5674582287707247
13.351736844955687,0.6169803320205454
15.0,0.6646591058937058
