SA(1.0s) [g],Complete_damage
0.05000000000000001,2.409359489696783e-08
0.056172467201025755,4.909232576011391e-08
0.06310692142900626,9.84551734584116e-08
0.07089742948257126,1.943502453416457e-07
0.07964967064493539,3.7762650828554456e-07
0.08948237023750269,7.222382023552854e-07
0.10052891014472326,1.359719823179617e-06
0.11293913815718663,2.5198833366602003e-06
0.1268814006769336,4.597113518522988e-06
0.14254482635890514,8.256126419969867e-06
0.16014189166643014,1.4597117780068558e-05
0.17991130314285533,2.54080786302735e-05
0.2021212354977168,4.354173362064451e-05
0.2270729694325259,7.34657808392214e-05
0.2551049785537617,0.00012204709410690295
0.28659752081259104,0.00019964180403164722
0.3219777967548112,0.00032157134210997196
0.36172574455336326,0.0005100662842777437
0.4063805504338082,0.0007967509338052681
0.45654796280755766,0.001225717208108268
0.5129085093300529,0.0018571917352404599
0.5762267283493882,0.0027717313191143456
0.6473615399712076,0.00407478758451818
0.7272778974247632,0.005901363912682145
0.8170598767824696,0.008420354135328378
0.9179253825967483,0.011838016406582663
1.0312426689380967,0.01639991699194654
1.1585488999444697,0.022390602266771142
1.3015710016583038,0.03013025029186156
1.4622490880091454,0.03996764145412923
1.6427627787184707,0.05226898923998369
1.8455607661325835,0.06740249283165833
2.0733940320616497,0.08571890066122267
2.329353165215711,0.1075288753857464
2.6169102854537,0.13307847266877348
2.9399661435534976,0.1625245194588829
3.3029030354176987,0.1959120255879625
3.710644248503383,0.23315591340189123
4.168720846874621,0.2740292495234822
4.683346700825936,0.3181597866005834
5.261502778863538,0.3650359856463429
5.911031845476362,0.4140228473789981
6.64074484928479,0.46438692659900427
7.4605404447366075,0.5153289547424029
8.381539268677866,0.5660216773891963
9.416234793278331,0.6156499381972377
10.578662801651687,0.6634497896379599
11.884591785129816,0.7087435199220525
13.351736844955687,0.7509679390054553
15.0,0.7896940001550712
