SA(0.6s) [g],Complete_damage
0.05000000000000001,1.8725122828966434e-06
0.056172467201025755,3.3563792172230933e-06
0.06310692142900626,5.930040719581697e-06
0.07089742948257126,1.0327518187969176e-05
0.07964967064493539,1.7729560335300043e-05
0.08948237023750269,3.000381768336613e-05
0.10052891014472326,5.005475328068165e-05
0.11293913815718663,8.232258710194618e-05
0.1268814006769336,0.0001334790771753136
0.14254482635890514,0.0002133755174714702
0.16014189166643014,0.00033630325541122996
0.17991130314285533,0.0005226269657104821
0.2021212354977168,0.0008008429876559253
0.2270729694325259,0.0012100960456525867
0.2551049785537617,0.0018031545231118606
0.28659752081259104,0.002649794743841194
0.3219777967548112,0.0038404775207293573
0.36172574455336326,0.005490117025430008
0.4063805504338082,0.007741647504050264
0.45654796280755766,0.010768996023441613
0.5129085093300529,0.014778981735132035
0.5762267283493882,0.0200115999056939
0.6473615399712076,0.026738129916017983
0.7272778974247632,0.03525654788628696
0.8170598767824696,0.04588384034548709
0.9179253825967483,0.05894501229686899
1.0312426689380967,0.07475885781954261
1.1585488999444697,0.09362089818392971
1.3015710016583038,0.11578426236057071
1.4622490880091454,0.14143964711591672
1.6427627787184707,0.1706958002396901
1.8455607661325835,0.20356217090090145
2.0733940320616497,0.2399354218512466
2.329353165215711,0.279591369443127
2.6169102854537,0.3221836004124967
2.9399661435534976,0.36724952552283197
3.3029030354176987,0.41422401165655165
3.710644248503383,0.46246004994557033
4.168720846874621,0.5112552463992623
4.683346700825936,0.5598823449277697
5.261502778863538,0.6076215836799954
5.911031845476362,0.6537924972862628
6.64074484928479,0.697782834667074
7.4605404447366075,0.7390725570210859
8.381539268677866,0.7772513748497215
9.416234793278331,0.8120289128982467
10.578662801651687,0.8432372791775246
11.884591785129816,0.8708264771468809
13.351736844955687,0.8948536656773449
15.0,0.9154676847976229
