SA(1.0s) [g],Loss_ratio
0.05000000000000001,2.366422846110485e-09
0.056172467201025755,7.325064644507428e-09
0.06310692142900626,2.18862221351052e-08
0.07089742948257126,6.312792823467682e-08
0.07964967064493539,1.7581609523793292e-07
0.08948237023750269,4.7301556272326463e-07
0.10052891014472326,1.230470791801627e-06
0.11293913815718663,3.1005642481737382e-06
0.1268814006769336,7.593748287576125e-06
0.14254482635890514,1.81797784540221e-05
0.16014189166643014,4.289953164656871e-05
0.17991130314285533,0.00010077891776439588
0.2021212354977168,0.0002376816174857828
0.2270729694325259,0.0005641014207242906
0.2551049785537617,0.001338509848909781
0.28659752081259104,0.0031312342299079044
0.3219777967548112,0.00710076052664088
0.36172574455336326,0.015369744801737794
0.4063805504338082,0.03137778326535075
0.45654796280755766,0.05993152638872097
0.5129085093300529,0.10657622751813585
0.5762267283493882,0.17605112338512954
0.6473615399712076,0.27007006350491947
0.7272778974247632,0.3853244853542537
0.8170598767824696,0.5129560403676178
0.9179253825967483,0.6402997414810039
1.0312426689380967,0.7544862100103166
1.1585488999444697,0.8462785957689076
1.3015710016583038,0.912277700869031
1.4622490880091454,0.9546275877716501
1.6427627787184707,0.978830154392504
1.8455607661325835,0.9911258385049356
2.0733940320616497,0.9966694230181531
2.329353165215711,0.9988841310249815
2.6169102854537,0.9996670994557156
2.9399661435534976,0.9999117555077638
3.3029030354176987,0.9999792541839281
3.710644248503383,0.9999956812870531
4.168720846874621,0.9999992050025323
4.683346700825936,0.9999998707435209
5.261502778863538,0.9999999814574196
5.911031845476362,0.9999999976550503
6.64074484928479,0.9999999997387802
7.4605404447366075,0.999999999974385
8.381539268677866,0.9999999999977903
9.416234793278331,0.9999999999998324
10.578662801651687,0.9999999999999888
11.884591785129816,0.9999999999999993
13.351736844955687,1.0
15.0,1.0
