SA(0.3s) [g],Complete_damage
0.05000000000000001,2.415260658139573e-09
0.056172467201025755,5.476265330095487e-09
0.06310692142900626,1.218970424599064e-08
0.07089742948257126,2.663785281242781e-08
0.07964967064493539,5.714948969615108e-08
0.08948237023750269,1.2037683883026062e-07
0.10052891014472326,2.489441661701619e-07
0.11293913815718663,5.054767000522986e-07
0.1268814006769336,1.0077504660754855e-06
0.14254482635890514,1.972744803735438e-06
0.16014189166643014,3.792006918024171e-06
0.17991130314285533,7.157525880763238e-06
0.2021212354977168,1.3266876901840696e-05
0.2270729694325259,2.414926977423182e-05
0.2551049785537617,4.3170562144423386e-05
0.28659752081259104,7.579491859299736e-05
0.3219777967548112,0.00013070223409905601
0.36172574455336326,0.00022138083402234443
0.4063805504338082,0.00036832953479493113
0.45654796280755766,0.0006020049680725004
0.5129085093300529,0.000966630214033315
0.5762267283493882,0.0015249291457229974
0.6473615399712076,0.0023637577897173134
0.7272778974247632,0.0036004627736141437
0.8170598767824696,0.005389607129489549
0.9179253825967483,0.007929474719952978
1.0312426689380967,0.011467518482422667
1.1585488999444697,0.0163036907579881
1.3015710016583038,0.022790434951614813
1.4622490880091454,0.031328082726525985
1.6427627787184707,0.04235454398358229
1.8455607661325835,0.056328537718391525
2.0733940320616497,0.07370620207144873
2.329353165215711,0.09491171307905555
2.6169102854537,0.12030345893750327
2.9399661435534976,0.15013824098550876
3.3029030354176987,0.18453675383332668
3.710644248503383,0.2234540768311739
4.168720846874621,0.2666589513164195
4.683346700825936,0.3137251405428023
5.261502778863538,0.3640371689731985
5.911031845476362,0.4168113036775757
6.64074484928479,0.47113094831166036
7.4605404447366075,0.5259939069309738
8.381539268677866,0.5803675001923224
9.416234793278331,0.6332465143024869
10.578662801651687,0.683708596827155
11.884591785129816,0.7309620436766004
13.351736844955687,0.7743818936705029
15.0,0.8135317023660947
