SA(0.3s) [g],Complete_damage
0.05000000000000001,6.14950312893825e-11
0.056172467201025755,1.5078904791465675e-10
0.06310692142900626,3.629566647234128e-10
0.07089742948257126,8.576334087351256e-10
0.07964967064493539,1.9893823255401344e-09
0.08948237023750269,4.530148589587668e-09
0.10052891014472326,1.0127279237437392e-08
0.11293913815718663,2.2226357976329325e-08
0.1268814006769336,4.789041396779936e-08
0.14254482635890514,1.0130802241548054e-07
0.16014189166643014,2.1040928066540232e-07
0.17991130314285533,4.2906521413588194e-07
0.2021212354977168,8.590756350734807e-07
0.2270729694325259,1.6888937580672447e-06
0.2551049785537617,3.2602443289508898e-06
0.28659752081259104,6.180020179602508e-06
0.3219777967548112,1.1503703382542696e-05
0.36172574455336326,2.1028619885177235e-05
0.4063805504338082,3.775093665492335e-05
0.45654796280755766,6.655926270426882e-05
0.5129085093300529,0.0001152589220585476
0.5762267283493882,0.00019604195562661353
0.6473615399712076,0.0003275343819139076
0.7272778974247632,0.0005375577790103225
0.8170598767824696,0.000866728340744527
0.9179253825967483,0.0013729732618157353
1.0312426689380967,0.0021369616555231286
1.1585488999444697,0.003268317550095934
1.3015710016583038,0.004912303636725457
1.4622490880091454,0.007256443127374168
1.6427627787184707,0.010536302274061105
1.8455607661325835,0.015039420737659626
2.0733940320616497,0.021106197229351253
2.329353165215711,0.029126468727501464
2.6169102854537,0.039530618689742836
2.9399661435534976,0.05277435732960045
3.3029030354176987,0.06931685455485492
3.710644248503383,0.08959265534509608
4.168720846874621,0.11397870433833945
4.683346700825936,0.14275874174623815
5.261502778863538,0.17608816173634834
5.911031845476362,0.21396298816811066
6.64074484928479,0.2561967769017508
7.4605404447366075,0.30240890134505993
8.381539268677866,0.35202679530841574
9.416234793278331,0.4043033818769358
10.578662801651687,0.45834926558694244
11.884591785129816,0.5131775336998767
13.351736844955687,0.5677574592407765
15.0,0.6210722679612611
