SA(0.3s) [g],Complete_damage
0.05000000000000001,3.78725210081754e-08
0.056172467201025755,8.056081990392983e-08
0.06310692142900626,1.682475283537599e-07
0.07089742948257126,3.4499276357902176e-07
0.07964967064493539,6.945760847587579e-07
0.08948237023750269,1.3730649938148431e-06
0.10052891014472326,2.6652475576538492e-06
0.11293913815718663,5.08011941624531e-06
0.1268814006769336,9.508586385265083e-06
0.14254482635890514,1.7477550084632476e-05
0.16014189166643014,3.154901852564507e-05
0.17991130314285533,5.59308396509417e-05
0.2021212354977168,9.738632661826507e-05
0.2270729694325259,0.00016655143703114828
0.2551049785537617,0.0002797866010847416
0.28659752081259104,0.0004617000258506643
0.3219777967548112,0.0007484724552493383
0.36172574455336326,0.001192080344032287
0.4063805504338082,0.0018654450608743822
0.45654796280755766,0.0028684214108681827
0.5129085093300529,0.004334375195194418
0.5762267283493882,0.0064368903011710055
0.6473615399712076,0.00939590579209404
0.7272778974247632,0.013482341111823337
0.8170598767824696,0.01902006507909304
0.9179253825967483,0.026383954711570956
1.0312426689380967,0.035992829544585936
1.1585488999444697,0.04829628515935713
1.3015710016583038,0.06375491466980365
1.4622490880091454,0.0828140936120132
1.6427627787184707,0.10587236298066172
1.8455607661325835,0.13324638143982837
2.0733940320616497,0.16513529579187813
2.329353165215711,0.2015880415835296
2.6169102854537,0.24247738131661478
2.9399661435534976,0.28748430088037724
3.3029030354176987,0.3360956667377183
3.710644248503383,0.3876168351286773
4.168720846874621,0.4411993297742366
4.683346700825936,0.4958819734193297
5.261502778863538,0.5506422235927546
5.911031845476362,0.6044531777046493
6.64074484928479,0.6563409838646194
7.4605404447366075,0.7054373412776266
8.381539268677866,0.7510224064492481
9.416234793278331,0.7925546346468315
10.578662801651687,0.8296856841092742
11.884591785129816,0.862260243880117
13.351736844955687,0.8903022591355092
15.0,0.9139903041011805
