SA(0.6s) [g],Complete_damage
0.05000000000000001,0.0003838240357681988
0.056172467201025755,0.0005826468584579914
0.06310692142900626,0.0008732000831246367
0.07089742948257126,0.0012920425167389782
0.07964967064493539,0.00188762396603126
0.08948237023750269,0.0027230291515689675
0.10052891014472326,0.003878924965241115
0.11293913815718663,0.005456557077578861
0.1268814006769336,0.007580575650391497
0.14254482635890514,0.0104014023819059
0.16014189166643014,0.014096790363275713
0.17991130314285533,0.018872184334539854
0.2021212354977168,0.024959473145697242
0.2270729694325259,0.03261374963418051
0.2551049785537617,0.04210776487014878
0.28659752081259104,0.05372388901828995
0.3219777967548112,0.0677435692927193
0.36172574455336326,0.08443449867249975
0.4063805504338082,0.10403596121803715
0.45654796280755766,0.1267430774628442
0.5129085093300529,0.15269090720103407
0.5762267283493882,0.18193954518751854
0.6473615399712076,0.21446143749208946
0.7272778974247632,0.2501321283653296
0.8170598767824696,0.28872550597166613
0.9179253825967483,0.32991435075913145
1.0312426689380967,0.3732766188406226
1.1585488999444697,0.41830744602028525
1.3015710016583038,0.46443637971931806
1.4622490880091454,0.5110488869179248
1.6427627787184707,0.5575107978501765
1.8455607661325835,0.6031940726991494
2.0733940320616497,0.6475021543120423
2.329353165215711,0.68989320891922
2.6169102854537,0.7298997543033802
2.9399661435534976,0.7671435071951114
3.3029030354176987,0.8013447097434847
3.710644248503383,0.8323256697079402
4.168720846874621,0.8600087184551071
4.683346700825936,0.8844092066930725
5.261502778863538,0.9056244817145414
5.911031845476362,0.9238199972591961
6.64074484928479,0.9392137892010384
7.4605404447366075,0.9520605135680984
8.381539268677866,0.9626361069603576
9.416234793278331,0.9712239208973985
10.578662801651687,0.978102932615592
11.884591785129816,0.9835383764334839
13.351736844955687,0.9877748988616256
15.0,0.9910321372405468
