SA(0.6s) [g],Complete_damage
0.05000000000000001,0.0010839297277366322
0.056172467201025755,0.0015964104930389356
0.06310692142900626,0.002321175844009815
0.07089742948257126,0.003332079567849422
0.07964967064493539,0.004722719493166494
0.08948237023750269,0.006609459759967851
0.10052891014472326,0.0091341149539238
0.11293913815718663,0.012465958188711324
0.1268814006769336,0.016802660201468478
0.14254482635890514,0.022369736089879577
0.16014189166643014,0.02941808251797029
0.17991130314285533,0.03821924186719927
0.2021212354977168,0.049058138418062724
0.2270729694325259,0.062223197272681
0.2551049785537617,0.07799397413604126
0.28659752081259104,0.09662667961655313
0.3219777967548112,0.11833825332342252
0.36172574455336326,0.14328990163559507
0.4063805504338082,0.17157122531153446
0.45654796280755766,0.20318619572985597
0.5129085093300529,0.23804226292241437
0.5762267283493882,0.275943775852485
0.6473615399712076,0.3165906606762201
0.7272778974247632,0.3595829475282911
0.8170598767824696,0.40443128893305924
0.9179253825967483,0.4505731159088575
1.0312426689380967,0.49739358350007834
1.1585488999444697,0.5442500211604666
1.3015710016583038,0.5904982759588132
1.4622490880091454,0.6355191571375122
1.6427627787184707,0.6787431808972403
1.8455607661325835,0.7196719755850449
2.0733940320616497,0.7578950201369369
2.329353165215711,0.7931008152042028
2.6169102854537,0.8250820769972866
2.9399661435534976,0.8537350433135321
3.3029030354176987,0.8790534364917951
3.710644248503383,0.9011179951629964
4.168720846874621,0.9200827356391601
4.683346700825936,0.9361592211927826
5.261502778863538,0.949600106510683
5.911031845476362,0.9606831027316984
6.64074484928479,0.9696963034266017
7.4605404447366075,0.97692555673909
8.381539268677866,0.9826442971933537
9.416234793278331,0.9871059921112965
10.578662801651687,0.9905391351088432
11.884591785129816,0.9931445473600009
13.351736844955687,0.9950946323600823
15.0,0.9965341704565995
