SA(0.6s) [g],Loss_ratio
0.05000000000000001,8.917030214816392e-17
0.056172467201025755,3.5898589291287564e-16
0.06310692142900626,1.9015007222603126e-15
0.07089742948257126,1.0277434031701375e-14
0.07964967064493539,5.3675043763453703e-14
0.08948237023750269,2.7006882909770766e-13
0.10052891014472326,1.3180757304486156e-12
0.11293913815718663,6.2561805044460465e-12
0.1268814006769336,2.895046762165041e-11
0.14254482635890514,1.3078828376046544e-10
0.16014189166643014,5.766249249378565e-10
0.17991130314285533,2.4758442827973474e-09
0.2021212354977168,1.0316935833300943e-08
0.2270729694325259,4.154436411760951e-08
0.2551049785537617,1.6093021048777252e-07
0.28659752081259104,5.970837656802087e-07
0.3219777967548112,2.11345214696649e-06
0.36172574455336326,7.112293216989892e-06
0.4063805504338082,2.268802140946693e-05
0.45654796280755766,6.843103538963283e-05
0.5129085093300529,0.00019473752304687028
0.5762267283493882,0.0005219311958660218
0.6473615399712076,0.001315584480242119
0.7272778974247632,0.0031151814520558414
0.8170598767824696,0.006924088201928465
0.9179253825967483,0.014439275961208437
1.0312426689380967,0.0282454300981824
1.1585488999444697,0.051833280432641016
1.3015710016583038,0.0892654434708976
1.4622490880091454,0.1443621317471077
1.6427627787184707,0.21945513992449983
1.8455607661325835,0.31403486481127524
2.0733940320616497,0.42386226218327216
2.329353165215711,0.5411377251242993
2.6169102854537,0.6559747874965831
2.9399661435534976,0.7588040362831749
3.3029030354176987,0.8427789346768398
3.710644248503383,0.9051739828702249
4.168720846874621,0.9472750707379589
4.683346700825936,0.9730403977718696
5.261502778863538,0.9873359329028543
5.911031845476362,0.9945317018874209
6.64074484928479,0.9978243066035379
7.4605404447366075,0.9991988903381587
8.381539268677866,0.9997253495981533
9.416234793278331,0.9999116943689901
10.578662801651687,0.9999731846974548
11.884591785129816,0.9999922683582825
13.351736844955687,0.999997878556372
15.0,0.999999446704233
