SA(0.6s) [g],Loss_ratio
0.05000000000000001,1.5911915907800518e-05
0.056172467201025755,2.8671855922918086e-05
0.06310692142900626,5.030177973005919e-05
0.07089742948257126,8.589117018558338e-05
0.07964967064493539,0.00014275720730644897
0.08948237023750269,0.00023108785553485893
0.10052891014472326,0.0003647016604647207
0.11293913815718663,0.0005620271896022248
0.1268814006769336,0.0008475439244677917
0.14254482635890514,0.0012541393693645672
0.16014189166643014,0.0018271108225921002
0.17991130314285533,0.0026308233830728707
0.2021212354977168,0.0037592269191149756
0.2270729694325259,0.005351379767412526
0.2551049785537617,0.0076126350576308606
0.28659752081259104,0.010841033218424428
0.3219777967548112,0.015456612066694088
0.36172574455336326,0.022028882688575564
0.4063805504338082,0.031295007191178406
0.45654796280755766,0.04415898589463893
0.5129085093300529,0.06166144356317059
0.5762267283493882,0.08491149362291073
0.6473615399712076,0.11497742497312768
0.7272778974247632,0.15274155272441642
0.8170598767824696,0.19873525009558954
0.9179253825967483,0.2529804128349843
1.0312426689380967,0.31487006415682206
1.1585488999444697,0.38312031844240557
1.3015710016583038,0.45581674504313746
1.4622490880091454,0.5305610600663191
1.6427627787184707,0.6047025951529186
1.8455607661325835,0.675618798717409
2.0733940320616497,0.7409961287930114
2.329353165215711,0.7990613470951611
2.6169102854537,0.8487242374189536
2.9399661435534976,0.8896130702155979
3.3029030354176987,0.9220077689088331
3.710644248503383,0.9466959974806288
4.168720846874621,0.9647891538593348
4.683346700825936,0.9775365477989251
5.261502778863538,0.9861683067238536
5.911031845476362,0.9917846241217183
6.64074484928479,0.9952953688084182
7.4605404447366075,0.9974034245668836
8.381539268677866,0.9986192229437331
9.416234793278331,0.9992927002499424
10.578662801651687,0.9996510263924853
11.884591785129816,0.9998341610250325
13.351736844955687,0.9999240849208333
15.0,0.9999665181864098
