SA(0.6s) [g],Loss_ratio
0.05000000000000001,3.3023124595421825e-06
0.056172467201025755,5.351069689434992e-06
0.06310692142900626,8.604111307676261e-06
0.07089742948257126,1.3747215675150793e-05
0.07964967064493539,2.18679870776905e-05
0.08948237023750269,3.472164378149195e-05
0.10052891014472326,5.520116136135034e-05
0.11293913815718663,8.817550153066504e-05
0.1268814006769336,0.00014197441070321222
0.14254482635890514,0.00023096779438457773
0.16014189166643014,0.00037991316695401816
0.17991130314285533,0.0006310022425593827
0.2021212354977168,0.0010547591604937196
0.2270729694325259,0.0017659978837795325
0.2551049785537617,0.0029457387957242597
0.28659752081259104,0.004869079660495076
0.3219777967548112,0.007937315375560623
0.36172574455336326,0.012710067833740377
0.4063805504338082,0.019930100103110207
0.45654796280755766,0.030530560899867568
0.5129085093300529,0.045612780660641124
0.5762267283493882,0.0663837847825959
0.6473615399712076,0.09404753956505849
0.7272778974247632,0.12965290391482442
0.8170598767824696,0.17391324090275007
0.9179253825967483,0.22702497888891018
1.0312426689380967,0.28852126092010305
1.1585488999444697,0.3571982555817233
1.3015710016583038,0.4311432139831347
1.4622490880091454,0.507875229639998
1.6427627787184707,0.5845855406057382
1.8455607661325835,0.6584404364144155
2.0733940320616497,0.7268934945262107
2.329353165215711,0.7879503277115212
2.6169102854537,0.8403397919153772
2.9399661435534976,0.8835676263030476
3.3029030354176987,0.9178551674601598
3.710644248503383,0.9439893410528583
4.168720846874621,0.9631244310557661
4.683346700825936,0.9765785586369194
5.261502778863538,0.9856597480737573
5.911031845476362,0.9915421725631192
6.64074484928479,0.995197838461966
7.4605404447366075,0.9973767987606339
8.381539268677866,0.9986221368168571
9.416234793278331,0.999304426970283
10.578662801651687,0.9996626800644985
11.884591785129816,0.9998429200448732
13.351736844955687,0.9999297880922723
15.0,0.9999698867676078
