SA(0.6s) [g],Complete_damage
0.05000000000000001,4.060031073560566e-07
0.056172467201025755,9.64745535236844e-07
0.06310692142900626,2.2280975771060696e-06
0.07089742948257126,5.001744842858535e-06
0.07964967064493539,1.0914532042494152e-05
0.08948237023750269,2.3153576504508777e-05
0.10052891014472326,4.775255566835668e-05
0.11293913815718663,9.575916442261523e-05
0.1268814006769336,0.00018672941740616178
0.14254482635890514,0.000354112771313031
0.16014189166643014,0.0006531599246581976
0.17991130314285533,0.0011719380745131014
0.2021212354977168,0.0020457909618956105
0.2270729694325259,0.0034750457931155276
0.2551049785537617,0.005744888436758466
0.28659752081259104,0.009245118686268539
0.3219777967548112,0.014486096209377242
0.36172574455336326,0.02210588332815533
0.4063805504338082,0.0328628115648969
0.45654796280755766,0.0476079423232586
0.5129085093300529,0.06723358728432127
0.5762267283493882,0.09259738185282396
0.6473615399712076,0.12442612716415591
0.7272778974247632,0.16320898740412726
0.8170598767824696,0.20909445837161367
0.9179253825967483,0.261808414412558
1.0312426689380967,0.3206102789596379
1.1585488999444697,0.384300340067281
1.3015710016583038,0.45128376076117815
1.4622490880091454,0.519687221092307
1.6427627787184707,0.5875144254012785
1.8455607661325835,0.6528191881184586
2.0733940320616497,0.7138713272944056
2.329353165215711,0.769292026392038
2.6169102854537,0.8181413089379637
2.9399661435534976,0.859949313818742
3.3029030354176987,0.8946929881807417
3.710644248503383,0.9227284090992437
4.168720846874621,0.944694532961789
4.683346700825936,0.9614060072523137
5.261502778863538,0.9737510064651627
5.911031845476362,0.9826058788072984
6.64074484928479,0.9887730847089901
7.4605404447366075,0.9929437896317681
8.381539268677866,0.9956824950286581
9.416234793278331,0.9974287030092318
10.578662801651687,0.9985097918306748
11.884591785129816,0.9991596842899787
13.351736844955687,0.9995390309684984
15.0,0.9997540345486359
