SA(0.6s) [g],Complete_damage
0.05000000000000001,2.291580869284715e-06
0.056172467201025755,5.139272721055299e-06
0.06310692142900626,1.1203803570003501e-05
0.07089742948257126,2.3744327251828956e-05
0.07964967064493539,4.8923905218600794e-05
0.08948237023750269,9.8014194792162e-05
0.10052891014472326,0.00019094445953471428
0.11293913815718663,0.00036176230724260794
0.1268814006769336,0.0006666387455553924
0.14254482635890514,0.0011949977059082517
0.16014189166643014,0.0020840942858659783
0.17991130314285533,0.0035368195779755807
0.2021212354977168,0.005841617192938409
0.2270729694325259,0.009392177358306664
0.2551049785537617,0.014703170965167933
0.28659752081259104,0.022416991663379737
0.3219777967548112,0.03329572156424698
0.36172574455336326,0.048192822944511104
0.4063805504338082,0.06800080830215594
0.45654796280755766,0.09357452321174786
0.5129085093300529,0.1256344359810495
0.5762267283493882,0.16465970252502138
0.6473615399712076,0.21078556104301427
0.7272778974247632,0.2637224123172267
0.8170598767824696,0.3227135565034329
0.9179253825967483,0.38654440467630813
1.0312426689380967,0.4536084118214392
1.1585488999444697,0.522025325138427
1.3015710016583038,0.5897976757821316
1.4622490880091454,0.6549840335259671
1.6427627787184707,0.7158642198419813
1.8455607661325835,0.7710732749352522
2.0733940320616497,0.8196870929311139
2.329353165215711,0.8612517508448876
2.6169102854537,0.8957584755524914
2.9399661435534976,0.9235747075077074
3.3029030354176987,0.9453471860330959
3.710644248503383,0.9618946876207218
4.168720846874621,0.9741062703362399
4.683346700825936,0.9828566402959608
5.261502778863538,0.9889449365858722
5.911031845476362,0.9930581383667594
6.64074484928479,0.9957563691101077
7.4605404447366075,0.9974750409220258
8.381539268677866,0.99853801231653
9.416234793278331,0.999176371208663
10.578662801651687,0.9995486110997109
11.884591785129816,0.999759374661176
13.351736844955687,0.9998752477834528
15.0,0.9999371041492825
