SA(0.6s) [g],Complete_damage
0.05000000000000001,0.00037654438453571526
0.056172467201025755,0.000547673003094773
0.06310692142900626,0.0007884384524108334
0.07089742948257126,0.0011234904537570367
0.07964967064493539,0.001584677183665173
0.08948237023750269,0.0022125734838359667
0.10052891014472326,0.003058135727439848
0.11293913815718663,0.004184424563004829
0.1268814006769336,0.005668310488222028
0.14254482635890514,0.007602049206026806
0.16014189166643014,0.010094586197929245
0.17991130314285533,0.013272425818317113
0.2021212354977168,0.01727988292776872
0.2270729694325259,0.022278528406094567
0.2551049785537617,0.028445647511962324
0.28659752081259104,0.035971555142424894
0.3219777967548112,0.04505565668134248
0.36172574455336326,0.055901207803274344
0.4063805504338082,0.06870880976550509
0.45654796280755766,0.08366877448788923
0.5129085093300529,0.10095259981879856
0.5762267283493882,0.12070390141636334
0.6473615399712076,0.1430292436853885
0.7272778974247632,0.16798938758060455
0.8170598767824696,0.19559151764770732
0.9179253825967483,0.22578301595249928
1.0312426689380967,0.258447310981611
1.1585488999444697,0.2934022435413368
1.3015710016583038,0.3304012620538045
1.4622490880091454,0.3691375940847781
1.6427627787184707,0.40925135136129587
1.8455607661325835,0.45033932718662484
2.0733940320616497,0.4919670551188219
2.329353165215711,0.5336825331990644
2.6169102854537,0.5750308942346241
2.9399661435534976,0.6155692314429853
3.3029030354176987,0.6548807770125392
3.710644248503383,0.6925876799701359
4.168720846874621,0.7283617344451103
4.683346700825936,0.7619325599576147
5.261502778863538,0.7930929175754686
5.911031845476362,0.8217010430043552
6.64074484928479,0.8476800725694498
7.4605404447366075,0.8710148144703591
8.381539268677866,0.8917462623000632
9.416234793278331,0.9099643512461749
10.578662801651687,0.9257995148934028
11.884591785129816,0.939413612059471
13.351736844955687,0.950990762781583
15.0,0.9607285679163635
