SA(0.6s) [g],Loss_ratio
0.05000000000000001,5.809961664468604e-05
0.056172467201025755,9.051787923399762e-05
0.06310692142900626,0.00014502786259584015
0.07089742948257126,0.00023936777739114323
0.07964967064493539,0.0004056710087794836
0.08948237023750269,0.0007006352387180987
0.10052891014472326,0.0012210237738740116
0.11293913815718663,0.002125768094116567
0.1268814006769336,0.0036651187200245714
0.14254482635890514,0.0062155566097669805
0.16014189166643014,0.010316415480375866
0.17991130314285533,0.01670061751570635
0.2021212354977168,0.02630835680088787
0.2270729694325259,0.040270297208493344
0.2551049785537617,0.059847528915505495
0.28659752081259104,0.08632057717331204
0.3219777967548112,0.12082963326852829
0.36172574455336326,0.16418167205421513
0.4063805504338082,0.21665411851030733
0.45654796280755766,0.27783473984822177
0.5129085093300529,0.3465389641272504
0.5762267283493882,0.4208361485389639
0.6473615399712076,0.4981960638285639
0.7272778974247632,0.5757404684405277
0.8170598767824696,0.6505593492472748
0.9179253825967483,0.7200348840474784
1.0312426689380967,0.782113766529897
1.1585488999444697,0.8354811457577737
1.3015710016583038,0.8796131647779957
1.4622490880091454,0.9147126645200606
1.6427627787184707,0.9415560998973281
1.8455607661325835,0.9612932304517087
2.0733940320616497,0.9752426352582461
2.329353165215711,0.984717408340706
2.6169102854537,0.9909009655115937
2.9399661435534976,0.9947778156697107
3.3029030354176987,0.9971123784369154
3.710644248503383,0.9984623775088884
4.168720846874621,0.9992118907304702
4.683346700825936,0.9996113394458239
5.261502778863538,0.9998156535944053
5.911031845476362,0.9999159333816859
6.64074484928479,0.9999631538302634
7.4605404447366075,0.9999844830650068
8.381539268677866,0.9999937231995325
9.416234793278331,0.9999975617861423
10.578662801651687,0.9999990907226444
11.884591785129816,0.9999996745312852
13.351736844955687,0.9999998882070897
15.0,0.9999999631598436
