SA(0.3s) [g],Loss_ratio
0.05000000000000001,1.4740614233661564e-09
0.056172467201025755,3.454709416322532e-09
0.06310692142900626,8.127988388871823e-09
0.07089742948257126,1.916967718481126e-08
0.07964967064493539,4.520384809570672e-08
0.08948237023750269,1.0621351667020311e-07
0.10052891014472326,2.4773379001823206e-07
0.11293913815718663,5.71434718304083e-07
0.1268814006769336,1.2990885386644615e-06
0.14254482635890514,2.9021585951769077e-06
0.16014189166643014,6.355598357943792e-06
0.17991130314285533,1.3617563647120055e-05
0.2021212354977168,2.850303255211959e-05
0.2270729694325259,5.821409506651449e-05
0.2551049785537617,0.00011591340822216676
0.28659752081259104,0.000224869863241399
0.3219777967548112,0.0004248386302066685
0.36172574455336326,0.0007814079496178423
0.4063805504338082,0.0013989706422591417
0.45654796280755766,0.002437656085241437
0.5129085093300529,0.004133885498748631
0.5762267283493882,0.006823127275293075
0.6473615399712076,0.010961961735630705
0.7272778974247632,0.017144897397236968
0.8170598767824696,0.02610987618405151
0.9179253825967483,0.03872558799863646
1.0312426689380967,0.05595418147943962
1.1585488999444697,0.07878520769929506
1.3015710016583038,0.10814085923671414
1.4622490880091454,0.1447584553008516
1.6427627787184707,0.18906275283399457
1.8455607661325835,0.24104656816001738
2.0733940320616497,0.3001816318836498
2.329353165215711,0.36538099827034953
2.6169102854537,0.43502881113725755
2.9399661435534976,0.5070830614401026
3.3029030354176987,0.5792437799636336
3.710644248503383,0.6491656814915291
4.168720846874621,0.7146839543445879
4.683346700825936,0.7740176253640124
5.261502778863538,0.8259183108347841
5.911031845476362,0.8697427380245557
6.64074484928479,0.9054426639738636
7.4605404447366075,0.9334818174451336
8.381539268677866,0.9547021745884539
9.416234793278331,0.9701683204137745
10.578662801651687,0.981017936288023
11.884591785129816,0.9883398076015578
13.351736844955687,0.9930908659970241
15.0,0.9960537685495416
