SA(0.3s) [g],Complete_damage
0.05000000000000001,3.267504586212944e-05
0.056172467201025755,5.203748813886744e-05
0.06310692142900626,8.189564935967564e-05
0.07089742948257126,0.00012736837611582175
0.07964967064493539,0.00019576331325932284
0.08948237023750269,0.0002973605588481032
0.10052891014472326,0.0004464081417572263
0.11293913815718663,0.0006623580223379388
0.1268814006769336,0.0009713633936275778
0.14254482635890514,0.001408044217701132
0.16014189166643014,0.002017507081990111
0.17991130314285533,0.0028575769596018707
0.2021212354977168,0.004001162395441238
0.2270729694325259,0.005538633138893134
0.2551049785537617,0.007580042717859725
0.28659752081259104,0.010256981759051542
0.3219777967548112,0.01372380630015202
0.36172574455336326,0.01815795539519538
0.4063805504338082,0.023759061145155802
0.45654796280755766,0.030746568937131902
0.5129085093300529,0.03935563205822601
0.5762267283493882,0.049831126586693864
0.6473615399712076,0.062419749756085885
0.7272778974247632,0.07736031370383611
0.8170598767824696,0.09487251768576921
0.9179253825967483,0.11514466176612681
1.0312426689380967,0.1383209360859592
1.1585488999444697,0.16448906215814874
1.3015710016583038,0.19366915622113878
1.4622490880091454,0.22580471201802177
1.6427627787184707,0.2607565491812116
1.8455607661325835,0.2983004389794638
2.0733940320616497,0.3381289059393141
2.329353165215711,0.379857425805435
2.6169102854537,0.42303492024229306
2.9399661435534976,0.4671581160220971
3.3029030354176987,0.5116890240086707
3.710644248503383,0.5560745333300734
4.168720846874621,0.5997669364529341
4.683346700825936,0.6422441209719785
5.261502778863538,0.6830281925900664
5.911031845476362,0.7217014278311729
6.64074484928479,0.7579186798309503
7.4605404447366075,0.7914156518566233
8.381539268677866,0.8220127804082246
9.416234793278331,0.8496147997658763
10.578662801651687,0.8742063611815205
11.884591785129816,0.8958443262862951
13.351736844955687,0.9146475273227432
15.0,0.9307848775146825
