SA(1.0s) [g],Complete_damage
0.05000000000000001,1.0174837639098655e-09
0.056172467201025755,3.7704822597461884e-09
0.06310692142900626,1.3348012917191454e-08
0.07089742948257126,4.514628459961756e-08
0.07964967064493539,1.4589888142069185e-07
0.08948237023750269,4.5055656916481723e-07
0.10052891014472326,1.3297239547238604e-06
0.11293913815718663,3.7509475220298683e-06
0.1268814006769336,1.011454149157931e-05
0.14254482635890514,2.6076074893577328e-05
0.16014189166643014,6.428384236190077e-05
0.17991130314285533,0.0001515676977693614
0.2021212354977168,0.00034186020170079434
0.2270729694325259,0.0007377872917133654
0.2551049785537617,0.0015239542643245008
0.28659752081259104,0.0030137291823523205
0.3219777967548112,0.00570794907778871
0.36172574455336326,0.010357940502200957
0.4063805504338082,0.018017048554135662
0.45654796280755766,0.030056629054745487
0.5129085093300529,0.04811804496469885
0.5762267283493882,0.07397632661732989
0.6473615399712076,0.10930725843953848
0.7272778974247632,0.15537725709603123
0.8170598767824696,0.21270819988459277
0.9179253825967483,0.28079576839349585
1.0312426689380967,0.3579668324416825
1.1585488999444697,0.44144042781309556
1.3015710016583038,0.5276095658692024
1.4622490880091454,0.6125007100383392
1.6427627787184707,0.6923150688728834
1.8455607661325835,0.7639306717324961
2.0733940320616497,0.8252563295607062
2.329353165215711,0.8753732828426406
2.6169102854537,0.9144605146909152
2.9399661435534976,0.9435538078705327
3.3029030354176987,0.964219904598873
3.710644248503383,0.9782296909177428
4.168720846874621,0.9872935240366048
4.683346700825936,0.9928898044295463
5.261502778863538,0.9961873744819373
5.911031845476362,0.9980417402460398
6.64074484928479,0.9990369242060766
7.4605404447366075,0.9995466278120584
8.381539268677866,0.9997957647801666
9.416234793278331,0.9999119804039736
10.578662801651687,0.9999637168345631
11.884591785129816,0.999985697139971
13.351736844955687,0.999994609156764
15.0,0.9999980575990951
