SA(1.0s) [g],Complete_damage
0.05000000000000001,5.3506976627204494e-11
0.056172467201025755,2.1862456289767351e-10
0.06310692142900626,8.53242920761943e-10
0.07089742948257126,3.1809773703983524e-09
0.07964967064493539,1.1329073346111329e-08
0.08948237023750269,3.8548636394075686e-08
0.10052891014472326,1.253264851897029e-07
0.11293913815718663,3.893482447558938e-07
0.1268814006769336,1.155957480958314e-06
0.14254482635890514,3.2802397464948285e-06
0.16014189166643014,8.897888737258164e-06
0.17991130314285533,2.30754493510954e-05
0.2021212354977168,5.7222506848808585e-05
0.2270729694325259,0.00013571176558913045
0.2551049785537617,0.00030788777273127454
0.28659752081259104,0.0006683342442705964
0.3219777967548112,0.0013884709223532798
0.36172574455336326,0.0027615493318836615
0.4063805504338082,0.005260065898410549
0.45654796280755766,0.009598927859852946
0.5129085093300529,0.016789713454000488
0.5762267283493882,0.028162946460737803
0.6473615399712076,0.04533011982659807
0.7272778974247632,0.07005994578674546
0.8170598767824696,0.10405775031261033
0.9179253825967483,0.1486632438063209
1.0312426689380967,0.20451458271299106
1.1585488999444697,0.2712546556288623
1.3015710016583038,0.3473656995965967
1.4622490880091454,0.43020122746775424
1.6427627787184707,0.5162398807570518
1.8455607661325835,0.6015260431019995
2.0733940320616497,0.6822070941072819
2.329353165215711,0.755047524974892
2.6169102854537,0.8178073048811402
2.9399661435534976,0.8694130685146728
3.3029030354176987,0.9099100659235657
3.710644248503383,0.9402388617886377
4.168720846874621,0.9619156599020543
4.683346700825936,0.97670138388293
5.261502778863538,0.9863263101671698
5.911031845476362,0.9923057352274531
6.64074484928479,0.9958508350283525
7.4605404447366075,0.9978567122046693
8.381539268677866,0.998939857787602
9.416234793278331,0.9994980396639329
10.578662801651687,0.9997725576426599
11.884591785129816,0.9999014038864915
13.351736844955687,0.9999591175138434
15.0,0.9999837887172202
