SA(1.0s) [g],Complete_damage
0.05000000000000001,2.3694044504196654e-09
0.056172467201025755,5.444215300798305e-09
0.06310692142900626,1.227334034403782e-08
0.07089742948257126,2.7147587955411723e-08
0.07964967064493539,5.891839638394458e-08
0.08948237023750269,1.2546790584266887e-07
0.10052891014472326,2.6217303328301966e-07
0.11293913815718663,5.375630044435198e-07
0.1268814006769336,1.0816080088238422e-06
0.14254482635890514,2.1356185154752794e-06
0.16014189166643014,4.1381459648937025e-06
0.17991130314285533,7.869233661028652e-06
0.2021212354977168,1.4686588408530099e-05
0.2270729694325259,2.6902329053446472e-05
0.2551049785537617,4.8368135166731996e-05
0.28659752081259104,8.535930830522176e-05
0.3219777967548112,0.00014787262266791057
0.36172574455336326,0.00025147518041390704
0.4063805504338082,0.0004198557502566036
0.45654796280755766,0.000688227643906858
0.5129085093300529,0.0011077022324998964
0.5762267283493882,0.001750682826223704
0.6473615399712076,0.002717209107690466
0.7272778974247632,0.004142006379059038
0.8170598767824696,0.006201763897518586
0.9179253825967483,0.009121897647108468
1.0312426689380967,0.013181776036864767
1.1585488999444697,0.018717149776085407
1.3015710016583038,0.026118390411938974
1.4622490880091454,0.035823171856544045
1.6427627787184707,0.04830248436628648
1.8455607661325835,0.06403938617277383
2.0733940320616497,0.08350067010300943
2.329353165215711,0.10710259520699661
2.6169102854537,0.1351728954107947
2.9399661435534976,0.16791227021466337
3.3029030354176987,0.20535930253162915
3.710644248503383,0.24736305901779643
4.168720846874621,0.2935673770468311
4.683346700825936,0.34340997895035064
5.261502778863538,0.39613813172834866
5.911031845476362,0.450840750857483
6.64074484928479,0.506494880747275
7.4605404447366075,0.5620226705617284
8.381539268677866,0.6163535945732369
9.416234793278331,0.6684859692362087
10.578662801651687,0.7175419130913911
11.884591785129816,0.7628107644141056
13.351736844955687,0.803777468140237
15.0,0.8401343201777762
