SA(0.3s) [g],Loss_ratio
0.05000000000000001,4.7032664687374023e-07
0.056172467201025755,9.278059233656112e-07
0.06310692142900626,1.7983162462513452e-06
0.07089742948257126,3.4248360910597403e-06
0.07964967064493539,6.4090358371604105e-06
0.08948237023750269,1.1785289947483425e-05
0.10052891014472326,2.1296059859404106e-05
0.11293913815718663,3.781707802586138e-05
0.1268814006769336,6.599738372779033e-05
0.14254482635890514,0.0001131979517860867
0.16014189166643014,0.00019083170149934194
0.17991130314285533,0.0003162244555205684
0.2021212354977168,0.000515127918543529
0.2270729694325259,0.000825019997603384
0.2551049785537617,0.0012993266970062283
0.28659752081259104,0.002012703364959951
0.3219777967548112,0.0030675435532634614
0.36172574455336326,0.004601976238159807
0.4063805504338082,0.006799803307797799
0.45654796280755766,0.009903123817629055
0.5129085093300529,0.01422869838604615
0.5762267283493882,0.020189152577324225
0.6473615399712076,0.028319380926769635
0.7272778974247632,0.03930627493753024
0.8170598767824696,0.05401553420446907
0.9179253825967483,0.07350290338284737
1.0312426689380967,0.09899027189014145
1.1585488999444697,0.13178324510715264
1.3015710016583038,0.17311110942007085
1.4622490880091454,0.2238869838571383
1.6427627787184707,0.2844156057405143
1.8455607661325835,0.3541114298054632
2.0733940320616497,0.4313157125049124
2.329353165215711,0.5133006370127516
2.6169102854537,0.5965108851928587
2.9399661435534976,0.6770240337019585
3.3029030354176987,0.7511345232553344
3.710644248503383,0.8159147373192374
4.168720846874621,0.8696064782794155
4.683346700825936,0.9117500106649199
5.261502778863538,0.9430434516568804
5.911031845476362,0.9650060949068614
6.64074484928479,0.9795637606269693
7.4605404447366075,0.9886710406715072
8.381539268677866,0.9940454212474042
9.416234793278331,0.997035594987385
10.578662801651687,0.9986034486437922
11.884591785129816,0.9993778954375883
13.351736844955687,0.9997381504699354
15.0,0.9998959236159537
