SA(0.3s) [g],Loss_ratio
0.05000000000000001,3.983779969137274e-07
0.056172467201025755,8.023897656565537e-07
0.06310692142900626,1.5952297695853284e-06
0.07089742948257126,3.130146741184474e-06
0.07964967064493539,6.058809835766564e-06
0.08948237023750269,1.155814095682028e-05
0.10052891014472326,2.1702402162578294e-05
0.11293913815718663,4.004797548172116e-05
0.1268814006769336,7.250955607027994e-05
0.14254482635890514,0.0001286061091540562
0.16014189166643014,0.00022313593733842076
0.17991130314285533,0.00037830036120667094
0.2021212354977168,0.0006262436019887812
0.2270729694325259,0.001011937229104848
0.2551049785537617,0.0015963513505944955
0.28659752081259104,0.002459968000503915
0.3219777967548112,0.0037069383485297336
0.36172574455336326,0.005470560860963017
0.4063805504338082,0.007921200405727007
0.45654796280755766,0.011278144281061707
0.5129085093300529,0.01582698519232797
0.5762267283493882,0.021943629121365844
0.6473615399712076,0.030124557117729604
0.7272778974247632,0.04102010998112201
0.8170598767824696,0.05546308676767541
0.9179253825967483,0.07447923791697274
1.0312426689380967,0.09926084710950106
1.1585488999444697,0.13108259181558785
1.3015710016583038,0.1711443302484943
1.4622490880091454,0.2203416899504491
1.6427627787184707,0.2789919856827929
1.8455607661325835,0.34657350560316075
2.0733940320616497,0.42155781335173753
2.329353165215711,0.5014128212473234
2.6169102854537,0.582820523465374
2.9399661435534976,0.6620926389619345
3.3029030354176987,0.7357004552037648
3.710644248503383,0.800790050864798
4.168720846874621,0.8555526724764883
4.683346700825936,0.8993653758096544
5.261502778863538,0.932690520787852
5.911031845476362,0.9567934970625468
6.64074484928479,0.9733790580711555
7.4605404447366075,0.9842472294638553
8.381539268677866,0.9910382214895347
9.416234793278331,0.9950916292935517
10.578662801651687,0.9974076277788452
11.884591785129816,0.9986774144963271
13.351736844955687,0.9993471439484486
15.0,0.9996877960679829
