SA(0.6s) [g],Complete_damage
0.05000000000000001,0.00028245385651981536
0.056172467201025755,0.0004178059702848458
0.06310692142900626,0.0006113841945862841
0.07089742948257126,0.0008850757134489795
0.07964967064493539,0.0012676180958742789
0.08948237023750269,0.0017961986223848925
0.10052891014472326,0.0025182301213483305
0.11293913815718663,0.0034932523462157805
0.1268814006769336,0.004794878521775181
0.14254482635890514,0.006512673865139318
0.16014189166643014,0.00875381888205784
0.17991130314285533,0.011644378221216556
0.2021212354977168,0.015329969849663394
0.2270729694325259,0.01997561389984115
0.2551049785537617,0.025764540530588298
0.28659752081259104,0.03289575596697358
0.3219777967548112,0.04158020891842018
0.36172574455336326,0.05203546744351528
0.4063805504338082,0.06447890823770897
0.45654796280755766,0.07911953256485282
0.5129085093300529,0.09614864882286889
0.5762267283493882,0.11572979128124272
0.6473615399712076,0.13798836578505735
0.7272778974247632,0.163001612841987
0.8170598767824696,0.19078954328025544
0.9179253825967483,0.22130752012781152
1.0312426689380967,0.25444112445580214
1.1585488999444697,0.2900038494192191
1.3015710016583038,0.3277380181843256
1.4622490880091454,0.3673191265621283
1.6427627787184707,0.4083635843818406
1.8455607661325835,0.45043958985042254
2.0733940320616497,0.49308063988844
2.329353165215711,0.5358009785275607
2.6169102854537,0.5781121345034099
2.9399661435534976,0.619539613237488
3.3029030354176987,0.6596387961587429
3.710644248503383,0.698009163012727
4.168720846874621,0.7343060840920478
4.683346700825936,0.7682496160321028
5.261502778863538,0.7996299585820219
5.911031845476362,0.828309469208426
6.64074484928479,0.8542213656221573
7.4605404447366075,0.8773654533416546
8.381539268677866,0.8978013801851668
9.416234793278331,0.9156400314798101
10.578662801651687,0.9310337342341143
11.884591785129816,0.9441659369770107
13.351736844955687,0.9552409810574872
15.0,0.9644744894589936
