PGA [g],Loss_ratio
0.05000000000000001,1.742309542717088e-08
0.056172467201025755,6.17177436606726e-08
0.06310692142900626,2.0797749214392852e-07
0.07089742948257126,6.667991778963943e-07
0.07964967064493539,2.034242841251687e-06
0.08948237023750269,5.906126924194463e-06
0.10052891014472326,1.6321717612575288e-05
0.11293913815718663,4.2940964940875534e-05
0.1268814006769336,0.00010757484410963177
0.14254482635890514,0.0002566758218025386
0.16014189166643014,0.0005834602036419995
0.17991130314285533,0.0012639311629315732
0.2021212354977168,0.0026102123836771658
0.2270729694325259,0.005140997867245991
0.2551049785537617,0.009661545706801503
0.28659752081259104,0.017334738705935
0.3219777967548112,0.029712930791550376
0.36172574455336326,0.04869298866190568
0.4063805504338082,0.07636096134193465
0.45654796280755766,0.11471308795901698
0.5129085093300529,0.16527520220374498
0.5762267283493882,0.22868354999094356
0.6473615399712076,0.30432151590726814
0.7272778974247632,0.3901152626471584
0.8170598767824696,0.48257188609119567
0.9179253825967483,0.5771005217379932
1.0312426689380967,0.6685970495516556
1.1585488999444697,0.7522027991663605
1.3015710016583038,0.8240786025136984
1.4622490880091454,0.8819949973305123
1.6427627787184707,0.9255641289520817
1.8455607661325835,0.9560445980533737
2.0733940320616497,0.9758019641689533
2.329353165215711,0.9876280240638757
2.6169102854537,0.9941451604364391
2.9399661435534976,0.9974431499217068
3.3029030354176987,0.9989722915221577
3.710644248503383,0.9996206688932333
4.168720846874621,0.9998716801067917
4.683346700825936,0.9999602847496172
5.261502778863538,0.9999887702197079
5.911031845476362,0.9999971027463045
6.64074484928479,0.9999993187149296
7.4605404447366075,0.9999998541225852
8.381539268677866,0.9999999715810337
9.416234793278331,0.9999999949663848
10.578662801651687,0.9999999991899103
11.884591785129816,0.9999999998816056
13.351736844955687,0.999999999984294
15.0,0.9999999999981096
