SA(0.6s) [g],Complete_damage
0.05000000000000001,4.2230663410691704e-12
0.056172467201025755,1.710354080586285e-11
0.06310692142900626,6.651290629378082e-11
0.07089742948257126,2.483799832475597e-10
0.07964967064493539,8.907159454452085e-10
0.08948237023750269,3.067596288097718e-09
0.10052891014472326,1.0146584239478784e-08
0.11293913815718663,3.223539946084486e-08
0.1268814006769336,9.837149517188948e-08
0.14254482635890514,2.883785946705686e-07
0.16014189166643014,8.121798020788162e-07
0.17991130314285533,2.1977508319892536e-06
0.2021212354977168,5.7146260388218906e-06
0.2270729694325259,1.4280096269359e-05
0.2551049785537617,3.4297685143958034e-05
0.28659752081259104,7.918657141892105e-05
0.3219777967548112,0.00017577666844725837
0.36172574455336326,0.0003752079451031509
0.4063805504338082,0.0007703206643269178
0.45654796280755766,0.001521452198425144
0.5129085093300529,0.002891634592694925
0.5762267283493882,0.00528996119376457
0.6473615399712076,0.009318114215055573
0.7272778974247632,0.015810008222593597
0.8170598767824696,0.025849340444533686
0.9179253825967483,0.04074659667038916
1.0312426689380967,0.06195831760418169
1.1585488999444697,0.09093934437814832
1.3015710016583038,0.12893377643587312
1.4622490880091454,0.17673010532584732
1.6427627787184707,0.23442502571203827
1.8455607661325835,0.30125158758440185
2.0733940320616497,0.375524285049344
2.329353165215711,0.4547338892375582
2.6169102854537,0.5357917378078556
2.9399661435534976,0.6153858405477508
3.3029030354176987,0.6903813560545337
3.710644248503383,0.7581858169807905
4.168720846874621,0.8170091709979324
4.683346700825936,0.8659768823866165
5.261502778863538,0.9050914280301674
5.911031845476362,0.9350716728629132
6.64074484928479,0.9571212565888985
7.4605404447366075,0.9726821264402038
8.381539268677866,0.9832195761011711
9.416234793278331,0.9900666532856739
10.578662801651687,0.9943358178193676
11.884591785129816,0.9968899795969939
13.351736844955687,0.9983562754966377
15.0,0.9991639984217117
