SA(0.6s) [g],Complete_damage
0.05000000000000001,2.071676163950542e-13
0.056172467201025755,9.122702593344911e-13
0.06310692142900626,3.858025010572419e-12
0.07089742948257126,1.5665468922065884e-11
0.07964967064493539,6.107814254363575e-11
0.08948237023750269,2.286740796719755e-10
0.10052891014472326,8.221638925220986e-10
0.11293913815718663,2.838798640603102e-09
0.1268814006769336,9.413947066327921e-09
0.14254482635890514,2.998461900993732e-08
0.16014189166643014,9.173736370549079e-08
0.17991130314285533,2.6961820642767975e-07
0.2021212354977168,7.612811392387897e-07
0.2270729694325259,2.065262471040441e-06
0.2551049785537617,5.3837571868387e-06
0.28659752081259104,1.3487337882422956e-05
0.3219777967548112,3.2475331711689925e-05
0.36172574455336326,7.516744954272347e-05
0.4063805504338082,0.00016727240812164368
0.45654796280755766,0.00035794365523766913
0.5129085093300529,0.0007366952460428067
0.5762267283493882,0.0014586183767857364
0.6473615399712076,0.0027789859255583638
0.7272778974247632,0.005096200605986478
0.8170598767824696,0.00899836342064586
0.9179253825967483,0.015303758702891246
1.0312426689380967,0.02508034384496194
1.1585488999444697,0.03962589242331083
1.3015710016583038,0.060391334119266005
1.4622490880091454,0.08883728672153934
1.6427627787184707,0.12622837552560995
1.8455607661325835,0.17338949789500924
2.0733940320616497,0.23046747893320474
2.329353165215711,0.29675344234305223
2.6169102854537,0.370619186979666
2.9399661435534976,0.4496021011001641
3.3029030354176987,0.530640678558346
3.710644248503383,0.6104252751980414
4.168720846874621,0.6857981159600026
4.683346700825936,0.7541230600034836
5.261502778863538,0.8135539495703858
5.911031845476362,0.863157605525199
6.64074484928479,0.902884407501394
7.4605404447366075,0.9334140649098117
8.381539268677866,0.9559268173174429
9.416234793278331,0.971856367794915
10.578662801651687,0.9826718682231492
11.884591785129816,0.9897181140701915
13.351736844955687,0.9941230229688716
15.0,0.9967653338737132
