SA(0.6s) [g],Complete_damage
0.05000000000000001,0.00028231888365992663
0.056172467201025755,0.0004159808941680554
0.06310692142900626,0.0006064760164986582
0.07089742948257126,0.0008749322904477719
0.07964967064493539,0.0012490231402325636
0.08948237023750269,0.001764482516636967
0.10052891014472326,0.002466787314184926
0.11293913815718663,0.003412960553156097
0.1268814006769336,0.004673421869590633
0.14254482635890514,0.006333781708884323
0.16014189166643014,0.00849644424609497
0.17991130314285533,0.011281854271156688
0.2021212354977168,0.01482919865519361
0.2270729694325259,0.019296357687808907
0.2551049785537617,0.02485889988541845
0.28659752081259104,0.031707929881108265
0.3219777967548112,0.040046635915205964
0.36172574455336326,0.05008544295222517
0.4063805504338082,0.062035759159772774
0.45654796280755766,0.07610240445078553
0.5129085093300529,0.09247492428796278
0.5762267283493882,0.1113181115773536
0.6473615399712076,0.13276217363599607
0.7272778974247632,0.15689307796790053
0.8170598767824696,0.18374367784246826
0.9179253825967483,0.21328624563107557
1.0312426689380967,0.24542702045455078
1.1585488999444697,0.28000330292636444
1.3015710016583038,0.3167835046821693
1.4622490880091454,0.3554703904847907
1.6427627787184707,0.3957075477738562
1.8455607661325835,0.4370888987524707
2.0733940320616497,0.4791708524827538
2.329353165215711,0.5214864988790683
2.6169102854537,0.5635610914875389
2.9399661435534976,0.604927966592382
3.3029030354176987,0.6451440123036596
3.710644248503383,0.6838038362282923
4.168720846874621,0.7205518806301656
4.683346700825936,0.7550918897433201
5.261502778863538,0.7871933299761122
5.911031845476362,0.8166945815510702
6.64074484928479,0.843502939780328
7.4605404447366075,0.8675916666970622
8.381539268677866,0.8889945030455539
9.416234793278331,0.907798174964217
10.578662801651687,0.924133502643627
11.884591785129816,0.9381657388499277
13.351736844955687,0.9500847375450803
15.0,0.960095485029157
