SA(1.0s) [g],Loss_ratio
0.05000000000000001,2.0140538094722033e-11
0.056172467201025755,1.1678655525402352e-10
0.06310692142900626,6.211731985604918e-10
0.07089742948257126,3.031338356878739e-09
0.07964967064493539,1.3576160151433568e-08
0.08948237023750269,5.581854964222116e-08
0.10052891014472326,2.1076620003999312e-07
0.11293913815718663,7.311986841094016e-07
0.1268814006769336,2.3319031638537404e-06
0.14254482635890514,6.84074732869338e-06
0.16014189166643014,1.847379658454869e-05
0.17991130314285533,4.5972410462485296e-05
0.2021212354977168,0.00010555458809208326
0.2270729694325259,0.00022398484917333296
0.2551049785537617,0.0004402478213074005
0.28659752081259104,0.0008040181459478233
0.3219777967548112,0.0013704205470245817
0.36172574455336326,0.0021942097783892627
0.4063805504338082,0.0033319998721245358
0.45654796280755766,0.0048667195259347665
0.5129085093300529,0.006972017207596613
0.5762267283493882,0.010034700137826896
0.6473615399712076,0.014848647137559942
0.7272778974247632,0.022876955216439676
0.8170598767824696,0.03653587410292632
0.9179253825967483,0.05937256199817846
1.0312426689380967,0.0959072800114906
1.1585488999444697,0.15086793684300054
1.3015710016583038,0.22768985507026043
1.4622490880091454,0.3265678711272686
1.6427627787184707,0.44289814544511197
1.8455607661325835,0.567211580928251
2.0733940320616497,0.6872198304638375
2.329353165215711,0.7914021057776028
2.6169102854537,0.8724457556391964
2.9399661435534976,0.9288019627379549
3.3029030354176987,0.9637985537390978
3.710644248503383,0.9832207691776789
4.168720846874621,0.992882869262576
4.683346700825936,0.9972170317523381
5.261502778863538,0.9989864849730656
5.911031845476362,0.9996523011575271
6.64074484928479,0.999886578209879
7.4605404447366075,0.9999646695668141
8.381539268677866,0.9999895127718298
9.416234793278331,0.9999970536347864
10.578662801651687,0.9999992231377334
11.884591785129816,0.9999998092390603
13.351736844955687,0.9999999566288811
15.0,0.9999999909052397
