SA(0.6s) [g],Loss_ratio
0.05000000000000001,6.04368054280116e-06
0.056172467201025755,1.1291977389119733e-05
0.06310692142900626,2.071908106219688e-05
0.07089742948257126,3.7343448022449094e-05
0.07964967064493539,6.613463616477236e-05
0.08948237023750269,0.00011511908189840527
0.10052891014472326,0.00019701219133364244
0.11293913815718663,0.00033155903024733777
0.1268814006769336,0.0005487774817846616
0.14254482635890514,0.0008932684455467128
0.16014189166643014,0.001429667519028062
0.17991130314285533,0.0022491623190702952
0.2021212354977168,0.0034768380927874256
0.2270729694325259,0.005279561311706284
0.2551049785537617,0.00787434840705813
0.28659752081259104,0.011537866683515764
0.3219777967548112,0.01661888371505686
0.36172574455336326,0.023556739596228442
0.4063805504338082,0.03290928507014028
0.45654796280755766,0.045391608571930364
0.5129085093300529,0.061920486033479036
0.5762267283493882,0.08364804787074556
0.6473615399712076,0.11195376715617049
0.7272778974247632,0.14835322482807192
0.8170598767824696,0.19428611315353755
0.9179253825967483,0.25077514330232425
1.0312426689380967,0.318003309944561
1.1585488999444697,0.3949230316961192
1.3015710016583038,0.47905308639983857
1.4622490880091454,0.5666012163232335
1.6427627787184707,0.6529576145343263
1.8455607661325835,0.733465044269492
2.0733940320616497,0.8042493073813333
2.329353165215711,0.862855502638268
2.6169102854537,0.9085067687149028
2.9399661435534976,0.9419486606624743
3.3029030354176987,0.9649898007773611
3.710644248503383,0.9799300049669724
4.168720846874621,0.9890570794955835
4.683346700825936,0.9943188092643124
5.261502778863538,0.9971872718363718
5.911031845476362,0.9986696625367942
6.64074484928479,0.999397845212499
7.4605404447366075,0.9997387689255084
8.381539268677866,0.9998912682469858
9.416234793278331,0.9999565630167522
10.578662801651687,0.9999833513083227
11.884591785129816,0.9999938837819602
13.351736844955687,0.9999978495633242
15.0,0.9999992776366522
