SA(0.6s) [g],Loss_ratio
0.05000000000000001,7.5453057505004655e-06
0.056172467201025755,1.4084985594959775e-05
0.06310692142900626,2.580728572662504e-05
0.07089742948257126,4.641458506390472e-05
0.07964967064493539,8.194345322539077e-05
0.08948237023750269,0.00014201849659343122
0.10052891014472326,0.00024164161975216792
0.11293913815718663,0.00040366649207496016
0.1268814006769336,0.0006621087466421857
0.14254482635890514,0.0010664202404918025
0.16014189166643014,0.0016868048164043017
0.17991130314285533,0.0026205770067050985
0.2021212354977168,0.003999488328002661
0.2270729694325259,0.005997928146654758
0.2551049785537617,0.008842053191751246
0.28659752081259104,0.012820346321846466
0.3219777967548112,0.018296931595367244
0.36172574455336326,0.02573001305699931
0.4063805504338082,0.035698353300136494
0.45654796280755766,0.04893728090937161
0.5129085093300529,0.06638024779392718
0.5762267283493882,0.08919093967821144
0.6473615399712076,0.1187556804996777
0.7272778974247632,0.15659294975968943
0.8170598767824696,0.20413839411288404
0.9179253825967483,0.26239266640224007
1.0312426689380967,0.3314791261056742
1.1585488999444697,0.41023199565718216
1.3015710016583038,0.4959848399674754
1.4622490880091454,0.5847114292589413
1.6427627787184707,0.6715685778793156
1.8455607661325835,0.7517344475762153
2.0733940320616497,0.8212997287230376
2.329353165215711,0.877929310323477
2.6169102854537,0.9210971991253338
2.9399661435534976,0.9518661125235407
3.3029030354176987,0.9723484841939789
3.710644248503383,0.9850699829193051
4.168720846874621,0.9924359645210277
4.683346700825936,0.9964093265156312
5.261502778863538,0.9984048961521097
5.911031845476362,0.9993375910814716
6.64074484928479,0.9997430893179459
7.4605404447366075,0.9999070169934308
8.381539268677866,0.9999686179433287
9.416234793278331,0.9999901293808111
10.578662801651687,0.9999971082968461
11.884591785129816,0.9999992113246967
13.351736844955687,0.9999997998337754
15.0,0.9999999527431448
