SA(0.3s) [g],Complete_damage
0.05000000000000001,1.235182056635864e-08
0.056172467201025755,2.7533626267839395e-08
0.06310692142900626,6.019775078414114e-08
0.07089742948257126,1.2909004132310997e-07
0.07964967064493539,2.7152685777576124e-07
0.08948237023750269,5.602130037640762e-07
0.10052891014472326,1.1337767560348766e-06
0.11293913815718663,2.250870297482166e-06
0.1268814006769336,4.383667155716253e-06
0.14254482635890514,8.37540093634459e-06
0.16014189166643014,1.569902072418028e-05
0.17991130314285533,2.8870731002550443e-05
0.2021212354977168,5.209332481592721e-05
0.2270729694325259,9.22290833051953e-05
0.2551049785537617,0.00016022838159168717
0.28659752081259104,0.0002731636555727279
0.3219777967548112,0.0004570320252138549
0.36172574455336326,0.0007504837665929243
0.4063805504338082,0.0012095957413995606
0.45654796280755766,0.0019137257055609203
0.5129085093300529,0.0029723438173955286
0.5762267283493882,0.004532536058857284
0.6473615399712076,0.006786615503783344
0.7272778974247632,0.009978981268738307
0.8170598767824696,0.014411069547347721
0.9179253825967483,0.020443002423519707
1.0312426689380967,0.028490427598353185
1.1585488999444697,0.03901512824664033
1.3015710016583038,0.05250832714627174
1.4622490880091454,0.06946624255912892
1.6427627787184707,0.09035835651053103
1.8455607661325835,0.11558995075594392
2.0733940320616497,0.14546161288425963
2.329353165215711,0.18012942864417436
2.6169102854537,0.21957025182480105
2.9399661435534976,0.26355659563427314
3.3029030354176987,0.3116451990431406
3.710644248503383,0.3631821680434302
4.168720846874621,0.4173258757629973
4.683346700825936,0.4730867435819661
5.261502778863538,0.5293809198572675
5.911031845476362,0.5850930580225182
6.64074484928479,0.6391421742673717
7.4605404447366075,0.6905441461859884
8.381539268677866,0.7384648704727703
9.416234793278331,0.7822593506239319
10.578662801651687,0.8214938200244444
11.884591785129816,0.8559501164258627
13.351736844955687,0.8856135763101003
15.0,0.9106474127203115
