SA(0.3s) [g],Complete_damage
0.05000000000000001,4.552417331993297e-10
0.056172467201025755,1.094420554181852e-09
0.06310692142900626,2.5803185144113172e-09
0.07089742948257126,5.966478644481299e-09
0.07964967064493539,1.3530938591799213e-08
0.08948237023750269,3.009627813632676e-08
0.10052891014472326,6.56573425628082e-08
0.11293913815718663,1.404917235880987e-07
0.1268814006769336,2.948676669500827e-07
0.14254482635890514,6.070512998945787e-07
0.16014189166643014,1.2259117213586634e-06
0.17991130314285533,2.42852883136635e-06
0.2021212354977168,4.719471166536593e-06
0.2270729694325259,8.997592177095726e-06
0.2551049785537617,1.6829077112090474e-05
0.28659752081259104,3.088266877748769e-05
0.3219777967548112,5.56046187252246e-05
0.36172574455336326,9.823608880887846e-05
0.4063805504338082,0.00017030203686174694
0.45654796280755766,0.00028972342738442514
0.5129085093300529,0.0004837165712924252
0.5762267283493882,0.0007926343411960302
0.6473615399712076,0.0012748614995734542
0.7272778974247632,0.002012787338768307
0.8170598767824696,0.003119732381706597
0.9179253825967483,0.004747497369525955
1.0312426689380967,0.007093938474535433
1.1585488999444697,0.010409674406496205
1.3015710016583038,0.01500273892151116
1.4622490880091454,0.02123976409889461
1.6427627787184707,0.029542186001525916
1.8455607661325835,0.04037607694096568
2.0733940320616497,0.054234585225972465
2.329353165215711,0.0716126289380229
2.6169102854537,0.09297442006940182
2.9399661435534976,0.11871550389643759
3.3029030354176987,0.1491221405318205
3.710644248503383,0.1843318413794317
4.168720846874621,0.2242994980377565
4.683346700825936,0.26877362587201603
5.261502778863538,0.3172866782442594
5.911031845476362,0.36916216326678664
6.64074484928479,0.4235395272553414
7.4605404447366075,0.4794156861328719
8.381539268677866,0.5356999965192919
9.416234793278331,0.591277696287918
10.578662801651687,0.64507570492248
11.884591785129816,0.6961243528838464
13.351736844955687,0.7436091622113989
15.0,0.7869081317815135
