SA(0.3s) [g],Complete_damage
0.05000000000000001,2.509708779685482e-07
0.056172467201025755,4.93312374061361e-07
0.06310692142900626,9.536505579665899e-07
0.07089742948257126,1.8131621764005956e-06
0.07964967064493539,3.3905992756766423e-06
0.08948237023750269,6.236225850719812e-06
0.10052891014472326,1.128201774092119e-05
0.11293913815718663,2.0076420275239037e-05
0.1268814006769336,3.514280090988198e-05
0.14254482635890514,6.051377427407356e-05
0.16014189166643014,0.00010250813090639799
0.17991130314285533,0.0001708316697265344
0.2021212354977168,0.00028009524308136857
0.2270729694325259,0.00045184893520267
0.2551049785537617,0.000717225401709598
0.28659752081259104,0.001120261906515152
0.3219777967548112,0.0017219231259285595
0.36172574455336326,0.002604769873683188
0.4063805504338082,0.0038781096235940282
0.45654796280755766,0.005683324699762737
0.5129085093300529,0.008198911419907251
0.5762267283493882,0.011644594477260628
0.6473615399712076,0.01628373000021721
0.7272778974247632,0.022423109727065293
0.8170598767824696,0.03040926299291813
0.9179253825967483,0.04062045633459288
1.0312426689380967,0.053453836990626336
1.1585488999444697,0.06930756399901594
1.3015710016583038,0.08855830279901178
1.4622490880091454,0.11153508233381682
1.6427627787184707,0.13849115671875356
1.8455607661325835,0.16957608511410416
2.0733940320616497,0.20481064371740687
2.329353165215711,0.24406732124004726
2.6169102854537,0.28705895889117006
2.9399661435534976,0.3333375556338678
3.3029030354176987,0.382304400451563
3.710644248503383,0.4332316014515136
4.168720846874621,0.48529388847656474
4.683346700825936,0.5376084301736592
5.261502778863538,0.5892794884405075
5.911031845476362,0.6394441672490044
6.64074484928479,0.6873153836694219
7.4605404447366075,0.7322185159858368
8.381539268677866,0.7736189178671342
9.416234793278331,0.8111385196867665
10.578662801651687,0.8445609192494051
11.884591785129816,0.8738255314310581
13.351736844955687,0.8990123699147723
15.0,0.9203197609471443
