SA(0.3s) [g],Complete_damage
0.05000000000000001,0.0013385114466060166
0.056172467201025755,0.0019198458979808875
0.06310692142900626,0.002722125223903249
0.07089742948257126,0.0038156475665576117
0.07964967064493539,0.005287730382690259
0.08948237023750269,0.007244949052098826
0.10052891014472326,0.009815042903572269
0.11293913815718663,0.013148241142993067
0.1268814006769336,0.017417729513013125
0.14254482635890514,0.022818964320407975
0.16014189166643014,0.029567550744509785
0.17991130314285533,0.037895443140352536
0.2021212354977168,0.048045300349307984
0.2270729694325259,0.060262939603184296
0.2551049785537617,0.0747879750845023
0.28659752081259104,0.09184289350613639
0.3219777967548112,0.11162099641156942
0.36172574455336326,0.13427381047993958
0.4063805504338082,0.1598987135834553
0.45654796280755766,0.1885276258409967
0.5129085093300529,0.22011765364312308
0.5762267283493882,0.2545445374975518
0.6473615399712076,0.29159963555328416
0.7272778974247632,0.33099097658084653
0.8170598767824696,0.37234865123417615
0.9179253825967483,0.4152344996641645
1.0312426689380967,0.45915572502307456
1.1585488999444697,0.5035817480715872
1.3015710016583038,0.5479633501420301
1.4622490880091454,0.5917529584769693
1.6427627787184707,0.6344248303443627
1.8455607661325835,0.6754939010100146
2.0733940320616497,0.7145321746721685
2.329353165215711,0.7511817443720556
2.6169102854537,0.7851638043789835
2.9399661435534976,0.8162833373782481
3.3029030354176987,0.8444294865582471
3.710644248503383,0.8695719278168905
4.168720846874621,0.8917538127015712
4.683346700825936,0.9110820386238341
5.261502778863538,0.9277157086453584
5.911031845476362,0.9418536674300827
6.64074484928479,0.9537219500832648
7.4605404447366075,0.9635618705751154
8.381539268677866,0.9716193245827053
9.416234793278331,0.9781357078117623
10.578662801651687,0.9833406742559665
11.884591785129816,0.987446795641123
13.351736844955687,0.9906460455416516
15.0,0.993107926652309
