SA(0.3s) [g],Complete_damage
0.05000000000000001,0.0012304158404485843
0.056172467201025755,0.0021625291808399227
0.06310692142900626,0.003695035040351735
0.07089742948257126,0.006139116020380642
0.07964967064493539,0.009920137231243964
0.08948237023750269,0.015594051310414692
0.10052891014472326,0.02385322418008995
0.11293913815718663,0.035515157552420296
0.1268814006769336,0.051488094924061256
0.14254482635890514,0.07270975174958738
0.16014189166643014,0.10005954705373443
0.17991130314285533,0.1342503416290538
0.2021212354977168,0.17571180729849223
0.2270729694325259,0.22448267363575436
0.2551049785537617,0.2801315846050172
0.28659752081259104,0.3417248547588989
0.3219777967548112,0.4078535964724007
0.36172574455336326,0.4767232132907282
0.4063805504338082,0.5462969756331237
0.45654796280755766,0.6144748926237245
0.5129085093300529,0.6792819617908347
0.5762267283493882,0.7390379514443267
0.6473615399712076,0.7924846527498252
0.7272778974247632,0.8388550437312762
0.8170598767824696,0.8778798705135279
0.9179253825967483,0.9097380949310466
1.0312426689380967,0.9349660754212512
1.1585488999444697,0.9543447342983533
1.3015710016583038,0.9687840042050522
1.4622490880091454,0.979220315057425
1.6427627787184707,0.9865372467430311
1.8455607661325835,0.9915133705838611
2.0733940320616497,0.9947960880562043
2.329353165215711,0.9968967488883778
2.6169102854537,0.9982006913516028
2.9399661435534976,0.9989858201912319
3.3029030354176987,0.9994443878184913
3.710644248503383,0.9997041917749081
4.168720846874621,0.9998469719722037
4.683346700825936,0.9999230869253563
5.261502778863538,0.999962446619756
5.911031845476362,0.9999821896182474
6.64074484928479,0.9999917958730012
7.4605404447366075,0.9999963298008953
8.381539268677866,0.9999984055485991
9.416234793278331,0.9999993273850881
10.578662801651687,0.9999997244966352
11.884591785129816,0.9999998904363528
13.351736844955687,0.9999999576979699
15.0,0.9999999841441712
