SA(0.3s) [g],Loss_ratio
0.05000000000000001,7.687916600686178e-07
0.056172467201025755,1.6585664538533703e-06
0.06310692142900626,3.4951361799033114e-06
0.07089742948257126,7.194973834392253e-06
0.07964967064493539,1.4469728287275554e-05
0.08948237023750269,2.8431335409707826e-05
0.10052891014472326,5.458714141851141e-05
0.11293913815718663,0.00010242487478526398
0.1268814006769336,0.00018785793775886358
0.14254482635890514,0.0003368823983362338
0.16014189166643014,0.0005908870970774277
0.17991130314285533,0.0010141604761511947
0.2021212354977168,0.0017042622372007853
0.2270729694325259,0.00280608784460587
0.2551049785537617,0.004530641847111244
0.28659752081259104,0.007179666784795851
0.3219777967548112,0.011177089399985912
0.36172574455336326,0.017107210713610543
0.4063805504338082,0.025756861592894663
0.45654796280755766,0.038153520270440354
0.5129085093300529,0.05558345365960547
0.5762267283493882,0.07956487757542498
0.6473615399712076,0.11174529618049628
0.7272778974247632,0.15369657029621697
0.8170598767824696,0.20660289892389422
0.9179253825967483,0.27087754508439355
1.0312426689380967,0.3457945116738622
1.1585488999444697,0.42925953843807585
1.3015710016583038,0.5178433681598695
1.4622490880091454,0.6071421953720929
1.6427627787184707,0.6924251284741354
1.8455607661325835,0.7694163205730835
2.0733940320616497,0.8349940508576377
2.329353165215711,0.8876079537234506
2.6169102854537,0.927314987336447
2.9399661435534976,0.9554688240177401
3.3029030354176987,0.9742042948506431
3.710644248503383,0.9858956298678574
4.168720846874621,0.9927316607108599
4.683346700825936,0.9964744604543558
5.261502778863538,0.9983922089837539
5.911031845476362,0.9993113263110984
6.64074484928479,0.9997231804201984
7.4605404447366075,0.9998956613794673
8.381539268677866,0.9999631477803015
9.416234793278331,0.9999878103240872
10.578662801651687,0.9999962260162029
11.884591785129816,0.9999989068431596
13.351736844955687,0.9999997038872487
15.0,0.999999925017304
