SA(1.0s) [g],Loss_ratio
0.05000000000000001,1.93168443766602e-08
0.056172467201025755,6.150901424943521e-08
0.06310692142900626,1.8781097489571095e-07
0.07089742948257126,5.499398458847973e-07
0.07964967064493539,1.544401493166565e-06
0.08948237023750269,4.160071372580315e-06
0.10052891014472326,1.0749484398668636e-05
0.11293913815718663,2.6648813292902296e-05
0.1268814006769336,6.339216517537441e-05
0.14254482635890514,0.00014472136664849179
0.16014189166643014,0.0003171391161442907
0.17991130314285533,0.00066723356319874
0.2021212354977168,0.0013480913095468914
0.2270729694325259,0.002616314323968854
0.2551049785537617,0.004878890377656317
0.28659752081259104,0.008745045905430281
0.3219777967548112,0.015072432239830647
0.36172574455336326,0.024990764556728783
0.4063805504338082,0.03988172357987646
0.45654796280755766,0.06129469308226123
0.5129085093300529,0.09078653651653855
0.5762267283493882,0.12969090420676424
0.6473615399712076,0.17884581026358543
0.7272778974247632,0.23833088903138622
0.8170598767824696,0.30727898599465725
0.9179253825967483,0.38382271507555266
1.0312426689380967,0.46521239497395406
1.1585488999444697,0.5481019034669183
1.3015710016583038,0.6289549775331521
1.4622490880091454,0.7044909352199374
1.6427627787184707,0.7720775529474732
1.8455607661325835,0.8299939551098656
2.0733940320616497,0.8775223598748209
2.329353165215711,0.914871735331239
2.6169102854537,0.9429744308139179
2.9399661435534976,0.9632181010934242
3.3029030354176987,0.9771764142829936
3.710644248503383,0.9863869785815019
4.168720846874621,0.9922017949336303
4.683346700825936,0.9957129294880794
5.261502778863538,0.9977399762427248
5.911031845476362,0.9988583995068581
6.64074484928479,0.9994478881454854
7.4605404447366075,0.9997445444553209
8.381539268677866,0.9998870090219211
9.416234793278331,0.9999522602802746
10.578662801651687,0.9999807471268318
11.884591785129816,0.9999925942480056
13.351736844955687,0.9999972848898199
15.0,0.9999990519146271
