SA(1.0s) [g],Loss_ratio
0.05000000000000001,6.206105769959263e-10
0.056172467201025755,2.186310887260036e-09
0.06310692142900626,7.391657747410085e-09
0.07089742948257126,2.3984898399957288e-08
0.07964967064493539,7.470189484347652e-08
0.08948237023750269,2.2333546095959283e-07
0.10052891014472326,6.409942240351041e-07
0.11293913815718663,1.766293112659954e-06
0.1268814006769336,4.673366766058768e-06
0.14254482635890514,1.1874258739543978e-05
0.16014189166643014,2.897673290301903e-05
0.17991130314285533,6.792375631889878e-05
0.2021212354977168,0.00015296559192334156
0.2270729694325259,0.0003310125031210385
0.2551049785537617,0.000688433727750056
0.28659752081259104,0.0013764064727001036
0.3219777967548112,0.0026461283326847133
0.36172574455336326,0.004893085700751821
0.4063805504338082,0.00870579700886206
0.45654796280755766,0.014909234970422399
0.5129085093300529,0.024587580450889622
0.5762267283493882,0.03906719722877596
0.6473615399712076,0.05984151468003607
0.7272778974247632,0.08842726175406912
0.8170598767824696,0.12615674300335722
0.9179253825967483,0.17393093506176327
1.0312426689380967,0.23197708560790706
1.1585488999444697,0.29966454316076574
1.3015710016583038,0.37542791582296725
1.4622490880091454,0.45682705820708147
1.6427627787184707,0.5407452267898706
1.8455607661325835,0.6236999379562618
2.0733940320616497,0.7022228014895728
2.329353165215711,0.7732550279092381
2.6169102854537,0.8344998579036881
2.9399661435534976,0.8846704492499153
3.3029030354176987,0.923578788953563
3.710644248503383,0.9520381602619443
4.168720846874621,0.9715989592094284
4.683346700825936,0.9841881978630574
5.261502778863538,0.9917507132139477
5.911031845476362,0.9959787861542133
6.64074484928479,0.9981733212404887
7.4605404447366075,0.999228518201754
8.381539268677866,0.9996976790803024
9.416234793278331,0.999890270204749
10.578662801651687,0.9999631675048359
11.884591785129816,0.9999885813930388
13.351736844955687,0.9999967343266376
15.0,0.9999991392470492
