SA(1.0s) [g],Loss_ratio
0.05000000000000001,8.520567416303413e-08
0.056172467201025755,2.1351030133772563e-07
0.06310692142900626,5.152101517129862e-07
0.07089742948257126,1.1982118760702617e-06
0.07964967064493539,2.6885702604521103e-06
0.08948237023750269,5.827808030659326e-06
0.10052891014472326,1.2222488242756374e-05
0.11293913815718663,2.4847624195914504e-05
0.1268814006769336,4.9068735439506994e-05
0.14254482635890514,9.435104062097748e-05
0.16014189166643014,0.00017709049154518268
0.17991130314285533,0.00032525172250858116
0.2021212354977168,0.0005858354382676539
0.2270729694325259,0.0010365727008584328
0.2551049785537617,0.0018035087208959346
0.28659752081259104,0.003086012254155868
0.3219777967548112,0.005189821941225612
0.36172574455336326,0.00856659143313342
0.4063805504338082,0.013854805115757558
0.45654796280755766,0.02191222696264302
0.5129085093300529,0.03382537030316376
0.5762267283493882,0.05087886823412566
0.6473615399712076,0.07446956011185808
0.7272778974247632,0.10595851301238085
0.8170598767824696,0.14646910505687824
0.9179253825967483,0.19665780021228363
1.0312426689380967,0.25650053075380574
1.1585488999444697,0.32514471484345875
1.3015710016583038,0.4008699794602424
1.4622490880091454,0.48117999433960995
1.6427627787184707,0.5630199285715847
1.8455607661325835,0.6430885270349789
2.0733940320616497,0.7181977986839165
2.329353165215711,0.7856274453833643
2.6169102854537,0.8434212251108827
2.9399661435534976,0.890575902205241
3.3029030354176987,0.9270841693144959
3.710644248503383,0.9538176924787212
4.168720846874621,0.9722749326343783
4.683346700825936,0.9842572888300144
5.261502778863538,0.9915563759628574
5.911031845476362,0.995723070407198
6.64074484928479,0.9979516121209628
7.4605404447366075,0.9990696437961613
8.381539268677866,0.9995972776517663
9.416234793278331,0.999832677712305
10.578662801651687,0.9999326900843074
11.884591785129816,0.999973542835952
13.351736844955687,0.9999897614221475
15.0,0.9999960830338352
