PGA [g],Complete_damage
0.05000000000000001,1.4842846618456917e-08
0.056172467201025755,5.1636567244273124e-08
0.06310692142900626,1.7121731910041404e-07
0.07089742948257126,5.41171847556754e-07
0.07964967064493539,1.6306922296926984e-06
0.08948237023750269,4.6850699646494576e-06
0.10052891014472326,1.2836070486077489e-05
0.11293913815718663,3.354226476059985e-05
0.1268814006769336,8.361383566934943e-05
0.14254482635890514,0.00019887528642736907
0.16014189166643014,0.0004514438091989259
0.17991130314285533,0.0009782816625590884
0.2021212354977168,0.0020243923333002067
0.2270729694325259,0.004001732985510542
0.2551049785537617,0.007559592786270608
0.28659752081259104,0.013653556843465253
0.3219777967548112,0.023589632712610165
0.36172574455336326,0.03901139740532411
0.4063805504338082,0.06179684676335184
0.45654796280755766,0.09384371866413344
0.5129085093300529,0.13674975140969337
0.5762267283493882,0.19143319695558647
0.6473615399712076,0.257776682398272
0.7272778974247632,0.33439730607090024
0.8170598767824696,0.41863338254821947
0.9179253825967483,0.5067901522247804
1.0312426689380967,0.5946151840630736
1.1585488999444697,0.6779038819238363
1.3015710016583038,0.7530936792387997
1.4622490880091454,0.8177091922088428
1.6427627787184707,0.870568278666926
1.8455607661325835,0.911731314442805
2.0733940320616497,0.9422453689497257
2.329353165215711,0.9637779993769143
2.6169102854537,0.9782423437079919
2.9399661435534976,0.9874915558736594
3.3029030354176987,0.9931216397312781
3.710644248503383,0.9963839773501003
4.168720846874621,0.9981834557178362
4.683346700825936,0.9991283164243828
5.261502778863538,0.999600588324826
5.911031845476362,0.9998252967165548
6.64074484928479,0.9999270735729225
7.4605404447366075,0.9999709550259355
8.381539268677866,0.9999889650728697
9.416234793278331,0.9999960014677071
10.578662801651687,0.9999986183650486
11.884591785129816,0.9999995448191278
13.351736844955687,0.9999998570396309
15.0,0.9999999572006689
