SA(1.0s) [g],Complete_damage
0.05000000000000001,3.5369719375566433e-09
0.056172467201025755,1.1377429331993483e-08
0.06310692142900626,3.520757041464151e-08
0.07089742948257126,1.0481833023767706e-07
0.07964967064493539,3.002481863134676e-07
0.08948237023750269,8.275635717813756e-07
0.10052891014472326,2.1950252868663256e-06
0.11293913815718663,5.6032271888994956e-06
0.1268814006769336,1.3767190660596285e-05
0.14254482635890514,3.256220143710298e-05
0.16014189166643014,7.41484814231752e-05
0.17991130314285533,0.0001625833852146874
0.2021212354977168,0.00034332728442509897
0.2270729694325259,0.0006983613684100609
0.2551049785537617,0.0013686209938313931
0.28659752081259104,0.00258475888909826
0.3219777967548112,0.0047055088431615655
0.36172574455336326,0.00825988279701384
0.4063805504338082,0.013985257190954448
0.45654796280755766,0.022848892805454213
0.5129085093300529,0.03603714439446315
0.5762267283493882,0.05489663550179591
0.6473615399712076,0.0808169468396771
0.7272778974247632,0.11505570678388266
0.8170598767824696,0.1585230877060968
0.9179253825967483,0.2115598013757749
1.0312426689380967,0.2737550876113284
1.1585488999444697,0.34385316462798765
1.3015710016583038,0.4197847614828294
1.4622490880091454,0.4988356537321931
1.6427627787184707,0.5779324407084767
1.8455607661325835,0.6539963656377116
2.0733940320616497,0.7242981640437031
2.329353165215711,0.7867466530609836
2.6169102854537,0.840061136285715
2.9399661435534976,0.8838069205068949
3.3029030354176987,0.918304998302496
3.710644248503383,0.9444519594972486
4.168720846874621,0.963498456773709
4.683346700825936,0.976832950005735
5.261502778863538,0.9858052819142628
5.911031845476362,0.9916075992373843
6.64074484928479,0.9952139241633505
7.4605404447366075,0.9973681704662066
8.381539268677866,0.9986049516494095
9.416234793278331,0.9992873803265958
10.578662801651687,0.9996492801929077
11.884591785129816,0.9998337333917237
13.351736844955687,0.9999240880246462
15.0,0.9999666264069593
