SA(0.3s) [g],Loss_ratio
0.05000000000000001,2.4897285567268545e-08
0.056172467201025755,6.197892048086348e-08
0.06310692142900626,1.488129608424566e-07
0.07089742948257126,3.4467153013869653e-07
0.07964967064493539,7.702270264332704e-07
0.08948237023750269,1.6610489369868e-06
0.10052891014472326,3.457990738111601e-06
0.11293913815718663,6.951892822012198e-06
0.1268814006769336,1.3502766272600184e-05
0.14254482635890514,2.535369932701764e-05
0.16014189166643014,4.605653682606684e-05
0.17991130314285533,8.102202254240574e-05
0.2021212354977168,0.00013820898788950887
0.2270729694325259,0.0002289905652989005
0.2551049785537617,0.0003693040523388354
0.28659752081259104,0.0005813336522253455
0.3219777967548112,0.0008962152702062319
0.36172574455336326,0.0013585898056023217
0.4063805504338082,0.0020342180232452477
0.45654796280755766,0.0030221857399541385
0.5129085093300529,0.00447326668267883
0.5762267283493882,0.006615494596992467
0.6473615399712076,0.009786636308930678
0.7272778974247632,0.01447086531270242
0.8170598767824696,0.021333584759440218
0.9179253825967483,0.031244542513496038
1.0312426689380967,0.045276151647378374
1.1585488999444697,0.0646627738256
1.3015710016583038,0.09070928534726264
1.4622490880091454,0.1246447362685795
1.6427627787184707,0.16742936196078584
1.8455607661325835,0.21953880848877602
2.0733940320616497,0.2807643450006077
2.329353165215711,0.35007677418323324
2.6169102854537,0.4255995289739281
2.9399661435534976,0.5047201673919276
3.3029030354176987,0.5843406172814981
3.710644248503383,0.6612317375200012
4.168720846874621,0.7324275650555525
4.683346700825936,0.7955798301612811
5.261502778863538,0.8492005309095316
5.911031845476362,0.8927485105812067
6.64074484928479,0.9265561213423271
7.4605404447366075,0.9516307230713108
8.381539268677866,0.9693905900163811
9.416234793278331,0.9813995080450307
10.578662801651687,0.9891506943777435
11.884591785129816,0.9939265902998061
13.351736844955687,0.9967364210880048
15.0,0.998315739475035
