SA(0.3s) [g],Loss_ratio
0.05000000000000001,4.8875434899721545e-08
0.056172467201025755,1.1503861291878409e-07
0.06310692142900626,2.6184464678542235e-07
0.07089742948257126,5.764902976058749e-07
0.07964967064493539,1.2280389562476938e-06
0.08948237023750269,2.5319596955155513e-06
0.10052891014472326,5.054945111477356e-06
0.11293913815718663,9.777570868907625e-06
0.1268814006769336,1.8335994520344058e-05
0.14254482635890514,3.336753413283805e-05
0.16014189166643014,5.899065139795929e-05
0.17991130314285533,0.0001014630166195783
0.2021212354977168,0.0001700923433608396
0.2270729694325259,0.00027853931098814096
0.2551049785537617,0.0004467688281947683
0.28659752081259104,0.0007040895242494283
0.3219777967548112,0.001093968670509566
0.36172574455336326,0.0016815822949536327
0.4063805504338082,0.002565266010599096
0.45654796280755766,0.003893016224324485
0.5129085093300529,0.00588474889439423
0.5762267283493882,0.008859945000606032
0.6473615399712076,0.013268470511245845
0.7272778974247632,0.019719818970800607
0.8170598767824696,0.029003151647805737
0.9179253825967483,0.042088019151074074
1.0312426689380967,0.06009454938868365
1.1585488999444697,0.08422328763320289
1.3015710016583038,0.1156396563030008
1.4622490880091454,0.1553164219650975
1.6427627787184707,0.20384887005510954
1.8455607661325835,0.26126960084958295
2.0733940320616497,0.32689975901994867
2.329353165215711,0.3992771328338318
2.6169102854537,0.47619527441862874
2.9399661435534976,0.5548699165274239
3.3029030354176987,0.6322214505539238
3.710644248503383,0.7052314791900557
4.168720846874621,0.7713071740118036
4.683346700825936,0.8285790336155943
5.261502778863538,0.8760708334656494
5.911031845476362,0.9137124722495803
6.64074484928479,0.9422067581739006
7.4605404447366075,0.962796023655724
8.381539268677866,0.9769923882682482
9.416234793278331,0.9863324778247975
10.578662801651687,0.9921978522286096
11.884591785129816,0.9957160587152969
13.351736844955687,0.9977341758103664
15.0,0.9988431718293689
