SA(0.6s) [g],Complete_damage
0.05000000000000001,9.776868536981453e-09
0.056172467201025755,2.0645718468159657e-08
0.06310692142900626,4.287980392980728e-08
0.07089742948257126,8.7594493436427e-08
0.07964967064493539,1.7599941626311733e-07
0.08948237023750269,3.478290132585826e-07
0.10052891014472326,6.761622125539546e-07
0.11293913815718663,1.2929374667569604e-06
0.1268814006769336,2.4319654926552303e-06
0.14254482635890514,4.499902077181872e-06
0.16014189166643014,8.190828355458812e-06
0.17991130314285533,1.4667157058001479e-05
0.2021212354977168,2.583881842732616e-05
0.2270729694325259,4.478414171449341e-05
0.2551049785537617,7.636919870068759e-05
0.28659752081259104,0.00012813664060185026
0.3219777967548112,0.00021154837452685982
0.36172574455336326,0.00034367581028127425
0.4063805504338082,0.0005494326519597248
0.45654796280755766,0.0008644329700150388
0.5129085093300529,0.0013385255258255846
0.5762267283493882,0.0020399981448326887
0.6473615399712076,0.0030603589359883276
0.7272778974247632,0.00451948312612116
0.8170598767824696,0.006570769130265441
0.9179253825967483,0.009405785990664994
1.0312426689380967,0.013257735190115194
1.1585488999444697,0.018402919502597648
1.3015710016583038,0.025159342150128716
1.4622490880091454,0.03388158495901805
1.6427627787184707,0.04495126406311534
1.8455607661325835,0.05876265411477022
2.0733940320616497,0.07570350631598899
2.329353165215711,0.09613163684447912
2.6169102854537,0.12034847870851428
2.9399661435534976,0.14857139590312607
3.3029030354176987,0.1809070621837393
3.710644248503383,0.21732851336031878
4.168720846874621,0.2576585112231482
4.683346700825936,0.3015615595149568
5.261502778863538,0.3485462831325633
5.911031845476362,0.39797896850279113
6.64074484928479,0.44910796366402805
7.4605404447366075,0.5010974874153724
8.381539268677866,0.5530683527915632
9.416234793278331,0.6041423190785788
10.578662801651687,0.6534863642988036
11.884591785129816,0.7003531794002034
13.351736844955687,0.7441146248889949
15.0,0.7842856949845833
