SA(0.6s) [g],Complete_damage
0.05000000000000001,3.0427704800217725e-10
0.056172467201025755,6.911259342601284e-10
0.06310692142900626,1.5438501588249665e-09
0.07089742948257126,3.3917184616427676e-09
0.07964967064493539,7.328385454030695e-09
0.08948237023750269,1.5573212941433212e-08
0.10052891014472326,3.254899239024667e-08
0.11293913815718663,6.691057319319071e-08
0.1268814006769336,1.3528785414163025e-07
0.14254482635890514,2.6905387406905845e-07
0.16014189166643014,5.263155434809264e-07
0.17991130314285533,1.0127223831757348e-06
0.2021212354977168,1.91682887040745e-06
0.2270729694325259,3.5689231636659713e-06
0.2551049785537617,6.5367968989926695e-06
0.28659752081259104,1.1778245894489281e-05
0.3219777967548112,2.0878482240638263e-05
0.36172574455336326,3.6411268038216704e-05
0.4063805504338082,6.247528910274802e-05
0.45654796280755766,0.00010547137036687193
0.5129085093300529,0.00017520009684279803
0.5762267283493882,0.0002863707100911883
0.6473615399712076,0.00046061705922384455
0.7272778974247632,0.0007291099552820812
0.8170598767824696,0.0011358316560944326
0.9179253825967483,0.0017415313185318304
1.0312426689380967,0.002628304941062143
1.1585488999444697,0.0039046369352611077
1.3015710016583038,0.005710604753017545
1.4622490880091454,0.008222790952322256
1.6427627787184707,0.011658284343897485
1.8455607661325835,0.016277007041478164
2.0733940320616497,0.022381507685772628
2.329353165215711,0.030313346654464945
2.6169102854537,0.040445298740923175
2.9399661435534976,0.05316883595899702
3.3029030354176987,0.06887673510430359
3.710644248503383,0.08794116620534509
4.168720846874621,0.1106882174376479
4.683346700825936,0.13737043213406652
5.261502778863538,0.16813948718052907
5.911031845476362,0.20302153406782963
6.64074484928479,0.2418978662993101
7.4605404447366075,0.28449340654322
8.381539268677866,0.33037500090080396
9.416234793278331,0.3789606933412035
10.578662801651687,0.4295401103110208
11.884591785129816,0.48130493749688297
13.351736844955687,0.5333873683288834
15.0,0.5849035007506913
