SA(0.6s) [g],Complete_damage
0.05000000000000001,5.2748389981704946e-05
0.056172467201025755,8.365662380160899e-05
0.06310692142900626,0.00013105732584672847
0.07089742948257126,0.0002028175331116877
0.07964967064493539,0.00031006101935127095
0.08948237023750269,0.0004682755962744922
0.10052891014472326,0.0006986904114115733
0.11293913815718663,0.001029945564480772
0.1268814006769336,0.0015000596098962982
0.14254482635890514,0.002158675422610279
0.16014189166643014,0.0030695307990253884
0.17991130314285533,0.004313057306008172
0.2021212354977168,0.005988960847996716
0.2270729694325259,0.00821858337497372
0.2551049785537617,0.011146792055113375
0.28659752081259104,0.014943096742406237
0.3219777967548112,0.019801666673447516
0.36172574455336326,0.025939911639152102
0.4063805504338082,0.03359531956996564
0.45654796280755766,0.0430203079634095
0.5129085093300529,0.05447495409052605
0.5762267283493882,0.06821761712243901
0.6473615399712076,0.08449364736480502
0.7272778974247632,0.10352258090338562
0.8170598767824696,0.12548442389721037
0.9179253825967483,0.15050581715523392
1.0312426689380967,0.1786470143308041
1.1585488999444697,0.20989068307572156
1.3015710016583038,0.24413352933753607
1.4622490880091454,0.2811816398962901
1.6427627787184707,0.32075023668090674
1.8455607661325835,0.3624682493986362
2.0733940320616497,0.40588776292149376
2.329353165215711,0.45049801453898597
2.6169102854537,0.49574324149763815
2.9399661435534976,0.5410433506100792
3.3029030354176987,0.5858161350193966
3.710644248503383,0.6294996260553472
4.168720846874621,0.6715731560827416
4.683346700825936,0.7115758226918734
5.261502778863538,0.7491212725064675
5.911031845476362,0.7839080386937464
6.64074484928479,0.8157250352756349
7.4605404447366075,0.8444521944282877
8.381539268677866,0.8700565915734213
9.416234793278331,0.8925847039345918
10.578662801651687,0.9121516670163605
11.884591785129816,0.9289285169507331
13.351736844955687,0.9431284332729528
15.0,0.9549929354450489
