SA(0.6s) [g],Complete_damage
0.05000000000000001,8.772532450462833e-07
0.056172467201025755,1.567913233913032e-06
0.06310692142900626,2.7649250688988047e-06
0.07089742948257126,4.810812036293299e-06
0.07964967064493539,8.259182184722214e-06
0.08948237023750269,1.3991036882599062e-05
0.10052891014472326,2.3386658699942053e-05
0.11293913815718663,3.85748111293438e-05
0.1268814006769336,6.278696556694108e-05
0.14254482635890514,0.00010085066515364005
0.16014189166643014,0.00015986229865772028
0.17991130314285533,0.00025008448726226984
0.2021212354977168,0.00038611557335177515
0.2270729694325259,0.0005883765328670298
0.2551049785537617,0.0008849518850236882
0.28659752081259104,0.0013138035929229908
0.3219777967548112,0.0019253484728567472
0.36172574455336326,0.002785348826062739
0.4063805504338082,0.003978012612645299
0.45654796280755766,0.005609134994733145
0.5129085093300529,0.007809041255484317
0.5762267283493882,0.010735018346021197
0.6473615399712076,0.01457285765759797
0.7272778974247632,0.019537086292265915
0.8170598767824696,0.02586945054693668
0.9179253825967483,0.03383524561847673
1.0312426689380967,0.04371716940467918
1.1585488999444697,0.05580652083600157
1.3015710016583038,0.07039176281259096
1.4622490880091454,0.08774471661243055
1.6427627787184707,0.10810492973528996
1.8455607661325835,0.13166303553204806
2.0733940320616497,0.15854416770419522
2.329353165215711,0.18879267070987515
2.6169102854537,0.2223594257492869
2.9399661435534976,0.259093066632869
3.3029030354176987,0.2987361784385234
3.710644248503383,0.3409272585974654
4.168720846874621,0.3852087966527974
4.683346700825936,0.43104133352510743
5.261502778863538,0.4778228442884186
5.911031845476362,0.5249123071099542
6.64074484928479,0.5716559307689417
7.4605404447366075,0.6174142605906504
8.381539268677866,0.6615882984230707
9.416234793278331,0.7036428667767037
10.578662801651687,0.7431257088525512
11.884591785129816,0.779681213117235
13.351736844955687,0.8130581360704692
15.0,0.8431112139665695
