SA(1.0s) [g],Complete_damage
0.05000000000000001,3.241851231905457e-13
0.056172467201025755,1.4408474413585282e-12
0.06310692142900626,6.141531727621441e-12
0.07089742948257126,2.510569530045359e-11
0.07964967064493539,9.842970882800728e-11
0.08948237023750269,3.701302597747258e-10
0.10052891014472326,1.3350028860159568e-09
0.11293913815718663,4.618862292637971e-09
0.1268814006769336,1.5329973734878877e-08
0.14254482635890514,4.8812656694430245e-08
0.16014189166643014,1.4912213608386793e-07
0.17991130314285533,4.371271156156098e-07
0.2021212354977168,1.2296185610827237e-06
0.2270729694325259,3.319520926026165e-06
0.2551049785537617,8.60147344283746e-06
0.28659752081259104,2.1395295678461324e-05
0.3219777967548112,5.10944230583954e-05
0.36172574455336326,0.00011716754796842199
0.4063805504338082,0.0002580458146994591
0.45654796280755766,0.0005459190906269562
0.5129085093300529,0.0011096827669859755
0.5762267283493882,0.0021677941915330123
0.6473615399712076,0.004071081975589141
0.7272778974247632,0.007352158963000566
0.8170598767824696,0.012773009521340195
0.9179253825967483,0.02135637569696547
1.0312426689380967,0.034381658587585795
1.1585488999444697,0.053324979743768264
1.3015710016583038,0.07972866929892042
1.4622490880091454,0.11499926086327894
1.6427627787184707,0.16015371335902617
1.8455607661325835,0.2155560647872814
2.0733940320616497,0.28070324939659597
2.329353165215711,0.3541213236772369
2.6169102854537,0.43341713410745475
2.9399661435534976,0.5154971502190236
3.3029030354176987,0.5969234259280114
3.710644248503383,0.6743395911680232
4.168720846874621,0.7448801132602899
4.683346700825936,0.8064808050373803
5.261502778863538,0.858035993162509
5.911031845476362,0.8993882274443467
6.64074484928479,0.9311763836789415
7.4605404447366075,0.9545955472556467
8.381539268677866,0.9711310353179243
9.416234793278331,0.9823203156914051
10.578662801651687,0.9895768071125725
11.884591785129816,0.9940869519413644
13.351736844955687,0.9967734926815758
15.0,0.9983071748636757
