SA(1.0s) [g],Loss_ratio
0.05000000000000001,9.0201748943142e-07
0.056172467201025755,2.5165674696986372e-06
0.06310692142900626,6.7815850007146995e-06
0.07089742948257126,1.758258805409405e-05
0.07964967064493539,4.37625773356596e-05
0.08948237023750269,0.00010443919400762914
0.10052891014472326,0.00023883114422301177
0.11293913815718663,0.0005231962682928192
0.1268814006769336,0.001097893459037527
0.14254482635890514,0.002207079046637841
0.16014189166643014,0.004251335249136332
0.17991130314285533,0.007848901912635826
0.2021212354977168,0.01389408359421586
0.2270729694325259,0.02359307429932576
0.2551049785537617,0.038450834068874964
0.28659752081259104,0.06018207801957001
0.3219777967548112,0.09052910563908452
0.36172574455336326,0.13099080475367772
0.4063805504338082,0.18249753982802375
0.45654796280755766,0.24509694580217337
0.5129085093300529,0.31773346046203843
0.5762267283493882,0.3981985981873455
0.6473615399712076,0.4832955354755299
0.7272778974247632,0.5692075379981655
0.8170598767824696,0.652002033941296
0.9179253825967483,0.7281613552453602
1.0312426689380967,0.7950228085911205
1.1585488999444697,0.8510380800439452
1.3015710016583038,0.8958145671982494
1.4622490880091454,0.9299597042096416
1.6427627787184707,0.9547939962904655
1.8455607661325835,0.9720171895030765
2.0733940320616497,0.9834038256291266
2.329353165215711,0.9905778764532316
2.6169102854537,0.9948838894188998
2.9399661435534976,0.9973452274387395
3.3029030354176987,0.9986845510108441
3.710644248503383,0.9993780460334419
4.168720846874621,0.9997196036995227
4.683346700825936,0.9998795458654668
5.261502778863538,0.9999507251750587
5.911031845476362,0.9999808171207716
6.64074484928479,0.9999928971604778
7.4605404447366075,0.9999975000189024
8.381539268677866,0.9999991640163527
9.416234793278331,0.999999734540817
10.578662801651687,0.9999999199922911
11.884591785129816,0.9999999771225501
13.351736844955687,0.999999993796386
15.0,0.999999998405316
