SA(1.0s) [g],Loss_ratio
0.05000000000000001,0.0004853775288457438
0.056172467201025755,0.000751577985254992
0.06310692142900626,0.0011233003945976656
0.07089742948257126,0.0016251658413098155
0.07964967064493539,0.002285045702471965
0.08948237023750269,0.003139140983153832
0.10052891014472326,0.004243191374121529
0.11293913815718663,0.0056924302640223206
0.1268814006769336,0.007652417256964997
0.14254482635890514,0.010401389052975366
0.16014189166643014,0.014381883414760412
0.17991130314285533,0.020254869791004583
0.2021212354977168,0.02894373717938091
0.2270729694325259,0.04164948968407843
0.2551049785537617,0.0598148624739155
0.28659752081259104,0.08501715857530263
0.3219777967548112,0.11878041359211003
0.36172574455336326,0.16231768231680463
0.4063805504338082,0.2162403258568863
0.45654796280755766,0.28029515917752434
0.5129085093300529,0.3532017265350531
0.5762267283493882,0.43265216808324486
0.6473615399712076,0.5155031610284992
0.7272778974247632,0.5981407103094982
0.8170598767824696,0.6769495127585624
0.9179253825967483,0.7487868086548717
1.0312426689380967,0.8113582716240533
1.1585488999444697,0.8634217840744618
1.3015710016583038,0.9047934572120644
1.4622490880091454,0.936181565528162
1.6427627787184707,0.9589113481769675
1.8455607661325835,0.9746172538756086
2.0733940320616497,0.9849694021118292
2.329353165215711,0.9914759762040251
2.6169102854537,0.9953742823367486
2.9399661435534976,0.997599855957891
3.3029030354176987,0.9988101368760385
3.710644248503383,0.9994368100632012
4.168720846874621,0.9997456533880106
4.683346700825936,0.9998904673335077
5.261502778863538,0.999955046813103
5.911031845476362,0.9999824268741935
6.64074484928479,0.9999934596141886
7.4605404447366075,0.9999976834538142
8.381539268677866,0.9999992194428354
9.416234793278331,0.9999997498701174
10.578662801651687,0.9999999237876073
11.884591785129816,0.9999999779239457
13.351736844955687,0.9999999939210489
15.0,0.9999999984086477
