PGA [g],Complete_damage
0.05000000000000001,4.7831231198003366e-09
0.056172467201025755,2.7509768685263225e-08
0.06310692142900626,1.4463613995374658e-07
0.07089742948257126,6.953404095844107e-07
0.07964967064493539,3.0576143871252626e-06
0.08948237023750269,1.230233247806467e-05
0.10052891014472326,4.53097862762597e-05
0.11293913815718663,0.0001528296029061904
0.1268814006769336,0.00047237028716617946
0.14254482635890514,0.0013387889293627886
0.16014189166643014,0.0034821533861383314
0.17991130314285533,0.00831979051601095
0.2021212354977168,0.01828168144207687
0.2270729694325259,0.03699813149673503
0.2551049785537617,0.06908151202940471
0.28659752081259104,0.11925949632584887
0.3219777967548112,0.1908613063211002
0.36172574455336326,0.2840822498378093
0.4063805504338082,0.39481661989778694
0.45654796280755766,0.5148304582544843
0.5129085093300529,0.6335057704323347
0.5762267283493882,0.7405762082025727
0.6473615399712076,0.8287132803353352
0.7272778974247632,0.8949085495776054
0.8170598767824696,0.9402686250430714
0.9179253825967483,0.9686280878918807
1.0312426689380967,0.9848051008928345
1.1585488999444697,0.9932243470939558
1.3015710016583038,0.9972221449144731
1.4622490880091454,0.9989541100892534
1.6427627787184707,0.9996386928202228
1.8455607661325835,0.9998855687275431
2.0733940320616497,0.9999667946751347
2.329353165215711,0.9999911767858036
2.6169102854537,0.9999978541518376
2.9399661435534976,0.9999995225250464
3.3029030354176987,0.999999902829988
3.710644248503383,0.9999999819193212
4.168720846874621,0.9999999969247133
4.683346700825936,0.9999999995219794
5.261502778863538,0.9999999999321091
5.911031845476362,0.9999999999911915
6.64074484928479,0.9999999999989561
7.4605404447366075,0.999999999999887
8.381539268677866,0.9999999999999888
9.416234793278331,0.999999999999999
10.578662801651687,0.9999999999999999
11.884591785129816,1.0
13.351736844955687,1.0
15.0,1.0
