PGA [g],Complete_damage
0.05000000000000001,4.333113867716065e-10
0.056172467201025755,2.777301166823065e-09
0.06310692142900626,1.628129975284054e-08
0.07089742948257126,8.731615119828007e-08
0.07964967064493539,4.284986114821976e-07
0.08948237023750269,1.924774362116466e-06
0.10052891014472326,7.916470160740374e-06
0.11293913815718663,2.9824552288837403e-05
0.1268814006769336,0.000102968534500536
0.14254482635890514,0.00032595343700780877
0.16014189166643014,0.0009466762934382533
0.17991130314285533,0.002524462108634884
0.2021212354977168,0.006186550337392904
0.2270729694325259,0.013947988686991986
0.2551049785537617,0.02896869189279827
0.28659752081259104,0.055513202933868855
0.3219777967548112,0.09834804256889984
0.36172574455336326,0.16146685425942575
0.4063805504338082,0.24639679048740504
0.45654796280755766,0.35074954431765426
0.5129085093300529,0.46783116688342596
0.5762267283493882,0.5877853978553524
0.6473615399712076,0.7000090755103976
0.7272778974247632,0.7958818566016909
0.8170598767824696,0.8706725606766803
0.9179253825967483,0.9239496757152784
1.0312426689380967,0.9586052921241149
1.1585488999444697,0.9791900248005014
1.3015710016583038,0.990354905756742
1.4622490880091454,0.9958845676543221
1.6427627787184707,0.9983853552209175
1.8455607661325835,0.9994180849398953
2.0733940320616497,0.9998075117917975
2.329353165215711,0.9999416004208118
2.6169102854537,0.9999837586288296
2.9399661435534976,0.9999958616441563
3.3029030354176987,0.9999990343018067
3.710644248503383,0.9999997936969262
4.168720846874621,0.9999999596647787
4.683346700825936,0.9999999927846172
5.261502778863538,0.9999999988193333
5.911031845476362,0.9999999998233158
6.64074484928479,0.9999999999758237
7.4605404447366075,0.9999999999969756
8.381539268677866,0.9999999999996542
9.416234793278331,0.9999999999999638
10.578662801651687,0.9999999999999966
11.884591785129816,0.9999999999999997
13.351736844955687,1.0
15.0,1.0
