SA(0.6s) [g],Loss_ratio
0.05000000000000001,1.6578826992742172e-08
0.056172467201025755,5.591188149909218e-08
0.06310692142900626,1.801011287921775e-07
0.07089742948257126,5.541597706329716e-07
0.07964967064493539,1.6289535882401813e-06
0.08948237023750269,4.5750081908477424e-06
0.10052891014472326,1.2278489081595916e-05
0.11293913815718663,3.149454754370791e-05
0.1268814006769336,7.722161970154001e-05
0.14254482635890514,0.000181025938470232
0.16014189166643014,0.00040582400823987454
0.17991130314285533,0.0008702421672464226
0.2021212354977168,0.001785564240411715
0.2270729694325259,0.0035066553786288106
0.2551049785537617,0.00659433030558367
0.28659752081259104,0.01188020493233854
0.3219777967548112,0.020517234635080053
0.36172574455336326,0.03399280262090836
0.4063805504338082,0.05408050024130455
0.45654796280755766,0.08271461099562086
0.5129085093300529,0.12178592847250685
0.5762267283493882,0.17287048206107655
0.6473615399712076,0.23690457451558167
0.7272778974247632,0.3138142573384932
0.8170598767824696,0.4021232003041685
0.9179253825967483,0.49863366677121435
1.0312426689380967,0.5983850358467445
1.1585488999444697,0.6951374997027004
1.3015710016583038,0.7824724788461956
1.4622490880091454,0.8552476798435885
1.6427627787184707,0.9108214702260506
1.8455607661325835,0.9494687573493052
2.0733940320616497,0.9738169631102833
2.329353165215711,0.9876550819061269
2.6169102854537,0.9947260075329272
2.9399661435534976,0.9979655877204773
3.3029030354176987,0.9992935178625885
3.710644248503383,0.9997796814712665
4.168720846874621,0.9999384272805812
4.683346700825936,0.9999846057854422
5.261502778863538,0.9999965618719929
5.911031845476362,0.9999993149170208
6.64074484928479,0.999999878335771
7.4605404447366075,0.9999999807606763
8.381539268677866,0.9999999972930039
9.416234793278331,0.9999999996613382
10.578662801651687,0.9999999999623492
11.884591785129816,0.9999999999962822
13.351736844955687,0.999999999999674
15.0,0.9999999999999747
