SA(0.6s) [g],Loss_ratio
0.05000000000000001,1.3264196039455662e-08
0.056172467201025755,4.473608406582065e-08
0.06310692142900626,1.4411632544974165e-07
0.07089742948257126,4.4350493703271435e-07
0.07964967064493539,1.303985581068063e-06
0.08948237023750269,3.663557638083722e-06
0.10052891014472326,9.837040477464251e-06
0.11293913815718663,2.5248818898792394e-05
0.1268814006769336,6.196202008946956e-05
0.14254482635890514,0.00014541837814628444
0.16014189166643014,0.0003264617675083932
0.17991130314285533,0.0007012685726347713
0.2021212354977168,0.0014418074703912067
0.2270729694325259,0.002838245495051138
0.2551049785537617,0.005351641665106982
0.28659752081259104,0.00967011346048472
0.3219777967548112,0.01675531060842652
0.36172574455336326,0.027860886999753375
0.4063805504338082,0.044504117809183084
0.45654796280755766,0.06837813638431081
0.5129085093300529,0.10120342428480934
0.5762267283493882,0.14452547409332392
0.6473615399712076,0.19946279836371494
0.7272778974247632,0.2663999581918806
0.8170598767824696,0.3446302385126567
0.9179253825967483,0.4320141661112685
1.0312426689380967,0.5248234735706077
1.1585488999444697,0.6179974871142029
1.3015710016583038,0.7059329389518066
1.4622490880091454,0.7836462538258372
1.6427627787184707,0.8478643074398531
1.8455607661325835,0.8975626879814733
2.0733940320616497,0.9337543250912226
2.329353165215711,0.9587336825792394
2.6169102854537,0.9752046464240728
2.9399661435534976,0.9856453947136781
3.3029030354176987,0.9920222626413964
3.710644248503383,0.9957660168677024
4.168720846874621,0.997866345913794
4.683346700825936,0.9989843309743232
5.261502778863538,0.9995452121777132
5.911031845476362,0.9998090483810936
6.64074484928479,0.9999249916902878
7.4605404447366075,0.9999724789341553
8.381539268677866,0.9999905792937008
9.416234793278331,0.9999969940427261
10.578662801651687,0.9999991065648716
11.884591785129816,0.9999997527837732
13.351736844955687,0.9999999363476788
15.0,0.9999999847562521
