SA(1.0s) [g],Loss_ratio
0.05000000000000001,3.796721772753439e-11
0.056172467201025755,1.4107966557124447e-10
0.06310692142900626,5.040832375364505e-10
0.07089742948257126,1.7319862339897997e-09
0.07964967064493539,5.722887152931065e-09
0.08948237023750269,1.8186153152844982e-08
0.10052891014472326,5.558404813150453e-08
0.11293913815718663,1.6340849407705016e-07
0.1268814006769336,4.621135783759779e-07
0.14254482635890514,1.2572176889156198e-06
0.16014189166643014,3.2908029603303124e-06
0.17991130314285533,8.288377271415036e-06
0.2021212354977168,2.0089324012557863e-05
0.2270729694325259,4.686488415741384e-05
0.2551049785537617,0.00010524025025591116
0.28659752081259104,0.00022753222418769411
0.3219777967548112,0.0004737138375436943
0.36172574455336326,0.0009499480975329759
0.4063805504338082,0.0018353077431157165
0.45654796280755766,0.003417254148242364
0.5129085093300529,0.006134270474448938
0.5762267283493882,0.010620673290229978
0.6473615399712076,0.01774449859260712
0.7272778974247632,0.028625519203281217
0.8170598767824696,0.044618372766051045
0.9179253825967483,0.06724679121457021
1.0312426689380967,0.09807948284146362
1.1585488999444697,0.13854564375127065
1.3015710016583038,0.1896973561718971
1.4622490880091454,0.25193761853162044
1.6427627787184707,0.3247488924945916
1.8455607661325835,0.40647953592638514
2.0733940320616497,0.4942686306556986
2.329353165215711,0.5841956047697002
2.6169102854537,0.6717057576406066
2.9399661435534976,0.7522765845991636
3.3029030354176987,0.8221783665282423
3.710644248503383,0.8791054985377589
4.168720846874621,0.922470930198528
4.683346700825936,0.95327472852046
5.261502778863538,0.973622671869676
5.911031845476362,0.986093078961743
6.64074484928479,0.9931697013729256
7.4605404447366075,0.9968819102684825
8.381539268677866,0.9986794995468968
9.416234793278331,0.9994820785896135
10.578662801651687,0.9998121386249316
11.884591785129816,0.9999370613564297
13.351736844955687,0.9999805448647501
15.0,0.9999944565380918
