SA(0.3s) [g],Complete_damage
0.05000000000000001,2.2053944226385624e-09
0.056172467201025755,5.458289265014571e-09
0.06310692142900626,1.3207889781874371e-08
0.07089742948257126,3.124851233327064e-08
0.07964967064493539,7.228655829472075e-08
0.08948237023750269,1.6350545506416125e-07
0.10052891014472326,3.6163351047058256e-07
0.11293913815718663,7.821375692662613e-07
0.1268814006769336,1.654219912050614e-06
0.14254482635890514,3.4215102855394974e-06
0.16014189166643014,6.9211350267606164e-06
0.17991130314285533,1.3692843013224376e-05
0.2021212354977168,2.6496622082650134e-05
0.2270729694325259,5.0152624467392215e-05
0.2551049785537617,9.286048338252861e-05
0.28659752081259104,0.0001682025501942297
0.3219777967548112,0.00029807904866185897
0.36172574455336326,0.0005168486361775138
0.4063805504338082,0.0008769350060180425
0.45654796280755766,0.0014560833209797952
0.5129085093300529,0.0023662822339880485
0.5762267283493882,0.003764086137050482
0.6473615399712076,0.005861671408855962
0.7272778974247632,0.008937459838910145
0.8170598767824696,0.013344599037040217
0.9179253825967483,0.019515102032020115
1.0312426689380967,0.0279571511159713
1.1585488999444697,0.03924311609126785
1.3015710016583038,0.05398636019221248
1.4622490880091454,0.07280598490327084
1.6427627787184707,0.09628027227802372
1.8455607661325835,0.12489156236369126
2.0733940320616497,0.1589673606392088
2.329353165215711,0.1986242110170533
2.6169102854537,0.24372186891782022
2.9399661435534976,0.2938352092271501
3.3029030354176987,0.348249918718029
3.710644248503383,0.4059854120806039
4.168720846874621,0.46584490775484155
4.683346700825936,0.5264887672913281
5.261502778863538,0.5865237266282995
5.911031845476362,0.644598191413104
6.64074484928479,0.6994928157386124
7.4605404447366075,0.7501963254231838
8.381539268677866,0.7959588343841804
9.416234793278331,0.8363182832564569
10.578662801651687,0.8710994556526891
11.884591785129816,0.9003886071222444
13.351736844955687,0.9244894892317241
15.0,0.9438681006076849
