SA(0.3s) [g],Complete_damage
0.05000000000000001,8.165135234605714e-11
0.056172467201025755,2.1831070284861198e-10
0.06310692142900626,5.70650193765232e-10
0.07089742948257126,1.4583371177323556e-09
0.07964967064493539,3.643758295091004e-09
0.08948237023750269,8.901354653367832e-09
0.10052891014472326,2.126128817447892e-08
0.11293913815718663,4.965498112685651e-08
0.1268814006769336,1.1339387362419018e-07
0.14254482635890514,2.532121886611449e-07
0.16014189166643014,5.529217292910005e-07
0.17991130314285533,1.1807112433315226e-06
0.2021212354977168,2.465715493227272e-06
0.2270729694325259,5.035946262665902e-06
0.2551049785537617,1.0059565913156376e-05
0.28659752081259104,1.9654422535264615e-05
0.3219777967548112,3.7562021619530483e-05
0.36172574455336326,7.022181237703595e-05
0.4063805504338082,0.00012842766039877773
0.45654796280755766,0.00022979476857365455
0.5129085093300529,0.00040230097718685354
0.5762267283493882,0.0006891739698018373
0.6473615399712076,0.0011553520836387055
0.7272778974247632,0.0018956242164575032
0.8170598767824696,0.0030443285138533893
0.9179253825967483,0.0047861451510963215
1.0312426689380967,0.0073670618361987295
1.1585488999444697,0.011104060267394411
1.3015710016583038,0.01639154640371321
1.4622490880091454,0.02370214567911222
1.6427627787184707,0.03357935237265264
1.8455607661325835,0.04661980734858018
2.0733940320616497,0.06344378943643858
2.329353165215711,0.08465386976105993
2.6169102854537,0.11078350229173695
2.9399661435534976,0.1422393775080777
3.3029030354176987,0.1792432976525029
3.710644248503383,0.22178072247751768
4.168720846874621,0.26956358441813466
4.683346700825936,0.3220142049849296
5.261502778863538,0.37827509744278165
5.911031845476362,0.43724631840719286
6.64074484928479,0.49764829364504215
7.4605404447366075,0.5581043316070529
8.381539268677866,0.6172340407341412
9.416234793278331,0.6737471655966789
10.578662801651687,0.7265272910528718
11.884591785129816,0.7746964460699503
13.351736844955687,0.8176545542528839
15.0,0.8550913587279712
