SA(1.0s) [g],Loss_ratio
0.05000000000000001,6.1449266144342175e-06
0.056172467201025755,1.528771884104797e-05
0.06310692142900626,3.5862764274197846e-05
0.07089742948257126,7.931626173583365e-05
0.07964967064493539,0.00016560313373203744
0.08948237023750269,0.00032731931203832494
0.10052891014472326,0.0006151843021687264
0.11293913815718663,0.00110649281480746
0.1268814006769336,0.001920844940328528
0.14254482635890514,0.0032515394759960797
0.16014189166643014,0.005424929161466257
0.17991130314285533,0.009000040972094446
0.2021212354977168,0.014911165148309289
0.2270729694325259,0.024631656644267058
0.2551049785537617,0.040298250832678705
0.28659752081259104,0.06469438596681958
0.3219777967548112,0.10097605946806887
0.36172574455336326,0.1520689017999133
0.4063805504338082,0.2197877705756592
0.45654796280755766,0.30390183912036006
0.5129085093300529,0.40150514668590287
0.5762267283493882,0.5070492446410051
0.6473615399712076,0.6131952278340695
0.7272778974247632,0.712305554716644
0.8170598767824696,0.7980891782484328
0.9179253825967483,0.8668186533747664
1.0312426689380967,0.9177245968452501
1.1585488999444697,0.9525394486139556
1.3015710016583038,0.9745013084359189
1.4622490880091454,0.9872680821374472
1.6427627787184707,0.9941020009631057
1.8455607661325835,0.9974685545041502
2.0733940320616497,0.998994270310228
2.329353165215711,0.9996303201168194
2.6169102854537,0.9998742848089313
2.9399661435534976,0.999960429187395
3.3029030354176987,0.9999884591097717
3.710644248503383,0.9999968761196779
4.168720846874621,0.999999213462015
4.683346700825936,0.9999998152699937
5.261502778863538,0.9999999593980884
5.911031845476362,0.999999991620792
6.64074484928479,0.9999999983712575
7.4605404447366075,0.9999999997010891
8.381539268677866,0.9999999999481365
9.416234793278331,0.999999999991491
10.578662801651687,0.9999999999986814
11.884591785129816,0.9999999999998074
13.351736844955687,0.9999999999999735
15.0,0.9999999999999966
