SA(1.0s) [g],Loss_ratio
0.05000000000000001,2.079511885694058e-08
0.056172467201025755,6.91689054972105e-08
0.06310692142900626,2.1984423828097545e-07
0.07089742948257126,6.677544931091355e-07
0.07964967064493539,1.938492724431787e-06
0.08948237023750269,5.37911648742143e-06
0.10052891014472326,1.4269780863072658e-05
0.11293913815718663,3.61951681029373e-05
0.1268814006769336,8.779835696835986e-05
0.14254482635890514,0.00020370872636857988
0.16014189166643014,0.00045218497025676133
0.17991130314285533,0.0009605371930893568
0.2021212354977168,0.0019531100318742672
0.2270729694325259,0.0038027130043885547
0.2551049785537617,0.007092092144099792
0.28659752081259104,0.012675118482970664
0.3219777967548112,0.02171883708597379
0.36172574455336326,0.03570014013415978
0.4063805504338082,0.05632891818291093
0.45654796280755766,0.08537763833226643
0.5129085093300529,0.1244177365098372
0.5762267283493882,0.17449356394582138
0.6473615399712076,0.2357965232482962
0.7272778974247632,0.30742284686757393
0.8170598767824696,0.38729613936625384
0.9179253825967483,0.47230499928782
1.0312426689380967,0.5586525647542845
1.1585488999444697,0.6423552056864367
1.3015710016583038,0.7197830425828046
1.4622490880091454,0.7881223258979184
1.6427627787184707,0.8456637109467805
1.8455607661325835,0.8918716772492844
2.0733940320616497,0.9272496682754735
2.329353165215711,0.9530628009136696
2.6169102854537,0.9710021325081244
2.9399661435534976,0.9828694085106091
3.3029030354176987,0.9903365175586523
3.710644248503383,0.9948017951437224
4.168720846874621,0.9973371789082747
4.683346700825936,0.9987027616361479
5.261502778863538,0.9993997656467821
5.911031845476362,0.9997365506026751
6.64074484928479,0.9998904473454503
7.4605404447366075,0.9999568880693005
8.381539268677866,0.9999839620576711
9.416234793278331,0.9999943657751805
10.578662801651687,0.9999981325769464
11.884591785129816,0.9999994165629659
13.351736844955687,0.9999998283126841
15.0,0.9999999524495107
