SA(1.0s) [g],Loss_ratio
0.05000000000000001,7.060703858707164e-08
0.056172467201025755,2.025485134385224e-07
0.06310692142900626,5.509867027584858e-07
0.07089742948257126,1.4218169358732262e-06
0.07964967064493539,3.482093814680699e-06
0.08948237023750269,8.098279270521896e-06
0.10052891014472326,1.78994182840412e-05
0.11293913815718663,3.7637670363685764e-05
0.1268814006769336,7.539347835946082e-05
0.14254482635890514,0.00014413328696420865
0.16014189166643014,0.0002636248842076948
0.17991130314285533,0.00046286110012400166
0.2021212354977168,0.0007836050341520003
0.2270729694325259,0.0012866171976769088
0.2551049785537617,0.0020635991445668313
0.28659752081259104,0.003259621190949664
0.3219777967548112,0.005112023743189555
0.36172574455336326,0.00801112619460665
0.4063805504338082,0.012583743310862285
0.45654796280755766,0.01979087240355047
0.5129085093300529,0.031015721167375263
0.5762267283493882,0.048100241873591715
0.6473615399712076,0.07327463614793868
0.7272778974247632,0.10892610365727019
0.8170598767824696,0.1571821824300151
0.9179253825967483,0.2193452138040509
1.0312426689380967,0.29529654530523863
1.1585488999444697,0.38306006914027296
1.3015710016583038,0.4787295274609382
1.4622490880091454,0.5768879782059564
1.6427627787184707,0.6714863677398767
1.8455607661325835,0.7569613112919056
2.0733940320616497,0.8292531623632965
2.329353165215711,0.8864069051617148
2.6169102854537,0.9286003746805428
2.9399661435534976,0.9576663578482346
3.3029030354176987,0.9763447625712075
3.710644248503383,0.9875443694491501
4.168720846874621,0.9938152597808422
4.683346700825936,0.9970991503472851
5.261502778863538,0.9987113554300637
5.911031845476362,0.9994558756838996
6.64074484928479,0.9997806863013893
7.4605404447366075,0.9999152436076995
8.381539268677866,0.9999684676126233
9.416234793278331,0.9999886747234963
10.578662801651687,0.9999960686389492
11.884591785129816,0.9999986818977576
13.351736844955687,0.9999995740718375
15.0,0.9999998677494366
