SA(1.0s) [g],Loss_ratio
0.05000000000000001,0.0003596828861899087
0.056172467201025755,0.0005848970749637349
0.06310692142900626,0.0009193410793496336
0.07089742948257126,0.0014026873181862457
0.07964967064493539,0.0020890404888597486
0.08948237023750269,0.003057998833695478
0.10052891014472326,0.004434805740287721
0.11293913815718663,0.006422815567740459
0.1268814006769336,0.009349835870332208
0.14254482635890514,0.01372607096123278
0.16014189166643014,0.020305126421492806
0.17991130314285533,0.030131530200760245
0.2021212354977168,0.044550629511564285
0.2270729694325259,0.06515322812096937
0.2551049785537617,0.09363235431306817
0.28659752081259104,0.1315462770772887
0.3219777967548112,0.18000965141601075
0.36172574455336326,0.23936704849052337
0.4063805504338082,0.30892841863493714
0.45654796280755766,0.3868511152499173
0.5129085093300529,0.4702296588744116
0.5762267283493882,0.5554046584132358
0.6473615399712076,0.6384405487196627
0.7272778974247632,0.7156699221143916
0.8170598767824696,0.7841803951595224
0.9179253825967483,0.8421371881453172
1.0312426689380967,0.8888843079961675
1.1585488999444697,0.9248302575373646
1.3015710016583038,0.9511777579015339
1.4622490880091454,0.9695845851200661
1.6427627787184707,0.9818400022926453
1.8455607661325835,0.9896158640084329
2.0733940320616497,0.9943169922286669
2.329353165215711,0.9970249954127302
2.6169102854537,0.9985110913340647
2.9399661435534976,0.9992879591608224
3.3029030354176987,0.9996747669662371
3.710644248503383,0.9998581789597736
4.168720846874621,0.9999409867313506
4.683346700825936,0.999976577737655
5.261502778863538,0.9999911369414672
5.911031845476362,0.9999968039306
6.64074484928479,0.9999989021960725
7.4605404447366075,0.9999996409925509
8.381539268677866,0.999999888276929
9.416234793278331,0.9999999669302161
10.578662801651687,0.9999999906941339
11.884591785129816,0.9999999975116657
13.351736844955687,0.9999999993680525
15.0,0.9999999998476388
