SA(1.0s) [g],Loss_ratio
0.05000000000000001,2.375882716602053e-06
0.056172467201025755,6.666143726160454e-06
0.06310692142900626,1.7848565741390664e-05
0.07089742948257126,4.5612569752871045e-05
0.07964967064493539,0.00011127586775724817
0.08948237023750269,0.00025920645220677447
0.10052891014472326,0.0005766658952911105
0.11293913815718663,0.0012256197549082358
0.1268814006769336,0.0024892935113622304
0.14254482635890514,0.004833263030808097
0.16014189166643014,0.008974833505587348
0.17991130314285533,0.015945503051355905
0.2021212354977168,0.027121351473621578
0.2270729694325259,0.04418937730812508
0.2551049785537617,0.06901973978804317
0.28659752081259104,0.1034293689863363
0.3219777967548112,0.1488522069008733
0.36172574455336326,0.20596929202764055
0.4063805504338082,0.2743849412724361
0.45654796280755766,0.352447474338127
0.5129085093300529,0.43729275468946044
0.5762267283493882,0.5251364584282151
0.6473615399712076,0.61177107060244
0.7272778974247632,0.6931608512618694
0.8170598767824696,0.7659967567996364
0.9179253825967483,0.82808616998925
1.0312426689380967,0.8785040501244764
1.1585488999444697,0.917502232166474
1.3015710016583038,0.9462360563323704
1.4622490880091454,0.9664023731303352
1.6427627787184707,0.9798838120553383
1.8455607661325835,0.9884682455492226
2.0733940320616497,0.9936746486018828
2.329353165215711,0.9966820703485455
2.6169102854537,0.9983365225275174
2.9399661435534976,0.9992032491887197
3.3029030354176987,0.9996355968283257
3.710644248503383,0.9998409259798622
4.168720846874621,0.9999337510828913
4.683346700825936,0.999973689800495
5.261502778863538,0.9999900405615043
5.911031845476362,0.9999964082598544
6.64074484928479,0.9999987665492699
7.4605404447366075,0.9999995968503507
8.381539268677866,0.9999998746533664
9.416234793278331,0.9999999629464545
10.578662801651687,0.9999999895916435
11.884591785129816,0.9999999972232815
13.351736844955687,0.9999999992968627
15.0,0.9999999998310846
