SA(0.3s) [g],Loss_ratio
0.05000000000000001,2.135255982971896e-06
0.056172467201025755,4.171937181860703e-06
0.06310692142900626,8.01068088253434e-06
0.07089742948257126,1.512699327745938e-05
0.07964967064493539,2.811705970953282e-05
0.08948237023750269,5.149615166933266e-05
0.10052891014472326,9.304078663080686e-05
0.11293913815718663,0.00016603058563727135
0.1268814006769336,0.0002929558073436981
0.14254482635890514,0.0005115515514306332
0.16014189166643014,0.0008843860834720535
0.17991130314285533,0.0015135956348636959
0.2021212354977168,0.0025625472332258693
0.2270729694325259,0.004285915598927124
0.2551049785537617,0.007068444066115629
0.28659752081259104,0.011470057292529253
0.3219777967548112,0.018270737623394227
0.36172574455336326,0.028502954315216857
0.4063805504338082,0.04345367884389493
0.45654796280755766,0.06461451989718021
0.5129085093300529,0.09356052925169783
0.5762267283493882,0.13174884652301347
0.6473615399712076,0.18024867451994034
0.7272778974247632,0.2394412675657498
0.8170598767824696,0.3087548880916618
0.9179253825967483,0.3865136159879744
1.0312426689380967,0.46996959909028413
1.1585488999444697,0.5555514367721294
1.3015710016583038,0.6393038047350018
1.4622490880091454,0.7174334367140021
1.6427627787184707,0.7868375015887829
1.8455607661325835,0.8454899703039473
2.0733940320616497,0.8926023813877583
2.329353165215711,0.9285425169983773
2.6169102854537,0.9545619571846282
2.9399661435534976,0.9724267353097306
3.3029030354176987,0.9840522853888669
3.710644248503383,0.9912187598043841
4.168720846874621,0.9954014613351827
4.683346700825936,0.9977117793079979
5.261502778863538,0.9989189639858838
5.911031845476362,0.9995154546625707
6.64074484928479,0.9997940784424274
7.4605404447366075,0.9999170735809478
8.381539268677866,0.9999683710879091
9.416234793278331,0.9999885797574534
10.578662801651687,0.9999960980123295
11.884591785129816,0.9999987388880551
13.351736844955687,0.9999996145818786
15.0,0.9999998886503131
