SA(0.3s) [g],Loss_ratio
0.05000000000000001,3.1536948728453825e-06
0.056172467201025755,6.447537724495597e-06
0.06310692142900626,1.2861755970708043e-05
0.07089742948257126,2.5024222232931055e-05
0.07964967064493539,4.7487031051621345e-05
0.08948237023750269,8.792815035217283e-05
0.10052891014472326,0.00015899608802954826
0.11293913815718663,0.0002811178773381084
0.1268814006769336,0.0004867612915339604
0.14254482635890514,0.0008268918255101245
0.16014189166643014,0.001380684907261939
0.17991130314285533,0.002269874324107469
0.2021212354977168,0.003679266453559753
0.2270729694325259,0.00588462328656951
0.2551049785537617,0.00928790251962757
0.28659752081259104,0.01445732966939764
0.3219777967548112,0.02216578667519859
0.36172574455336326,0.03341591248416607
0.4063805504338082,0.04943537582669614
0.45654796280755766,0.07162323155567102
0.5129085093300529,0.10143096800032364
0.5762267283493882,0.14017227955595124
0.6473615399712076,0.1887743135255626
0.7272778974247632,0.24750719223830722
0.8170598767824696,0.31575090963887875
0.9179253825967483,0.3918693634991837
1.0312426689380967,0.4732513260721776
1.1585488999444697,0.5565444817430483
1.3015710016583038,0.6380578578276511
1.4622490880091454,0.7142560657416
1.6427627787184707,0.7822356593807707
1.8455607661325835,0.840074400474531
2.0733940320616497,0.8869801460262635
2.329353165215711,0.9232244366836878
2.6169102854537,0.9499045051605204
2.9399661435534976,0.9686154164548391
3.3029030354176987,0.9811209961973645
3.710644248503383,0.989091451738413
4.168720846874621,0.9939404130739582
4.683346700825936,0.9967599540328977
5.261502778863538,0.9983296746311264
5.911031845476362,0.9991681720640084
6.64074484928479,0.9995989841764575
7.4605404447366075,0.9998124626624273
8.381539268677866,0.9999147673232985
9.416234793278331,0.9999623031356333
10.578662801651687,0.9999837633753057
11.884591785129816,0.9999931894635364
13.351736844955687,0.9999972197759753
15.0,0.9999988967172772
