PGA [g],Loss_ratio
0.05000000000000001,9.545685594072092e-14
0.056172467201025755,6.193152350913799e-13
0.06310692142900626,3.772385682202546e-12
0.07089742948257126,2.1568371367532682e-11
0.07964967064493539,1.15770977916311e-10
0.08948237023750269,5.834571272553981e-10
0.10052891014472326,2.761210453485626e-09
0.11293913815718663,1.2272481667752306e-08
0.1268814006769336,5.1236194102867194e-08
0.14254482635890514,2.0096103871011658e-07
0.16014189166643014,7.406752015316242e-07
0.17991130314285533,2.56583428258354e-06
0.2021212354977168,8.356688290515355e-06
0.2270729694325259,2.559667160213122e-05
0.2551049785537617,7.376286589927397e-05
0.28659752081259104,0.00020007125425752073
0.3219777967548112,0.0005110253733752044
0.36172574455336326,0.0012298836471351731
0.4063805504338082,0.002790872595940291
0.45654796280755766,0.005975838328993818
0.5129085093300529,0.012083740811887303
0.5762267283493882,0.023095506050383262
0.6473615399712076,0.0417592237380798
0.7272778974247632,0.07148522581308611
0.8170598767824696,0.11592967272919213
0.9179253825967483,0.17819130861024318
1.0312426689380967,0.2596812021254563
1.1585488999444697,0.3589493867751095
1.3015710016583038,0.4709810336676945
1.4622490880091454,0.5875223462323665
1.6427627787184707,0.6986798944990845
1.8455607661325835,0.7953934842717771
2.0733940320616497,0.8717860341830326
2.329353165215711,0.9263327353321361
2.6169102854537,0.9614091430664887
2.9399661435534976,0.9816579446322535
3.3029030354176987,0.9921230773147813
3.710644248503383,0.9969543842789166
4.168720846874621,0.998942925470277
4.683346700825936,0.99967148728698
5.261502778863538,0.9999087801885232
5.911031845476362,0.9999774091074642
6.64074484928479,0.9999950178087487
7.4605404447366075,0.9999990227975203
8.381539268677866,0.9999998297282835
9.416234793278331,0.9999999736682665
10.578662801651687,0.9999999963889138
11.884591785129816,0.9999999995611579
13.351736844955687,0.9999999999527696
15.0,0.9999999999955007
