SA(0.6s) [g],Complete_damage
0.05000000000000001,4.512168451542564e-05
0.056172467201025755,6.990186116340169e-05
0.06310692142900626,0.00010712171503679535
0.07089742948257126,0.00016239118977234845
0.07964967064493539,0.00024353145452682412
0.08948237023750269,0.0003612996215223152
0.10052891014472326,0.000530289161778219
0.11293913815718663,0.0007700245514040693
0.1268814006769336,0.001106261078596349
0.14254482635890514,0.0015724887576400448
0.16014189166643014,0.0022116223379455846
0.17991130314285533,0.0030778372221896833
0.2021212354977168,0.00423848400611726
0.2270729694325259,0.005775983313453303
0.2551049785537617,0.007789569451824407
0.28659752081259104,0.010396718895475998
0.3219777967548112,0.013734071311575002
0.36172574455336326,0.017957631084397074
0.4063805504338082,0.02324203071030473
0.45654796280755766,0.02977864856270751
0.5129085093300529,0.03777240614381272
0.5762267283493882,0.04743712640393749
0.6473615399712076,0.058989415273574486
0.7272778974247632,0.07264113081747925
0.8170598767824696,0.08859062300477083
0.9179253825967483,0.10701305364660718
1.0312426689380967,0.1280502296808721
1.1585488999444697,0.15180049106548354
1.3015710016583038,0.17830927397659235
1.4622490880091454,0.20756100871242145
1.6427627787184707,0.23947300022457352
1.8455607661325835,0.2738918722131285
2.0733940320616497,0.3105930331969614
2.329353165215711,0.3492834507763348
2.6169102854537,0.3896078101279491
2.9399661435534976,0.4311579012747062
3.3029030354176987,0.4734848469394294
3.710644248503383,0.5161135702373092
4.168720846874621,0.5585587294374228
4.683346700825936,0.6003412324486597
5.261502778863538,0.6410043980209895
5.911031845476362,0.6801288585065569
6.64074484928479,0.7173453975836659
7.4605404447366075,0.7523450757234285
8.381539268677866,0.78488620062012
9.416234793278331,0.8147979295879814
10.578662801651687,0.8419805246697463
11.884591785129816,0.8664024982857567
13.351736844955687,0.8880950700119368
15.0,0.9071444905016901
