SA(0.6s) [g],Loss_ratio
0.05000000000000001,8.90600438749444e-08
0.056172467201025755,1.8198815031591842e-07
0.06310692142900626,3.6547822463062527e-07
0.07089742948257126,7.213585980556715e-07
0.07964967064493539,1.399355462404093e-06
0.08948237023750269,2.668162879292397e-06
0.10052891014472326,5.000714177441725e-06
0.11293913815718663,9.21356819615286e-06
0.1268814006769336,1.66901966523174e-05
0.14254482635890514,2.973224262785922e-05
0.16014189166643014,5.210410077894379e-05
0.17991130314285533,8.986964630745051e-05
0.2021212354977168,0.00015267596761382046
0.2270729694325259,0.00025573672664103847
0.2551049785537617,0.0004229388119621682
0.28659752081259104,0.0006917833462888949
0.3219777967548112,0.0011213170295284532
0.36172574455336326,0.0018048132304357965
0.4063805504338082,0.0028896119293371964
0.45654796280755766,0.00460689643012546
0.5129085093300529,0.007313644020546474
0.5762267283493882,0.011546632215279337
0.6473615399712076,0.0180833020975386
0.7272778974247632,0.027996180572243
0.8170598767824696,0.04267765643002436
0.9179253825967483,0.06380368309216027
1.0312426689380967,0.09320414145157946
1.1585488999444697,0.13262035241960263
1.3015710016583038,0.18335982477635626
1.4622490880091454,0.24590087548700662
1.6427627787184707,0.31954197770836457
1.8455607661325835,0.40221241878024105
2.0733940320616497,0.49054349089279287
2.329353165215711,0.5802374392057604
2.6169102854537,0.6666801822859892
2.9399661435534976,0.7456573845313232
3.3029030354176987,0.8139899261364492
3.710644248503383,0.8699265531198173
4.168720846874621,0.9132116056061008
4.683346700825936,0.9448502722454182
5.261502778863538,0.966679300471184
5.911031845476362,0.9808866449009761
6.64074484928479,0.9896044284950625
7.4605404447366075,0.9946451187597631
8.381539268677866,0.9973902446088506
9.416234793278331,0.9987977168548312
10.578662801651687,0.9994768537839405
11.884591785129816,0.9997851478983153
13.351736844955687,0.9999167698247056
15.0,0.9999696050990102
