SA(0.6s) [g],Loss_ratio
0.05000000000000001,1.312442881854308e-07
0.056172467201025755,3.0468646089880363e-07
0.06310692142900626,6.956477984345107e-07
0.07089742948257126,1.5543507245561456e-06
0.07964967064493539,3.3842871255217686e-06
0.08948237023750269,7.155338586740896e-06
0.10052891014472326,1.4651631124263174e-05
0.11293913815718663,2.9001505918172287e-05
0.1268814006769336,5.542719570669426e-05
0.14254482635890514,0.00010222410351145435
0.16014189166643014,0.0001819375708916824
0.17991130314285533,0.00031266876102650906
0.2021212354977168,0.0005194529706923073
0.2270729694325259,0.0008357749733518525
0.2551049785537617,0.0013055817628146455
0.28659752081259104,0.0019866608938442065
0.3219777967548112,0.0029569433514697084
0.36172574455336326,0.004326028685480498
0.4063805504338082,0.0062547464751044005
0.45654796280755766,0.008985441287477922
0.5129085093300529,0.012884343058711608
0.5762267283493882,0.018494259602558773
0.6473615399712076,0.026590487795124983
0.7272778974247632,0.03822549890585486
0.8170598767824696,0.054740054069704294
0.9179253825967483,0.07771308515253118
1.0312426689380967,0.1088245488368848
1.1585488999444697,0.14961914250964015
1.3015710016583038,0.20118604994937714
1.4622490880091454,0.2638065181438727
1.6427627787184707,0.3366552626648576
1.8455607661325835,0.41765660621728423
2.0733940320616497,0.5035771432673952
2.329353165215711,0.5903803517906081
2.6169102854537,0.6737892782466735
2.9399661435534976,0.7499305034684132
3.3029030354176987,0.81589793397289
3.710644248503383,0.8700964826818495
4.168720846874621,0.9122965181031139
4.683346700825936,0.9434206877194709
5.261502778863538,0.9651583735948601
5.911031845476362,0.9795336050162236
6.64074484928479,0.988535867444144
7.4605404447366075,0.9938763275022899
8.381539268677866,0.9968794301599837
9.416234793278331,0.9984816967457961
10.578662801651687,0.999293833068181
11.884591785129816,0.999685544027915
13.351736844955687,0.9998656852502984
15.0,0.9999448578435653
