SA(0.6s) [g],Loss_ratio
0.05000000000000001,8.773594370781944e-07
0.056172467201025755,1.5683104626914647e-06
0.06310692142900626,2.766350578518703e-06
0.07089742948257126,4.815720053946447e-06
0.07964967064493539,8.275395681774537e-06
0.08948237023750269,1.4042430890005268e-05
0.10052891014472326,2.354299030686986e-05
0.11293913815718663,3.903117991347691e-05
0.1268814006769336,6.40656384627364e-05
0.14254482635890514,0.0001042895724076458
0.16014189166643014,0.00016874092584348406
0.17991130314285533,0.00027209278546171844
0.2021212354977168,0.0004384994479435766
0.2270729694325259,0.0007081164764671001
0.2551049785537617,0.001147842612176654
0.28659752081259104,0.0018682706706322503
0.3219777967548112,0.0030489576380708953
0.36172574455336326,0.004973483861220515
0.4063805504338082,0.008073812534315002
0.45654796280755766,0.012979727725221336
0.5129085093300529,0.020563630990230293
0.5762267283493882,0.03196462883114776
0.6473615399712076,0.048570765571643866
0.7272778974247632,0.0719376049670184
0.8170598767824696,0.10362842519899257
0.9179253825967483,0.14497784664156632
1.0312426689380967,0.1968051763911859
1.1585488999444697,0.2591300885407412
1.3015710016583038,0.33096174429937447
1.4622490880091454,0.41023284433612023
1.6427627787184707,0.4939264122338105
1.8455607661325835,0.5783979278596735
2.0733940320616497,0.6598411447235346
2.329353165215711,0.734801177489435
2.6169102854537,0.8006206655520659
2.9399661435534976,0.8557221523634461
3.3029030354176987,0.8996767489405186
3.710644248503383,0.9330684940240306
4.168720846874621,0.9572143677443127
4.683346700825936,0.9738256925569173
5.261502778863538,0.9846930750427024
5.911031845476362,0.9914511001211828
6.64074484928479,0.995444256644931
7.4605404447366075,0.9976853211187818
8.381539268677866,0.9988795440362409
9.416234793278331,0.9994835930993372
10.578662801651687,0.9997735197112242
11.884591785129816,0.9999055325565214
13.351736844955687,0.9999625422873012
15.0,0.9999858869448713
