SA(1.0s) [g],Loss_ratio
0.05000000000000001,6.761452495020227e-08
0.056172467201025755,1.697809420812272e-07
0.06310692142900626,4.1067525163777637e-07
0.07089742948257126,9.576359695167959e-07
0.07964967064493539,2.1547872123333603e-06
0.08948237023750269,4.683964433383597e-06
0.10052891014472326,9.850083046166812e-06
0.11293913815718663,2.007314342691463e-05
0.1268814006769336,3.9718785710529985e-05
0.14254482635890514,7.648045930889322e-05
0.16014189166643014,0.00014365762476674436
0.17991130314285533,0.000263877541790016
0.2021212354977168,0.00047509534757409193
0.2270729694325259,0.0008400556554880495
0.2551049785537617,0.001460712830368983
0.28659752081259104,0.002499177524738572
0.3219777967548112,0.004206249827962098
0.36172574455336326,0.006957111956469834
0.4063805504338082,0.011290978752224113
0.45654796280755766,0.017947500833339982
0.5129085093300529,0.02788820505461915
0.5762267283493882,0.04228777992026299
0.6473615399712076,0.062479715982189175
0.7272778974247632,0.08984571627867256
0.8170598767824696,0.12564914826087256
0.9179253825967483,0.17082799582606878
1.0312426689380967,0.22577805607342705
1.1585488999444697,0.29016697054393825
1.3015710016583038,0.362819948898087
1.4622490880091454,0.4417086129717085
1.6427627787184707,0.5240593224499829
1.8455607661325835,0.6065814729416767
2.0733940320616497,0.685800501015585
2.329353165215711,0.7584608878043482
2.6169102854537,0.82193894220784
2.9399661435534976,0.8745812113020778
3.3029030354176987,0.9158803817496481
3.710644248503383,0.9464328055174882
4.168720846874621,0.9676868582126454
4.683346700825936,0.9815610796357507
5.261502778863538,0.990049005908579
5.911031845476362,0.9949148123698481
6.64074484928479,0.9975318389380191
7.4605404447366075,0.9988563754387032
8.381539268677866,0.9994904750297378
9.416234793278331,0.9997797930925899
10.578662801651687,0.9999068467219362
11.884591785129816,0.9999611468095102
13.351736844955687,0.999983963830285
15.0,0.9999934548397141
