SA(0.6s) [g],Loss_ratio
0.05000000000000001,3.887521227091223e-06
0.056172467201025755,8.732327890455381e-06
0.06310692142900626,1.8774172817415496e-05
0.07089742948257126,3.8700451830822965e-05
0.07964967064493539,7.665990537042145e-05
0.08948237023750269,0.0001463390480411087
0.10052891014472326,0.0002701721342646207
0.11293913815718663,0.0004844660809962267
0.1268814006769336,0.0008478482737286268
0.14254482635890514,0.0014553211014338501
0.16014189166643014,0.0024610936237982953
0.17991130314285533,0.004113654230326917
0.2021212354977168,0.0068052519258656324
0.2270729694325259,0.011133919218208322
0.2551049785537617,0.017968721161467263
0.28659752081259104,0.02849878747522516
0.3219777967548112,0.044236866689796005
0.36172574455336326,0.06694391491923614
0.4063805504338082,0.09844869809362408
0.45654796280755766,0.1403593740474887
0.5129085093300529,0.1937004292326028
0.5762267283493882,0.2585480859553121
0.6473615399712076,0.33376409282118835
0.7272778974247632,0.41692550505412224
0.8170598767824696,0.5045092197421104
0.9179253825967483,0.5923222542096652
1.0312426689380967,0.6760942053208363
1.1585488999444697,0.7520952877041744
1.3015710016583038,0.8176334219624601
1.4622490880091454,0.8713215033126872
1.6427627787184707,0.9130762998908185
1.8455607661325835,0.9438862414359686
2.0733940320616497,0.9654398168011697
2.329353165215711,0.9797241316331445
2.6169102854537,0.9886852889048472
2.9399661435534976,0.9940024385574584
3.3029030354176987,0.9969840455129367
3.710644248503383,0.9985628768062076
4.168720846874621,0.9993517591254438
4.683346700825936,0.9997234547589666
5.261502778863538,0.9998885024615178
5.911031845476362,0.9999575387614343
6.64074484928479,0.9999847315314419
7.4605404447366075,0.999994816507099
8.381539268677866,0.9999983383479989
9.416234793278331,0.9999994967886723
10.578662801651687,0.9999998559174338
11.884591785129816,0.9999999609468768
13.351736844955687,0.9999999899629829
15.0,0.999999997548849
