SA(0.6s) [g],Loss_ratio
0.05000000000000001,2.072372133596345e-08
0.056172467201025755,7.15748576505615e-08
0.06310692142900626,2.366748116059098e-07
0.07089742948257126,7.476361442829731e-07
0.07964967064493539,2.253328511578326e-06
0.08948237023750269,6.4750989891573276e-06
0.10052891014472326,1.7733577364090878e-05
0.11293913815718663,4.628162847808086e-05
0.1268814006769336,0.0001151011710810488
0.14254482635890514,0.00027280367769263314
0.16014189166643014,0.0006163034357941301
0.17991130314285533,0.0013274442356747428
0.2021212354977168,0.00272675298150632
0.2270729694325259,0.005343686404463309
0.2551049785537617,0.009995141030095103
0.28659752081259104,0.01785292569888244
0.3219777967548112,0.030469066095149232
0.36172574455336326,0.049720745575012104
0.4063805504338082,0.07764149297423704
0.45654796280755766,0.1161273441004522
0.5129085093300529,0.16654553511429263
0.5762267283493882,0.229319126508281
0.6473615399712076,0.30359603982231903
0.7272778974247632,0.38711596637387224
0.8170598767824696,0.47635244073583066
0.9179253825967483,0.5669355270003986
1.0312426689380967,0.6542759594629325
1.1585488999444697,0.7342461435586749
1.3015710016583038,0.8037537171402122
1.4622490880091454,0.8610777643683599
1.6427627787184707,0.9059123195456189
1.8455607661325835,0.9391470731379725
2.0733940320616497,0.9624801514403535
2.329353165215711,0.9779831778409198
2.6169102854537,0.9877233164383714
2.9399661435534976,0.993504792908685
3.3029030354176987,0.9967440625045522
3.710644248503383,0.9984556388420762
4.168720846874621,0.9993077490351432
4.683346700825936,0.9997071088399155
5.261502778863538,0.9998831584581642
5.911031845476362,0.9999560973197464
6.64074484928479,0.9999844770058298
7.4605404447366075,0.9999948397445002
8.381539268677866,0.9999983885012246
9.416234793278331,0.9999995275745374
10.578662801651687,0.9999998700756632
11.884591785129816,0.9999999665006079
13.351736844955687,0.999999991906584
15.0,0.9999999981687119
