SA(1.0s) [g],Complete_damage
0.05000000000000001,1.3322676295501878e-15
0.056172467201025755,7.327471962526033e-15
0.06310692142900626,4.007905118896815e-14
0.07089742948257126,2.0838886172214188e-13
0.07964967064493539,1.031952301389083e-12
0.08948237023750269,4.873768055801975e-12
0.10052891014472326,2.1953105999727995e-11
0.11293913815718663,9.430756175987653e-11
0.1268814006769336,3.864072395387552e-10
0.14254482635890514,1.51015611127292e-09
0.16014189166643014,5.629992805289419e-09
0.17991130314285533,2.0023402269586654e-08
0.2021212354977168,6.79438419970424e-08
0.2270729694325259,2.199817131787185e-07
0.2551049785537617,6.796632521233192e-07
0.28659752081259104,2.0041177836160884e-06
0.3219777967548112,5.640689438313196e-06
0.36172574455336326,1.5155994823490282e-05
0.4063805504338082,3.888224825343567e-05
0.45654796280755766,9.526052547526032e-05
0.5129085093300529,0.00022292526761502618
0.5762267283493882,0.0004984160021065387
0.6473615399712076,0.0010649424308587507
0.7272778974247632,0.002175166884759383
0.8170598767824696,0.004248547839775574
0.9179253825967483,0.007938539383015364
1.0312426689380967,0.014196744827808083
1.1585488999444697,0.024311436582637458
1.3015710016583038,0.03989023909715672
1.4622490880091454,0.062756452359788
1.6427627787184707,0.09474049386212602
1.8455607661325835,0.13737404221469984
2.0733940320616497,0.1915303173324483
2.329353165215711,0.25708826585622935
2.6169102854537,0.332716030737809
2.9399661435534976,0.41585728567840474
3.3029030354176987,0.5029599268402866
3.710644248503383,0.5899211280501084
4.168720846874621,0.6726580182019863
4.683346700825936,0.7476737399744833
5.261502778863538,0.8124901223495296
5.911031845476362,0.8658600507613172
6.64074484928479,0.9077382221585415
7.4605404447366075,0.9390536218004331
8.381539268677866,0.9613691539339714
9.416234793278331,0.9765234385495564
10.578662801651687,0.9863305786248393
11.884591785129816,0.9923788029212939
13.351736844955687,0.9959334114266128
15.0,0.9979242398264424
