PGA [g],Loss_ratio
0.05000000000000001,9.925413800368852e-08
0.056172467201025755,2.5570091560972415e-07
0.06310692142900626,6.347248157794683e-07
0.07089742948257126,1.5203406881740181e-06
0.07964967064493539,3.519948458532823e-06
0.08948237023750269,7.892352767574827e-06
0.10052891014472326,1.7173531736363995e-05
0.11293913815718663,3.634404188997817e-05
0.1268814006769336,7.496004404539506e-05
0.14254482635890514,0.00015095161207741775
0.16014189166643014,0.00029720090362949037
0.17991130314285533,0.0005725326868423294
0.2021212354977168,0.0010792718322504237
0.2270729694325259,0.00198978253507383
0.2551049785537617,0.0035839445508799236
0.28659752081259104,0.006297736768896642
0.3219777967548112,0.010779424081381293
0.36172574455336326,0.017944109383966712
0.4063805504338082,0.029010276846820657
0.45654796280755766,0.045495235169032325
0.5129085093300529,0.06914305357743197
0.5762267283493882,0.10176231992746472
0.6473615399712076,0.1449651183692565
0.7272778974247632,0.19982436174930873
0.8170598767824696,0.2665013912349503
0.9179253825967483,0.3439309663414091
1.0312426689380967,0.429671377002395
1.1585488999444697,0.5200156055409044
1.3015710016583038,0.6104039569299593
1.4622490880091454,0.696086503040636
1.6427627787184707,0.7728864242098631
1.8455607661325835,0.8378588846053976
2.0733940320616497,0.8896602114225796
2.329353165215711,0.9285387932932563
2.6169102854537,0.9559904599882354
2.9399661435534976,0.974225769033484
3.3029030354176987,0.9856300594904641
3.710644248503383,0.9923560703790673
4.168720846874621,0.996107350606454
4.683346700825936,0.9980937652989496
5.261502778863538,0.9990977158052706
5.911031845476362,0.9995850640622376
6.64074484928479,0.9998138189495365
7.4605404447366075,0.9999182857162001
8.381539268677866,0.9999649074204185
9.416234793278331,0.9999852782043956
10.578662801651687,0.9999939852175387
11.884591785129816,0.9999976152185126
13.351736844955687,0.9999990855312485
15.0,0.9999996618259841
