PGA [g],Loss_ratio
0.05000000000000001,2.337112105836347e-13
0.056172467201025755,1.3976333552103403e-12
0.06310692142900626,7.871887643931338e-12
0.07089742948257126,4.17652419815521e-11
0.07964967064493539,2.0876837327168024e-10
0.08948237023750269,9.832835511836291e-10
0.10052891014472326,4.3642277611724515e-09
0.11293913815718663,1.825572829483556e-08
0.1268814006769336,7.19786429049753e-08
0.14254482635890514,2.675307405614364e-07
0.16014189166643014,9.37492959705194e-07
0.17991130314285533,3.0978080401541568e-06
0.2021212354977168,9.654147653439947e-06
0.2270729694325259,2.8382089648167925e-05
0.2551049785537617,7.873469287714266e-05
0.28659752081259104,0.0002061710085814602
0.3219777967548112,0.0005098136096973396
0.36172574455336326,0.0011910810249905275
0.4063805504338082,0.002630801995542531
0.45654796280755766,0.005497617440580461
0.5129085093300529,0.010878636036563201
0.5762267283493882,0.020403553175980534
0.6473615399712076,0.03630876132620372
0.7272778974247632,0.06136613943344454
0.8170598767824696,0.09859465829453917
0.9179253825967483,0.150698784616911
1.0312426689380967,0.2192560060128237
1.1585488999444697,0.30381631163818296
1.3015710016583038,0.4012442210476209
1.4622490880091454,0.5057182989217845
1.6427627787184707,0.6096571181132693
1.8455607661325835,0.7054253171191202
2.0733940320616497,0.7871926791590609
2.329353165215711,0.8521384277307541
2.6169102854537,0.900518431726398
2.9399661435534976,0.9347430941827464
3.3029030354176987,0.9580846052191365
3.710644248503383,0.9736424182002148
4.168720846874621,0.9838484196963397
4.683346700825936,0.9904245196724211
5.261502778863538,0.9945492882612705
5.911031845476362,0.9970398171741731
6.64074484928479,0.9984734257873462
7.4605404447366075,0.999254790599334
8.381539268677866,0.9996563517136995
9.416234793278331,0.9998504955971511
10.578662801651687,0.9999386926299205
11.884591785129816,0.9999763183721413
13.351736844955687,0.9999913874292068
15.0,0.9999970522154326
