SA(1.0s) [g],Loss_ratio
0.05000000000000001,2.2406027812627608e-08
0.056172467201025755,5.597944765004843e-08
0.06310692142900626,1.351084371981829e-07
0.07089742948257126,3.15161020032398e-07
0.07964967064493539,7.109390526626022e-07
0.08948237023750269,1.5520099760809233e-06
0.10052891014472326,3.2817286615277993e-06
0.11293913815718663,6.728610465739135e-06
0.1268814006769336,1.3394568901905959e-05
0.14254482635890514,2.5929009986322115e-05
0.16014189166643014,4.889672216682125e-05
0.17991130314285533,9.001040119636807e-05
0.2021212354977168,0.00016209862285372008
0.2270729694325259,0.00028623079069214083
0.2551049785537617,0.0004966275488349199
0.28659752081259104,0.0008482295907064908
0.3219777967548112,0.0014280145965791776
0.36172574455336326,0.002371209468420549
0.4063805504338082,0.0038832420329376503
0.45654796280755766,0.006267378320948418
0.5129085093300529,0.009956320585535984
0.5762267283493882,0.015543615183040625
0.6473615399712076,0.023807892263150943
0.7272778974247632,0.03572047272932326
0.8170598767824696,0.052425722398863624
0.9179253825967483,0.07518458284840926
1.0312426689380967,0.10527526827635039
1.1585488999444697,0.14385072207341226
1.3015710016583038,0.19175924816056106
1.4622490880091454,0.24934254425027946
1.6427627787184707,0.3162351727000827
1.8455607661325835,0.39120242551011913
2.0733940320616497,0.47206744572436987
2.329353165215711,0.5557846774417534
2.6169102854537,0.6387014838391247
2.9399661435534976,0.7170036160233481
3.3029030354176987,0.7872708554059435
3.710644248503383,0.8470063409064996
4.168720846874621,0.8949855629356452
4.683346700825936,0.9313200292361894
5.261502778863538,0.9572299601895894
5.911031845476362,0.9746218428646234
6.64074484928479,0.9856201450693953
7.4605404447366075,0.9921878417011714
8.381539268677866,0.9959067223140656
9.416234793278331,0.9979160521455808
10.578662801651687,0.9989607751636039
11.884591785129816,0.9994887715984598
13.351736844955687,0.9997508117730298
15.0,0.9998795564296147
