SA(1.0s) [g],Loss_ratio
0.05000000000000001,7.957400460478673e-11
0.056172467201025755,2.7736203194956695e-10
0.06310692142900626,9.320118355838106e-10
0.07089742948257126,3.0193650250679485e-09
0.07964967064493539,9.43088344158106e-09
0.08948237023750269,2.8402493211944912e-08
0.10052891014472326,8.248118512319812e-08
0.11293913815718663,2.309814867355765e-07
0.1268814006769336,6.238147704836302e-07
0.14254482635890514,1.6248972985842567e-06
0.16014189166643014,4.082509909425601e-06
0.17991130314285533,9.894713343448457e-06
0.2021212354977168,2.3136751990469867e-05
0.2270729694325259,5.220104721896982e-05
0.2551049785537617,0.00011365671860572587
0.28659752081259104,0.00023884703935272893
0.3219777967548112,0.00048454410331161713
0.36172574455336326,0.0009491339724232553
0.4063805504338082,0.001795598947951724
0.45654796280755766,0.003281735408045402
0.5129085093300529,0.0057963743205039974
0.5762267283493882,0.009897816835633576
0.6473615399712076,0.016347554833832347
0.7272778974247632,0.02612932164310108
0.8170598767824696,0.040441609287485136
0.9179253825967483,0.06065193097073158
1.0312426689380967,0.08820372437068022
1.1585488999444697,0.12447162101304633
1.3015710016583038,0.170567400155758
1.4622490880091454,0.22710773005627255
1.6427627787184707,0.2939676268030992
1.8455607661325835,0.37006204022283606
2.0733940320616497,0.4532191101940591
2.329353165215711,0.5402207013701569
2.6169102854537,0.6270704629783491
2.9399661435534976,0.7094939315242804
3.3029030354176987,0.7835881278402125
3.710644248503383,0.846456967364493
4.168720846874621,0.8966427794919741
4.683346700825936,0.9342210735129752
5.261502778863538,0.9605462880191143
5.911031845476362,0.9777611575968628
6.64074484928479,0.9882491046681701
7.4605404447366075,0.9941922354148218
8.381539268677866,0.997320261054254
9.416234793278331,0.9988476197035416
10.578662801651687,0.9995388007250373
11.884591785129816,0.9998284371120448
13.351736844955687,0.9999407451128983
15.0,0.9999810164710664
