PGA [g],Complete_damage
0.05000000000000001,4.1944225870338414e-13
0.056172467201025755,1.2090328738167955e-12
0.06310692142900626,3.412159443882956e-12
0.07089742948257126,9.428791081234067e-12
0.07964967064493539,2.5510926704441772e-11
0.08948237023750269,6.75839384456367e-11
0.10052891014472326,1.7531365248402153e-10
0.11293913815718663,4.4529846476848434e-10
0.1268814006769336,1.1075379502401006e-09
0.14254482635890514,2.6974120714839955e-09
0.16014189166643014,6.433201860112092e-09
0.17991130314285533,1.5024803401431086e-08
0.2021212354977168,3.4363975109918954e-08
0.2270729694325259,7.697026183084432e-08
0.2551049785537617,1.6884193054789165e-07
0.28659752081259104,3.6273471737402474e-07
0.3219777967548112,7.632451692884956e-07
0.36172574455336326,1.5729714495371638e-06
0.4063805504338082,3.175238194152996e-06
0.45654796280755766,6.278394347747351e-06
0.5129085093300529,1.2160660781357358e-05
0.5762267283493882,2.3074009326551348e-05
0.6473615399712076,4.2891271449074786e-05
0.7272778974247632,7.811226452214548e-05
0.8170598767824696,0.0001393800065810913
0.9179253825967483,0.00024369206325813852
1.0312426689380967,0.00041751597325556666
1.1585488999444697,0.000701018486076288
1.3015710016583038,0.0011535790628676157
1.4622490880091454,0.0018606597107616585
1.6427627787184707,0.0029419283929278395
1.8455607661325835,0.004560272063467763
2.0733940320616497,0.0069309925545218976
2.329353165215711,0.010330080783508722
2.6169102854537,0.015100065842061139
2.9399661435534976,0.021651616582429534
3.3029030354176987,0.030458935437752466
3.710644248503383,0.042047132216815
4.168720846874621,0.05697028358016698
4.683346700825936,0.0757798063376871
5.261502778863538,0.09898405802683685
5.911031845476362,0.12700159309253278
6.64074484928479,0.16011202557064896
7.4605404447366075,0.19840969632969319
8.381539268677866,0.24176602031096683
9.416234793278331,0.2898062563794197
10.578662801651687,0.341905378421664
11.884591785129816,0.3972057782850439
13.351736844955687,0.45465692948547076
15.0,0.5130742721778248
