PGA [g],Complete_damage
0.05000000000000001,2.44877349508954e-08
0.056172467201025755,7.319132766525627e-08
0.06310692142900626,2.1060425969832153e-07
0.07089742948257126,5.834519727354603e-07
0.07964967064493539,1.556362340005002e-06
0.08948237023750269,3.9978348772562455e-06
0.10052891014472326,9.889915863703358e-06
0.11293913815718663,2.3564798374065e-05
0.1268814006769336,5.408705961085225e-05
0.14254482635890514,0.00011960318082226973
0.16014189166643014,0.0002548472347528863
0.17991130314285533,0.0005233364613473901
0.2021212354977168,0.0010359314692867105
0.2270729694325259,0.0019770857930714314
0.2551049785537617,0.0036389150497625478
0.28659752081259104,0.006460877100059936
0.3219777967548112,0.011069331134771265
0.36172574455336326,0.0183070011468065
0.4063805504338082,0.029238553031350922
0.45654796280755766,0.045116870274411025
0.5129085093300529,0.06729713992536546
0.5762267283493882,0.09709389240244382
0.6473615399712076,0.1355894729273559
0.7272778974247632,0.18341862671371567
0.8170598767824696,0.24056839212664993
0.9179253825967483,0.30623977725527585
1.0312426689380967,0.37881324922859017
1.1585488999444697,0.4559425947482342
1.3015710016583038,0.5347743917309229
1.4622490880091454,0.6122603924491354
1.6427627787184707,0.6855065929945866
1.8455607661325835,0.7520932145920496
2.0733940320616497,0.8103074050430017
2.329353165215711,0.8592526738094532
2.6169102854537,0.8988287295302715
2.9399661435534976,0.9296034551727532
3.3029030354176987,0.952617645816302
3.710644248503383,0.9691691319860254
4.168720846874621,0.9806168253017792
4.683346700825936,0.9882312763496454
5.261502778863538,0.9931020589566226
5.911031845476362,0.9960984489158611
6.64074484928479,0.9978711571212441
7.4605404447366075,0.998879748845486
8.381539268677866,0.9994316135891516
9.416234793278331,0.9997220084160382
10.578662801651687,0.9998689632724379
11.884591785129816,0.999940481659015
13.351736844955687,0.9999739543032969
15.0,0.999989020399159
