SA(0.3s) [g],Loss_ratio
0.05000000000000001,2.5805059573507354e-15
0.056172467201025755,1.6301598413500966e-14
0.06310692142900626,9.809599708827723e-14
0.07089742948257126,5.57827632452876e-13
0.07964967064493539,3.001555046976346e-12
0.08948237023750269,1.527822267990621e-11
0.10052891014472326,7.356519693193302e-11
0.11293913815718663,3.3506351919462226e-10
0.1268814006769336,1.4436073232196188e-09
0.14254482635890514,5.88400903675079e-09
0.16014189166643014,2.2691359528632647e-08
0.17991130314285533,8.281279023664614e-08
0.2021212354977168,2.860865144240402e-07
0.2270729694325259,9.358376925297758e-07
0.2551049785537617,2.8998383445536694e-06
0.28659752081259104,8.51551678477302e-06
0.3219777967548112,2.37100945092441e-05
0.36172574455336326,6.263103561828257e-05
0.4063805504338082,0.0001570572241090817
0.45654796280755766,0.0003741509186209399
0.5129085093300529,0.000847416999307624
0.5762267283493882,0.0018263475525729799
0.6473615399712076,0.0037489778987438755
0.7272778974247632,0.007337036456523099
0.8170598767824696,0.013704310642915026
0.9179253825967483,0.024454814127344487
1.0312426689380967,0.04172913286782168
1.1585488999444697,0.06813795280983545
1.3015710016583038,0.10650918539923875
1.4622490880091454,0.15938683765552925
1.6427627787184707,0.22828297812357676
1.8455607661325835,0.3128173031900527
2.0733940320616497,0.4100504762575419
2.329353165215711,0.5144155737145696
2.6169102854537,0.6185299815032189
2.9399661435534976,0.714787281090896
3.3029030354176987,0.7971700721166133
3.710644248503383,0.862523088932625
4.168720846874621,0.9107813304514997
4.683346700825936,0.9442079879627905
5.261502778863538,0.9661640153549096
5.911031845476362,0.9800119993248617
6.64074484928479,0.9884917075630245
7.4605404447366075,0.9935631642212862
8.381539268677866,0.996523027298539
9.416234793278331,0.9981980820835683
10.578662801651687,0.9991093226648977
11.884591785129816,0.999581991276793
13.351736844955687,0.9998143299876593
15.0,0.99992211346368
