SA(0.3s) [g],Loss_ratio
0.05000000000000001,2.5805059573507354e-15
0.056172467201025755,1.630159841350097e-14
0.06310692142900626,9.809599708827725e-14
0.07089742948257126,5.578276324528761e-13
0.07964967064493539,3.001555046976346e-12
0.08948237023750269,1.5278222679906212e-11
0.10052891014472326,7.356519693193302e-11
0.11293913815718663,3.3506351919462226e-10
0.1268814006769336,1.4436073232196188e-09
0.14254482635890514,5.884009036750791e-09
0.16014189166643014,2.2691359528632653e-08
0.17991130314285533,8.281279023664614e-08
0.2021212354977168,2.860865144240402e-07
0.2270729694325259,9.358376925297761e-07
0.2551049785537617,2.89983834455367e-06
0.28659752081259104,8.515516784773023e-06
0.3219777967548112,2.37100945092441e-05
0.36172574455336326,6.263103561828257e-05
0.4063805504338082,0.00015705722410908174
0.45654796280755766,0.00037415091862093996
0.5129085093300529,0.000847416999307624
0.5762267283493882,0.0018263475525729799
0.6473615399712076,0.003748977898743876
0.7272778974247632,0.007337036456523099
0.8170598767824696,0.013704310642915026
0.9179253825967483,0.02445481412734449
1.0312426689380967,0.04172913286782168
1.1585488999444697,0.06813795280983545
1.3015710016583038,0.10650918539923876
1.4622490880091454,0.15938683765552925
1.6427627787184707,0.22828297812357676
1.8455607661325835,0.31281730319005274
2.0733940320616497,0.4100504762575419
2.329353165215711,0.5144155737145696
2.6169102854537,0.6185299815032189
2.9399661435534976,0.7147872810908961
3.3029030354176987,0.7971700721166134
3.710644248503383,0.862523088932625
4.168720846874621,0.9107813304514998
4.683346700825936,0.9442079879627906
5.261502778863538,0.9661640153549096
5.911031845476362,0.9800119993248618
6.64074484928479,0.9884917075630246
7.4605404447366075,0.9935631642212863
8.381539268677866,0.9965230272985391
9.416234793278331,0.9981980820835684
10.578662801651687,0.9991093226648978
11.884591785129816,0.9995819912767931
13.351736844955687,0.9998143299876594
15.0,0.99992211346368
