SA(1.0s) [g],Complete_damage
0.05000000000000001,6.661338147750939e-16
0.056172467201025755,4.773959005888173e-15
0.06310692142900626,3.164135620181696e-14
0.07089742948257126,1.9606538614880265e-13
0.07964967064493539,1.1474154959500993e-12
0.08948237023750269,6.3369309799554685e-12
0.10052891014472326,3.302980111641318e-11
0.11293913815718663,1.6248835610355172e-10
0.1268814006769336,7.545126745611697e-10
0.14254482635890514,3.307348284131706e-09
0.16014189166643014,1.3686963895587212e-08
0.17991130314285533,5.348079334943634e-08
0.2021212354977168,1.9733650491460253e-07
0.2270729694325259,6.876978606573658e-07
0.2551049785537617,2.2637984391504773e-06
0.28659752081259104,7.040531405100303e-06
0.3219777967548112,2.0691331016786663e-05
0.36172574455336326,5.7475930197670166e-05
0.4063805504338082,0.00015094231743184583
0.45654796280755766,0.00037487991934392895
0.5129085093300529,0.0008807993284177806
0.5762267283493882,0.001958551694349775
0.6473615399712076,0.004123464914976949
0.7272778974247632,0.008224055056304524
0.8170598767824696,0.015547864852435644
0.9179253825967483,0.02788212186278305
1.0312426689380967,0.047469420866297796
1.1585488999444697,0.07680009690692491
1.3015710016583038,0.11821492381778997
1.4622490880091454,0.173356114490956
1.6427627787184707,0.24258433237312982
1.8455607661325835,0.32453963452138446
2.0733940320616497,0.4160263374929143
2.329353165215711,0.5123262729900724
2.6169102854537,0.6079093820207668
2.9399661435534976,0.6973682586989661
3.3029030354176987,0.7763183815921706
3.710644248503383,0.8420189564415479
4.168720846874621,0.8935741452215792
4.683346700825936,0.9317213101352605
5.261502778863538,0.9583370536752486
5.911031845476362,0.9758476576253471
6.64074484928479,0.9867106512922652
7.4605404447366075,0.9930651816269132
8.381539268677866,0.9965702986994763
9.416234793278331,0.9983933811434216
10.578662801651687,0.9992874980960454
11.884591785129816,0.9997009891141805
13.351736844955687,0.9998812996128625
15.0,0.9999554406313019
