SA(1.0s) [g],Loss_ratio
0.05000000000000001,1.5881091306171653e-06
0.056172467201025755,3.6514553785217264e-06
0.06310692142900626,8.168393385684781e-06
0.07089742948257126,1.779271073389807e-05
0.07964967064493539,3.776252816786828e-05
0.08948237023750269,7.812381488459198e-05
0.10052891014472326,0.00015757955228473135
0.11293913815718663,0.0003098843665791376
0.1268814006769336,0.0005939888982974603
0.14254482635890514,0.001109310159856886
0.16014189166643014,0.0020173617361424413
0.17991130314285533,0.00357024361614506
0.2021212354977168,0.0061448787263749475
0.2270729694325259,0.010279235720573598
0.2551049785537617,0.016703272918754664
0.28659752081259104,0.026353687065793045
0.3219777967548112,0.040359067948037675
0.36172574455336326,0.05998246460103733
0.4063805504338082,0.08651322403835712
0.45654796280755766,0.12110983538073689
0.5129085093300529,0.16460914880593175
0.5762267283493882,0.21733135145393845
0.6473615399712076,0.27891959776029845
0.7272778974247632,0.3482535910001676
0.8170598767824696,0.4234656292271225
0.9179253825967483,0.502067799318531
1.0312426689380967,0.5811761430901878
1.1585488999444697,0.657798901323374
1.3015710016583038,0.7291459324966447
1.4622490880091454,0.792914983824569
1.6427627787184707,0.8475144240381596
1.8455607661325835,0.8921890916723243
2.0733940320616497,0.9270275027712864
2.329353165215711,0.9528478200447242
2.6169102854537,0.9709858511872528
2.9399661435534976,0.9830329523884508
3.3029030354176987,0.9905834389616626
3.710644248503383,0.9950428428935665
4.168720846874621,0.9975234106252042
4.683346700825936,0.9988236003373163
5.261502778863538,0.999466895278784
5.911031845476362,0.9997683426078278
6.64074484928479,0.9999028228629324
7.4605404447366075,0.9999603446653885
8.381539268677866,0.9999841400942833
9.416234793278331,0.9999937479022031
10.578662801651687,0.9999975644747175
11.884591785129816,0.999999063275584
13.351736844955687,0.9999996455723772
15.0,0.9999998687107586
