SA(1.0s) [g],Loss_ratio
0.05000000000000001,2.699678161479094e-07
0.056172467201025755,7.42342936665589e-07
0.06310692142900626,1.965261575397346e-06
0.07089742948257126,5.009581191354824e-06
0.07964967064493539,1.229685800904419e-05
0.08948237023750269,2.90703250818276e-05
0.10052891014472326,6.619504591532562e-05
0.11293913815718663,0.00014520587183901017
0.1268814006769336,0.00030689967979637925
0.14254482635890514,0.0006250878380372526
0.16014189166643014,0.0012271746842454374
0.17991130314285533,0.002322693394122837
0.2021212354977168,0.00423945296142422
0.2270729694325259,0.007464271887090723
0.2551049785537617,0.01268146876971692
0.28659752081259104,0.020797997288130355
0.3219777967548112,0.03294070985402784
0.36172574455336326,0.05041061682653877
0.4063805504338082,0.0745830673260919
0.45654796280755766,0.10675246381095027
0.5129085093300529,0.14793446895495072
0.5762267283493882,0.19865429668349216
0.6473615399712076,0.2587613821115439
0.7272778974247632,0.3273132622080218
0.8170598767824696,0.40256217764903335
0.9179253825967483,0.4820585289757131
1.0312426689380967,0.5628619627313936
1.1585488999444697,0.6418309284691249
1.3015710016583038,0.715949627421317
1.4622490880091454,0.7826469806994221
1.6427627787184707,0.8400622791010001
1.8455607661325835,0.8872152029432583
2.0733940320616497,0.924047352552146
2.329353165215711,0.9513233389384422
2.6169102854537,0.970411268882061
2.9399661435534976,0.9829948508416642
3.3029030354176987,0.9907869421891553
3.710644248503383,0.9953072279972655
4.168720846874621,0.9977581451116752
4.683346700825936,0.9989976867610253
5.261502778863538,0.9995814065295774
5.911031845476362,0.9998369763920797
6.64074484928479,0.9999408785951287
7.4605404447366075,0.999980060091376
8.381539268677866,0.9999937525226517
9.416234793278331,0.999998183355197
10.578662801651687,0.9999995101610533
11.884591785129816,0.9999998776131276
13.351736844955687,0.9999999716838266
15.0,0.999999993936734
