SA(0.6s) [g],Complete_damage
0.05000000000000001,4.6948948062564e-09
0.056172467201025755,9.580195747815878e-09
0.06310692142900626,1.9267897721775284e-08
0.07089742948257126,3.8195512419569866e-08
0.07964967064493539,7.46303361331968e-08
0.08948237023750269,1.4373114598509318e-07
0.10052891014472326,2.7285167281121403e-07
0.11293913815718663,5.105647835623728e-07
0.1268814006769336,9.417428715741138e-07
0.14254482635890514,1.712301943124217e-06
0.16014189166643014,3.0690553086687444e-06
0.17991130314285533,5.422703777013815e-06
0.2021212354977168,9.445499853266703e-06
0.2270729694325259,1.6219733488753718e-05
0.2551049785537617,2.745900244383037e-05
0.28659752081259104,4.583122522694438e-05
0.3219777967548112,7.542028014428936e-05
0.36172574455336326,0.000122371430997692
0.4063805504338082,0.00019577330584508168
0.45654796280755766,0.0003088345686158567
0.5129085093300529,0.00048041441854207445
0.5762267283493882,0.0007369599848540132
0.6473615399712076,0.0011148875121396173
0.7272778974247632,0.0016634149114393981
0.8170598767824696,0.0024478082867872564
0.9179253825967483,0.0035529432130509964
1.0312426689380967,0.005087003727164197
1.1585488999444697,0.007185052029517913
1.3015710016583038,0.010012107180847996
1.4622490880091454,0.013765282834215298
1.6427627787184707,0.018674466881154594
1.8455607661325835,0.025000996646005524
2.0733940320616497,0.033033808918538465
2.329353165215711,0.043082639005906476
2.6169102854537,0.05546801554025427
2.9399661435534976,0.0705080473323556
3.3029030354176987,0.08850231287376586
3.710644248503383,0.10971351726503986
4.168720846874621,0.13434793873890583
4.683346700825936,0.16253600235657595
5.261502778863538,0.19431454354026456
5.911031845476362,0.22961241442943114
6.64074484928479,0.2682410087592867
7.4605404447366075,0.3098910217598094
8.381539268677866,0.3541363295754345
9.416234793278331,0.4004453019765961
10.578662801651687,0.44819920922356427
11.884591785129816,0.4967167214106205
13.351736844955687,0.5452829053628984
15.0,0.5931806740311127
