SA(0.6s) [g],Complete_damage
0.05000000000000001,3.156216987765248e-08
0.056172467201025755,6.193756141303908e-08
0.06310692142900626,1.1980263736610652e-07
0.07089742948257126,2.2840803481916083e-07
0.07964967064493539,4.2923708698516805e-07
0.08948237023750269,7.951198262023951e-07
0.10052891014472326,1.4518660234053016e-06
0.11293913815718663,2.6132972004155874e-06
0.1268814006769336,4.636920484246687e-06
0.14254482635890514,8.110731092192403e-06
0.16014189166643014,1.3985934321336657e-05
0.17991130314285533,2.3775872391662567e-05
0.2021212354977168,3.9848145179877115e-05
0.2270729694325259,6.58446493421172e-05
0.2551049785537617,0.00010727254922071605
0.28659752081259104,0.0001723171424089509
0.3219777967548112,0.0002729337817665156
0.36172574455336326,0.00042627847127696405
0.4063805504338082,0.0006565329070499226
0.45654796280755766,0.0009971666034610527
0.5129085093300529,0.0014936532253703172
0.5762267283493882,0.0022066176170986163
0.6473615399712076,0.0032153326183228526
0.7272778974247632,0.004621410813368754
0.8170598767824696,0.006552448837425007
0.9179253825967483,0.009165287174924264
1.0312426689380967,0.01264845676046833
1.1585488999444697,0.017223308965777173
1.3015710016583038,0.02314328419418621
1.4622490880091454,0.030690783572157154
1.6427627787184707,0.04017118354938909
1.8455607661325835,0.051903684989109244
2.0733940320616497,0.06620891862767453
2.329353165215711,0.08339352861967397
2.6169102854537,0.10373230367720399
2.9399661435534976,0.12744878720713793
3.3029030354176987,0.15469563031344669
3.710644248503383,0.18553620622261469
4.168720846874621,0.21992913518992907
4.683346700825936,0.2577173384237018
5.261502778863538,0.2986230281197846
5.911031845476362,0.3422496509306048
6.64074484928479,0.3880912617341463
7.4605404447366075,0.4355491647011258
8.381539268677866,0.4839549888296132
9.416234793278331,0.5325987439455985
10.578662801651687,0.5807599072855795
11.884591785129816,0.6277392833405899
13.351736844955687,0.6728893005531583
15.0,0.7156405680687308
