PGA [g],Loss_ratio
0.05000000000000001,3.6136249820605754e-08
0.056172467201025755,7.998330454363898e-08
0.06310692142900626,1.7347395902469593e-07
0.07089742948257126,3.6868981916938725e-07
0.07964967064493539,7.678812522078989e-07
0.08948237023750269,1.5672858697442113e-06
0.10052891014472326,3.1350169192389308e-06
0.11293913815718663,6.14591542011763e-06
0.1268814006769336,1.1808837086726656e-05
0.14254482635890514,2.2239338426259488e-05
0.16014189166643014,4.105373985665515e-05
0.17991130314285533,7.428882194547417e-05
0.2021212354977168,0.00013178314144981528
0.2270729694325259,0.00022918693882562682
0.2551049785537617,0.00039079047089881806
0.28659752081259104,0.0006533643165129793
0.3219777967548112,0.0010711753629149964
0.36172574455336326,0.0017222624625521385
0.4063805504338082,0.00271591095587181
0.45654796280755766,0.004201046036445551
0.5129085093300529,0.006374973775456284
0.5762267283493882,0.00949155596982975
0.6473615399712076,0.013867553649561071
0.7272778974247632,0.01988557959921075
0.8170598767824696,0.027991944843123753
0.9179253825967483,0.03868775303999575
1.0312426689380967,0.052511958146331125
1.1585488999444697,0.07001578168818987
1.3015710016583038,0.09172885265665336
1.4622490880091454,0.11811858199145979
1.6427627787184707,0.14954545203497568
1.8455607661325835,0.186217898109956
2.0733940320616497,0.2281511109487461
2.329353165215711,0.2751342846874288
2.6169102854537,0.32671055362323215
2.9399661435534976,0.3821731578273822
3.3029030354176987,0.4405803399456184
3.710644248503383,0.5007901602061625
4.168720846874621,0.5615148153559916
4.683346700825936,0.6213921123838146
5.261502778863538,0.6790694889388544
5.911031845476362,0.7332935821458789
6.64074484928479,0.7829962792718266
7.4605404447366075,0.8273670987186171
8.381539268677866,0.8659023087958597
9.416234793278331,0.8984237516093859
10.578662801651687,0.9250646939024181
11.884591785129816,0.9462253396267046
13.351736844955687,0.9625056446242292
15.0,0.9746264885549275
