SA(0.6s) [g],Complete_damage
0.05000000000000001,9.022314746975901e-06
0.056172467201025755,1.6058996647028145e-05
0.06310692142900626,2.812630435111707e-05
0.07089742948257126,4.847490442216884e-05
0.07964967064493539,8.221453908918708e-05
0.08948237023750269,0.00013722279986683183
0.10052891014472326,0.0002254082952776182
0.11293913815718663,0.0003644189597620251
0.1268814006769336,0.0005798859783919807
0.14254482635890514,0.0009082799801761743
0.16014189166643014,0.0014004230423338981
0.17991130314285533,0.002125642191284416
0.2021212354977168,0.0031764635940324526
0.2270729694325259,0.004673630829377773
0.2551049785537617,0.006771089840079569
0.28659752081259104,0.00966042831079017
0.3219777967548112,0.013574106687883392
0.36172574455336326,0.018786697398964658
0.4063805504338082,0.025613288714637084
0.45654796280755766,0.03440424199403125
0.5129085093300529,0.04553564314940017
0.5762267283493882,0.059395077154154485
0.6473615399712076,0.0763627763943795
0.7272778974247632,0.09678872457835563
0.8170598767824696,0.12096688768715413
0.9179253825967483,0.14910831961773163
1.0312426689380967,0.1813153657533797
1.1585488999444697,0.2175594737258456
1.3015710016583038,0.2576651417339152
1.4622490880091454,0.30130224505325753
1.6427627787184707,0.34798837724585074
1.8455607661325835,0.39710196947309206
2.0733940320616497,0.4479059018047965
2.329353165215711,0.4995802232369838
2.6169102854537,0.551261598364124
2.9399661435534976,0.6020863381890702
3.3029030354176987,0.6512334603101582
3.710644248503383,0.6979642203269251
4.168720846874621,0.7416549622561109
4.683346700825936,0.7818208913358513
5.261502778863538,0.8181293685671314
5.911031845476362,0.8504024231068965
6.64074484928479,0.8786092300128497
7.4605404447366075,0.9028501776568929
8.381539268677866,0.9233347581048139
9.416234793278331,0.9403558086821758
10.578662801651687,0.954262616615278
11.884591785129816,0.9654351163568733
13.351736844955687,0.9742609359995906
15.0,0.9811164739236117
