SA(0.6s) [g],Loss_ratio
0.05000000000000001,2.5012528952880267e-10
0.056172467201025755,9.623639801395693e-10
0.06310692142900626,3.5379503363327047e-09
0.07089742948257126,1.2428647687537116e-08
0.07964967064493539,4.172428166668368e-08
0.08948237023750269,1.3387024654832412e-07
0.10052891014472326,4.1053633265377074e-07
0.11293913815718663,1.2034803272060216e-06
0.1268814006769336,3.372872277152055e-06
0.14254482635890514,9.038470638603485e-06
0.16014189166643014,2.3162898683035845e-05
0.17991130314285533,5.6776931352683106e-05
0.2021212354977168,0.00013314385881600394
0.2270729694325259,0.000298773928668478
0.2551049785537617,0.0006417325051428934
0.28659752081259104,0.0013197473288895053
0.3219777967548112,0.0025996218619214174
0.36172574455336326,0.004906761804120865
0.4063805504338082,0.008878874873785974
0.45654796280755766,0.015411555650158032
0.5129085093300529,0.0256771692475527
0.5762267283493882,0.04109501459141053
0.6473615399712076,0.06323334252425171
0.7272778974247632,0.09363443197894912
0.8170598767824696,0.13357195255743776
0.9179253825967483,0.18377156931783156
1.0312426689380967,0.24414559928193647
1.1585488999444697,0.3136049798795658
1.3015710016583038,0.3900122893113442
1.4622490880091454,0.4703237851657047
1.6427627787184707,0.5509325243410075
1.8455607661325835,0.6281694770027881
2.0733940320616497,0.6988582604495512
2.329353165215711,0.7607791291858496
2.6169102854537,0.8129087543704485
2.9399661435534976,0.8553729226771034
3.3029030354176987,0.8891527164907298
3.710644248503383,0.9156695318896594
4.168720846874621,0.9363975426455333
4.683346700825936,0.9526086514213169
5.261502778863538,0.9652776381093642
5.911031845476362,0.9751091027327226
6.64074484928479,0.9826201692428301
7.4605404447366075,0.9882225805409466
8.381539268677866,0.9922755005066286
9.416234793278331,0.995106129091868
10.578662801651687,0.9970091823405529
11.884591785129816,0.9982386485201077
13.351736844955687,0.9990011612375806
15.0,0.9994548906625866
