SA(0.3s) [g],Complete_damage
0.05000000000000001,2.6488048909811823e-07
0.056172467201025755,8.846636680992503e-07
0.06310692142900626,2.79870494224177e-06
0.07089742948257126,8.388043313933835e-06
0.07964967064493539,2.3821660510736642e-05
0.08948237023750269,6.411876728384946e-05
0.10052891014472326,0.00016360876038190586
0.11293913815718663,0.0003958743493521766
0.1268814006769336,0.0009086067881851623
0.14254482635890514,0.001978887384316619
0.16014189166643014,0.004091432032780062
0.17991130314285533,0.00803433372825757
0.2021212354977168,0.014993035091954376
0.2270729694325259,0.02660599697716759
0.2551049785537617,0.04493170136045277
0.28659752081259104,0.07227692721710055
0.3219777967548112,0.1108607957321398
0.36172574455336326,0.1623402172566114
0.4063805504338082,0.22728815505776256
0.45654796280755766,0.3047701941590406
0.5129085093300529,0.3921761039169873
0.5762267283493882,0.4854123353419447
0.6473615399712076,0.579456710234255
0.7272778974247632,0.6691552022115537
0.8170598767824696,0.7500539191452684
0.9179253825967483,0.8190464749956627
1.0312426689380967,0.8746838767065859
1.1585488999444697,0.9171101919696734
1.3015710016583038,0.9477021648092505
1.4622490880091454,0.968560668111464
1.6427627787184707,0.9820088026178811
1.8455607661325835,0.9902074821780802
2.0733940320616497,0.9949338600048444
2.329353165215711,0.9975102717460888
2.6169102854537,0.9988382899698641
2.9399661435534976,0.9994855731477867
3.3029030354176987,0.9997838954238808
3.710644248503383,0.9999139056910955
4.168720846874621,0.9999674816208587
4.683346700825936,0.9999883582966115
5.261502778863538,0.9999960505215417
5.911031845476362,0.9999987305599078
6.64074484928479,0.999999613493081
7.4605404447366075,0.9999998885431747
8.381539268677866,0.9999999695631724
9.416234793278331,0.9999999921298917
10.578662801651687,0.9999999980733562
11.884591785129816,0.9999999995535044
13.351736844955687,0.9999999999020538
15.0,0.9999999999796635
