SA(0.3s) [g],Complete_damage
0.05000000000000001,2.7613597822773173e-06
0.056172467201025755,8.137600159496827e-06
0.06310692142900626,2.2763221221300256e-05
0.07089742948257126,6.045387163367e-05
0.07964967064493539,0.00015246431767002022
0.08948237023750269,0.00036524162889539635
0.10052891014472326,0.0008313625917363288
0.11293913815718663,0.0017986544343220334
0.1268814006769336,0.0037001809895406135
0.14254482635890514,0.007241243737616365
0.16014189166643014,0.01348795682645676
0.17991130314285533,0.02392689983849894
0.2021212354977168,0.04045217947684976
0.2270729694325259,0.06523374244339453
0.2551049785537617,0.10043809719344154
0.28659752081259104,0.14781341150151217
0.3219777967548112,0.20820771985963682
0.36172574455336326,0.28114142090127725
0.4063805504338082,0.36457654862733013
0.45654796280755766,0.4549952235008603
0.5129085093300529,0.5478182891725025
0.5762267283493882,0.6380880433606019
0.6473615399712076,0.7212485598410872
0.7272778974247632,0.7938224853009621
0.8170598767824696,0.8538198935118813
0.9179253825967483,0.9008063500923114
1.0312426689380967,0.9356642394017003
1.1585488999444697,0.960161498375665
1.3015710016583038,0.9764702873077884
1.4622490880091454,0.9867555054973138
1.6427627787184707,0.9929000914117675
1.8455607661325835,0.9963775242750477
2.0733940320616497,0.9982418061869248
2.329353165215711,0.9991885898702458
2.6169102854537,0.9996440767910614
2.9399661435534976,0.9998516573209251
3.3029030354176987,0.999941272679238
3.710644248503383,0.9999779217474241
4.168720846874621,0.9999921197614992
4.683346700825936,0.999997330219839
5.261502778863538,0.9999991415906908
5.911031845476362,0.9999997381057069
6.64074484928479,0.9999999241932743
7.4605404447366075,0.9999999791846648
8.381539268677866,0.9999999945787106
9.416234793278331,0.9999999986608791
10.578662801651687,0.9999999996863149
11.884591785129816,0.9999999999303233
13.351736844955687,0.9999999999853254
15.0,0.9999999999970698
