SA(0.3s) [g],Complete_damage
0.05000000000000001,1.2251869111468139e-06
0.056172467201025755,3.09532818643099e-06
0.06310692142900626,7.546527841739703e-06
0.07089742948257126,1.7756943622826427e-05
0.07964967064493539,4.032912951901224e-05
0.08948237023750269,8.842057002211856e-05
0.10052891014472326,0.0001871680594839331
0.11293913815718663,0.0003825788657376705
0.1268814006769336,0.0007552583171498428
0.14254482635890514,0.0014402523535990142
0.16014189166643014,0.002653648787536378
0.17991130314285533,0.004725141076689088
0.2021212354977168,0.008133369601788898
0.2270729694325259,0.013537663534206712
0.2551049785537617,0.021796410658088905
0.28659752081259104,0.03395979428520035
0.3219777967548112,0.05122452224036167
0.36172574455336326,0.07484182176133325
0.4063805504338082,0.10597804666331356
0.45654796280755766,0.14553901781848233
0.5129085093300529,0.19398226509083127
0.5762267283493882,0.25115183194620505
0.6473615399712076,0.316174073649756
0.7272778974247632,0.38744696542621593
0.8170598767824696,0.4627395566825594
0.9179253825967483,0.5393954484750428
1.0312426689380967,0.6146104160481216
1.1585488999444697,0.6857364244838223
1.3015710016583038,0.7505577672579978
1.4622490880091454,0.8074919399526732
1.6427627787184707,0.8556859858090138
1.8455607661325835,0.8950028714479403
2.0733940320616497,0.9259150878642032
2.329353165215711,0.9493382999337594
2.6169102854537,0.9664434927561353
2.9399661435534976,0.9784820560183027
3.3029030354176987,0.9866476248064188
3.710644248503383,0.9919854365280938
4.168720846874621,0.9953482672800392
4.683346700825936,0.997390059928811
5.261502778863538,0.9985848264317556
5.911031845476362,0.9992586079908019
6.64074484928479,0.9996248092055979
7.4605404447366075,0.9998166252407307
8.381539268677866,0.9999134562353915
9.416234793278331,0.9999605656935581
10.578662801651687,0.9999826541786452
11.884591785129816,0.9999926354928337
13.351736844955687,0.9999969823298381
15.0,0.9999988067408049
