SA(0.6s) [g],Complete_damage
0.05000000000000001,0.00017944937436531472
0.056172467201025755,0.00026530781346945087
0.06310692142900626,0.0003882844254978757
0.07089742948257126,0.0005625404269398171
0.07964967064493539,0.0008068152181172072
0.08948237023750269,0.0011455776523464634
0.10052891014472326,0.0016103470540613785
0.11293913815718663,0.002241167124433341
0.1268814006769336,0.003088197858470254
0.14254482635890514,0.004213368853710708
0.16014189166643014,0.005692012708227279
0.17991130314285533,0.007614370988936359
0.2021212354977168,0.010086839561485816
0.2270729694325259,0.013232797598723423
0.2551049785537617,0.01719284851733882
0.28659752081259104,0.02212429489534673
0.3219777967548112,0.028199676495428094
0.36172574455336326,0.03560422376863426
0.4063805504338082,0.04453212057717382
0.45654796280755766,0.05518152984280089
0.5129085093300529,0.06774841302929224
0.5762267283493882,0.08241926530986232
0.6473615399712076,0.09936298728250681
0.7272778974247632,0.11872221354538048
0.8170598767824696,0.1406045092417929
0.9179253825967483,0.1650739180694658
1.0312426689380967,0.19214338979139323
1.1585488999444697,0.22176862400821395
1.3015710016583038,0.2538438344349223
1.4622490880091454,0.2881998622455886
1.6427627787184707,0.3246049504075159
1.8455607661325835,0.3627683398308641
2.0733940320616497,0.4023466731159857
2.329353165215711,0.4429530063608844
2.6169102854537,0.4841680494639887
2.9399661435534976,0.5255530965070663
3.3029030354176987,0.5666639846269337
3.710644248503383,0.6070653437826793
4.168720846874621,0.6463443781927545
4.683346700825936,0.684123455014463
5.261502778863538,0.7200708637545357
5.911031845476362,0.7539092426316483
6.64074484928479,0.785421333323195
7.4605404447366075,0.8144529082442575
8.381539268677866,0.8409128987644299
9.416234793278331,0.8647709233117633
10.578662801651687,0.8860525581152681
11.884591785129816,0.9048328007765409
13.351736844955687,0.9212282424316479
15.0,0.9353884867709918
