SA(0.6s) [g],Complete_damage
0.05000000000000001,3.644917923040225e-09
0.056172467201025755,7.964673809368605e-09
0.06310692142900626,1.7107455452247677e-08
0.07089742948257126,3.612006205244711e-08
0.07964967064493539,7.49663174870463e-08
0.08948237023750269,1.5294948252364549e-07
0.10052891014472326,3.0676380136096526e-07
0.11293913815718663,6.048465898134125e-07
0.1268814006769336,1.1724189942219354e-06
0.14254482635890514,2.234236529452538e-06
0.16014189166643014,4.185980186921512e-06
0.17991130314285533,7.710824455720022e-06
0.2021212354977168,1.3965450903818954e-05
0.2270729694325259,2.486998503559157e-05
0.2551049785537617,4.354913731696719e-05
0.28659752081259104,7.49868924485586e-05
0.3219777967548112,0.00012697334929911985
0.36172574455336326,0.00021143766127607044
0.4063805504338082,0.0003462720360607463
0.45654796280755766,0.00055775352478038
0.5129085093300529,0.0008836565991348078
0.5762267283493882,0.0013771131619507715
0.6473615399712076,0.0021112107262084567
0.7272778974247632,0.0031842188904265267
0.8170598767824696,0.004725197700384487
0.9179253825967483,0.006899574028167543
1.0312426689380967,0.009914087067693256
1.1585488999444697,0.01402032432970568
1.3015710016583038,0.01951592712912842
1.4622490880091454,0.026742477959342592
1.6427627787184707,0.03607913103999372
1.8455607661325835,0.04793124509979141
2.0733940320616497,0.06271364228053289
2.329353165215711,0.0808286432016665
2.6169102854537,0.10263967981966227
2.9399661435534976,0.12844199701875647
3.3029030354176987,0.15843262591151963
3.710644248503383,0.1926823359238412
4.168720846874621,0.23111253995238035
4.683346700825936,0.2734800508132409
5.261502778863538,0.31937212410913807
5.911031845476362,0.36821338632674505
6.64074484928479,0.41928511429537385
7.4605404447366075,0.471756036676539
8.381539268677866,0.5247225419706655
9.416234793278331,0.577255083704226
10.578662801651687,0.6284468345190313
11.884591785129816,0.6774603694548227
13.351736844955687,0.7235683966737723
15.0,0.7661852644942007
