SA(0.6s) [g],Complete_damage
0.05000000000000001,9.782996635010477e-11
0.056172467201025755,2.3048962738414502e-10
0.06310692142900626,5.337481567835312e-10
0.07089742948257126,1.214879641331379e-09
0.07964967064493539,2.7179976047619903e-09
0.08948237023750269,5.977110251187412e-09
0.10052891014472326,1.2920152281381547e-08
0.11293913815718663,2.7452788153858876e-08
0.1268814006769336,5.7339846204484957e-08
0.14254482635890514,1.1772999997106126e-07
0.16014189166643014,2.376228571687733e-07
0.17991130314285533,4.7148757464920976e-07
0.2021212354977168,9.196963285384996e-07
0.2270729694325259,1.7636919785735117e-06
0.2551049785537617,3.325200432779951e-06
0.28659752081259104,6.163725547070342e-06
0.3219777967548112,1.1233462467008515e-05
0.36172574455336326,2.0130028326570404e-05
0.4063805504338082,3.546926244824e-05
0.45654796280755766,6.145465416595997e-05
0.5129085093300529,0.00010470595600875487
0.5762267283493882,0.0001754375481810566
0.6473615399712076,0.0002890882254239502
0.7272778974247632,0.00046850992855584916
0.8170598767824696,0.0007468157453802693
0.9179253825967483,0.0011709603655282175
1.0312426689380967,0.0018060719301570272
1.1585488999444697,0.0027404668434446444
1.3015710016583038,0.004091155661828605
1.4622490880091454,0.006009491079918772
1.6427627787184707,0.008686428350302866
1.8455607661325835,0.012356683515329925
2.0733940320616497,0.01730091440942949
2.329353165215711,0.023844950060215697
2.6169102854537,0.032355095886134055
2.9399661435534976,0.04322868167696614
3.3029030354176987,0.05687932161453779
3.710644248503383,0.07371682456519157
4.168720846874621,0.09412230430756896
4.683346700825936,0.11841973711684983
5.261502778863538,0.14684591233552302
5.911031845476362,0.1795213135895728
6.64074484928479,0.21642484225346093
7.4605404447366075,0.25737535341487006
8.381539268677866,0.30202265631270764
9.416234793278331,0.3498499273220481
10.578662801651687,0.40018844765355144
11.884591785129816,0.45224432415152993
13.351736844955687,0.5051355405431415
15.0,0.5579365008082876
