SA(0.6s) [g],Complete_damage
0.05000000000000001,5.489655796608872e-08
0.056172467201025755,1.1282885048480296e-07
0.06310692142900626,2.2796336196506672e-07
0.07089742948257126,4.527831580780628e-07
0.07964967064493539,8.841113144919532e-07
0.08948237023750269,1.6971764024154012e-06
0.10052891014472326,3.203044991684223e-06
0.11293913815718663,5.9433134040887126e-06
0.1268814006769336,1.0842719238457477e-05
0.14254482635890514,1.9449446032493434e-05
0.16014189166643014,3.4304591950196084e-05
0.17991130314285533,5.9496446505158396e-05
0.2021212354977168,0.00010147115434100407
0.2270729694325259,0.00017018742112362428
0.2551049785537617,0.00028071630268589054
0.28659752081259104,0.000455393552732386
0.3219777967548112,0.0007266257725400127
0.36172574455336326,0.0011404258622239594
0.4063805504338082,0.0017607008386469891
0.45654796280755766,0.0026742298155140176
0.5129085093300529,0.003996148643249153
0.5762267283493882,0.005875602423177639
0.6473615399712076,0.00850104739252211
0.7272778974247632,0.012104498253955875
0.8170598767824696,0.016963854171333836
0.9179253825967483,0.023402332553300154
1.0312426689380967,0.031784034369409464
1.1585488999444697,0.042504795233122894
1.3015710016583038,0.055977768671649164
1.4622490880091454,0.07261364738556686
1.6427627787184707,0.09279603247577828
1.8455607661325835,0.11685315536001917
2.0733940320616497,0.14502785813644437
2.329353165215711,0.17744833971009433
2.6169102854537,0.21410256495931956
2.9399661435534976,0.25481931389422163
3.3029030354176987,0.2992585528474946
3.710644248503383,0.34691312801672514
4.168720846874621,0.39712276296689997
4.683346700825936,0.4491000967896347
5.261502778863538,0.5019671869516915
5.911031845476362,0.5547997025631153
6.64074484928479,0.6066751250858002
7.4605404447366075,0.6567207916292697
8.381539268677866,0.7041576350103749
9.416234793278331,0.7483359917467703
10.578662801651687,0.7887607847125904
11.884591785129816,0.8251046002715599
13.351736844955687,0.8572084934750902
15.0,0.8850715880124603
