SA(0.6s) [g],Complete_damage
0.05000000000000001,2.3281376826389533e-13
0.056172467201025755,1.0703660180411134e-12
0.06310692142900626,4.7128967395337895e-12
0.07089742948257126,1.9872992140790302e-11
0.07964967064493539,8.025624609331317e-11
0.08948237023750269,3.1042313164419966e-10
0.10052891014472326,1.1500456142954363e-09
0.11293913815718663,4.081208038186901e-09
0.1268814006769336,1.387409642727988e-08
0.14254482635890514,4.518511043105633e-08
0.16014189166643014,1.409925401985035e-07
0.17991130314285533,4.215470726931514e-07
0.2021212354977168,1.2077809222743596e-06
0.2270729694325259,3.31642280149147e-06
0.2551049785537617,8.728585493278374e-06
0.28659752081259104,2.2022597188309234e-05
0.3219777967548112,5.327322374160115e-05
0.36172574455336326,0.00012357707413779284
0.4063805504338082,0.00027493927754151937
0.45654796280755766,0.000586809526093135
0.5129085093300529,0.0012017723208301856
0.5762267283493882,0.0023622647999191893
0.6473615399712076,0.0044580878022209
0.7272778974247632,0.008080399655598813
0.8170598767824696,0.014071908424880486
0.9179253825967483,0.023556220643925374
1.0312426689380967,0.037924173890226065
1.1585488999444697,0.05875485726753993
1.3015710016583038,0.08765711644352092
1.4622490880091454,0.126034894507141
1.6427627787184707,0.17480432820733682
1.8455607661325835,0.23411536586076154
2.0733940320616497,0.30314623093143633
2.329353165215711,0.38003645753455784
2.6169102854537,0.461999681066267
2.9399661435534976,0.5456152221581536
3.3029030354176987,0.6272499725603572
3.710644248503383,0.7035251483411982
4.168720846874621,0.7717293967169567
4.683346700825936,0.8300953609808952
5.261502778863538,0.8778953593532328
5.911031845476362,0.9153595208013051
6.64074484928479,0.9434606643342007
7.4605404447366075,0.963632792734913
8.381539268677866,0.9774907464494933
9.416234793278331,0.9866017460123703
10.578662801651687,0.9923343554414584
11.884591785129816,0.9957862533982715
13.351736844955687,0.9977754726661054
15.0,0.9988725223886517
