SA(1.0s) [g],Loss_ratio
0.05000000000000001,3.1103791746550503e-07
0.056172467201025755,7.743442425702799e-07
0.06310692142900626,1.8658291999479208e-06
0.07089742948257126,4.357282992134958e-06
0.07964967064493539,9.875423432734789e-06
0.08948237023750269,2.1749548882868784e-05
0.10052891014472326,4.660035693805273e-05
0.11293913815718663,9.722037735072366e-05
0.1268814006769336,0.0001976076315659683
0.14254482635890514,0.00039140383649939505
0.16014189166643014,0.0007553784564276094
0.17991130314285533,0.0014198041551869382
0.2021212354977168,0.0025972646317823944
0.2270729694325259,0.004620188474662631
0.2551049785537617,0.007984799382154302
0.28659752081259104,0.01339508532903868
0.3219777967548112,0.021795322692783923
0.36172574455336326,0.034375061061956105
0.4063805504338082,0.05252854713328137
0.45654796280755766,0.07775382998496215
0.5129085093300529,0.11148674768304506
0.5762267283493882,0.154880818322776
0.6473615399712076,0.20856197560313008
0.7272778974247632,0.27240136046276153
0.8170598767824696,0.34535486758804557
0.9179253825967483,0.425413011174579
1.0312426689380967,0.5096908847479283
1.1585488999444697,0.5946685947039119
1.3015710016583038,0.6765681221803012
1.4622490880091454,0.7518215729398882
1.6427627787184707,0.8175507501012625
1.8455607661325835,0.8719520452253897
2.0733940320616497,0.9144845023119997
2.329353165215711,0.9458055524316649
2.6169102854537,0.9674772911342235
2.9399661435534976,0.9815411910924561
3.3029030354176987,0.9900927603853154
3.710644248503383,0.994965171847235
4.168720846874621,0.9975701514441582
4.683346700825936,0.9988809798318392
5.261502778863538,0.9995049241779181
5.911031845476362,0.9997878836895039
6.64074484928479,0.9999112644870717
7.4605404447366075,0.99996351648853
8.381539268677866,0.9999852080294126
9.416234793278331,0.9999940888873831
10.578662801651687,0.9999976801942346
11.884591785129816,0.9999991105625287
13.351736844955687,0.9999996685808996
15.0,0.9999998805098713
