SA(1.0s) [g],Complete_damage
0.05000000000000001,4.440892098500626e-16
0.056172467201025755,2.1094237467877974e-15
0.06310692142900626,8.770761894538737e-15
0.07089742948257126,3.608224830031759e-14
0.07964967064493539,1.432187701766452e-13
0.08948237023750269,5.501155087017651e-13
0.10052891014472326,2.0442536552423007e-12
0.11293913815718663,7.350009489925924e-12
0.1268814006769336,2.5570767725469068e-11
0.14254482635890514,8.608280754884845e-11
0.16014189166643014,2.804253496080378e-10
0.17991130314285533,8.840225218520459e-10
0.2021212354977168,2.69694744314819e-09
0.2270729694325259,7.96276333758783e-09
0.2551049785537617,2.2754016559822787e-08
0.28659752081259104,6.293289722680839e-08
0.3219777967548112,1.6847953066001509e-07
0.36172574455336326,4.3660912318888023e-07
0.4063805504338082,1.0953263820390191e-06
0.45654796280755766,2.6603013071335724e-06
0.5129085093300529,6.255888982065194e-06
0.5762267283493882,1.4244782805539202e-05
0.6473615399712076,3.14103352827555e-05
0.7272778974247632,6.707871596034476e-05
0.8170598767824696,0.00013875303358712454
0.9179253825967483,0.0002780361256394803
1.0312426689380967,0.000539786902008399
1.1585488999444697,0.0010154860656291786
1.3015710016583038,0.0018515350180763335
1.4622490880091454,0.003272508625085546
1.6427627787184707,0.005608091983652974
1.8455607661325835,0.009320535510145334
2.0733940320616497,0.015027163012889977
2.329353165215711,0.023510260108124292
2.6169102854537,0.035705339942431524
2.9399661435534976,0.05265926284990741
3.3029030354176987,0.07545276988749294
3.710644248503383,0.10508794721242465
4.168720846874621,0.14234936504637385
4.683346700825936,0.18765651258746552
5.261502778863538,0.24093226477784846
5.911031845476362,0.3015148786051377
6.64074484928479,0.36813754169698254
7.4605404447366075,0.438989449400515
8.381539268677866,0.5118574232997752
9.416234793278331,0.584330622037781
10.578662801651687,0.6540371988302865
11.884591785129816,0.7188746098652661
13.351736844955687,0.7771967092712593
15.0,0.8279303690430855
