SA(1.0s) [g],Loss_ratio
0.05000000000000001,1.1268651139572997e-18
0.056172467201025755,1.5918193452799027e-17
0.06310692142900626,2.0523502827782106e-16
0.07089742948257126,2.748425971629977e-15
0.07964967064493539,2.828072740859544e-14
0.08948237023750269,2.692885036365461e-13
0.10052891014472326,2.369296184535761e-12
0.11293913815718663,1.9158519386392388e-11
0.1268814006769336,1.4205791852497263e-10
0.14254482635890514,9.646009886501093e-10
0.16014189166643014,5.993736355156949e-09
0.17991130314285533,3.406958720977071e-08
0.2021212354977168,1.771376268884102e-07
0.2270729694325259,8.424714940714998e-07
0.2551049785537617,3.6658787316514454e-06
0.28659752081259104,1.459826032438461e-05
0.3219777967548112,5.322145095890251e-05
0.36172574455336326,0.00017772134897869727
0.4063805504338082,0.000543890427926761
0.45654796280755766,0.0015265410791465688
0.5129085093300529,0.003932806809718706
0.5762267283493882,0.00930989339335491
0.6473615399712076,0.02027596562276418
0.7272778974247632,0.04068880933927492
0.8170598767824696,0.07537430806225595
0.9179253825967483,0.12917686525324049
1.0312426689380967,0.20535411345269156
1.1585488999444697,0.30376805808889945
1.3015710016583038,0.41968761833947904
1.4622490880091454,0.5440060201753014
1.6427627787184707,0.6651499108813712
1.8455607661325835,0.7721161078034532
2.0733940320616497,0.8574013588620107
2.329353165215711,0.9185617046504245
2.6169102854537,0.957844339481679
2.9399661435534976,0.9803459234526656
3.3029030354176987,0.9917937429457495
3.710644248503383,0.9969469307370541
4.168720846874621,0.9989923671915732
4.683346700825936,0.9997061178054483
5.261502778863538,0.9999245056135616
5.911031845476362,0.9999829666708511
6.64074484928479,0.9999966326956377
7.4605404447366075,0.9999994179323187
8.381539268677866,0.9999999121754867
9.416234793278331,0.9999999884504785
10.578662801651687,0.9999999986778912
11.884591785129816,0.9999999998684008
13.351736844955687,0.9999999999886207
15.0,0.9999999999991459
