SA(1.0s) [g],Loss_ratio
0.05000000000000001,2.571796960372525e-18
0.056172467201025755,3.3987690120122576e-17
0.06310692142900626,4.116457747832971e-16
0.07089742948257126,4.835647158479189e-15
0.07964967064493539,4.834448870704295e-14
0.08948237023750269,4.450940233422867e-13
0.10052891014472326,3.773147216222966e-12
0.11293913815718663,2.938568609342141e-11
0.1268814006769336,2.1005797371681133e-10
0.14254482635890514,1.377359159859911e-09
0.16014189166643014,8.281330946785118e-09
0.17991130314285533,4.564653202272118e-08
0.2021212354977168,2.306377355962232e-07
0.2270729694325259,1.0682387271549685e-06
0.2551049785537617,4.535842017444457e-06
0.28659752081259104,1.7659183956941878e-05
0.3219777967548112,6.30543675883753e-05
0.36172574455336326,0.00020655792536995916
0.4063805504338082,0.0006210822156192225
0.45654796280755766,0.0017151106907317523
0.5129085093300529,0.004353059607088207
0.5762267283493882,0.010163951606047078
0.6473615399712076,0.021857578667853227
0.7272778974247632,0.043354997073716296
0.8170598767824696,0.07945905888552603
0.9179253825967483,0.1348507986174202
1.0312426689380967,0.21247445363501338
1.1585488999444697,0.3117983363383799
1.3015710016583038,0.42776314991131464
1.4622490880091454,0.5511605787293169
1.6427627787184707,0.6706234426234066
1.8455607661325835,0.7755960908686952
2.0733940320616497,0.859072545582484
2.329353165215711,0.918949261624069
2.6169102854537,0.9575560416633283
2.9399661435534976,0.979858944725599
3.3029030354176987,0.9913708056881811
3.710644248503383,0.9966694491676653
4.168720846874621,0.9988425031246537
4.683346700825936,0.9996371660769676
5.261502778863538,0.9998969888919074
5.911031845476362,0.9999733322132319
6.64074484928479,0.9999936480744509
7.4605404447366075,0.9999985942956935
8.381539268677866,0.9999997085290336
9.416234793278331,0.9999999431118892
10.578662801651687,0.9999999895510229
11.884591785129816,0.9999999982015397
13.351736844955687,0.9999999997117277
15.0,0.9999999999572332
