PGA [g],Complete_damage
0.05000000000000001,1.1556655810096572e-07
0.056172467201025755,3.3712828151344354e-07
0.06310692142900626,9.447700227704914e-07
0.07089742948257126,2.5437085602320053e-06
0.07964967064493539,6.580603790551365e-06
0.08948237023750269,1.6359615103378466e-05
0.10052891014472326,3.908830461030188e-05
0.11293913815718663,8.977407204102672e-05
0.1268814006769336,0.00019822419224824195
0.14254482635890514,0.0004208659476391263
0.16014189166643014,0.000859412745622401
0.17991130314285533,0.0016882288623764063
0.2021212354977168,0.0031911407045374096
0.2270729694325259,0.005805962226287376
0.2551049785537617,0.010170959336223695
0.28659752081259104,0.017162282307414345
0.3219777967548112,0.02790634131563119
0.36172574455336326,0.043748382169187305
0.4063805504338082,0.0661607476850321
0.45654796280755766,0.09658347724959004
0.5129085093300529,0.13620604787871182
0.5762267283493882,0.1857192687690794
0.6473615399712076,0.24508472713944263
0.7272778974247632,0.3133784260469994
0.8170598767824696,0.38875938276086497
0.9179253825967483,0.46859135887433145
1.0312426689380967,0.5497110622787765
1.1585488999444697,0.6287989674703498
1.3015710016583038,0.7027813014649547
1.4622490880091454,0.7691831552912585
1.6427627787184707,0.8263661074191223
1.8455607661325835,0.8736145061110081
2.0733940320616497,0.9110722590207372
2.329353165215711,0.9395647481504479
2.6169102854537,0.9603594661986412
2.9399661435534976,0.9749210822097585
3.3029030354176987,0.9847047098423671
3.710644248503383,0.9910117261790449
4.168720846874621,0.9949127767968123
4.683346700825936,0.9972278923983732
5.261502778863538,0.9985461403718744
5.911031845476362,0.9992663430557978
6.64074484928479,0.9996438677801113
7.4605404447366075,0.9998337432849304
8.381539268677866,0.999925370648687
9.416234793278331,0.9999677948786548
10.578662801651687,0.9999866415684233
11.884591785129816,0.999994674763857
13.351736844955687,0.999997960052352
15.0,0.9999992491636209
