SA(0.6s) [g],Complete_damage
0.05000000000000001,5.440092820663267e-15
0.056172467201025755,1.942890293094024e-14
0.06310692142900626,6.716849298982197e-14
0.07089742948257126,2.2659651932599445e-13
0.07964967064493539,7.4495964952348e-13
0.08948237023750269,2.385980302221924e-12
0.10052891014472326,7.444933558531375e-12
0.11293913815718663,2.2631008178564116e-11
0.1268814006769336,6.70214994613616e-11
0.14254482635890514,1.933744275817162e-10
0.16014189166643014,5.435888406069012e-10
0.17991130314285533,1.48881607042739e-09
0.2021212354977168,3.9730447820574e-09
0.2270729694325259,1.0330749256048932e-08
0.2551049785537617,2.617466487997433e-08
0.28659752081259104,6.462305734977747e-08
0.3219777967548112,1.5547775622515303e-07
0.36172574455336326,3.64537395824982e-07
0.4063805504338082,8.329695002640136e-07
0.45654796280755766,1.8550304845543764e-06
0.5129085093300529,4.026534926482306e-06
0.5762267283493882,8.51914200994397e-06
0.6473615399712076,1.7570005278466638e-05
0.7272778974247632,3.5325609987202355e-05
0.8170598767824696,6.924397216645506e-05
0.9179253825967483,0.00013233800148160224
1.0312426689380967,0.0002466246978490849
1.1585488999444697,0.0004482092090487555
1.3015710016583038,0.0007944456253762278
1.4622490880091454,0.0013735308277770253
1.6427627787184707,0.002316649546057703
1.8455607661325835,0.0038123494579368478
2.0733940320616497,0.006122162393486064
2.329353165215711,0.009595631312393382
2.6169102854537,0.014681958802503892
2.9399661435534976,0.021934655931846847
3.3029030354176987,0.032005111286855126
3.710644248503383,0.045621220982258404
4.168720846874621,0.06354837549368686
4.683346700825936,0.08653229475277724
5.261502778863538,0.11522630411344836
5.911031845476362,0.15010922328644183
6.64074484928479,0.1914034044454418
7.4605404447366075,0.23900476415562055
8.381539268677866,0.2924371209141714
9.416234793278331,0.3508412809332928
10.578662801651687,0.41300510468705587
11.884591785129816,0.4774348106321922
13.351736844955687,0.5424611147733192
15.0,0.6063678286346981
