SA(1.0s) [g],Loss_ratio
0.05000000000000001,0.00011741552967207214
0.056172467201025755,0.00020325369274079181
0.06310692142900626,0.0003384182600903586
0.07089742948257126,0.0005428994014148294
0.07964967064493539,0.0008410958030083246
0.08948237023750269,0.001262415171844261
0.10052891014472326,0.0018434604149863809
0.11293913815718663,0.0026336898812870805
0.1268814006769336,0.0037071199030089524
0.14254482635890514,0.005182953097131056
0.16014189166643014,0.007257542685242818
0.17991130314285533,0.010248347658152928
0.2021212354977168,0.014647062749234007
0.2270729694325259,0.02117381316161144
0.2551049785537617,0.03081780043743144
0.28659752081259104,0.04484379489668898
0.3219777967548112,0.06474129040099856
0.36172574455336326,0.09209741821507139
0.4063805504338082,0.12838837288324603
0.45654796280755766,0.17470672839239798
0.5129085093300529,0.23146879161795236
0.5762267283493882,0.2981680465255039
0.6473615399712076,0.373247318941134
0.7272778974247632,0.45414623634047496
0.8170598767824696,0.5375422484259066
0.9179253825967483,0.619752738788613
1.0312426689380967,0.69721921921692
1.1585488999444697,0.766969197492356
1.3015710016583038,0.8269569050589826
1.4622490880091454,0.8762188719456867
1.6427627787184707,0.9148316119231644
1.8455607661325835,0.9437083988141958
2.0733940320616497,0.9643045853454274
2.329353165215711,0.97830867127669
2.6169102854537,0.9873817292875479
2.9399661435534976,0.9929802957150008
3.3029030354176987,0.9962689040878382
3.710644248503383,0.9981069032677102
4.168720846874621,0.9990838325918889
4.683346700825936,0.999577412508342
5.261502778863538,0.9998143474499444
5.911031845476362,0.9999223644063775
6.64074484928479,0.9999691139289554
7.4605404447366075,0.9999883155454193
8.381539268677866,0.9999957981542952
9.416234793278331,0.999998564035462
10.578662801651687,0.9999995337112855
11.884591785129816,0.9999998561316906
13.351736844955687,0.9999999578178144
15.0,0.9999999882436416
