SA(1.0s) [g],Complete_damage
0.05000000000000001,4.884981308350689e-15
0.056172467201025755,2.1538326677728037e-14
0.06310692142900626,9.114931032172535e-14
0.07089742948257126,3.7281289166912757e-13
0.07964967064493539,1.4714895968381825e-12
0.08948237023750269,5.605071962122565e-12
0.10052891014472326,2.060551729243798e-11
0.11293913815718663,7.310763106005425e-11
0.1268814006769336,2.503439677781216e-10
0.14254482635890514,8.274175788969274e-10
0.16014189166643014,2.639644836044397e-09
0.17991130314285533,8.128695716536072e-09
0.2021212354977168,2.416429389917596e-08
0.2270729694325259,6.934744889441902e-08
0.2551049785537617,1.921398767867899e-07
0.28659752081259104,5.140024106342622e-07
0.3219777967548112,1.3277191012184275e-06
0.36172574455336326,3.3118948211674493e-06
0.4063805504338082,7.978395039520692e-06
0.45654796280755766,1.8563784510705617e-05
0.5129085093300529,4.172316397244025e-05
0.5762267283493882,9.059421166524029e-05
0.6473615399712076,0.00019006170133384348
0.7272778974247632,0.0003853227242830437
0.8170598767824696,0.0007550274225621711
0.9179253825967483,0.001430176210726719
1.0312426689380967,0.00261936068162949
1.1585488999444697,0.004639606773069627
1.3015710016583038,0.007949886692215191
1.4622490880091454,0.01318143988718734
1.6427627787184707,0.02115591544197859
1.8455607661325835,0.03288000824494053
2.0733940320616497,0.04950502380304078
2.329353165215711,0.07224293832115158
2.6169102854537,0.10223767185551447
2.9399661435534976,0.14040091232491436
3.3029030354176987,0.187233847570482
3.710644248503383,0.24266621736484717
4.168720846874621,0.3059484037630945
4.683346700825936,0.3756279784153692
5.261502778863538,0.44962862391773784
5.911031845476362,0.525429030895477
6.64074484928479,0.6003172638253709
7.4605404447366075,0.6716783814188866
8.381539268677866,0.7372650706800895
9.416234793278331,0.7954051695563255
10.578662801651687,0.8451149441582217
11.884591785129816,0.8861083276688558
13.351736844955687,0.9187138864865625
15.0,0.9437274404599882
