SA(1.0s) [g],Complete_damage
0.05000000000000001,2.55351295663786e-15
0.056172467201025755,1.63202784619898e-14
0.06310692142900626,9.681144774731365e-14
0.07089742948257126,5.445643935786393e-13
0.07964967064493539,2.9034552539997094e-12
0.08948237023750269,1.4667267400625406e-11
0.10052891014472326,7.020839465354811e-11
0.11293913815718663,3.184712493720099e-10
0.1268814006769336,1.3690745204186783e-09
0.14254482635890514,5.578242090464869e-09
0.16014189166643014,2.154382849894887e-08
0.17991130314285533,7.887693243002758e-08
0.2021212354977168,2.7379792955084525e-07
0.2270729694325259,9.011986831231056e-07
0.2551049785537617,2.8130993311448194e-06
0.28659752081259104,8.329046323973799e-06
0.3219777967548112,2.339546074914267e-05
0.36172574455336326,6.235693242007123e-05
0.4063805504338082,0.0001577456359590501
0.45654796280755766,0.0003788489201798084
0.5129085093300529,0.0008640598466208571
0.5762267283493882,0.0018721596528912254
0.6473615399712076,0.0038551221087365084
0.7272778974247632,0.007547990623564482
0.8170598767824696,0.01405905445179123
0.9179253825967483,0.02492779314040916
1.0312426689380967,0.042104730417299674
1.1585488999444697,0.06780584573444715
1.3015710016583038,0.1042139534594857
1.4622490880091454,0.1530436863505792
1.6427627787184707,0.21504642442109878
1.8455607661325835,0.28958443720916194
2.0733940320616497,0.37442143346654766
2.329353165215711,0.46583978088250044
2.6169102854537,0.5591055128891889
2.9399661435534976,0.6491903103388809
3.3029030354176987,0.7315702662166438
3.710644248503383,0.8028936920833867
4.168720846874621,0.8613569941612249
4.683346700825936,0.9067276308098394
5.261502778863538,0.9400631052589846
5.911031845476362,0.9632519151029105
6.64074484928479,0.9785237110839441
7.4605404447366075,0.9880460000484598
8.381539268677866,0.9936672372185146
9.416234793278331,0.9968089137126004
10.578662801651687,0.9984712913058409
11.884591785129816,0.9993040826084152
13.351736844955687,0.9996990675840327
15.0,0.9998764303423946
