SA(1.0s) [g],Complete_damage
0.05000000000000001,0.0
0.056172467201025755,0.0
0.06310692142900626,1.1102230246251565e-16
0.07089742948257126,7.771561172376096e-16
0.07964967064493539,4.884981308350689e-15
0.08948237023750269,3.019806626980426e-14
0.10052891014472326,1.7608137170554983e-13
0.11293913815718663,9.725553695716371e-13
0.1268814006769336,5.090150523301418e-12
0.14254482635890514,2.5242585799389872e-11
0.16014189166643014,1.1862122395456254e-10
0.17991130314285533,5.282542181461736e-10
0.2021212354977168,2.229521012253599e-09
0.2270729694325259,8.91882045994663e-09
0.2551049785537617,3.382002278229379e-08
0.28659752081259104,1.2157911843946323e-07
0.3219777967548112,4.1439645004359704e-07
0.36172574455336326,1.3393818530937907e-06
0.4063805504338082,4.105731450376737e-06
0.45654796280755766,1.1938475380945945e-05
0.5129085093300529,3.2935417434099e-05
0.5762267283493882,8.622397615432043e-05
0.6473615399712076,0.00021426473054364514
0.7272778974247632,0.000505537104277809
0.8170598767824696,0.0011328549674362032
0.9179253825967483,0.0024119821900342453
1.0312426689380967,0.0048813055669900685
1.1585488999444697,0.009394465399985563
1.3015710016583038,0.01720394927773017
1.4622490880091454,0.029997854950509106
1.6427627787184707,0.04984159093125107
1.8455607661325835,0.07898118378069707
2.0733940320616497,0.11949316567442425
2.329353165215711,0.1728172820960432
2.6169102854537,0.23926868857025108
2.9399661435534976,0.3176703290414954
3.3029030354176987,0.4052466475430092
3.710644248503383,0.4978632504903263
4.168720846874621,0.5905956873990587
4.683346700825936,0.6785010076842428
5.261502778863538,0.7573941545206178
5.911031845476362,0.8244295172517766
6.64074484928479,0.878356871838861
7.4605404447366075,0.9194296999182054
8.381539268677866,0.9490466459445434
9.416234793278331,0.9692659368855522
10.578662801651687,0.9823346048397238
11.884591785129816,0.9903317728911796
13.351736844955687,0.9949649652168059
15.0,0.9975063084319458
