SA(0.3s) [g],Loss_ratio
0.05000000000000001,1.1257902412201627e-06
0.056172467201025755,2.307680699092289e-06
0.06310692142900626,4.600162010613219e-06
0.07089742948257126,8.922976390835293e-06
0.07964967064493539,1.6854110486629924e-05
0.08948237023750269,3.102768823366523e-05
0.10052891014472326,5.573183071192833e-05
0.11293913815718663,9.779356307883726e-05
0.1268814006769336,0.000167878119473656
0.14254482635890514,0.0002823929656624437
0.16014189166643014,0.0004662816204090474
0.17991130314285533,0.0007571244883987846
0.2021212354977168,0.0012111274641491135
0.2270729694325259,0.001911744884170036
0.2551049785537617,0.002981785874524973
0.28659752081259104,0.004599780082263489
0.3219777967548112,0.007020972595477003
0.36172574455336326,0.010602398384611092
0.4063805504338082,0.015829906061231788
0.45654796280755766,0.023342736178126888
0.5129085093300529,0.033948534751065775
0.5762267283493882,0.048619090339475105
0.6473615399712076,0.06845564002057561
0.7272778974247632,0.09461363823667386
0.8170598767824696,0.12818174103622548
0.9179253825967483,0.17001909526266643
1.0312426689380967,0.22056808324579924
1.1585488999444697,0.27967370047692325
1.3015710016583038,0.3464510776278611
1.4622490880091454,0.41924392068302774
1.6427627787184707,0.49570493831002416
1.8455607661325835,0.5730047010663695
2.0733940320616497,0.6481432187980911
2.329353165215711,0.7183086652503206
2.6169102854537,0.7812109886439422
2.9399661435534976,0.835321825289912
3.3029030354176987,0.8799760640162128
3.710644248503383,0.9153266696405982
4.168720846874621,0.9421804487639385
4.683346700825936,0.961766601854143
5.261502778863538,0.9754959830533974
5.911031845476362,0.984758202426241
6.64074484928479,0.9907829750126755
7.4605404447366075,0.9945702162090362
8.381539268677866,0.9968771316695866
9.416234793278331,0.9982428365333053
10.578662801651687,0.9990309998305973
11.884591785129816,0.9994756602715121
13.351736844955687,0.999721455381149
15.0,0.9998547678246611
