SA(1.0s) [g],Complete_damage
0.05000000000000001,3.7645699412225397e-06
0.056172467201025755,7.801518548844477e-06
0.06310692142900626,1.5784466873780545e-05
0.07089742948257126,3.118133843516002e-05
0.07964967064493539,6.014548680144394e-05
0.08948237023750269,0.00011328874558358404
0.10052891014472326,0.00020839186811150157
0.11293913815718663,0.00037438899769748346
0.1268814006769336,0.0006569847428170572
0.14254482635890514,0.0011262192332730514
0.16014189166643014,0.0018861491308114209
0.17991130314285533,0.0030865227936901496
0.2021212354977168,0.004935871183024743
0.2270729694325259,0.0077148189320457305
0.2551049785537617,0.011787697143451181
0.28659752081259104,0.01760982693943891
0.3219777967548112,0.025727317252795978
0.36172574455336326,0.03676609857642987
0.4063805504338082,0.051407409171459695
0.45654796280755766,0.0703482068736897
0.5129085093300529,0.0942470060800209
0.5762267283493882,0.12365825123299068
0.6473615399712076,0.15896114205680734
0.7272778974247632,0.2002912620414128
0.8170598767824696,0.2474848079446781
0.9179253825967483,0.30004514083970335
1.0312426689380967,0.3571394951043583
1.1585488999444697,0.41763008071013596
1.3015710016583038,0.48013899860482245
1.4622490880091454,0.5431412026638879
1.6427627787184707,0.6050751949909694
1.8455607661325835,0.6644581737365715
2.0733940320616497,0.7199915974123722
2.329353165215711,0.7706447502518363
2.6169102854537,0.8157075400280994
2.9399661435534976,0.8548086619549644
3.3029030354176987,0.8879004250474309
3.710644248503383,0.9152159863125822
4.168720846874621,0.9372077405832117
4.683346700825936,0.9544768177864856
5.261502778863538,0.9677031030596517
5.911031845476362,0.9775833118622277
6.64074484928479,0.9847820077378957
7.4605404447366075,0.9898976595597964
8.381539268677866,0.9934434050512502
9.416234793278331,0.9958404354918692
10.578662801651687,0.9974209515990494
11.884591785129816,0.9984373960904646
13.351736844955687,0.9990749659029479
15.0,0.999465025653302
