SA(0.3s) [g],Loss_ratio
0.05000000000000001,2.240557956467863e-07
0.056172467201025755,4.883774985170801e-07
0.06310692142900626,1.0413987068202244e-06
0.07089742948257126,2.1725498289662243e-06
0.07964967064493539,4.434539916665077e-06
0.08948237023750269,8.857167830868333e-06
0.10052891014472326,1.7312428251786202e-05
0.11293913815718663,3.3120484018180985e-05
0.1268814006769336,6.202699034185287e-05
0.14254482635890514,0.00011373453807116468
0.16014189166643014,0.00020423385665714434
0.17991130314285533,0.0003592506604081106
0.2021212354977168,0.0006191949958627887
0.2270729694325259,0.0010460603570909403
0.2551049785537617,0.0017327517093139986
0.28659752081259104,0.0028152965799843792
0.3219777967548112,0.004488266595172303
0.36172574455336326,0.00702343794080198
0.4063805504338082,0.010791144732802202
0.45654796280755766,0.016282795432969607
0.5129085093300529,0.024131496794429604
0.5762267283493882,0.03512561457737688
0.6473615399712076,0.05020758163015444
0.7272778974247632,0.07044795456430106
0.8170598767824696,0.09698380243531274
0.9179253825967483,0.1309126578810774
1.0312426689380967,0.1731401425949245
1.1585488999444697,0.22419168207170265
1.3015710016583038,0.2840149471319823
1.4622490880091454,0.3518153425820848
1.6427627787184707,0.4259751354880653
1.8455607661325835,0.5041007669505599
2.0733940320616497,0.5832192647224139
2.329353165215711,0.6601071282666021
2.6169102854537,0.7316947188907245
2.9399661435534976,0.7954611513196004
3.3029030354176987,0.8497314169419891
3.710644248503383,0.8938123550590034
4.168720846874621,0.927948914398959
4.683346700825936,0.9531304080097532
5.261502778863538,0.9708109291921967
5.911031845476362,0.9826184953781464
6.64074484928479,0.9901142150680874
7.4605404447366075,0.9946350772332767
8.381539268677866,0.9972243572355407
9.416234793278331,0.9986320419170014
10.578662801651687,0.9993582147894364
11.884591785129816,0.9997135520425025
13.351736844955687,0.9998784370545778
15.0,0.9999509722480018
