SA(0.3s) [g],Loss_ratio
0.05000000000000001,3.9229080265506375e-07
0.056172467201025755,8.539247142994658e-07
0.06310692142900626,1.8088404615211502e-06
0.07089742948257126,3.7294961523526266e-06
0.07964967064493539,7.487025209522365e-06
0.08948237023750269,1.4640582427053098e-05
0.10052891014472326,2.7900969751163127e-05
0.11293913815718663,5.185081976203649e-05
0.1268814006769336,9.403121006614514e-05
0.14254482635890514,0.00016653786099565503
0.16014189166643014,0.00028831014121784586
0.17991130314285533,0.0004883445059879316
0.2021212354977168,0.0008101217483878453
0.2270729694325259,0.0013176025344817954
0.2551049785537617,0.0021032082175339627
0.28659752081259104,0.0032982387080337954
0.3219777967548112,0.00508613649997885
0.36172574455336326,0.0077188028595259455
0.4063805504338082,0.011535689571232665
0.45654796280755766,0.016984484488743797
0.5129085093300529,0.024640755453924763
0.5762267283493882,0.03522189024141323
0.6473615399712076,0.049588278965408364
0.7272778974247632,0.06872252684748462
0.8170598767824696,0.09367664128600148
0.9179253825967483,0.12547907534018024
1.0312426689380967,0.1649996389615424
1.1585488999444697,0.2127811306599165
1.3015710016583038,0.2688607373260251
1.4622490880091454,0.33261795746283424
1.6427627787184707,0.4026931909393317
1.8455607661325835,0.47701637411083575
2.0733940320616497,0.5529653482688376
2.329353165215711,0.6276420076982273
2.6169102854537,0.6982198716404288
2.9399661435534976,0.7622921152918043
3.3029030354176987,0.8181447912658149
3.710644248503383,0.864899123046724
4.168720846874621,0.902502993915184
4.683346700825936,0.9315917894160092
5.261502778863538,0.9532684235414625
5.911031845476362,0.9688629438815571
6.64074484928479,0.9797233570762404
7.4605404447366075,0.9870682643366724
8.381539268677866,0.9919084216637296
9.416234793278331,0.995026485472962
10.578662801651687,0.9969955440165523
11.884591785129816,0.998216746890617
13.351736844955687,0.998961114455965
15.0,0.9994068444438178
