PGA [g],Loss_ratio
0.05000000000000001,3.933136730783267e-06
0.056172467201025755,7.714438499469934e-06
0.06310692142900626,1.4866854423126173e-05
0.07089742948257126,2.8171162102453936e-05
0.07964967064493539,5.251683632591821e-05
0.08948237023750269,9.634669943345172e-05
0.10052891014472326,0.00017395911487749045
0.11293913815718663,0.000309065601711594
0.1268814006769336,0.000540099979570113
0.14254482635890514,0.0009278345256107115
0.16014189166643014,0.00156582594344733
0.17991130314285533,0.0025940207438377378
0.2021212354977168,0.004215424598986917
0.2270729694325259,0.0067150317052254525
0.2551049785537617,0.0104792158079713
0.28659752081259104,0.01601257988148226
0.3219777967548112,0.023948016607187147
0.36172574455336326,0.03504470735911283
0.4063805504338082,0.05016831061478618
0.45654796280755766,0.0702480230574792
0.5129085093300529,0.09620690402892496
0.5762267283493882,0.12886516750656224
0.6473615399712076,0.16882126178030157
0.7272778974247632,0.2163223083324405
0.8170598767824696,0.271142965403302
0.9179253825967483,0.3324980703091135
1.0312426689380967,0.3990165551406804
1.1585488999444697,0.46879901358870685
1.3015710016583038,0.5395672708807884
1.4622490880091454,0.6088929707215077
1.6427627787184707,0.6744691500093246
1.8455607661325835,0.7343723137265721
2.0733940320616497,0.7872602075752311
2.329353165215711,0.8324651557017025
2.6169102854537,0.869970404078222
2.9399661435534976,0.9002876300953617
3.3029030354176987,0.924276569332933
3.710644248503383,0.9429552922577934
4.168720846874621,0.9573415569579147
4.683346700825936,0.9683475648863036
5.261502778863538,0.9767307200696516
5.911031845476362,0.9830885715474375
6.64074484928479,0.98788001326976
7.4605404447366075,0.9914560611697085
8.381539268677866,0.9940888967699054
9.416234793278331,0.9959939588445181
10.578662801651687,0.997344468223
11.884591785129816,0.9982801776154686
13.351736844955687,0.9989127130552039
15.0,0.9993294032913268
