SA(1.0s) [g],Complete_damage
0.05000000000000001,1.2296497153840846e-11
0.056172467201025755,4.978384371412403e-11
0.06310692142900626,1.9318380228838805e-10
0.07089742948257126,7.185420036748269e-10
0.07964967064493539,2.5618810406413672e-09
0.08948237023750269,8.756266933751533e-09
0.10052891014472326,2.8692123232865185e-08
0.11293913815718663,9.014121449268941e-08
0.1268814006769336,2.715424597399263e-07
0.14254482635890514,7.84415161048102e-07
0.16014189166643014,2.1731639844313477e-06
0.17991130314285533,5.774659650903402e-06
0.2021212354977168,1.4719805422114263e-05
0.2270729694325259,3.5998135031856116e-05
0.2551049785537617,8.447488169360806e-05
0.28659752081259104,0.0001902480355920888
0.3219777967548112,0.00041128439306470366
0.36172574455336326,0.0008536674207897388
0.4063805504338082,0.001701636225127201
0.45654796280755766,0.003258347806971984
0.5129085093300529,0.005995402486859702
0.5762267283493882,0.010604394852160026
0.6473615399712076,0.018037595426909747
0.7272778974247632,0.029518951897810286
0.8170598767824696,0.04650366293205599
0.9179253825967483,0.07056783088363028
1.0312426689380967,0.1032214531920983
1.1585488999444697,0.14565797657351298
1.3015710016583038,0.19847771211592036
1.4622490880091454,0.2614429292750229
1.6427627787184707,0.33333041557613075
1.8455607661325835,0.41193611536418007
2.0733940320616497,0.49425565885662204
2.329353165215711,0.5768214328429502
2.6169102854537,0.6561346101902513
2.9399661435534976,0.7291036812572925
3.3029030354176987,0.7933991607069026
3.710644248503383,0.8476579596692368
4.168720846874621,0.891511835127321
4.683346700825936,0.9254582398426642
5.261502778863538,0.9506250120707539
5.911031845476362,0.9684943759725315
6.64074484928479,0.9806461142890749
7.4605404447366075,0.9885604661175588
8.381539268677866,0.9934972009570845
9.416234793278331,0.9964464511564525
10.578662801651687,0.9981339001455319
11.884591785129816,0.9990585913952436
13.351736844955687,0.9995438907678132
15.0,0.9997878231265077
