SA(1.0s) [g],Complete_damage
0.05000000000000001,2.020605904817785e-13
0.056172467201025755,9.204859097167173e-13
0.06310692142900626,4.019340416050454e-12
0.07089742948257126,1.6819656778466197e-11
0.07964967064493539,6.745937142227376e-11
0.08948237023750269,2.59327559426481e-10
0.10052891014472326,9.555647384473787e-10
0.11293913815718663,3.3752259875896584e-09
0.1268814006769336,1.1428922586098622e-08
0.14254482635890514,3.710210261242963e-08
0.16014189166643014,1.1548260825389178e-07
0.17991130314285533,3.4466473841643364e-07
0.2021212354977168,9.864622444455406e-07
0.2270729694325259,2.7077764799265935e-06
0.2551049785537617,7.1292540525513814e-06
0.28659752081259104,1.800652839023531e-05
0.3219777967548112,4.363474439983417e-05
0.36172574455336326,0.00010146598989446698
0.4063805504338082,0.00022644952920269912
0.45654796280755766,0.00048514534953492117
0.5129085093300529,0.0009979742952760384
0.5762267283493882,0.0019716231729236533
0.6473615399712076,0.0037420545859114807
0.7272778974247632,0.0068252632573301275
0.8170598767824696,0.01196775926203164
0.9179253825967483,0.020182472107859506
1.0312426689380967,0.03275024504757773
1.1585488999444697,0.051165252679922224
1.3015710016583038,0.07700767563825794
1.4622490880091454,0.11174068438416507
1.6427627787184707,0.15645015380342708
1.8455607661325835,0.21156957330472959
2.0733940320616497,0.2766511138159252
2.329353165215711,0.3502479478793781
2.6169102854537,0.4299571745900488
2.9399661435534976,0.5126382730475468
3.3029030354176987,0.594777775727565
3.710644248503383,0.6729308538487305
4.168720846874621,0.7441486088321265
4.683346700825936,0.8063039731051798
5.261502778863538,0.8582577420277266
5.911031845476362,0.8998491433910607
6.64074484928479,0.9317379330807272
7.4605404447366075,0.9551543492982226
8.381539268677866,0.9716227202577234
9.416234793278331,0.9827151981162802
10.578662801651687,0.9898709306972017
11.884591785129816,0.9942919978211365
13.351736844955687,0.9969080563214019
15.0,0.9983906255404084
