SA(1.0s) [g],Loss_ratio
0.05000000000000001,1.8859338025632502e-09
0.056172467201025755,7.514749063349767e-09
0.06310692142900626,2.7922135405437032e-08
0.07089742948257126,9.677144853739556e-08
0.07964967064493539,3.12931862213496e-07
0.08948237023750269,9.445446570713868e-07
0.10052891014472326,2.66235689396727e-06
0.11293913815718663,7.0117716900500435e-06
0.1268814006769336,1.7266934649033885e-05
0.14254482635890514,3.979436887903134e-05
0.16014189166643014,8.593266462625294e-05
0.17991130314285533,0.00017414267313781647
0.2021212354977168,0.000331883364387068
0.2270729694325259,0.0005965887517472134
0.2551049785537617,0.0010156880665490634
0.28659752081259104,0.001647218039185886
0.3219777967548112,0.0025652619049912955
0.36172574455336326,0.0038776575411452424
0.4063805504338082,0.005766043906528012
0.45654796280755766,0.008558978859030938
0.5129085093300529,0.012845909079013871
0.5762267283493882,0.01963061963359115
0.6473615399712076,0.03050324997648654
0.7272778974247632,0.047775906897068274
0.8170598767824696,0.07448108982285431
0.9179253825967483,0.11409552249968707
1.0312426689380967,0.16986996296040163
1.1585488999444697,0.24377075342301674
1.3015710016583038,0.3352787213328844
1.4622490880091454,0.4405463051780376
1.6427627787184707,0.552482496279644
1.8455607661325835,0.6620450314443187
2.0733940320616497,0.760426624113818
2.329353165215711,0.841274184553147
2.6169102854537,0.9019907002705193
2.9399661435534976,0.9436525504649853
3.3029030354176987,0.969803961339786
3.710644248503383,0.9848658462830646
4.168720846874621,0.9928662785687732
4.683346700825936,0.9968147162978548
5.261502778863538,0.9986425324328783
5.911031845476362,0.9994445014804563
6.64074484928479,0.9997811096639729
7.4605404447366075,0.9999170385921222
8.381539268677866,0.9999698862529438
9.416234793278331,0.9999895924851949
10.578662801651687,0.9999965952803546
11.884591785129816,0.999998950836712
13.351736844955687,0.9999996965746022
15.0,0.9999999178474022
