SA(1.0s) [g],Complete_damage
0.05000000000000001,3.1585845050585704e-13
0.056172467201025755,1.3756773498130315e-12
0.06310692142900626,5.753175713607561e-12
0.07089742948257126,2.3102741941727345e-11
0.07964967064493539,8.907963255921914e-11
0.08948237023750269,3.2982161446426517e-10
0.10052891014472326,1.172702712715079e-09
0.11293913815718663,4.004326870088448e-09
0.1268814006769336,1.3131998821691582e-08
0.14254482635890514,4.136387998787683e-08
0.16014189166643014,1.2515061154072527e-07
0.17991130314285533,3.637484907725863e-07
0.2021212354977168,1.0156981361530981e-06
0.2270729694325259,2.7249966361164724e-06
0.2551049785537617,7.025094940771304e-06
0.28659752081259104,1.7405055264485547e-05
0.3219777967548112,4.1447025388108294e-05
0.36172574455336326,9.487905458294144e-05
0.4063805504338082,0.00020882286349666046
0.45654796280755766,0.00044197394546718893
0.5129085093300529,0.0008997382787503394
0.5762267283493882,0.0017621297439538441
0.6473615399712076,0.0033210542634082296
0.7272778974247632,0.006025037620278617
0.8170598767824696,0.01052533659888455
0.9179253825967483,0.01771216500234707
1.0312426689380967,0.028724815530314807
1.1585488999444697,0.04491699176455355
1.3015710016583038,0.06776127134647292
1.4622490880091454,0.09868619809037538
1.6427627787184707,0.13885593043770617
1.8455607661325835,0.18892255459006158
2.0733940320616497,0.24879911569158342
2.329353165215711,0.31750985239492546
2.6169102854537,0.3931672869850896
2.9399661435534976,0.47310245506148496
3.3029030354176987,0.5541394752899652
3.710644248503383,0.6329688946083627
4.168720846874621,0.7065476567853037
4.683346700825936,0.7724462123721061
5.261502778863538,0.829077776073524
5.911031845476362,0.8757760052569433
6.64074484928479,0.9127248974914891
7.4605404447366075,0.9407767485053012
8.381539268677866,0.9612120309967813
9.416234793278331,0.9754963225985429
10.578662801651687,0.9850769867755825
11.884591785129816,0.9912428129121703
13.351736844955687,0.9950503624836552
15.0,0.9973064626168839
