SA(1.0s) [g],Complete_damage
0.05000000000000001,1.7034929022941014e-11
0.056172467201025755,6.62772059456529e-11
0.06310692142900626,2.4760982153537725e-10
0.07089742948257126,8.883306312768013e-10
0.07964967064493539,3.0606133183397333e-09
0.08948237023750269,1.0127349403532548e-08
0.10052891014472326,3.218588850995019e-08
0.11293913815718663,9.825374225336247e-08
0.1268814006769336,2.8812511654319195e-07
0.14254482635890514,8.117073230229366e-07
0.16014189166643014,2.1970799285453424e-06
0.17991130314285533,5.714343194296312e-06
0.2021212354977168,1.4282747390681472e-05
0.2270729694325259,3.4311413096510535e-05
0.2551049785537617,7.923364245876474e-05
0.28659752081259104,0.0001759117169154445
0.3219777967548112,0.0003755538858674079
0.36172574455336326,0.0007711339009717211
0.4063805504338082,0.0015232317582979382
0.45654796280755766,0.0028952897437599656
0.5129085093300529,0.005297045478269702
0.5762267283493882,0.009331117092877927
0.6473615399712076,0.01583266697286123
0.7272778974247632,0.025886897584040947
0.8170598767824696,0.04080589177460969
0.9179253825967483,0.062047583748708224
1.0312426689380967,0.09106759780399531
1.1585488999444697,0.12910975706747663
1.3015710016583038,0.17696084310803029
1.4622490880091454,0.23471424838099875
1.6427627787184707,0.301598304011898
1.8455607661325835,0.37592192263684865
2.0733940320616497,0.45517029727158076
2.329353165215711,0.5362501905796216
2.6169102854537,0.615846927944826
2.9399661435534976,0.6908254115841886
3.3029030354176987,0.7585953845709762
3.710644248503383,0.817371004575709
4.168720846874621,0.8662831075798725
4.683346700825936,0.9053397239630592
5.261502778863538,0.9352645753045532
5.911031845476362,0.9572648662585744
6.64074484928479,0.972784583546541
7.4605404447366075,0.9832896319209737
8.381539268677866,0.9901125644665469
9.416234793278331,0.9943646575127687
10.578662801651687,0.9969073449777169
11.884591785129816,0.998366299034467
13.351736844955687,0.9991695449417912
15.0,0.9995938845284597
