SA(0.6s) [g],Complete_damage
0.05000000000000001,5.642966964591878e-06
0.056172467201025755,1.0555828485969698e-05
0.06310692142900626,1.9388343785786688e-05
0.07089742948257126,3.496803629876588e-05
0.07964967064493539,6.193040154744978e-05
0.08948237023750269,0.00010771102773832197
0.10052891014472326,0.00018397687832116816
0.11293913815718663,0.0003086300028394273
0.1268814006769336,0.0005085245248387382
0.14254482635890514,0.0008230264450003189
0.16014189166643014,0.001308505397329407
0.17991130314285533,0.002043767560481635
0.2021212354977168,0.0031363110823544593
0.2270729694325259,0.004729106515784398
0.2551049785537617,0.007007380725073564
0.28659752081259104,0.01020463171902486
0.3219777967548112,0.01460685657854599
0.36172574455336326,0.02055378175789402
0.4063805504338082,0.02843580109942001
0.45654796280755766,0.03868541000176995
0.5129085093300529,0.05176222184606727
0.5762267283493882,0.06813118776836768
0.6473615399712076,0.08823439773816433
0.7272778974247632,0.11245775712108663
0.8170598767824696,0.14109479807846736
0.9179253825967483,0.17431075107979677
1.0312426689380967,0.21211060367611956
1.1585488999444697,0.2543150600628665
1.3015710016583038,0.3005479811040188
1.4622490880091454,0.3502380016999538
1.6427627787184707,0.4026356556620576
1.8455607661325835,0.45684564624539614
2.0733940320616497,0.5118721152964378
2.329353165215711,0.5666731533083866
2.6169102854537,0.6202196113291852
2.9399661435534976,0.671552716587427
3.3029030354176987,0.7198351497269042
3.710644248503383,0.7643910866708032
4.168720846874621,0.8047321027956125
4.683346700825936,0.8405675561306356
5.261502778863538,0.8717998431223413
5.911031845476362,0.8985064972055914
6.64074484928479,0.9209122728336907
7.4605404447366075,0.9393550061497503
8.381539268677866,0.9542491446351163
9.416234793278331,0.9660504563276189
10.578662801651687,0.9752246934437016
11.884591785129816,0.9822220567032843
13.351736844955687,0.9874583462494766
15.0,0.9913028266596629
