SA(1.0s) [g],Loss_ratio
0.05000000000000001,6.229182179480574e-15
0.056172467201025755,3.865295736822795e-14
0.06310692142900626,2.270133003884536e-13
0.07089742948257126,1.262114077955116e-12
0.07964967064493539,6.6421458630558056e-12
0.08948237023750269,3.3090830832985514e-11
0.10052891014472326,1.5607799133995916e-10
0.11293913815718663,6.970237584479258e-10
0.1268814006769336,2.9475970192832935e-09
0.14254482635890514,1.1804569676823412e-08
0.16014189166643014,4.477617752324145e-08
0.17991130314285533,1.6088639458031307e-07
0.2021212354977168,5.476920369542746e-07
0.2270729694325259,1.766762038992816e-06
0.2551049785537617,5.401772324851911e-06
0.28659752081259104,1.565733398593907e-05
0.3219777967548112,4.30374835749954e-05
0.36172574455336326,0.0001122194894857295
0.4063805504338082,0.0002776842200443024
0.45654796280755766,0.0006523683557479309
0.5129085093300529,0.0014558696932249532
0.5762267283493882,0.0030881889726835656
0.6473615399712076,0.006230685568904056
0.7272778974247632,0.011965978933489977
0.8170598767824696,0.021892268717175034
0.9179253825967483,0.03818677735708133
1.0312426689380967,0.06355297916405393
1.1585488999444697,0.10097645938033636
1.3015710016583038,0.15322947455965238
1.4622490880091454,0.22212385387508254
1.6427627787184707,0.3076289900260487
1.8455607661325835,0.407126641483504
2.0733940320616497,0.5151862077751228
2.329353165215711,0.6241867501416125
2.6169102854537,0.7258091972668917
2.9399661435534976,0.8129711222054766
3.3029030354176987,0.8814555344044902
3.710644248503383,0.9305625580601121
4.168720846874621,0.962592676317955
4.683346700825936,0.9815431601493863
5.261502778863538,0.9916892997800898
5.911031845476362,0.9965953996911777
6.64074484928479,0.9987343624194649
7.4605404447366075,0.9995740059911659
8.381539268677866,0.9998704227338772
9.416234793278331,0.9999644379222766
10.578662801651687,0.9999912060843428
11.884591785129816,0.9999980429417005
13.351736844955687,0.9999996084270106
15.0,0.9999999296230215
