SA(0.6s) [g],Complete_damage
0.05000000000000001,1.1123578278482427e-06
0.056172467201025755,2.1336366411439656e-06
0.06310692142900626,4.022513544255091e-06
0.07089742948257126,7.454008146168256e-06
0.07964967064493539,1.3577276968934626e-05
0.08948237023750269,2.4309845898184967e-05
0.10052891014472326,4.278739700180889e-05
0.11293913815718663,7.40341946066092e-05
0.1268814006769336,0.000125936542449967
0.14254482635890514,0.0002106181104940541
0.16014189166643014,0.0003463279029282118
0.17991130314285533,0.0005599537996233694
0.2021212354977168,0.000890260237055629
0.2270729694325259,0.0013919100015959973
0.2551049785537617,0.0021402597757581576
0.28659752081259104,0.003236811453461441
0.3219777967548112,0.004815055049951722
0.36172574455336326,0.007046259852793946
0.4063805504338082,0.01014457301124394
0.45654796280755766,0.014370594185705854
0.5129085093300529,0.020032446207172927
0.5762267283493882,0.027483296794888146
0.6473615399712076,0.037114348065841796
0.7272778974247632,0.04934253419390533
0.8170598767824696,0.064592571174234
0.9179253825967483,0.08327357752504716
1.0312426689380967,0.10575118891970958
1.1585488999444697,0.13231684661048537
1.3015710016583038,0.16315664374348737
1.4622490880091454,0.1983226446171229
1.6427627787184707,0.2377098334347293
1.8455607661325835,0.28104171248831156
2.0733940320616497,0.3278670154959391
2.329353165215711,0.37756905485286474
2.6169102854537,0.42938797531515815
2.9399661435534976,0.48245479413652836
3.3029030354176987,0.5358347595089311
3.710644248503383,0.5885764520537287
4.168720846874621,0.6397623561500232
4.683346700825936,0.6885564474908034
5.261502778863538,0.7342447087246422
5.911031845476362,0.7762653391544342
6.64074484928479,0.8142266353772591
7.4605404447366075,0.8479119057118992
8.381539268677866,0.8772721437482056
9.416234793278331,0.90240834449797
10.578662801651687,0.9235461659699572
11.884591785129816,0.9410060492777097
13.351736844955687,0.9551719099461822
15.0,0.9664611604115149
