SA(0.6s) [g],Complete_damage
0.05000000000000001,2.41140440948584e-13
0.056172467201025755,1.3233858453531866e-12
0.06310692142900626,6.878608793670082e-12
0.07089742948257126,3.3870684035264276e-11
0.07964967064493539,1.5800993846681877e-10
0.08948237023750269,6.984208766880329e-10
0.10052891014472326,2.9252250621780718e-09
0.11293913815718663,1.1610497230307715e-08
0.1268814006769336,4.367533790183842e-08
0.14254482635890514,1.5572735612146005e-07
0.16014189166643014,5.26370433351353e-07
0.17991130314285533,1.6868523124990986e-06
0.2021212354977168,5.1261337884467295e-06
0.2270729694325259,1.47742953077179e-05
0.2551049785537617,4.039372591913004e-05
0.28659752081259104,0.00010478736875452199
0.3219777967548112,0.00025798979793889565
0.36172574455336326,0.0006030047689001838
0.4063805504338082,0.0013384669220936063
0.45654796280755766,0.002822464717533446
0.5129085093300529,0.005656838556650667
0.5762267283493882,0.01078111244105373
0.6473615399712076,0.019550297088830382
0.7272778974247632,0.03375519418696116
0.8170598767824696,0.05553576477402533
0.9179253825967483,0.08714783608830301
1.0312426689380967,0.13057779476956632
1.1585488999444697,0.18705573293342392
1.3015710016583038,0.2565775898872502
1.4622490880091454,0.3375835795845694
1.6427627787184707,0.42692775236893477
1.8455607661325835,0.5202034965002109
2.0733940320616497,0.6123809337042674
2.329353165215711,0.6986060811512852
2.6169102854537,0.7749538994083123
2.9399661435534976,0.838943973280237
3.3029030354176987,0.8897110060301359
3.710644248503383,0.9278354920635823
4.168720846874621,0.9549361035655287
4.683346700825936,0.9731711491724111
5.261502778863538,0.9847852889951451
5.911031845476362,0.9917872455237184
6.64074484928479,0.9957830445130043
7.4605404447366075,0.9979414815565596
8.381539268677866,0.9990451186960468
9.416234793278331,0.9995792696434107
10.578662801651687,0.9998239798320018
11.884591785129816,0.9999300980630024
13.351736844955687,0.9999736570100418
15.0,0.9999905814247252
