SA(1.0s) [g],Loss_ratio
0.05000000000000001,4.644220256360152e-06
0.056172467201025755,9.886649994227575e-06
0.06310692142900626,2.0500703135210382e-05
0.07089742948257126,4.140984801549837e-05
0.07964967064493539,8.148707945522876e-05
0.08948237023750269,0.0001562292372837996
0.10052891014472326,0.00029185434163129045
0.11293913815718663,0.0005313078123942599
0.1268814006769336,0.000942655315588672
0.14254482635890514,0.001630203893458845
0.16014189166643014,0.0027483662947362284
0.17991130314285533,0.004517715923296312
0.2021212354977168,0.0072418610361427264
0.2270729694325259,0.011322757226342435
0.2551049785537617,0.01727103449971894
0.28659752081259104,0.025707101211085267
0.3219777967548112,0.037348540783201475
0.36172574455336326,0.05297998462899626
0.4063805504338082,0.07340346912541275
0.45654796280755766,0.09937027616166957
0.5129085093300529,0.13149908275173053
0.5762267283493882,0.1701891895879323
0.6473615399712076,0.21554064572173745
0.7272778974247632,0.26729416013084895
0.8170598767824696,0.3248020296975923
0.9179253825967483,0.3870368877555774
1.0312426689380967,0.4526388518693448
1.1585488999444697,0.5199954491769533
1.3015710016583038,0.5873445451151279
1.4622490880091454,0.6528895818599263
1.6427627787184707,0.7149182362559756
1.8455607661325835,0.7719179615022894
2.0733940320616497,0.8226822119654087
2.329353165215711,0.866398441400714
2.6169102854537,0.9027050032235155
2.9399661435534976,0.9317028160821995
3.3029030354176987,0.9539126161226544
3.710644248503383,0.9701800419102945
4.168720846874621,0.9815447045789986
4.683346700825936,0.989099535948692
5.261502778863538,0.9938682439757036
5.911031845476362,0.9967210603819373
6.64074484928479,0.9983359420425887
7.4605404447366075,0.9991997084671527
8.381539268677866,0.999635745191448
9.416234793278331,0.9998432745477193
10.578662801651687,0.9999363188399089
11.884591785129816,0.9999755863424586
13.351736844955687,0.9999911760067909
15.0,0.9999969952472626
