SA(1.0s) [g],Complete_damage
0.05000000000000001,0.0
0.056172467201025755,1.1102230246251565e-16
0.06310692142900626,3.3306690738754696e-16
0.07089742948257126,1.5543122344752192e-15
0.07964967064493539,7.549516567451064e-15
0.08948237023750269,3.441691376337985e-14
0.10052891014472326,1.5165646516379638e-13
0.11293913815718663,6.441513988875158e-13
0.1268814006769336,2.632560835991171e-12
0.14254482635890514,1.035527219528376e-11
0.16014189166643014,3.920819224845218e-11
0.17991130314285533,1.429012463916024e-10
0.2021212354977168,5.013701676048754e-10
0.2270729694325259,1.693422402304634e-09
0.2551049785537617,5.506551437051144e-09
0.28659752081259104,1.7239582428274502e-08
0.3219777967548112,5.1967737113578494e-08
0.36172574455336326,1.5084493942829624e-07
0.4063805504338082,4.2164815217127227e-07
0.45654796280755766,1.1350838453605405e-06
0.5129085093300529,2.9430880025271833e-06
0.5762267283493882,7.350541837758406e-06
0.6473615399712076,1.768576965210933e-05
0.7272778974247632,4.099867724893791e-05
0.8170598767824696,9.158313533985663e-05
0.9179253825967483,0.00019716326478147472
1.0312426689380967,0.0004091417858282931
1.1585488999444697,0.0008185402866799363
1.3015710016583038,0.0015791213293846473
1.4622490880091454,0.0029383412521959418
1.6427627787184707,0.005274912745404259
1.8455607661325835,0.009138703832952233
2.0733940320616497,0.015284717537582981
2.329353165215711,0.02468885210797578
2.6169102854537,0.03853055931111771
2.9399661435534976,0.05812830308594774
3.3029030354176987,0.08481950678855399
3.710644248503383,0.11978792415720085
4.168720846874621,0.16385655772357488
4.683346700825936,0.21727965108899094
5.261502778863538,0.2795776875561038
5.911031845476362,0.3494597314883654
6.64074484928479,0.424865188549314
7.4605404447366075,0.5031334898789235
8.381539268677866,0.5812809741516902
9.416234793278331,0.6563377762229629
10.578662801651687,0.7256821234409442
11.884591785129816,0.7873101140610538
13.351736844955687,0.8399955844793137
15.0,0.883321684087957
