SA(1.0s) [g],Complete_damage
0.05000000000000001,3.3306690738754696e-16
0.056172467201025755,1.4432899320127035e-15
0.06310692142900626,6.772360450213455e-15
0.07089742948257126,3.11972669919669e-14
0.07964967064493539,1.3788969965844444e-13
0.08948237023750269,5.870859354217828e-13
0.10052891014472326,2.4050761382454766e-12
0.11293913815718663,9.484302232465325e-12
0.1268814006769336,3.5999647707285476e-11
0.14254482635890514,1.3153245159713833e-10
0.16014189166643014,4.6262549346920423e-10
0.17991130314285533,1.566423657450855e-09
0.2021212354977168,5.106164824297821e-09
0.2270729694325259,1.6025492377558237e-08
0.2551049785537617,4.8426837095938424e-08
0.28659752081259104,1.4091222744205822e-07
0.3219777967548112,3.9484947111922963e-07
0.36172574455336326,1.0655413283933157e-06
0.4063805504338082,2.7695163516971988e-06
0.45654796280755766,6.933865739133793e-06
0.5129085093300529,1.67236927466341e-05
0.5762267283493882,3.886213052128884e-05
0.6473615399712076,8.701954757595054e-05
0.7272778974247632,0.00018778782121564586
0.8170598767824696,0.0003906163409341801
0.9179253825967483,0.0007833326499533388
1.0312426689380967,0.001514764223163878
1.1585488999444697,0.0028251930788442126
1.3015710016583038,0.0050835796966289815
1.4622490880091454,0.008827515116045737
1.6427627787184707,0.01479791918746265
1.8455607661325835,0.02395642272461418
2.0733940320616497,0.03747063750864188
2.329353165215711,0.05665302701581476
2.6169102854537,0.08284452008639198
2.9399661435534976,0.11724492357727256
3.3029030354176987,0.1607072133802525
3.710644248503383,0.21352832132682664
4.168720846874621,0.2752799316807628
4.683346700825936,0.3447239718885202
5.261502778863538,0.4198460525976344
5.911031845476362,0.49801714659378926
6.64074484928479,0.5762646938248861
7.4605404447366075,0.6516074038873608
8.381539268677866,0.7213916989852713
9.416234793278331,0.7835673142546216
10.578662801651687,0.8368551890053504
11.884591785129816,0.8807873521728113
13.351736844955687,0.9156277106356969
15.0,0.9422060860139494
