SA(1.0s) [g],Loss_ratio
0.05000000000000001,1.0416355171135365e-09
0.056172467201025755,3.133990247373613e-09
0.06310692142900626,9.130621988516383e-09
0.07089742948257126,2.575991264540412e-08
0.07964967064493539,7.038041766492016e-08
0.08948237023750269,1.862287477994801e-07
0.10052891014472326,4.772600806324753e-07
0.11293913815718663,1.1846918167538388e-06
0.1268814006769336,2.848580705027985e-06
0.14254482635890514,6.6352669171134465e-06
0.16014189166643014,1.4973803582220721e-05
0.17991130314285533,3.274089639785467e-05
0.2021212354977168,6.937112797158846e-05
0.2270729694325259,0.0001424448062511087
0.2551049785537617,0.0002834978124593181
0.28659752081259104,0.0005469532713911723
0.3219777967548112,0.0010231003331125097
0.36172574455336326,0.0018558089860392611
0.4063805504338082,0.0032650245792973757
0.45654796280755766,0.005572922285420192
0.5129085093300529,0.009230929188611407
0.5762267283493882,0.014842855220400098
0.6473615399712076,0.02317758403327562
0.7272778974247632,0.03516383348061021
0.8170598767824696,0.05186007039751358
0.9179253825967483,0.0743950732495089
1.0312426689380967,0.10387850691362224
1.1585488999444697,0.1412851021632892
1.3015710016583038,0.18731933625991914
1.4622490880091454,0.242269562868751
1.6427627787184707,0.3058629699000391
1.8455607661325835,0.3771386897878586
2.0733940320616497,0.4543676348141423
2.329353165215711,0.5350604255979082
2.6169102854537,0.616108060840435
2.9399661435534976,0.6940802058869044
3.3029030354176987,0.765658387490305
3.710644248503383,0.8281200840603855
4.168720846874621,0.8797459172868553
4.683346700825936,0.9200267884706327
5.261502778863538,0.949608580557166
5.911031845476362,0.9700035781898466
6.64074484928479,0.9831750498736996
7.4605404447366075,0.99112819029788
8.381539268677866,0.9956109552233189
9.416234793278331,0.9979664091388805
10.578662801651687,0.9991188938162522
11.884591785129816,0.9996434781239039
13.351736844955687,0.999865434076618
15.0,0.9999526698379502
