SA(1.0s) [g],Loss_ratio
0.05000000000000001,1.970420621810064e-07
0.056172467201025755,4.2969970384927396e-07
0.06310692142900626,9.096055825295144e-07
0.07089742948257126,1.8700990410777844e-06
0.07964967064493539,3.7367612688071352e-06
0.08948237023750269,7.2628439768750134e-06
0.10052891014472326,1.3744766090979085e-05
0.11293913815718663,2.5357957486257694e-05
0.1268814006769336,4.567314221587045e-05
0.14254482635890514,8.044496873934995e-05
0.16014189166643014,0.00013881594703810942
0.17991130314285533,0.0002351574408017175
0.2021212354977168,0.00039188233706086763
0.2270729694325259,0.0006437083551024122
0.2551049785537617,0.001044004902378699
0.28659752081259104,0.0016739672348466917
0.3219777967548112,0.002655338213412097
0.36172574455336326,0.004167115142781016
0.4063805504338082,0.006466004898777059
0.45654796280755766,0.009909240139590625
0.5129085093300529,0.014976783187329347
0.5762267283493882,0.022288164770102033
0.6473615399712076,0.03260771038220104
0.7272778974247632,0.04683134493985821
0.8170598767824696,0.06594914749226463
0.9179253825967483,0.09098060322485199
1.0312426689380967,0.12288365589836253
1.1585488999444697,0.16244308451685624
1.3015710016583038,0.21014708208299088
1.4622490880091454,0.2660626453403153
1.6427627787184707,0.32972161802197675
1.8455607661325835,0.4000324997593191
2.0733940320616497,0.4752401263769816
2.329353165215711,0.5529634884499106
2.6169102854537,0.6303429514182282
2.9399661435534976,0.7043115778612421
3.3029030354176987,0.771967526362086
3.710644248503383,0.8309768192722582
4.168720846874621,0.8799027617149984
4.683346700825936,0.9183641736445788
5.261502778863538,0.9469750314610142
5.911031845476362,0.9670924290772261
6.64074484928479,0.9804618272590868
7.4605404447366075,0.9888694216898646
8.381539268677866,0.9938866841531623
9.416234793278331,0.9967413868523354
10.578662801651687,0.9983008799804503
11.884591785129816,0.9991263403616377
13.351736844955687,0.9995541451539856
15.0,0.9997734242888331
