SA(0.6s) [g],Complete_damage
0.05000000000000001,1.883526634660626e-08
0.056172467201025755,4.0938069600926497e-08
0.06310692142900626,8.733639167424201e-08
0.07089742948257126,1.8288847325464985e-07
0.07964967064493539,3.7593456081452814e-07
0.08948237023750269,7.585520782615873e-07
0.10052891014472326,1.502515708518004e-06
0.11293913815718663,2.921643766140569e-06
0.1268814006769336,5.577316230298557e-06
0.14254482635890514,1.0452718916864612e-05
0.16014189166643014,1.9233427157372418e-05
0.17991130314285533,3.4747709436899754e-05
0.2021212354977168,6.163932740477218e-05
0.2270729694325259,0.00010736765222629785
0.2551049785537617,0.00018365223580008028
0.28659752081259104,0.0003084973092015719
0.3219777967548112,0.0005089395235974292
0.36172574455336326,0.0008246508338165537
0.4063805504338082,0.0013124873057828168
0.45654796280755766,0.00205199309775439
0.5129085093300529,0.0031517383403202315
0.5762267283493882,0.004756186954530173
0.6473615399712076,0.007052561641791799
0.7272778974247632,0.010276917126356144
0.8170598767824696,0.014718382881451109
0.9179253825967483,0.020720341032597567
1.0312426689380967,0.028677221967129074
1.1585488999444697,0.03902568885476809
1.3015710016583038,0.052229291152262936
1.4622490880091454,0.06875621881382199
1.6427627787184707,0.08905056642581743
1.8455607661325835,0.11349845435139727
2.0733940320616497,0.14239133769951828
2.329353165215711,0.17588971066888437
2.6169102854537,0.21399101456665126
2.9399661435534976,0.25650572851066067
3.3029030354176987,0.30304525770328605
3.710644248503383,0.35302430959251885
4.168720846874621,0.4056790342698813
4.683346700825936,0.4601004688610182
5.261502778863538,0.5152810071973657
5.911031845476362,0.5701699907031348
6.64074484928479,0.6237333431295999
7.4605404447366075,0.6750116433443147
8.381539268677866,0.7231712350607439
9.416234793278331,0.7675438759059983
10.578662801651687,0.8076518807790545
11.884591785129816,0.8432174808965329
13.351736844955687,0.8741569259692148
15.0,0.9005614407921723
