SA(1.0s) [g],Complete_damage
0.05000000000000001,6.460664254914761e-06
0.056172467201025755,1.307407466188959e-05
0.06310692142900626,2.584231361524303e-05
0.07089742948257126,4.9896082983447165e-05
0.07964967064493539,9.411233529665886e-05
0.08948237023750269,0.00017342223401894952
0.10052891014472326,0.0003122318553678838
0.11293913815718663,0.0005492919655303297
0.1268814006769336,0.0009443347742968955
0.14254482635890514,0.0015866920271433438
0.16014189166643014,0.0026058838309535037
0.17991130314285533,0.004183793203981212
0.2021212354977168,0.006567512190454372
0.2270729694325259,0.010081295240210175
0.2551049785537617,0.01513537091142958
0.28659752081259104,0.02222878747302892
0.3219777967548112,0.03194319090003939
0.36172574455336326,0.04492465775121701
0.4063805504338082,0.061851594854513414
0.45654796280755766,0.08338833582763261
0.5129085093300529,0.11012631584413146
0.5762267283493882,0.14251730576485233
0.6473615399712076,0.18080567547000614
0.7272778974247632,0.2249684718203111
0.8170598767824696,0.2746726959065857
0.9179253825967483,0.3292581694909995
1.0312426689380967,0.3877517116997917
1.1585488999444697,0.4489142949664575
1.3015710016583038,0.5113180580695083
1.4622490880091454,0.5734454040570389
1.6427627787184707,0.6337988241323711
1.8455607661325835,0.6910083080684244
2.0733940320616497,0.7439236044055506
2.329353165215711,0.7916810938743344
2.6169102854537,0.8337391109122981
2.9399661435534976,0.8698803583018491
3.3029030354176987,0.9001846764097959
3.710644248503383,0.9249790372977893
4.168720846874621,0.9447737103568258
4.683346700825936,0.9601939367122942
5.261502778863538,0.9719153546689522
5.911031845476362,0.9806092924580213
6.64074484928479,0.986901453960413
7.4605404447366075,0.9913450046012294
8.381539268677866,0.9944070196999776
9.416234793278331,0.9964659015407312
10.578662801651687,0.9978167368336428
11.884591785129816,0.9986815458970014
13.351736844955687,0.9992217836128895
15.0,0.9995510871368191
