SA(0.6s) [g],Loss_ratio
0.05000000000000001,3.7394810346617683e-05
0.056172467201025755,6.537900596514138e-05
0.06310692142900626,0.00011585417155364467
0.07089742948257126,0.00020780620141198442
0.07964967064493539,0.0003757920077547383
0.08948237023750269,0.0006811114945725714
0.10052891014472326,0.0012290291573437994
0.11293913815718663,0.002193601935861973
0.1268814006769336,0.003850752109452845
0.14254482635890514,0.006618184668801607
0.16014189166643014,0.011097408781078419
0.17991130314285533,0.018108746758791268
0.2021212354977168,0.02870574885957103
0.2270729694325259,0.044152572914302184
0.2551049785537617,0.06584879052183774
0.28659752081259104,0.09519264539018182
0.3219777967548112,0.13338662266686735
0.36172574455336326,0.18120663765119693
0.4063805504338082,0.23877394753342207
0.45654796280755766,0.30538088597054025
0.5129085093300529,0.37942163578091503
0.5762267283493882,0.4584640822637792
0.6473615399712076,0.5394698029344135
0.7272778974247632,0.619133398057382
0.8170598767824696,0.6942803487945287
0.9179253825967483,0.7622451436357568
1.0312426689380967,0.8211550458843994
1.1585488999444697,0.8700689724655293
1.3015710016583038,0.9089577530878012
1.4622490880091454,0.9385496142496167
1.6427627787184707,0.9600916863923498
1.8455607661325835,0.9750880146232439
2.0733940320616497,0.9850669658697052
2.329353165215711,0.9914117065124455
2.6169102854537,0.9952647639079849
2.9399661435534976,0.9974988560058965
3.3029030354176987,0.9987352308701718
3.710644248503383,0.9993880767323504
4.168720846874621,0.9997168896578698
4.683346700825936,0.9998748105420283
5.261502778863538,0.9999471150939107
5.911031845476362,0.9999786664450216
6.64074484928479,0.9999917852721878
7.4605404447366075,0.9999969816713106
8.381539268677866,0.999998942108753
9.416234793278331,0.9999996464213519
10.578662801651687,0.9999998873369399
11.884591785129816,0.9999999657849465
13.351736844955687,0.9999999900987153
15.0,0.9999999972703245
