SA(0.6s) [g],Loss_ratio
0.05000000000000001,4.103060749259084e-08
0.056172467201025755,1.1259264751239115e-07
0.06310692142900626,2.953726750439446e-07
0.07089742948257126,7.412207580510025e-07
0.07964967064493539,1.780614166023223e-06
0.08948237023750269,4.0987863187489204e-06
0.10052891014472326,9.051872120047651e-06
0.11293913815718663,1.920882584007851e-05
0.1268814006769336,3.924683776996209e-05
0.14254482635890514,7.739684335270756e-05
0.16014189166643014,0.00014776045065432897
0.17991130314285533,0.00027404839640098657
0.2021212354977168,0.0004956810135195871
0.2270729694325259,0.0008777715210524961
0.2551049785537617,0.0015272048005242555
0.28659752081259104,0.00261753671814763
0.3219777967548112,0.004425186625329807
0.36172574455336326,0.007377539978508462
0.4063805504338082,0.012109307570332201
0.45654796280755766,0.01951658655235597
0.5129085093300529,0.030789642071337185
0.5762267283493882,0.04739840663090224
0.6473615399712076,0.07100355235290963
0.7272778974247632,0.10327526255086532
0.8170598767824696,0.14562355060166815
0.9179253825967483,0.19887507752838077
1.0312426689380967,0.26296274340828973
1.1585488999444697,0.3367127213902661
1.3015710016583038,0.41780719785204834
1.4622490880091454,0.5029657210081737
1.6427627787184707,0.5883314132680465
1.8455607661325835,0.6699886448907013
2.0733940320616497,0.7444980111911301
2.329353165215711,0.809328462642936
2.6169102854537,0.863097608413145
2.9399661435534976,0.905587408620757
3.3029030354176987,0.9375627807617334
3.710644248503383,0.9604647817226979
4.168720846874621,0.9760663936508944
4.683346700825936,0.9861677596371317
5.261502778863538,0.9923786108200425
5.911031845476362,0.9960019158948539
6.64074484928479,0.9980056951710118
7.4605404447366075,0.9990552174630929
8.381539268677866,0.9995753873147492
9.416234793278331,0.9998191388090916
10.578662801651687,0.999927050810243
11.884591785129816,0.99997215660746
13.351736844955687,0.999989948279077
15.0,0.9999965686331633
