SA(1.0s) [g],Loss_ratio
0.05000000000000001,7.299104547440005e-08
0.056172467201025755,1.80096296905144e-07
0.06310692142900626,4.3229025396636685e-07
0.07089742948257126,1.0094948517102063e-06
0.07964967064493539,2.293586872413626e-06
0.08948237023750269,5.070318051424005e-06
0.10052891014472326,1.0906689348848773e-05
0.11293913815718663,2.283072971480534e-05
0.1268814006769336,4.651039028496579e-05
0.14254482635890514,9.221911279638053e-05
0.16014189166643014,0.0001779810024432869
0.17991130314285533,0.0003343898560260754
0.2021212354977168,0.0006116581257231558
0.2270729694325259,0.0010894194923364512
0.2551049785537617,0.001889611425009515
0.28659752081259104,0.00319232829553004
0.3219777967548112,0.005253809548857064
0.36172574455336326,0.008424716631810648
0.4063805504338082,0.013165658275096394
0.45654796280755766,0.020055771378142885
0.5129085093300529,0.02978940077991989
0.5762267283493882,0.04315596380747745
0.6473615399712076,0.060999318230475864
0.7272778974247632,0.08415557236763858
0.8170598767824696,0.11337213392845315
0.9179253825967483,0.14921528520355443
1.0312426689380967,0.19197765713548398
1.1585488999444697,0.2415993908102747
1.3015710016583038,0.29761644677560345
1.4622490880091454,0.3591460770458036
1.6427627787184707,0.42491363026374307
1.8455607661325835,0.49331838835253655
2.0733940320616497,0.5625311860115441
2.329353165215711,0.6306145262806442
2.6169102854537,0.695656386243168
2.9399661435534976,0.7559097339490175
3.3029030354176987,0.8099283976619297
3.710644248503383,0.8566855873436617
4.168720846874621,0.895656475696763
4.683346700825936,0.9268454726148538
5.261502778863538,0.950746011913231
5.911031845476362,0.9682355420199218
6.64074484928479,0.9804257249980186
7.4605404447366075,0.988499964386473
8.381539268677866,0.9935717358557039
9.416234793278331,0.9965875301614432
10.578662801651687,0.9982824503847013
11.884591785129816,0.999181572645997
13.351736844955687,0.99963126008763
15.0,0.9998430957179097
