SA(0.3s) [g],Loss_ratio
0.05000000000000001,7.956735567920229e-11
0.056172467201025755,2.1450968213175824e-10
0.06310692142900626,5.652337652626738e-10
0.07089742948257126,1.4558381029690842e-09
0.07964967064493539,3.6656455188266306e-09
0.08948237023750269,9.024192423474377e-09
0.10052891014472326,2.172608916453286e-08
0.11293913815718663,5.1168242932063994e-08
0.1268814006769336,1.1793454782111496e-07
0.14254482635890514,2.661549194712953e-07
0.16014189166643014,5.88539937731229e-07
0.17991130314285533,1.2762274362790128e-06
0.2021212354977168,2.7165457904907887e-06
0.2270729694325259,5.6821936947527385e-06
0.2551049785537617,1.1692674041604035e-05
0.28659752081259104,2.369556893293448e-05
0.3219777967548112,4.733045565466029e-05
0.36172574455336326,9.322755104080288e-05
0.4063805504338082,0.0001810838525365055
0.45654796280755766,0.0003466660431080674
0.5129085093300529,0.0006533835933623945
0.5762267283493882,0.0012105400416646428
0.6473615399712076,0.002200544190584454
0.7272778974247632,0.003916805188950425
0.8170598767824696,0.006812158838564431
0.9179253825967483,0.01155390738695852
1.0312426689380967,0.01907569088960448
1.1585488999444697,0.030609086284997054
1.3015710016583038,0.04767103141390306
1.4622490880091454,0.07198037366594756
1.6427627787184707,0.10528241811976416
1.8455607661325835,0.14907786659125116
2.0733940320616497,0.20428212734362944
2.329353165215711,0.27087675674500233
2.6169102854537,0.3476442198837269
2.9399661435534976,0.43208412836394666
3.3029030354176987,0.5205812072060153
3.710644248503383,0.6088324044128943
4.168720846874621,0.692459983487939
4.683346700825936,0.767669662110942
5.261502778863538,0.8317885328217431
5.911031845476362,0.8835510291565418
6.64074484928479,0.9230811885067359
7.4605404447366075,0.9516130403554403
8.381539268677866,0.971060351794702
9.416234793278331,0.9835684686417093
10.578662801651687,0.9911548338887535
11.884591785129816,0.9954911551900621
13.351736844955687,0.9978257883632352
15.0,0.9990091393754577
