SA(0.3s) [g],Loss_ratio
0.05000000000000001,6.13573327764404e-07
0.056172467201025755,1.26090817271066e-06
0.06310692142900626,2.51621619259161e-06
0.07089742948257126,4.876554897910417e-06
0.07964967064493539,9.180632146878096e-06
0.08948237023750269,1.6794392353145567e-05
0.10052891014472326,2.9866017459479373e-05
0.11293913815718663,5.1660907811025785e-05
0.1268814006769336,8.698494942718404e-05
0.14254482635890514,0.00014270610259759477
0.16014189166643014,0.00022839766541932
0.17991130314285533,0.0003571626875812493
0.2021212354977168,0.000546771242174432
0.2270729694325259,0.0008213620860333265
0.2551049785537617,0.0012141305604152662
0.28659752081259104,0.0017716305622308877
0.3219777967548112,0.0025605174326334738
0.36172574455336326,0.0036776724804121804
0.4063805504338082,0.005264563932707371
0.45654796280755766,0.007526274050773919
0.5129085093300529,0.010754724112126943
0.5762267283493882,0.015354181299119848
0.6473615399712076,0.021865184981357415
0.7272778974247632,0.030980837382449146
0.8170598767824696,0.0435474723785834
0.9179253825967483,0.060540797201746814
1.0312426689380967,0.08300957473948155
1.1585488999444697,0.1119825419044094
1.3015710016583038,0.1483408320125859
1.4622490880091454,0.1926671227911121
1.6427627787184707,0.2450924063362152
1.8455607661325835,0.30516900565989263
2.0733940320616497,0.371801137481555
2.329353165215711,0.44325942017339626
2.6169102854537,0.5172925167520945
2.9399661435534976,0.5913295273259682
3.3029030354176987,0.6627454355740292
3.710644248503383,0.7291450473211001
4.168720846874621,0.7886140781930412
4.683346700825936,0.839892214073401
5.261502778863538,0.8824407824812296
5.911031845476362,0.9164019041958118
6.64074484928479,0.9424693534173755
7.4605404447366075,0.9617072192812142
8.381539268677866,0.9753572312885719
9.416234793278331,0.9846696767120385
10.578662801651687,0.9907798724746008
11.884591785129816,0.9946372503802438
13.351736844955687,0.9969817440202929
15.0,0.998354834026281
