SA(0.6s) [g],Complete_damage
0.05000000000000001,6.677374242425316e-08
0.056172467201025755,1.4009316606777844e-07
0.06310692142900626,2.8857748979316256e-07
0.07089742948257126,5.836521597135658e-07
0.07964967064493539,1.159056365662714e-06
0.08948237023750269,2.260098471595917e-06
0.10052891014472326,4.3274990417785375e-06
0.11293913815718663,8.136711180606326e-06
0.1268814006769336,1.502379749329652e-05
0.14254482635890514,2.724251838581715e-05
0.16014189166643014,4.851439617958864e-05
0.17991130314285533,8.485363227939136e-05
0.2021212354977168,0.00014577023151873814
0.2270729694325259,0.000245974313020203
0.2551049785537617,0.0004077171623556586
0.28659752081259104,0.0006639027512381768
0.3219777967548112,0.0010620779830428084
0.36172574455336326,0.0016693506543389303
0.4063805504338082,0.002578181781922151
0.45654796280755766,0.003912847849892209
0.5129085093300529,0.005836169962015414
0.5762267283493882,0.008555872573348444
0.6473615399712076,0.012329689330118132
0.7272778974247632,0.017468116477183382
0.8170598767824696,0.024333575992922407
0.9179253825967483,0.03333474750204213
1.0312426689380967,0.044915012268541
1.1585488999444697,0.05953435922557493
1.3015710016583038,0.07764473639545022
1.4622490880091454,0.0996596537753589
1.6427627787184707,0.1259197717281174
1.8455607661325835,0.15665711569157725
2.0733940320616497,0.19196128990889427
2.329353165215711,0.2317514638252386
2.6169102854537,0.2757578473510076
2.9399661435534976,0.3235157874140401
3.3029030354176987,0.3743745230894674
3.710644248503383,0.42752113717869156
4.168720846874621,0.482018528299036
4.683346700825936,0.5368545441625028
5.261502778863538,0.590998021479735
5.911031845476362,0.6434565936184576
6.64074484928479,0.6933308984493867
7.4605404447366075,0.7398602835313643
8.381539268677866,0.7824561872642377
9.416234793278331,0.820720897113959
10.578662801651687,0.8544511093240736
11.884591785129816,0.8836273800858527
13.351736844955687,0.9083919358836614
15.0,0.9290182370592988
