SA(0.6s) [g],Complete_damage
0.05000000000000001,4.588456503640259e-09
0.056172467201025755,1.0254325388814323e-08
0.06310692142900626,2.249798081166432e-08
0.07089742948257126,4.84602394879019e-08
0.07964967064493539,1.0248099691079204e-07
0.08948237023750269,2.127785048156028e-07
0.10052891014472326,4.3376085256952024e-07
0.11293913815718663,8.682073854293648e-07
0.1268814006769336,1.706319219918484e-06
0.14254482635890514,3.292871951887655e-06
0.16014189166643014,6.239965795629132e-06
0.17991130314285533,1.1611772165243117e-05
0.2021212354977168,2.1219787319948225e-05
0.2270729694325259,3.808275345518197e-05
0.2551049785537617,6.71243995441495e-05
0.28659752081259104,0.00011620337351170296
0.3219777967548112,0.00019759068813940406
0.36172574455336326,0.0003300263583505547
0.4063805504338082,0.0005414922121513843
0.45654796280755766,0.0008728235849909671
0.5129085093300529,0.0013822388020234833
0.5762267283493882,0.002150782069362256
0.6473615399712076,0.0032885450405091277
0.7272778974247632,0.004941352797898091
0.8170598767824696,0.007297378222740791
0.9179253825967483,0.010592903862235659
1.0312426689380967,0.015116215572392178
1.1585488999444697,0.021208433727914033
1.3015710016583038,0.029260020750226934
1.4622490880091454,0.039701803608192754
1.6427627787184707,0.05298966080451217
1.8455607661325835,0.06958256404624907
2.0733940320616497,0.08991441646732734
2.329353165215711,0.1143610274214728
2.6169102854537,0.14320449847148886
2.9399661435534976,0.17659812125426622
3.3029030354176987,0.21453544651648992
3.710644248503383,0.25682733115357814
4.168720846874621,0.3030904100033256
4.683346700825936,0.3527495495197214
5.261502778863538,0.4050554898587194
5.911031845476362,0.45911722816468725
6.64074484928479,0.5139469656043038
7.4605404447366075,0.5685138924284576
8.381539268677866,0.6218019626583442
9.416234793278331,0.6728662951070751
10.578662801651687,0.7208830152689462
11.884591785129816,0.7651881937226879
13.351736844955687,0.8053029032809373
15.0,0.8409430903763271
