SA(0.6s) [g],Loss_ratio
0.05000000000000001,9.153444846642745e-09
0.056172467201025755,3.173114351438734e-08
0.06310692142900626,1.0463282347558505e-07
0.07089742948257126,3.265490584915262e-07
0.07964967064493539,9.615895695700407e-07
0.08948237023750269,2.667284915708166e-06
0.10052891014472326,6.9650820625441144e-06
0.11293913815718663,1.7126819975924547e-05
0.1268814006769336,3.969997787743839e-05
0.14254482635890514,8.691891590212276e-05
0.16014189166643014,0.00018027808212223994
0.17991130314285533,0.00035572731355626566
0.2021212354977168,0.0006716271593094941
0.2270729694325259,0.001222244534778753
0.2551049785537617,0.002162459100910506
0.28659752081259104,0.0037529219843771017
0.3219777967548112,0.006436916550227798
0.36172574455336326,0.010956297835754993
0.4063805504338082,0.018498785414508605
0.45654796280755766,0.03083960908253093
0.5129085093300529,0.05040209068189899
0.5762267283493882,0.08013206805515136
0.6473615399712076,0.12308934602092268
0.7272778974247632,0.18173276370098385
0.8170598767824696,0.25701497847498267
0.9179253825967483,0.3475620036074926
1.0312426689380967,0.44930037406463685
1.1585488999444697,0.5558213963699725
1.3015710016583038,0.6595173909655472
1.4622490880091454,0.753185507183855
1.6427627787184707,0.8315518513884819
1.8455607661325835,0.8921777170227949
2.0733940320616497,0.9354833965986199
2.329353165215711,0.9640104039068331
2.6169102854537,0.9813233933102707
2.9399661435534976,0.9909974056793905
3.3029030354176987,0.9959728665968427
3.710644248503383,0.9983285449356895
4.168720846874621,0.9993559647780489
4.683346700825936,0.9997692958921149
5.261502778863538,0.9999229911951688
5.911031845476362,0.9999759694768346
6.64074484928479,0.9999929619770306
7.4605404447366075,0.9999980568269454
8.381539268677866,0.9999994920782254
9.416234793278331,0.9999998738744117
10.578662801651687,0.9999999701872219
11.884591785129816,0.9999999932903234
13.351736844955687,0.9999999985642132
15.0,0.9999999997086294
