SA(1.0s) [g],Complete_damage
0.05000000000000001,3.202249576617078e-11
0.056172467201025755,8.194545042528034e-11
0.06310692142900626,2.0559332014613574e-10
0.07089742948257126,5.057270158204119e-10
0.07964967064493539,1.2197041154848876e-09
0.08948237023750269,2.8842467303391572e-09
0.10052891014472326,6.687425946338976e-09
0.11293913815718663,1.5203510006500665e-08
0.1268814006769336,3.3892007311742134e-08
0.14254482635890514,7.408498059469082e-08
0.16014189166643014,1.5880132819834358e-07
0.17991130314285533,3.3379633967989264e-07
0.2021212354977168,6.880590897040406e-07
0.2270729694325259,1.390915658316949e-06
0.2551049785537617,2.757540601194819e-06
0.28659752081259104,5.361735079478791e-06
0.3219777967548112,1.0225123304841155e-05
0.36172574455336326,1.9126269554248232e-05
0.4063805504338082,3.509220704045468e-05
0.45654796280755766,6.315845896909256e-05
0.5129085093300529,0.00011151062537684275
0.5762267283493882,0.0001931479933954261
0.6473615399712076,0.0003282318983298671
0.7272778974247632,0.0005472902359445753
0.8170598767824696,0.0008954331434913865
0.9179253825967483,0.0014376798382669254
1.0312426689380967,0.0022653892335966486
1.1585488999444697,0.003503616829505285
1.3015710016583038,0.005318984959544193
1.4622490880091454,0.007927363271693522
1.6427627787184707,0.011600339439746143
1.8455607661325835,0.01666916454689915
2.0733940320616497,0.023524649452343893
2.329353165215711,0.032611444569
2.6169102854537,0.04441533001657083
2.9399661435534976,0.05944262934991995
3.3029030354176987,0.07819165039769971
3.710644248503383,0.10111710575348476
4.168720846874621,0.12858966162019203
4.683346700825936,0.16085393478040588
5.261502778863538,0.1979891920845538
5.911031845476362,0.2398774909948458
6.64074484928479,0.28618386222497605
7.4605404447366075,0.3363522928817614
8.381539268677866,0.3896197575638789
9.416234793278331,0.44504853288409696
10.578662801651687,0.5015747974141715
11.884591785129816,0.5580694103644357
13.351736844955687,0.6134051266701037
15.0,0.6665236241010286
