SA(0.3s) [g],Loss_ratio
0.05000000000000001,5.0538180179304415e-05
0.056172467201025755,7.917489954123104e-05
0.06310692142900626,0.00012286138635678537
0.07089742948257126,0.0001887580304451009
0.07964967064493539,0.0002869834222764975
0.08948237023750269,0.0004316073362120129
0.10052891014472326,0.0006418958469108431
0.11293913815718663,0.0009438725280106194
0.1268814006769336,0.0013723016409848744
0.14254482635890514,0.0019732688102879806
0.16014189166643014,0.0028076337024677553
0.17991130314285533,0.0039557471050110996
0.2021212354977168,0.005523930501717364
0.2270729694325259,0.007653251590234043
0.2551049785537617,0.010531007834361186
0.28659752081259104,0.014404947687292849
0.3219777967548112,0.01959951964565494
0.36172574455336326,0.026532300539864637
0.4063805504338082,0.035727286967585585
0.45654796280755766,0.047820178617341474
0.5129085093300529,0.06354958015986299
0.5762267283493882,0.0837278055397266
0.6473615399712076,0.10918632908766289
0.7272778974247632,0.1406943493935951
0.8170598767824696,0.17885440432013022
0.9179253825967483,0.22398578058130028
1.0312426689380967,0.27601310438455984
1.1585488999444697,0.3343819336522367
1.3015710016583038,0.3980233461809886
1.4622490880091454,0.46538413702601034
1.6427627787184707,0.5345284738199694
1.8455607661325835,0.6033026749651824
2.0733940320616497,0.6695406215701969
2.329353165215711,0.7312771626331087
2.6169102854537,0.7869338948525275
2.9399661435534976,0.8354470771234055
3.3029030354176987,0.8763198424093723
3.710644248503383,0.909596839268584
4.168720846874621,0.9357745748113674
4.683346700825936,0.9556711987988449
5.261502778863538,0.9702831798313256
5.911031845476362,0.9806534098994141
6.64074484928479,0.9877677037161767
7.4605404447366075,0.9924872969660948
8.381539268677866,0.9955164825828637
9.416234793278331,0.9973987062628615
10.578662801651687,0.9985318192440612
11.884591785129816,0.9991933038060421
13.351736844955687,0.9995681458281116
15.0,0.999774558139173
