SA(0.3s) [g],Loss_ratio
0.05000000000000001,1.8654355787270935e-08
0.056172467201025755,4.3610885041816513e-08
0.06310692142900626,9.96856907877767e-08
0.07089742948257126,2.2280518754577393e-07
0.07964967064493539,4.869769873210092e-07
0.08948237023750269,1.0409337580594294e-06
0.10052891014472326,2.1762772615916536e-06
0.11293913815718663,4.450713403773311e-06
0.1268814006769336,8.904672558315207e-06
0.14254482635890514,1.7431150776642456e-05
0.16014189166643014,3.338842617792561e-05
0.17991130314285533,6.258375642340631e-05
0.2021212354977168,0.00011480119649291772
0.2270729694325259,0.00020609207898450972
0.2551049785537617,0.00036208033760719483
0.28659752081259104,0.0006225378680582156
0.3219777967548112,0.0010474335998673057
0.36172574455336326,0.0017245307905308022
0.4063805504338082,0.002778388839095786
0.45654796280755766,0.004380333422636482
0.5129085093300529,0.006758645748858165
0.5762267283493882,0.010207982523896727
0.6473615399712076,0.015096985975743046
0.7272778974247632,0.021873254910403664
0.8170598767824696,0.031065277383613372
0.9179253825967483,0.04328131117015061
1.0312426689380967,0.05920502463448869
1.1585488999444697,0.07958632849791555
1.3015710016583038,0.10522282958624196
1.4622490880091454,0.1369231792876609
1.6427627787184707,0.1754402206101834
1.8455607661325835,0.22136273911266463
2.0733940320616497,0.2749635857211794
2.329353165215711,0.33602040400021926
2.6169102854537,0.4036492093111721
2.9399661435534976,0.47621023137798263
3.3029030354176987,0.5513461815241627
3.710644248503383,0.6261863538144214
4.168720846874621,0.6976992271146057
4.683346700825936,0.7631199992263988
5.261502778863538,0.8203439296126956
5.911031845476362,0.8681810200023096
6.64074484928479,0.906412872113818
7.4605404447366075,0.9356583929154172
8.381539268677866,0.9571118412936442
9.416234793278331,0.9722421083320998
10.578662801651687,0.9825316508556162
11.884591785129816,0.9892997460181501
13.351736844955687,0.9936171917431104
15.0,0.9962933410214811
