SA(0.6s) [g],Loss_ratio
0.05000000000000001,4.325834250198319e-05
0.056172467201025755,7.199711807463013e-05
0.06310692142900626,0.00011808096372100763
0.07089742948257126,0.0001908453632461482
0.07964967064493539,0.00030397593713273047
0.08948237023750269,0.0004771704656351212
0.10052891014472326,0.0007382582877972148
0.11293913815718663,0.0011258265218159354
0.1268814006769336,0.0016923798417095197
0.14254482635890514,0.002508035748808209
0.16014189166643014,0.0036647484494576137
0.17991130314285533,0.0052810980675147765
0.2021212354977168,0.00750783707802163
0.2270729694325259,0.010534725613764515
0.2551049785537617,0.01459975937752931
0.28659752081259104,0.020002630605950575
0.3219777967548112,0.027124837851795973
0.36172574455336326,0.03645854675057047
0.4063805504338082,0.048643973627035195
0.45654796280755766,0.06450955834548401
0.5129085093300529,0.08510023397697566
0.5762267283493882,0.11166859670525385
0.6473615399712076,0.14559679091278155
0.7272778974247632,0.18822102761226436
0.8170598767824696,0.24055262947759481
0.9179253825967483,0.302929770015411
1.0312426689380967,0.3746818018729734
1.1585488999444697,0.45392140021990623
1.3015710016583038,0.5375743892867049
1.4622490880091454,0.6217010080183034
1.6427627787184707,0.7020680132695158
1.8455607661325835,0.7748353600289575
2.0733940320616497,0.8371691909703596
2.329353165215711,0.8876125452054779
2.6169102854537,0.9261300569596235
2.9399661435534976,0.9538542585797924
3.3029030354176987,0.9726496048110242
3.710644248503383,0.9846427325137072
4.168720846874621,0.9918413800358031
4.683346700825936,0.9959038253488055
5.261502778863538,0.9980583615945818
5.911031845476362,0.9991318210600661
6.64074484928479,0.9996340934278461
7.4605404447366075,0.9998547353281454
8.381539268677866,0.9999457097844452
9.416234793278331,0.999980909061852
10.578662801651687,0.9999936864305156
11.884591785129816,0.999998037161574
13.351736844955687,0.9999994265505968
15.0,0.9999998426153381
