SA(0.6s) [g],Loss_ratio
0.05000000000000001,3.480018141670845e-05
0.056172467201025755,5.81013845706468e-05
0.06310692142900626,9.5713950691881e-05
0.07089742948257126,0.00015562902974210744
0.07964967064493539,0.00024983556237382444
0.08948237023750269,0.00039604394953488654
0.10052891014472326,0.0006199677285255391
0.11293913815718663,0.0009582147919473206
0.1268814006769336,0.0014617646438299606
0.14254482635890514,0.002199913158516356
0.16014189166643014,0.003264499271951108
0.17991130314285533,0.004774274833805961
0.2021212354977168,0.006879546984642533
0.2270729694325259,0.009767793656633442
0.2551049785537617,0.013671803491297433
0.28659752081259104,0.018882793872409088
0.3219777967548112,0.025771396689683573
0.36172574455336326,0.034818545440400014
0.4063805504338082,0.04665516258394121
0.45654796280755766,0.06210341168369948
0.5129085093300529,0.0822034606046443
0.5762267283493882,0.10820049681794927
0.6473615399712076,0.14146194818252578
0.7272778974247632,0.18330095780409456
0.8170598767824696,0.2347043015586518
0.9179253825967483,0.2960003835497817
1.0312426689380967,0.36654527689735084
1.1585488999444697,0.4445326252671701
1.3015710016583038,0.527025898360199
1.4622490880091454,0.6102594796292967
1.6427627787184707,0.6901701714095019
1.8455607661325835,0.7630355235281513
2.0733940320616497,0.8260490189285381
2.329353165215711,0.8776788816351461
2.6169102854537,0.9177316310678489
2.9399661435534976,0.9471401792272998
3.3029030354176987,0.9675763924426894
3.710644248503383,0.9810200143656846
4.168720846874621,0.9893963407608958
4.683346700825936,0.994343729879972
5.261502778863538,0.9971169184076089
5.911031845476362,0.9985942784443314
6.64074484928479,0.9993435378476778
7.4605404447366075,0.9997059777462424
8.381539268677866,0.9998735317410806
9.416234793278331,0.9999477005618901
10.578662801651687,0.9999791904752913
11.884591785129816,0.9999920306723121
13.351736844955687,0.9999970629369161
15.0,0.9999989589277154
