SA(0.6s) [g],Loss_ratio
0.05000000000000001,5.879933633893272e-14
0.056172467201025755,2.931085145460238e-13
0.06310692142900626,1.406065544566926e-12
0.07089742948257126,6.4746477229028225e-12
0.07964967064493539,2.855855226672828e-11
0.08948237023750269,1.2050209071233897e-10
0.10052891014472326,4.859949527805081e-10
0.11293913815718663,1.8724990776205715e-09
0.1268814006769336,6.890113098552412e-09
0.14254482635890514,2.4208428666832364e-08
0.16014189166643014,8.120879409631773e-08
0.17991130314285533,2.6009060519250446e-07
0.2021212354977168,7.95318632966116e-07
0.2270729694325259,2.322087105880073e-06
0.2551049785537617,6.474051995642489e-06
0.28659752081259104,1.7237953653107496e-05
0.3219777967548112,4.383995682952946e-05
0.36172574455336326,0.00010651336198378991
0.4063805504338082,0.0002472718358736079
0.45654796280755766,0.0005486335037979635
0.5129085093300529,0.0011637046552601222
0.5762267283493882,0.0023604177711790534
0.6473615399712076,0.004580082543605958
0.7272778974247632,0.008504946273202335
0.8170598767824696,0.015121178385331212
0.9179253825967483,0.025754197480250783
1.0312426689380967,0.042046178727030266
1.1585488999444697,0.0658460170299178
1.3015710016583038,0.09899463898956583
1.4622490880091454,0.14301466857743006
1.6427627787184707,0.1987484532388523
1.8455607661325835,0.26602143525681465
2.0733940320616497,0.343424617048509
2.329353165215711,0.42829887376232123
2.6169102854537,0.5169624651131544
2.9399661435534976,0.6051607126751235
3.3029030354176987,0.6886527976103932
3.710644248503383,0.7638073092553307
4.168720846874621,0.8280719284635037
4.683346700825936,0.8802170367642781
5.261502778863538,0.9203169067237095
5.911031845476362,0.9495034363007111
6.64074484928479,0.9695818604045372
7.4605404447366075,0.9826187307606314
8.381539268677866,0.9905970003609996
9.416234793278331,0.9951926782150089
10.578662801651687,0.9976811824961015
11.884591785129816,0.9989463643998103
13.351736844955687,0.9995496328469465
15.0,0.9998191397190404
