SA(0.6s) [g],Loss_ratio
0.05000000000000001,2.0172746641816574e-06
0.056172467201025755,4.054937856956437e-06
0.06310692142900626,7.958885870810963e-06
0.07089742948257126,1.5217853226501913e-05
0.07964967064493539,2.8297258278372316e-05
0.08948237023750269,5.111234621809505e-05
0.10052891014472326,8.962208370471528e-05
0.11293913815718663,0.00015251978746449739
0.1268814006769336,0.00025197698346534497
0.14254482635890514,0.00040439893851003134
0.16014189166643014,0.0006312003791623372
0.17991130314285533,0.0009597379770984907
0.2021212354977168,0.001424764866537558
0.2270729694325259,0.0020711026399153456
0.2551049785537617,0.0029586210300544674
0.28659752081259104,0.0041709858445494975
0.3219777967548112,0.005829831165777961
0.36172574455336326,0.008115819813833478
0.4063805504338082,0.011297218780434808
0.45654796280755766,0.01576488075913842
0.5129085093300529,0.022069744640882023
0.5762267283493882,0.030955278896885208
0.6473615399712076,0.043373304469452575
0.7272778974247632,0.060468589761414115
0.8170598767824696,0.08351732076392074
0.9179253825967483,0.11380896710395033
1.0312426689380967,0.1524714374223627
1.1585488999444697,0.2002552105274884
1.3015710016583038,0.25731019946750877
1.4622490880091454,0.3230037727675379
1.6427627787184707,0.39583283996438395
1.8455607661325835,0.47347201528799066
2.0733940320616497,0.5529729873358475
2.329353165215711,0.631093042757255
2.6169102854537,0.7046943454836326
2.9399661435534976,0.7711328340288404
3.3029030354176987,0.8285555677748238
3.710644248503383,0.8760491241584103
4.168720846874621,0.9136213464493393
4.683346700825936,0.9420406701981126
5.261502778863538,0.9625877016332525
5.911031845476362,0.9767844924218603
6.64074484928479,0.9861579904123383
7.4605404447366075,0.9920722546172219
8.381539268677866,0.9956389251511605
9.416234793278331,0.9976954312624674
10.578662801651687,0.9988297025666534
11.884591785129816,0.9994285563293862
13.351736844955687,0.9997314760009879
15.0,0.9998784419490718
