SA(1.0s) [g],Complete_damage
0.05000000000000001,3.69006571965258e-08
0.056172467201025755,6.547216713226334e-08
0.06310692142900626,1.1495023888308253e-07
0.07089742948257126,1.9970933773372224e-07
0.07964967064493539,3.433422243181994e-07
0.08948237023750269,5.84119470015132e-07
0.10052891014472326,9.833934363490116e-07
0.11293913815718663,1.6383621365134715e-06
0.1268814006769336,2.7011928626086146e-06
0.14254482635890514,4.407281776752647e-06
0.16014189166643014,7.1164328754314e-06
0.17991130314285533,1.1372013311916618e-05
0.2021212354977168,1.798470676994679e-05
0.2270729694325259,2.8149346514405593e-05
0.2551049785537617,4.3605435387727987e-05
0.28659752081259104,6.685427271002631e-05
0.3219777967548112,0.00010144796275468604
0.36172574455336326,0.00015236774781834939
0.4063805504338082,0.0002265107651554521
0.45654796280755766,0.0003333050408838023
0.5129085093300529,0.00048547177481461645
0.5762267283493882,0.0006999511278638071
0.6473615399712076,0.00099900215049753
0.7272778974247632,0.0014114785676184738
0.8170598767824696,0.0019742693642262887
0.9179253825967483,0.0027338762337637545
1.0312426689380967,0.003748079057471987
1.1585488999444697,0.005087616271085005
1.3015710016583038,0.0068377804408740195
1.4622490880091454,0.009099802482367747
1.6427627787184707,0.011991873253110241
1.8455607661325835,0.01564963186017765
2.0733940320616497,0.02022593945465334
2.329353165215711,0.025889759125553358
2.6169102854537,0.032823980005121434
2.9399661435534976,0.04122205928581857
3.3029030354176987,0.0512834106301463
3.710644248503383,0.06320754074350976
4.168720846874621,0.0771870248663925
4.683346700825936,0.09339951154542281
5.261502778863538,0.11199905003586907
5.911031845476362,0.13310713111575145
6.64074484928479,0.1568039139920847
7.4605404447366075,0.18312016835922706
8.381539268677866,0.212030482642396
9.416234793278331,0.24344827042247053
10.578662801651687,0.277223043722312
11.884591785129816,0.31314031507917295
13.351736844955687,0.35092434543547224
15.0,0.39024378146318295
