SA(1.0s) [g],Complete_damage
0.05000000000000001,1.729557643770363e-07
0.056172467201025755,2.986180053232701e-07
0.06310692142900626,5.101707775123643e-07
0.07089742948257126,8.624607060747636e-07
0.07964967064493539,1.442756367375786e-06
0.08948237023750269,2.388266115982418e-06
0.10052891014472326,3.912144441287069e-06
0.11293913815718663,6.341562015621527e-06
0.1268814006769336,1.0172645744765951e-05
0.14254482635890514,1.6148620010758563e-05
0.16014189166643014,2.5369309468392665e-05
0.17991130314285533,3.944227671737188e-05
0.2021212354977168,6.068819781668289e-05
0.2270729694325259,9.241549376615144e-05
0.2551049785537617,0.0001392815236284095
0.28659752081259104,0.00020775949433016194
0.3219777967548112,0.00030673123584279427
0.36172574455336326,0.0004482256051626665
0.4063805504338082,0.0006483199064580836
0.45654796280755766,0.0009282166855322238
0.5129085093300529,0.0013154999243213394
0.5762267283493882,0.0018455624771539503
0.6473615399712076,0.0025631802218375466
0.7272778974247632,0.0035241878581504515
0.8170598767824696,0.004797187067692055
0.9179253825967483,0.006465190947040345
1.0312426689380967,0.008627081018631744
1.1585488999444697,0.011398727189078861
1.3015710016583038,0.014913599869477268
1.4622490880091454,0.019322690650484753
1.6427627787184707,0.024793557139166533
1.8455607661325835,0.03150832225831468
2.0733940320616497,0.03966049117679382
2.329353165215711,0.04945050150356334
2.6169102854537,0.061079994097036905
2.9399661435534976,0.07474488033082527
3.3029030354176987,0.09062738210106747
3.710644248503383,0.10888732618645669
4.168720846874621,0.129653075829395
4.683346700825936,0.15301256946205843
5.261502778863538,0.17900499900785216
5.911031845476362,0.20761368874546182
6.64074484928479,0.23876072309171947
7.4605404447366075,0.2723038138858579
8.381539268677866,0.3080357950240443
9.416234793278331,0.34568698936077635
10.578662801651687,0.38493051892546537
11.884591785129816,0.42539043782461905
13.351736844955687,0.4666523735405451
15.0,0.5082761836544707
