SA(0.6s) [g],Loss_ratio
0.05000000000000001,2.775211944573461e-07
0.056172467201025755,4.958280646714309e-07
0.06310692142900626,8.820271941929154e-07
0.07089742948257126,1.5691220503859388e-06
0.07964967064493539,2.8079038954701525e-06
0.08948237023750269,5.0885016684058425e-06
0.10052891014472326,9.398299283239993e-06
0.11293913815718663,1.7762944859903334e-05
0.1268814006769336,3.4351610580761946e-05
0.14254482635890514,6.765213571500344e-05
0.16014189166643014,0.00013456115371326236
0.17991130314285533,0.00026768501141215685
0.2021212354977168,0.0005276368731316623
0.2270729694325259,0.0010224533965998413
0.2551049785537617,0.0019360961132578994
0.28659752081259104,0.0035668692530129616
0.3219777967548112,0.006373992037630731
0.36172574455336326,0.011026284586319123
0.4063805504338082,0.018441366242723547
0.45654796280755766,0.029798281213593757
0.5129085093300529,0.04650341167175574
0.5762267283493882,0.0700917690477436
0.6473615399712076,0.1020555241779777
0.7272778974247632,0.14360913558353844
0.8170598767824696,0.19542260351891738
0.9179253825967483,0.2573748189308012
1.0312426689380967,0.328389520257399
1.1585488999444697,0.40641012234778257
1.3015710016583038,0.48854447579660715
1.4622490880091454,0.5713712015765776
1.6427627787184707,0.6513567548582936
1.8455607661325835,0.7253007316566703
2.0733940320616497,0.7907174740294793
2.329353165215711,0.8460786588543032
2.6169102854537,0.8908788506101182
2.9399661435534976,0.9255312997354784
3.3029030354176987,0.9511398384050209
3.710644248503383,0.9692135492359265
4.168720846874621,0.9813904271484991
4.683346700825936,0.989218708705754
5.261502778863538,0.9940188891097346
5.911031845476362,0.9968251789478545
6.64074484928479,0.9983887591563303
7.4605404447366075,0.999218716750767
8.381539268677866,0.9996382655321018
9.416234793278331,0.9998401720645672
10.578662801651687,0.9999326457661118
11.884591785129816,0.999972940929191
13.351736844955687,0.9999896414276511
15.0,0.9999962230185407
