SA(0.6s) [g],Loss_ratio
0.05000000000000001,1.998279913135478e-05
0.056172467201025755,3.7080233677188253e-05
0.06310692142900626,6.680069844640603e-05
0.07089742948257126,0.00011688941969507408
0.07964967064493539,0.00019884959218415194
0.08948237023750269,0.0003293369345672779
0.10052891014472326,0.00053206210460815
0.11293913815718663,0.0008405655756604075
0.1268814006769336,0.0013025202268602725
0.14254482635890514,0.0019865954751420146
0.16014189166643014,0.002993299152484418
0.17991130314285533,0.004471422826647015
0.2021212354977168,0.006641477267960878
0.2270729694325259,0.009826478227523822
0.2551049785537617,0.014488324758956356
0.28659752081259104,0.021264704502288276
0.3219777967548112,0.030997288532624095
0.36172574455336326,0.04473788882429523
0.4063805504338082,0.06371685915779794
0.45654796280755766,0.08925936157575952
0.5129085093300529,0.12264201043015972
0.5762267283493882,0.16489546080744116
0.6473615399712076,0.2165761353698742
0.7272778974247632,0.277548179790578
0.8170598767824696,0.34682847553933227
0.9179253825967483,0.4225465285520247
1.0312426689380967,0.5020534685453528
1.1585488999444697,0.5821819025346577
1.3015710016583038,0.6596190649426827
1.4622490880091454,0.7313221617377736
1.6427627787184707,0.7948894188630234
1.8455607661325835,0.8488099108269944
2.0733940320616497,0.8925474366716154
2.329353165215711,0.9264575659928675
2.6169102854537,0.9515774369142952
2.9399661435534976,0.9693521754330302
3.3029030354176987,0.981364435117463
3.710644248503383,0.9891175994855852
4.168720846874621,0.993897627148544
4.683346700825936,0.9967135439736106
5.261502778863538,0.9982994407987741
5.911031845476362,0.9991539585204484
6.64074484928479,0.9995949104451171
7.4605404447366075,0.9998130996127597
8.381539268677866,0.9999167833325193
9.416234793278331,0.9999641850623217
10.578662801651687,0.9999850750873157
11.884591785129816,0.9999939679868156
13.351736844955687,0.9999976322887094
15.0,0.9999990964207535
