SA(1.0s) [g],Complete_damage
0.05000000000000001,5.311306949806749e-13
0.056172467201025755,2.2272184097005265e-12
0.06310692142900626,8.979372800865804e-12
0.07089742948257126,3.4805824888906045e-11
0.07964967064493539,1.2972034557634515e-10
0.08948237023750269,4.648714746480209e-10
0.10052891014472326,1.6019506832165575e-09
0.11293913815718663,5.308610218079934e-09
0.1268814006769336,1.6918199730042716e-08
0.14254482635890514,5.185583340505673e-08
0.16014189166643014,1.5287709320688236e-07
0.17991130314285533,4.335335113125893e-07
0.2021212354977168,1.1827033741251824e-06
0.2270729694325259,3.1041527800423907e-06
0.2551049785537617,7.839165475753695e-06
0.28659752081259104,1.9050493995087514e-05
0.3219777967548112,4.455617569121273e-05
0.36172574455336326,0.00010030823326823146
0.4063805504338082,0.00021740075141307713
0.45654796280755766,0.00045368884515439856
0.5129085093300529,0.0009118298201313824
0.5762267283493882,0.0017653252229103966
0.6473615399712076,0.003293060583116958
0.7272778974247632,0.0059205447118805266
0.8170598767824696,0.010262418766442849
0.9179253825967483,0.017156233475505323
1.0312426689380967,0.02767312419821666
1.1585488999444697,0.04308872955581455
1.3015710016583038,0.06479970627826392
1.4622490880091454,0.09417916392061465
1.6427627787184707,0.1323783308281954
1.8455607661325835,0.1800993570046493
2.0733940320616497,0.23738047341087465
2.329353165215711,0.30344358619826384
2.6169102854537,0.3766505651689571
2.9399661435534976,0.4545962099616442
3.3029030354176987,0.5343363794025693
3.710644248503383,0.6127169446179856
4.168720846874621,0.6867431623547132
4.683346700825936,0.7539183129873839
5.261502778863538,0.8124886380435044
5.911031845476362,0.8615559745882211
6.64074484928479,0.9010519785806665
7.4605404447366075,0.9315983483752874
8.381539268677866,0.9542976118362958
9.416234793278331,0.9705048707832545
10.578662801651687,0.9816235434165204
11.884591785129816,0.9889524940474845
13.351736844955687,0.9935941829899219
15.0,0.9964187738542578
