SA(1.0s) [g],Complete_damage
0.05000000000000001,1.6431300764452317e-14
0.056172467201025755,8.060219158778636e-14
0.06310692142900626,3.7903014060702844e-13
0.07089742948257126,1.7079671010833408e-12
0.07964967064493539,7.373879284955365e-12
0.08948237023750269,3.0499824887897375e-11
0.10052891014472326,1.2086531775423737e-10
0.11293913815718663,4.589161273216291e-10
0.1268814006769336,1.6696194427012756e-09
0.14254482635890514,5.820784854115857e-09
0.16014189166643014,1.9447125132465715e-08
0.17991130314285533,6.226899484929049e-08
0.2021212354977168,1.9110271531896927e-07
0.2270729694325259,5.621859189286482e-07
0.2551049785537617,1.5854580965868337e-06
0.28659752081259104,4.286861465918612e-06
0.3219777967548112,1.1114434952941288e-05
0.36172574455336326,2.763489990942336e-05
0.4063805504338082,6.590480072665716e-05
0.45654796280755766,0.00015077824666265283
0.5129085093300529,0.000330982895606291
0.5762267283493882,0.0006972855120522814
0.6473615399712076,0.0014101289093324532
0.7272778974247632,0.0027382219979117384
0.8170598767824696,0.0051071036225487365
0.9179253825967483,0.009152292730085554
1.0312426689380967,0.015765544925090524
1.1585488999444697,0.02611630570791057
1.3015710016583038,0.04162626018853888
1.4622490880091454,0.06387625735529812
1.6427627787184707,0.09443466288751357
1.8455607661325835,0.13461492896138227
2.0733940320616497,0.18519464621054538
2.329353165215711,0.24615135720323678
2.6169102854537,0.3164825933773867
2.9399661435534976,0.39417107168755894
3.3029030354176987,0.47632846441428733
3.710644248503383,0.5595083594705668
4.168720846874621,0.6401337400628706
4.683346700825936,0.7149518732732425
5.261502778863538,0.7814215575628825
5.911031845476362,0.8379571550572988
6.64074484928479,0.883993616030222
7.4605404447366075,0.9198827836111543
8.381539268677866,0.9466686857138775
9.416234793278331,0.9658081826219168
10.578662801651687,0.9789010873208607
11.884591785129816,0.9874758602896457
13.351736844955687,0.9928522440700429
15.0,0.9960795398058302
