SA(0.3s) [g],Loss_ratio
0.05000000000000001,9.801690555803162e-10
0.056172467201025755,2.745923565602383e-09
0.06310692142900626,7.424022435610775e-09
0.07089742948257126,1.9371329422854383e-08
0.07964967064493539,4.878462825345611e-08
0.08948237023750269,1.1859661013564522e-07
0.10052891014472326,2.7836818450239314e-07
0.11293913815718663,6.310316083283182e-07
0.1268814006769336,1.3820782116107952e-06
0.14254482635890514,2.9260233037288955e-06
0.16014189166643014,5.9918244598932656e-06
0.17991130314285533,1.18774121363448e-05
0.2021212354977168,2.281398986153289e-05
0.2270729694325259,4.251500769014838e-05
0.2551049785537617,7.698754182425986e-05
0.28659752081259104,0.00013572534443812988
0.3219777967548112,0.0002334799843397281
0.36172574455336326,0.00039294170734804803
0.4063805504338082,0.0006488756940939475
0.45654796280755766,0.0010545556131556248
0.5129085093300529,0.0016916755123431604
0.5762267283493882,0.0026851913042726136
0.6473615399712076,0.00422453683705548
0.7272778974247632,0.00659207717537035
0.8170598767824696,0.010198165781740848
0.9179253825967483,0.015619511168005177
1.0312426689380967,0.02363375927220024
1.1585488999444697,0.035238791763652466
1.3015710016583038,0.051641438923080804
1.4622490880091454,0.0741989937746855
1.6427627787184707,0.10430031260933251
1.8455607661325835,0.14318317932648578
2.0733940320616497,0.19170119517923312
2.329353165215711,0.2500741732353384
2.6169102854537,0.31767503863496116
2.9399661435534976,0.3929154038811455
3.3029030354176987,0.47328362838103893
3.710644248503383,0.5555601602875319
4.168720846874621,0.6361901820240068
4.683346700825936,0.7117463285941944
5.261502778863538,0.7793820794846621
5.911031845476362,0.8371735485945457
6.64074484928479,0.884277251588854
7.4605404447366075,0.9208839092370803
8.381539268677866,0.9480038668955576
9.416234793278331,0.9671582798664439
10.578662801651687,0.9800604628550375
11.884591785129816,0.9883550591355721
13.351736844955687,0.9934503948122648
15.0,0.9964461893550108
