SA(1.0s) [g],Complete_damage
0.05000000000000001,3.352607080842063e-11
0.056172467201025755,9.255329835866632e-11
0.06310692142900626,2.4965385314601463e-10
0.07089742948257126,6.580078704132575e-10
0.07964967064493539,1.6946525294159187e-09
0.08948237023750269,4.264794295494312e-09
0.10052891014472326,1.0488060642188657e-08
0.11293913815718663,2.520487674129157e-08
0.1268814006769336,5.919428025524809e-08
0.14254482635890514,1.3586110370056304e-07
0.16014189166643014,3.047517800336408e-07
0.17991130314285533,6.681126848429031e-07
0.2021212354977168,1.4316057105334679e-06
0.2270729694325259,2.998379640795079e-06
0.2551049785537617,6.138469084593368e-06
0.28659752081259104,1.2284746423230075e-05
0.3219777967548112,2.4034175668208313e-05
0.36172574455336326,4.597009804929719e-05
0.4063805504338082,8.596729655740987e-05
0.45654796280755766,0.00015719317538454014
0.5129085093300529,0.0002810673166847577
0.5762267283493882,0.0004914733169643082
0.6473615399712076,0.0008405093247861872
0.7272778974247632,0.0014059890218591775
0.8170598767824696,0.0023007324052957134
0.9179253825967483,0.0036833901506733158
1.0312426689380967,0.005770117092330107
1.1585488999444697,0.008845869072571344
1.3015710016583038,0.013273503711000445
1.4622490880091454,0.01949832708154209
1.6427627787184707,0.028045393874715274
1.8455607661325835,0.039506907806172276
2.0733940320616497,0.05451763434185275
2.329353165215711,0.07371741601107207
2.6169102854537,0.09770164321235664
2.9399661435534976,0.1269627023610035
3.3029030354176987,0.16182766763897583
3.710644248503383,0.20239937861257307
4.168720846874621,0.24850907973188485
4.683346700825936,0.2996885982307351
5.261502778863538,0.35516841187316983
5.911031845476362,0.41390499851311513
6.64074484928479,0.4746369633499321
7.4605404447366075,0.5359652563298067
8.381539268677866,0.5964490940423215
9.416234793278331,0.65470671152499
10.578662801651687,0.7095092928782895
11.884591785129816,0.7598575247822431
13.351736844955687,0.8050329595530826
15.0,0.8446202120686057
