SA(0.6s) [g],Complete_damage
0.05000000000000001,4.864089236167324e-05
0.056172467201025755,7.871975046813695e-05
0.06310692142900626,0.0001257195631145791
0.07089742948257126,0.00019814080712832194
0.07964967064493539,0.00030818595817938554
0.08948237023750269,0.00047308226222564365
0.10052891014472326,0.0007167432590710066
0.11293913815718663,0.0010717987226053216
0.1268814006769336,0.001581999921764221
0.14254482635890514,0.002304972533992866
0.16014189166643014,0.0033152422041305973
0.17991130314285533,0.004707398149736308
0.2021212354977168,0.0065991909281707395
0.2270729694325259,0.009134286568256877
0.2551049785537617,0.012484328511740528
0.28659752081259104,0.016849901510524012
0.3219777967548112,0.02245995989779026
0.36172574455336326,0.029569289129527165
0.4063805504338082,0.03845362551206921
0.45654796280755766,0.04940217243403655
0.5129085093300529,0.06270742429233511
0.5762267283493882,0.07865243602602323
0.6473615399712076,0.09749594226382141
0.7272778974247632,0.11945601221926361
0.8170598767824696,0.14469319395699143
0.9179253825967483,0.17329431953661578
1.0312426689380967,0.2052582759342687
1.1585488999444697,0.24048506593379515
1.3015710016583038,0.2787693692451896
1.4622490880091454,0.3197995626514831
1.6427627787184707,0.363162782114854
1.8455607661325835,0.4083561401330953
2.0733940320616497,0.4548036937945371
2.329353165215711,0.5018782482261954
2.6169102854537,0.548926634375613
2.9399661435534976,0.5952967718712856
3.3029030354176987,0.6403646567446175
3.710644248503383,0.6835594210231413
4.168720846874621,0.724384795730704
4.683346700825936,0.7624356480544758
5.261502778863538,0.7974087164163657
5.911031845476362,0.8291071806417888
6.64074484928479,0.8574392203622574
7.4605404447366075,0.8824111784603441
8.381539268677866,0.9041163132292915
9.416234793278331,0.9227203636673278
10.578662801651687,0.9384452552766587
11.884591785129816,0.9515522444886266
13.351736844955687,0.9623256585257642
15.0,0.9710581643670998
