SA(1.0s) [g],Loss_ratio
0.05000000000000001,1.7266536258438058e-21
0.056172467201025755,3.3275509050707904e-20
0.06310692142900626,5.813872375839074e-19
0.07089742948257126,9.210012238532029e-18
0.07964967064493539,1.3229542673165503e-16
0.08948237023750269,2.0785645643099545e-15
0.10052891014472326,2.364483661126865e-14
0.11293913815718663,2.4399774995107395e-13
0.1268814006769336,2.3109732019249955e-12
0.14254482635890514,2.0008480877573175e-11
0.16014189166643014,1.580308415045315e-10
0.17991130314285533,1.137004134544504e-09
0.2021212354977168,7.445567998089209e-09
0.2270729694325259,4.435440171307466e-08
0.2551049785537617,2.4031629306565667e-07
0.28659752081259104,1.1842112667043795e-06
0.3219777967548112,5.308067199395619e-06
0.36172574455336326,2.164848523640676e-05
0.4063805504338082,8.036799642341586e-05
0.45654796280755766,0.00027173397046554253
0.5129085093300529,0.0008373680005461522
0.5762267283493882,0.0023538647649127145
0.6473615399712076,0.006042344535097917
0.7272778974247632,0.014182386970956098
0.8170598767824696,0.030484273769751553
0.9179253825967483,0.06011070413756974
1.0312426689380967,0.10895520823231063
1.1585488999444697,0.1819480870001316
1.3015710016583038,0.2806608921361556
1.4622490880091454,0.4011610658211883
1.6427627787184707,0.5334741779095535
1.8455607661325835,0.6636015773928453
2.0733940320616497,0.7776978902926908
2.329353165215711,0.8664866738309419
2.6169102854537,0.9275786814720723
2.9399661435534976,0.9646531334900273
3.3029030354176987,0.9844863650278056
3.710644248503383,0.9938585806381992
4.168720846874621,0.9977919797474817
4.683346700825936,0.9992717061834003
5.261502778863538,0.9997771096819981
5.911031845476362,0.9999361238664617
6.64074484928479,0.9999827922193191
7.4605404447366075,0.9999956526172089
8.381539268677866,0.999998976810657
9.416234793278331,0.9999997774205853
10.578662801651687,0.9999999555515189
11.884591785129816,0.9999999918911687
13.351736844955687,0.999999998652709
15.0,0.9999999997964826
