SA(0.6s) [g],Complete_damage
0.05000000000000001,2.093283324455797e-10
0.056172467201025755,6.765421556309548e-10
0.06310692142900626,2.1139751060772483e-09
0.07089742948257126,6.386495998711439e-09
0.07964967064493539,1.8655399225409042e-08
0.08948237023750269,5.2692483043514926e-08
0.10052891014472326,1.439196419816824e-07
0.11293913815718663,3.801421591953513e-07
0.1268814006769336,9.710828660081106e-07
0.14254482635890514,2.3992930321403705e-06
0.16014189166643014,5.734064337348244e-06
0.17991130314285533,1.3256627350743955e-05
0.2021212354977168,2.965087801076738e-05
0.2270729694325259,6.416869936420877e-05
0.2551049785537617,0.00013438231834672631
0.28659752081259104,0.0002723653292646677
0.3219777967548112,0.0005343381593403418
0.36172574455336326,0.0010148602457086264
0.4063805504338082,0.001866384479831562
0.45654796280755766,0.0033242159129027726
0.5129085093300529,0.005735477489181129
0.5762267283493882,0.009588558436590122
0.6473615399712076,0.015536939752806012
0.7272778974247632,0.02440883475234834
0.8170598767824696,0.037192664233980155
0.9179253825967483,0.05498908160962068
1.0312426689380967,0.07892396316719119
1.1585488999444697,0.11002372859949427
1.3015710016583038,0.14906375598614363
1.4622490880091454,0.1964105216862626
1.6427627787184707,0.2518855781743006
1.8455607661325835,0.3146816452611517
2.0733940320616497,0.3833559720433616
2.329353165215711,0.4559136982284365
2.6169102854537,0.5299765130707598
2.9399661435534976,0.6030137041505159
3.3029030354176987,0.6725986362582307
3.710644248503383,0.7366478264252139
4.168720846874621,0.7936038098923361
4.683346700825936,0.8425357378195031
5.261502778863538,0.8831494359540892
5.911031845476362,0.9157166009935762
6.64074484928479,0.9409464441040507
7.4605404447366075,0.9598296741168688
8.381539268677866,0.9734838380254435
9.416234793278331,0.9830223578792593
10.578662801651687,0.9894599559518272
11.884591785129816,0.9936574845601082
13.351736844955687,0.9963016604709805
15.0,0.9979108745709506
