SA(0.3s) [g],Loss_ratio
0.05000000000000001,1.8242163401417737e-12
0.056172467201025755,6.783629694649374e-12
0.06310692142900626,2.4369732221348565e-11
0.07089742948257126,8.457583850478729e-11
0.07964967064493539,2.8357656529408475e-10
0.08948237023750269,9.186316242638678e-10
0.10052891014472326,2.8752832023641974e-09
0.11293913815718663,8.695842718146857e-09
0.1268814006769336,2.5413313396184968e-08
0.14254482635890514,7.177281415695529e-08
0.16014189166643014,1.9590383664436027e-07
0.17991130314285533,5.168341832965898e-07
0.2021212354977168,1.3180536367297853e-06
0.2270729694325259,3.249717440155622e-06
0.2551049785537617,7.74741217403006e-06
0.28659752081259104,1.7862699729672302e-05
0.3219777967548112,3.9839423047579595e-05
0.36172574455336326,8.597423137998748e-05
0.4063805504338082,0.0001795752890733541
0.45654796280755766,0.0003631642606585312
0.5129085093300529,0.0007114024433912415
0.5762267283493882,0.0013504608894377766
0.6473615399712076,0.002485532699140885
0.7272778974247632,0.004437668701172003
0.8170598767824696,0.007689791066757228
0.9179253825967483,0.012939199800375015
1.0312426689380967,0.02114966479835004
1.1585488999444697,0.033589915805964835
1.3015710016583038,0.05183721674820265
1.4622490880091454,0.07771652226372157
1.6427627787184707,0.11314203396607384
1.8455607661325835,0.1598364913407199
2.0733940320616497,0.2189325607131816
2.329353165215711,0.29051255321453723
2.6169102854537,0.37320512346972723
2.9399661435534976,0.46400011880206765
3.3029030354176987,0.5584269175962587
3.710644248503383,0.6511460496331608
4.168720846874621,0.7368503497418952
4.683346700825936,0.8112282901121337
5.261502778863538,0.8716895160761255
5.911031845476362,0.9176318294851722
6.64074484928479,0.9502066959143208
7.4605404447366075,0.9717257724309054
8.381539268677866,0.984952935199996
9.416234793278331,0.9925094871321962
10.578662801651687,0.9965179302651844
11.884591785129816,0.9984906395133604
13.351736844955687,0.999390708954123
15.0,0.9997712024126129
