SA(1.0s) [g],Loss_ratio
0.05000000000000001,5.084351741904528e-10
0.056172467201025755,2.477775116674211e-09
0.06310692142900626,1.1096484817398563e-08
0.07089742948257126,4.56822915534297e-08
0.07964967064493539,1.7294886382324546e-07
0.08948237023750269,6.024178218499639e-07
0.10052891014472326,1.931684546826541e-06
0.11293913815718663,5.706124052351533e-06
0.1268814006769336,1.5541871690218883e-05
0.14254482635890514,3.907757143273506e-05
0.16014189166643014,9.084109916429051e-05
0.17991130314285533,0.00019564781832259425
0.2021212354977168,0.00039153420484918733
0.2270729694325259,0.0007310942321334513
0.2551049785537617,0.001281502543255155
0.28659752081259104,0.00212749514546179
0.3219777967548112,0.003388157314883786
0.36172574455336326,0.005265699932538536
0.4063805504338082,0.008148357309182373
0.45654796280755766,0.012783536268958852
0.5129085093300529,0.020512830731415924
0.5762267283493882,0.03351070195240216
0.6473615399712076,0.05489919911032545
0.7272778974247632,0.08855484247449355
0.8170598767824696,0.13844227432048978
0.9179253825967483,0.20746017810179812
1.0312426689380967,0.2960586603754293
1.1585488999444697,0.4011616028430447
1.3015710016583038,0.5160049106007878
1.4622490880091454,0.6312386837820078
1.6427627787184707,0.7370891222192049
1.8455607661325835,0.8258102070377593
2.0733940320616497,0.8934344693539491
2.329353165215711,0.9401463608421576
2.6169102854537,0.9692916555939302
2.9399661435534976,0.9856685673389883
3.3029030354176987,0.9939355478185401
3.710644248503383,0.9976779499956088
4.168720846874621,0.9991960001646608
4.683346700825936,0.9997479822713163
5.261502778863538,0.9999282517273875
5.911031845476362,0.999981341003638
6.64074484928479,0.999995530606305
7.4605404447366075,0.9999990039384092
8.381539268677866,0.9999997913342287
9.416234793278331,0.9999999585872209
10.578662801651687,0.9999999921894186
11.884591785129816,0.9999999986030877
13.351736844955687,0.9999999997644731
15.0,0.9999999999628315
