SA(0.6s) [g],Loss_ratio
0.05000000000000001,1.0677191688012869e-07
0.056172467201025755,2.5889463119899215e-07
0.06310692142900626,6.19172950995445e-07
0.07089742948257126,1.4513202989067108e-06
0.07964967064493539,3.316136868388661e-06
0.08948237023750269,7.355910966683615e-06
0.10052891014472326,1.5797412912501877e-05
0.11293913815718663,3.279909165841442e-05
0.1268814006769336,6.582273497489413e-05
0.14254482635890514,0.00012780096344001583
0.16014189166643014,0.00024054659523990642
0.17991130314285533,0.0004401868881909237
0.2021212354977168,0.0007859941275927612
0.2270729694325259,0.001374850554305831
0.2551049785537617,0.0023645563470537515
0.28659752081259104,0.004009718503840734
0.3219777967548112,0.00671302956404528
0.36172574455336326,0.01109102553985126
0.4063805504338082,0.018045841883910188
0.45654796280755766,0.02882331823587104
0.5129085093300529,0.045025760000256154
0.5762267283493882,0.06854043850048036
0.6473615399712076,0.10135003601549228
0.7272778974247632,0.1452148209739384
0.8170598767824696,0.2012583295718035
0.9179253825967483,0.2695387091228454
1.0312426689380967,0.3487269041161891
1.1585488999444697,0.4360176173073104
1.3015710016583038,0.5273549826778265
1.4622490880091454,0.6179673993650812
1.6427627787184707,0.7031033141513447
1.8455607661325835,0.7787837894243486
2.0733940320616497,0.8423740905845559
2.329353165215711,0.8928349038411187
2.6169102854537,0.9306205853366883
2.9399661435534976,0.9573014820586184
3.3029030354176987,0.9750559126675424
3.710644248503383,0.9861841940788958
4.168720846874621,0.9927517316232198
4.683346700825936,0.9964003896196844
5.261502778863538,0.9983084764516916
5.911031845476362,0.9992479039120551
6.64074484928479,0.99968351217817
7.4605404447366075,0.9998738751177374
8.381539268677866,0.9999523522366672
9.416234793278331,0.9999829120185396
10.578662801651687,0.9999941720233753
11.884591785129816,0.9999981057617506
13.351736844955687,0.9999994119134257
15.0,0.9999998251963513
