SA(1.0s) [g],Complete_damage
0.05000000000000001,3.693613193078704e-10
0.056172467201025755,7.491068876319673e-10
0.06310692142900626,1.5004487652348075e-09
0.07089742948257126,2.968165380146104e-09
0.07964967064493539,5.79894632313227e-09
0.08948237023750269,1.118945625044887e-08
0.10052891014472326,2.132420462430673e-08
0.11293913815718663,4.013709986594449e-08
0.1268814006769336,7.461635198602323e-08
0.14254482635890514,1.3700701262386872e-07
0.16014189166643014,2.484726188134445e-07
0.17991130314285533,4.4508992125269486e-07
0.2021212354977168,7.875123027023534e-07
0.2270729694325259,1.3763045940695662e-06
0.2551049785537617,2.375894021411362e-06
0.28659752081259104,4.051379865033233e-06
0.3219777967548112,6.824185613152345e-06
0.36172574455336326,1.1354806328522926e-05
0.4063805504338082,1.8663765712800817e-05
0.45654796280755766,3.0305373824313087e-05
0.5129085093300529,4.861291380342525e-05
0.5762267283493882,7.703831470506906e-05
0.6473615399712076,0.00012061385703399097
0.7272778974247632,0.0001865674715439969
0.8170598767824696,0.00028512595299623467
0.9179253825967483,0.00043054088670624324
1.0312426689380967,0.0006423690121843961
1.1585488999444697,0.0009470307018974999
1.3015710016583038,0.0013796557718561697
1.4622490880091454,0.0019862037144531275
1.6427627787184707,0.0028258148757508428
1.8455607661325835,0.00397331011588542
2.0733940320616497,0.005521710266473523
2.329353165215711,0.007584595855101628
2.6169102854537,0.010298076361001995
2.9399661435534976,0.01382209258314493
3.3029030354176987,0.018340742785171615
3.710644248503383,0.024061311148152686
4.168720846874621,0.031211693600985302
4.683346700825936,0.04003596789918429
5.261502778863538,0.050787945854828376
5.911031845476362,0.06372267593926384
6.64074484928479,0.07908602919200525
7.4605404447366075,0.09710269009140116
8.381539268677866,0.11796307107375492
9.416234793278331,0.14180985472314822
10.578662801651687,0.1687250188617906
11.884591785129816,0.19871829459066936
13.351736844955687,0.23171802671362185
15.0,0.2675653371450093
