SA(1.0s) [g],Complete_damage
0.05000000000000001,5.783540313331059e-11
0.056172467201025755,1.2108014590950233e-10
0.06310692142900626,2.503380835960911e-10
0.07089742948257126,5.11163222860489e-10
0.07964967064493539,1.0308016662463615e-09
0.08948237023750269,2.0529469235697206e-09
0.10052891014472326,4.038051559795974e-09
0.11293913815718663,7.844445981675108e-09
0.1268814006769336,1.5050602208965813e-08
0.14254482635890514,2.8520152350886008e-08
0.16014189166643014,5.337791597614938e-08
0.17991130314285533,9.867086070425302e-08
0.2021212354977168,1.8015228442358477e-07
0.2270729694325259,3.248781687004154e-07
0.2551049785537617,5.786791931194912e-07
0.28659752081259104,1.0181197031000622e-06
0.3219777967548112,1.7693383742578561e-06
0.36172574455336326,3.037259462712605e-06
0.4063805504338082,5.150153166377791e-06
0.45654796280755766,8.62649639088442e-06
0.5129085093300529,1.427361913342029e-05
0.5762267283493882,2.3330765569262724e-05
0.6473615399712076,3.767294455592207e-05
0.7272778974247632,6.009619030733493e-05
0.8170598767824696,9.470936295119525e-05
0.9179253825967483,0.0001474619711533398
1.0312426689380967,0.00022684105185566406
1.1585488999444697,0.0003447720014945199
1.3015710016583038,0.0005177572747989689
1.4622490880091454,0.000768281701457818
1.6427627787184707,0.0011265023641457983
1.8455607661325835,0.0016322231486407546
2.0733940320616497,0.002337128145950551
2.329353165215711,0.0033072136050928957
2.6169102854537,0.004625315613234426
2.9399661435534976,0.006393581921385283
3.3029030354176987,0.008735684695173052
3.710644248503383,0.011798521468161294
4.168720846874621,0.015753110767581346
4.683346700825936,0.02079436445839611
5.261502778863538,0.027139418899954637
5.911031845476362,0.03502423898285256
6.64074484928479,0.04469827857034647
7.4605404447366075,0.05641709013875906
8.381539268677866,0.0704329233911658
9.416234793278331,0.08698352993278913
10.578662801651687,0.10627958585987352
11.884591785129816,0.1284913384780526
13.351736844955687,0.15373525593515702
15.0,0.18206158661619354
