PGA [g],Complete_damage
0.05000000000000001,1.2183563047329926e-09
0.056172467201025755,5.32227073524183e-09
0.06310692142900626,2.1924168591702653e-08
0.07089742948257126,8.51737985696488e-08
0.07964967064493539,3.1210800377490244e-07
0.08948237023750269,1.0789123136012435e-06
0.10052891014472326,3.5190402670748355e-06
0.11293913815718663,1.0831861400273368e-05
0.1268814006769336,3.147151425009209e-05
0.14254482635890514,8.633276025582504e-05
0.16014189166643014,0.00022366594928846517
0.17991130314285533,0.0005474329499588482
0.2021212354977168,0.0012662817282553807
0.2270729694325259,0.0027693924629873523
0.2551049785537617,0.00572940434085778
0.28659752081259104,0.011219064861111683
0.3219777967548112,0.020807496037117845
0.36172574455336326,0.03657997964960524
0.4063805504338082,0.0610144800495005
0.45654796280755766,0.09666435683144947
0.5129085093300529,0.14564946698985193
0.5762267283493882,0.20903963181699292
0.6473615399712076,0.28629552397777225
0.7272778974247632,0.3749689398517415
0.8170598767824696,0.47082232819781167
0.9179253825967483,0.5684052384819582
1.0312426689380967,0.6619656973469034
1.1585488999444697,0.7464474989575017
1.3015710016583038,0.8182907797352833
1.4622490880091454,0.8758296306001508
1.6427627787184707,0.9192294652211641
1.8455607661325835,0.9500589740692258
2.0733940320616497,0.9706840952957277
2.329353165215711,0.9836791308499395
2.6169102854537,0.9913901029706633
2.9399661435534976,0.9956992477711418
3.3029030354176987,0.9979671424842501
3.710644248503383,0.9990912401419186
4.168720846874621,0.9996159678725379
4.683346700825936,0.9998466490887987
5.261502778863538,0.9999421567202444
5.911031845476362,0.999979396824357
6.64074484928479,0.9999930719073917
7.4605404447366075,0.9999978011827214
8.381539268677866,0.9999993414780444
9.416234793278331,0.9999998139296853
10.578662801651687,0.9999999504049215
11.884591785129816,0.9999999875321564
13.351736844955687,0.9999999970441754
15.0,0.9999999993392311
