PGA [g],Complete_damage
0.05000000000000001,6.329803348137375e-11
0.056172467201025755,2.5634783185068954e-10
0.06310692142900626,9.918743604231395e-10
0.07089742948257126,3.6669167702285677e-09
0.07964967064493539,1.2953723316222465e-08
0.08948237023750269,4.3729284193716467e-08
0.10052891014472326,1.4108238921561878e-07
0.11293913815718663,4.3504917668357734e-07
0.1268814006769336,1.2823775006332028e-06
0.14254482635890514,3.6137439186623155e-06
0.16014189166643014,9.73689601180272e-06
0.17991130314285533,2.5088211097146207e-05
0.2021212354977168,6.182679975053063e-05
0.2270729694325259,0.0001457546303695878
0.2551049785537617,0.000328773749455169
0.28659752081259104,0.0007097466908486671
0.3219777967548112,0.001466752595279397
0.36172574455336326,0.002902612642727731
0.4063805504338082,0.005502370459530059
0.45654796280755766,0.009995633285679761
0.5129085093300529,0.017408720301285152
0.5762267283493882,0.02908339797358328
0.6473615399712076,0.04663429789718554
0.7272778974247632,0.07182050201405676
0.8170598767824696,0.10632176685190742
0.9179253825967483,0.15143629289380534
1.0312426689380967,0.20774907236460494
1.1585488999444697,0.274846642278328
1.3015710016583038,0.3511627033780568
1.4622490880091454,0.43402070933914894
1.6427627787184707,0.5198948517655745
1.8455607661325835,0.6048519688855559
2.0733940320616497,0.6850837687787491
2.329353165215711,0.757411142653853
2.6169102854537,0.8196509462268293
2.9399661435534976,0.8707770891965698
3.3029030354176987,0.9108662601336261
3.710644248503383,0.9408730998646138
4.168720846874621,0.9623129860530659
4.683346700825936,0.9769358891910412
5.261502778863538,0.9864562520739564
5.911031845476362,0.9923729857037096
6.64074484928479,0.995883081567575
7.4605404447366075,0.9978708426974645
8.381539268677866,0.9989453700195837
9.416234793278331,0.9994998406729495
10.578662801651687,0.9997729567499082
11.884591785129816,0.9999013739847691
13.351736844955687,0.9999590116587003
15.0,0.9999837059393878
