SA(1.0s) [g],Complete_damage
0.05000000000000001,4.694773680924413e-09
0.056172467201025755,1.1629998186712953e-08
0.06310692142900626,2.8139570340535158e-08
0.07089742948257126,6.650314066103391e-08
0.07964967064493539,1.5352135651625076e-07
0.08948237023750269,3.4618923927531853e-07
0.10052891014472326,7.6259478809515e-07
0.11293913815718663,1.641074552027888e-06
0.1268814006769336,3.4501435158817984e-06
0.14254482635890514,7.0866689300119745e-06
0.16014189166643014,1.4222200113378491e-05
0.17991130314285533,2.788923177587943e-05
0.2021212354977168,5.344155166053799e-05
0.2270729694325259,0.00010007470085815484
0.2551049785537617,0.00018314914771933033
0.28659752081259104,0.0003276094451175604
0.3219777967548112,0.0005728192950836819
0.36172574455336326,0.0009791088952979532
0.4063805504338082,0.001636224699851474
0.45654796280755766,0.0026736493342477408
0.5129085093300529,0.004272396030447045
0.5762267283493882,0.0066773747915951365
0.6473615399712076,0.010208810736453078
0.7272778974247632,0.015270552011098282
0.8170598767824696,0.02235257109676858
0.9179253825967483,0.03202471612792579
1.0312426689380967,0.04491899564333435
1.1585488999444697,0.06169853169439232
1.3015710016583038,0.08301284856571567
1.4622490880091454,0.10944128687457666
1.6427627787184707,0.1414287801954327
1.8455607661325835,0.17922057777743405
2.0733940320616497,0.22280422134095645
2.329353165215711,0.2718676809789736
2.6169102854537,0.32578166916902995
2.9399661435534976,0.38361169825390107
3.3029030354176987,0.44416168143720003
3.710644248503383,0.5060463842854246
4.168720846874621,0.5677856217221278
4.683346700825936,0.62790962365752
5.261502778863538,0.6850631676920802
5.911031845476362,0.7380962800499924
6.64074484928479,0.7861314935212911
7.4605404447366075,0.8286013692173271
8.381539268677866,0.8652544853933586
9.416234793278331,0.8961325063880878
10.578662801651687,0.92152449094823
11.884591785129816,0.9419067564718687
13.351736844955687,0.9578771962585426
15.0,0.9700920956773996
