SA(1.0s) [g],Complete_damage
0.05000000000000001,6.389572225762308e-07
0.056172467201025755,1.3823033497839532e-06
0.06310692142900626,2.9214913580544177e-06
0.07089742948257126,6.032494101360086e-06
0.07964967064493539,1.2170358459906438e-05
0.08948237023750269,2.3991036334991556e-05
0.10052891014472326,4.6212656208077796e-05
0.11293913815718663,8.698984792143705e-05
0.1268814006769336,0.00016003093180927408
0.14254482635890514,0.0002877410868171726
0.16014189166643014,0.0005057087204438648
0.17991130314285533,0.0008688427658867237
0.2021212354977168,0.0014593841443106825
0.2270729694325259,0.0023968212298447478
0.2551049785537617,0.003849408996288717
0.28659752081259104,0.006046515506617389
0.3219777967548112,0.009290422078262028
0.36172574455336326,0.013965556276743007
0.4063805504338082,0.0205425641542899
0.45654796280755766,0.029574299349990563
0.5129085093300529,0.04168091066146318
0.5762267283493882,0.05752191042618304
0.6473615399712076,0.07775448612473035
0.7272778974247632,0.1029793232771441
0.8170598767824696,0.13367761370401465
0.9179253825967483,0.17014533625048822
1.0312426689380967,0.21243280933104192
1.1585488999444697,0.2602984058087874
1.3015710016583038,0.313184789446068
1.4622490880091454,0.3702239239242914
1.6427627787184707,0.4302735968819834
1.8455607661325835,0.4919838080667285
2.0733940320616497,0.553886863660146
2.329353165215711,0.6145012634207345
2.6169102854537,0.6724372221381294
2.9399661435534976,0.7264913981945983
3.3029030354176987,0.7757201661364963
3.710644248503383,0.8194841992505248
4.168720846874621,0.8574615232285807
4.683346700825936,0.8896307056923558
5.261502778863538,0.9162296452812582
5.911031845476362,0.9376979250848121
6.64074484928479,0.9546116313730318
7.4605404447366075,0.967618984298597
8.381539268677866,0.9773834312796644
9.416234793278331,0.9845385188412568
10.578662801651687,0.9896564072465398
11.884591785129816,0.9932297544119505
13.351736844955687,0.9956651422566161
15.0,0.9972853457323089
