SA(1.0s) [g],Complete_damage
0.05000000000000001,7.72714821017928e-08
0.056172467201025755,1.7763927129266222e-07
0.06310692142900626,3.9891451253382115e-07
0.07089742948257126,8.751034783482936e-07
0.07964967064493539,1.8754118646935325e-06
0.08948237023750269,3.926558011735359e-06
0.10052891014472326,8.032071189378875e-06
0.11293913815718663,1.6053402942861617e-05
0.1268814006769336,3.135137007226341e-05
0.14254482635890514,5.9830663928561734e-05
0.16014189166643014,0.00011158336121919188
0.17991130314285533,0.00020338386654517038
0.2021212354977168,0.00036233568179744324
0.2270729694325259,0.0006309902796303168
0.2551049785537617,0.0010742226342487227
0.28659752081259104,0.001788023465727151
0.3219777967548112,0.0029101222323040243
0.36172574455336326,0.004631965370921476
0.4063805504338082,0.007211043919072013
0.45654796280755766,0.010981935622056294
0.5129085093300529,0.016363791655669924
0.5762267283493882,0.02386150160210021
0.6473615399712076,0.03405759382641316
0.7272778974247632,0.047592256942554645
0.8170598767824696,0.06512983981068488
0.9179253825967483,0.08731183594991143
1.0312426689380967,0.11469856278973123
1.1585488999444697,0.14770421059345562
1.3015710016583038,0.18653221121795038
1.4622490880091454,0.23111943572245008
1.6427627787184707,0.28109808344258613
1.8455607661325835,0.33578295803728775
2.0733940320616497,0.39418911100561516
2.329353165215711,0.4550808879300059
2.6169102854537,0.5170488710061341
2.9399661435534976,0.5786069051956615
3.3029030354176987,0.6382981714379381
3.710644248503383,0.6947977888785979
4.168720846874621,0.7469999984755988
4.683346700825936,0.7940804830570627
5.261502778863538,0.8355282957267498
5.911031845476362,0.8711464127222366
6.64074484928479,0.901024234719572
7.4605404447366075,0.9254886897414886
8.381539268677866,0.945042472073329
9.416234793278331,0.9602982590616965
10.578662801651687,0.971916678536393
11.884591785129816,0.9805537809843152
13.351736844955687,0.9868213288155365
15.0,0.9912608465386902
