SA(1.0s) [g],Complete_damage
0.05000000000000001,7.803941194595154e-06
0.056172467201025755,1.304634862853149e-05
0.06310692142900626,2.1537145809769065e-05
0.07089742948257126,3.510931465211531e-05
0.07964967064493539,5.652012648726945e-05
0.08948237023750269,8.985509995296237e-05
0.10052891014472326,0.0001410763525010461
0.11293913815718663,0.00021875173133678594
0.1268814006769336,0.000335003528176836
0.14254482635890514,0.0005067149088595624
0.16014189166643014,0.00075702686910184
0.17991130314285533,0.0011171468681827612
0.2021212354977168,0.00162847065959848
0.2270729694325259,0.0023449899458163337
0.2551049785537617,0.00333591976027936
0.28659752081259104,0.0046884314753773415
0.3219777967548112,0.006510322127826096
0.36172574455336326,0.00893239225935083
0.4063805504338082,0.012110248576621907
0.45654796280755766,0.01622520214697909
0.5129085093300529,0.02148390658865651
0.5762267283493882,0.02811638322607113
0.6473615399712076,0.036372120052218126
0.7272778974247632,0.04651401478127737
0.8170598767824696,0.0588100615116699
0.9179253825967483,0.07352285237817124
1.0312426689380967,0.09089717054054047
1.1585488999444697,0.11114617292308893
1.3015710016583038,0.13443687858797215
1.4622490880091454,0.16087586599587023
1.6427627787184707,0.19049621323133303
1.8455607661325835,0.22324676567469504
2.0733940320616497,0.2589847680318119
2.329353165215711,0.2974727442063667
2.6169102854537,0.33838025338513444
2.9399661435534976,0.3812908109864128
3.3029030354176987,0.4257138678305272
3.710644248503383,0.4711013281924755
4.168720846874621,0.5168677001829727
4.683346700825936,0.5624126524027546
5.261502778863538,0.6071445349925508
5.911031845476362,0.6505033358377963
6.64074484928479,0.6919815939141352
7.4605404447366075,0.7311419756297164
8.381539268677866,0.7676305153474123
9.416234793278331,0.801184894600975
10.578662801651687,0.831637544743345
11.884591785129816,0.858913761618934
13.351736844955687,0.8830253784470993
15.0,0.9040608226585722
