SA(1.0s) [g],Loss_ratio
0.05000000000000001,2.2808156769912007e-07
0.056172467201025755,5.88846074795786e-07
0.06310692142900626,1.4710632405292031e-06
0.07089742948257126,3.5564108763232168e-06
0.07964967064493539,8.321080821725626e-06
0.08948237023750269,1.884406046801757e-05
0.10052891014472326,4.130854071278106e-05
0.11293913815718663,8.766454609815943e-05
0.1268814006769336,0.00018012754779348357
0.14254482635890514,0.0003583994550386721
0.16014189166643014,0.0006906393218171883
0.17991130314285533,0.0012891558277311993
0.2021212354977168,0.0023313745480416275
0.2270729694325259,0.00408567784503889
0.2551049785537617,0.006940121256500814
0.28659752081259104,0.011429870071784897
0.3219777967548112,0.018256826828619205
0.36172574455336326,0.028293017508472466
0.4063805504338082,0.04255880153620661
0.45654796280755766,0.06216877832308905
0.5129085093300529,0.08824283064841625
0.5762267283493882,0.12178658857937254
0.6473615399712076,0.163553077633285
0.7272778974247632,0.21390301261303155
0.8170598767824696,0.2726830421050921
0.9179253825967483,0.3391389962089547
1.0312426689380967,0.4118771731486338
1.1585488999444697,0.48888455798453845
1.3015710016583038,0.5676201549916694
1.4622490880091454,0.6451905182629709
1.6427627787184707,0.7186145268977838
1.8455607661325835,0.7851587179540745
2.0733940320616497,0.8426890312569845
2.329353165215711,0.8899553558934888
2.6169102854537,0.9267243957739768
2.9399661435534976,0.9537147337331255
3.3029030354176987,0.9723527135690281
3.710644248503383,0.9844276594309266
4.168720846874621,0.9917501587710432
4.683346700825936,0.9958983840633184
5.261502778863538,0.9980900178140532
5.911031845476362,0.9991683808273948
6.64074484928479,0.9996619404457762
7.4605404447366075,0.99987186341926
8.381539268677866,0.9999547648782771
9.416234793278331,0.9999851414496933
10.578662801651687,0.999995462617753
11.884591785129816,0.9999987128183101
13.351736844955687,0.9999996610016562
15.0,0.9999999171617648
