SA(1.0s) [g],Loss_ratio
0.05000000000000001,1.4285165582282556e-06
0.056172467201025755,3.1060465711498406e-06
0.06310692142900626,6.594181928709711e-06
0.07089742948257126,1.3679063344330614e-05
0.07964967064493539,2.7743295343861243e-05
0.08948237023750269,5.50384999099378e-05
0.10052891014472326,0.00010683374028988674
0.11293913815718663,0.00020292254511187179
0.1268814006769336,0.0003771377868291995
0.14254482635890514,0.0006856680616202794
0.16014189166643014,0.0012190153978667725
0.17991130314285533,0.0021182659806780074
0.2021212354977168,0.0035958190887668672
0.2270729694325259,0.00595970124064668
0.2551049785537617,0.00963902996346383
0.28659752081259104,0.015206205084892309
0.3219777967548112,0.023389373172782342
0.36172574455336326,0.035067292992748196
0.4063805504338082,0.05123877169638391
0.45654796280755766,0.07296111279602645
0.5129085093300529,0.101256813859177
0.5762267283493882,0.1369944911892708
0.6473615399712076,0.18075706606979763
0.7272778974247632,0.23271532470394896
0.8170598767824696,0.29252610351796954
0.9179253825967483,0.3592712431240641
1.0312426689380967,0.43144811650209663
1.1585488999444697,0.5070183084318014
1.3015710016583038,0.5835197547249106
1.4622490880091454,0.6582468983502965
1.6427627787184707,0.7284967591521576
1.8455607661325835,0.7918609257680068
2.0733940320616497,0.8465172535171196
2.329353165215711,0.8914541044813477
2.6169102854537,0.9265617132912165
2.9399661435534976,0.9525576635297117
3.3029030354176987,0.9707659312917578
3.710644248503383,0.9828165303778346
4.168720846874621,0.9903518626522884
4.683346700825936,0.9948094281183559
5.261502778863538,0.9973112194889229
5.911031845476362,0.9986498880914934
6.64074484928479,0.9993376274082851
7.4605404447366075,0.9996799551778975
8.381539268677866,0.9998467392073785
9.416234793278331,0.9999270347739676
10.578662801651687,0.9999654854369091
11.884591785129816,0.9999838365483871
13.351736844955687,0.9999925438222848
15.0,0.9999966291244581
