PGA [g],Complete_damage
0.05000000000000001,6.535635366233805e-10
0.056172467201025755,2.6726476587413117e-09
0.06310692142900626,1.037787822344427e-08
0.07089742948257126,3.826750005764268e-08
0.07964967064493539,1.3401467524598587e-07
0.08948237023750269,4.4578607116818603e-07
0.10052891014472326,1.4086703430393754e-06
0.11293913815718663,4.229260581745109e-06
0.1268814006769336,1.2065983947984193e-05
0.14254482635890514,3.271779566094146e-05
0.16014189166643014,8.433701199372923e-05
0.17991130314285533,0.00020671258305937634
0.2021212354977168,0.0004818873272333102
0.2270729694325259,0.0010687727785074763
0.2551049785537617,0.002255987956726324
0.28659752081259104,0.004533901457171585
0.3219777967548112,0.008679402700052075
0.36172574455336326,0.015835054827487927
0.4063805504338082,0.0275503713231513
0.45654796280755766,0.04574284401373108
0.5129085093300529,0.07253838758952247
0.5762267283493882,0.10997243214573271
0.6473615399712076,0.15957503373873883
0.7272778974247632,0.2219163302678696
0.8170598767824696,0.29623210352407137
0.9179253825967483,0.3802593365523812
1.0312426689380967,0.4703735054725736
1.1585488999444697,0.5620377779965773
1.3015710016583038,0.6504762264739975
1.4622490880091454,0.7314074523613052
1.6427627787184707,0.801654012074682
1.8455607661325835,0.8594859653886706
2.0733940320616497,0.9046449759475825
2.329353165215711,0.9380917777470397
2.6169102854537,0.961588010508466
2.9399661435534976,0.9772438062296541
3.3029030354176987,0.9871381070431132
3.710644248503383,0.9930691064862017
4.168720846874621,0.996441227831435
4.683346700825936,0.9982597171088584
5.261502778863538,0.999189861153301
5.911031845476362,0.9996411153344349
6.64074484928479,0.9998487612803121
7.4605404447366075,0.9999393880417587
8.381539268677866,0.9999769043267932
9.416234793278331,0.9999916346781181
10.578662801651687,0.9999971204257299
11.884591785129816,0.9999990581299455
13.351736844955687,0.9999997073135926
15.0,0.9999999136023431
