PGA [g],Complete_damage
0.05000000000000001,4.544253862093228e-11
0.056172467201025755,1.9898538372586927e-10
0.06310692142900626,8.286746844277104e-10
0.07089742948257126,3.2823520568214803e-09
0.07964967064493539,1.2366900281612914e-08
0.08948237023750269,4.4325260240007935e-08
0.10052891014472326,1.5114744578159645e-07
0.11293913815718663,4.904091068791416e-07
0.1268814006769336,1.5141851649191906e-06
0.14254482635890514,4.449620407354082e-06
0.16014189166643014,1.244681864331909e-05
0.17991130314285533,3.314830336131891e-05
0.2021212354977168,8.406542390859695e-05
0.2270729694325259,0.00020305948814669517
0.2551049785537617,0.0004672920126599367
0.28659752081259104,0.0010247949174562176
0.3219777967548112,0.0021424511103718125
0.36172574455336326,0.00427142279038617
0.4063805504338082,0.008124719096059052
0.45654796280755766,0.014751400270072046
0.5129085093300529,0.025579722062331833
0.5762267283493882,0.042392050820518445
0.6473615399712076,0.06719460740444994
0.7272778974247632,0.1019615953563795
0.8170598767824696,0.14826787514627626
0.9179253825967483,0.206870229159819
1.0312426689380967,0.27733835028798925
1.1585488999444697,0.35785262276413454
1.3015710016583038,0.445261525659171
1.4622490880091454,0.5354271763309907
1.6427627787184707,0.6238021390619688
1.8455607661325835,0.7061059655844517
2.0733940320616497,0.7789364899592095
2.329353165215711,0.8401728563611258
2.6169102854537,0.8890952695022601
2.9399661435534976,0.9262324305666831
3.3029030354176987,0.9530186714484475
3.710644248503383,0.971376314403479
4.168720846874621,0.9833306092965021
4.683346700825936,0.9907272189785516
5.261502778863538,0.9950757532620393
5.911031845476362,0.9975049030817126
6.64074484928479,0.9987942406362947
7.4605404447366075,0.9994444894862112
8.381539268677866,0.9997560861930002
9.416234793278331,0.9998979612623371
10.578662801651687,0.9999593401352883
11.884591785129816,0.9999845709305683
13.351736844955687,0.9999944255933783
15.0,0.9999980828123852
