SA(1.0s) [g],Loss_ratio
0.05000000000000001,5.683748551170138e-07
0.056172467201025755,1.3095753406259826e-06
0.06310692142900626,2.9398640590410982e-06
0.07089742948257126,6.434913864159171e-06
0.07964967064493539,1.3742006617131805e-05
0.08948237023750269,2.864595527072691e-05
0.10052891014472326,5.8307568564031464e-05
0.11293913815718663,0.00011590441946483088
0.1268814006769336,0.00022499622970207543
0.14254482635890514,0.00042644697665692436
0.16014189166643014,0.0007889016386970859
0.17991130314285533,0.0014238253975389615
0.2021212354977168,0.002505802719154263
0.2270729694325259,0.0042979709043381034
0.2551049785537617,0.007180972436216305
0.28659752081259104,0.01168164227159113
0.3219777967548112,0.01849506220204633
0.36172574455336326,0.02849124335940375
0.4063805504338082,0.04269651486745267
0.45654796280755766,0.062240810404223745
0.5129085093300529,0.08826627372005628
0.5762267283493882,0.12179993898546576
0.6473615399712076,0.16360243289849485
0.7272778974247632,0.2140132515983717
0.8170598767824696,0.27281829662301277
0.9179253825967483,0.33916498466280637
1.0312426689380967,0.4115444319271704
1.1585488999444697,0.4878512229473446
1.3015710016583038,0.5655220572891841
1.4622490880091454,0.6417463350024082
1.6427627787184707,0.7137327538594571
1.8455607661325835,0.7790034940804003
2.0733940320616497,0.835672199083318
2.329353165215711,0.8826507516742221
2.6169102854537,0.9197335725355289
2.9399661435534976,0.9475332492288363
3.3029030354176987,0.9672822582761041
3.710644248503383,0.9805553546952411
4.168720846874621,0.9889869871375062
4.683346700825936,0.9940492086606736
5.261502778863538,0.9969247440144008
5.911031845476362,0.9984738993034127
6.64074484928479,0.999268650670004
7.4605404447366075,0.9996592071141559
8.381539268677866,0.9998444625570767
9.416234793278331,0.9999300306411875
10.578662801651687,0.999968850973012
11.884591785129816,0.9999862657506083
13.351736844955687,0.9999940151021403
15.0,0.999997432959377
