SA(0.6s) [g],Complete_damage
0.05000000000000001,0.0
0.056172467201025755,0.0
0.06310692142900626,0.0
0.07089742948257126,1.1102230246251565e-16
0.07964967064493539,1.2212453270876722e-15
0.08948237023750269,1.1213252548714081e-14
0.10052891014472326,9.35918009759007e-14
0.11293913815718663,7.235323451482145e-13
0.1268814006769336,5.182965168160081e-12
0.14254482635890514,3.4414804339633065e-11
0.16014189166643014,2.1184176635102858e-10
0.17991130314285533,1.2090159984268212e-09
0.2021212354977168,6.398355845149695e-09
0.2270729694325259,3.1404409961410806e-08
0.2551049785537617,1.4298081363328663e-07
0.28659752081259104,6.039753748243726e-07
0.3219777967548112,2.3676461647914593e-06
0.36172574455336326,8.615623868113431e-06
0.4063805504338082,2.9111359723832386e-05
0.45654796280755766,9.136882490412557e-05
0.5129085093300529,0.00026648445658372655
0.5762267283493882,0.0007225902073271229
0.6473615399712076,0.0018226462809095567
0.7272778974247632,0.004279470734571356
0.8170598767824696,0.00936041854966696
0.9179253825967483,0.01909075403084115
1.0312426689380967,0.036346129609926336
1.1585488999444697,0.06468192943570139
1.3015710016583038,0.10777047212458946
1.4622490880091454,0.16844467766844196
1.6427627787184707,0.24756042247720966
1.8455607661325835,0.34309018871979635
2.0733940320616497,0.44990507817400927
2.329353165215711,0.5605018240052428
2.6169102854537,0.6665419983165568
2.9399661435534976,0.7606910560985621
3.3029030354176987,0.8380977974609252
3.710644248503383,0.8970307944451726
4.168720846874621,0.9385792372123571
4.683346700825936,0.9657040579775784
5.261502778863538,0.9821021833349062
5.911031845476362,0.9912820400081843
6.64074484928479,0.996040769598891
7.4605404447366075,0.9983250978964953
8.381539268677866,0.999340497995138
9.416234793278331,0.999758449394802
10.578662801651687,0.9999177519977969
11.884591785129816,0.9999739766744249
13.351736844955687,0.9999923520602394
15.0,0.9999979130190281
