SA(0.6s) [g],Complete_damage
0.05000000000000001,1.131607805682222e-06
0.056172467201025755,2.4288421782703296e-06
0.06310692142900626,5.090175732802571e-06
0.07089742948257126,1.0416454330419711e-05
0.07964967064493539,2.0815469042645418e-05
0.08948237023750269,4.062181160768841e-05
0.10052891014472326,7.742286026812817e-05
0.11293913815718663,0.0001441281000961192
0.1268814006769336,0.0002620796318947294
0.14254482635890514,0.00046554529635300934
0.16014189166643014,0.0008079365140922778
0.17991130314285533,0.0013700164334454756
0.2021212354977168,0.0022701718902585766
0.2270729694325259,0.0036764816392439448
0.2551049785537617,0.005819808965774831
0.28659752081259104,0.009006500909499393
0.3219777967548112,0.013628562764595897
0.36172574455336326,0.020168529413681302
0.4063805504338082,0.02919586199418811
0.45654796280755766,0.04135177262214573
0.5129085093300529,0.05732011062501097
0.5762267283493882,0.07778343143542998
0.6473615399712076,0.10336556136712871
0.7272778974247632,0.13456462009382852
0.8170598767824696,0.17168312691750676
0.9179253825967483,0.21476392374550324
1.0312426689380967,0.26354160933066484
1.1585488999444697,0.31741854563882677
1.3015710016583038,0.3754721031472228
1.4622490880091454,0.4364958730585856
1.6427627787184707,0.4990726918307844
1.8455607661325835,0.5616723816578602
2.0733940320616497,0.622763086333999
2.329353165215711,0.6809228107265075
2.6169102854537,0.7349377377843747
2.9399661435534976,0.7838761069843516
3.3029030354176987,0.8271304212779611
3.710644248503383,0.8644256781576016
4.168720846874621,0.8957962184443453
4.683346700825936,0.9215377634187014
5.261502778863538,0.9421436556350702
5.911031845476362,0.9582350037483799
6.64074484928479,0.9704935117509224
7.4605404447366075,0.9796036918525742
8.381539268677866,0.9862085038095394
9.416234793278331,0.9908798072740904
10.578662801651687,0.9941028036402291
11.884591785129816,0.9962721337299781
13.351736844955687,0.9976965454320357
15.0,0.9986089542441242
