SA(1.0s) [g],Loss_ratio
0.05000000000000001,6.791974677197315e-07
0.056172467201025755,1.682980172343396e-06
0.06310692142900626,4.189495689686255e-06
0.07089742948257126,1.0321111304305262e-05
0.07964967064493539,2.489192122337037e-05
0.08948237023750269,5.834719583978644e-05
0.10052891014472326,0.00013231920821644158
0.11293913815718663,0.00028949845219964325
0.1268814006769336,0.0006100446544515313
0.14254482635890514,0.0012369530913727176
0.16014189166643014,0.002412157393500041
0.17991130314285533,0.004523093153054219
0.2021212354977168,0.00815550456991229
0.2270729694325259,0.014142523761025113
0.2551049785537617,0.023593551065714542
0.28659752081259104,0.03788150170831641
0.3219777967548112,0.05856676681257297
0.36172574455336326,0.08724383064242551
0.4063805504338082,0.1253131430046117
0.45654796280755766,0.1737043679534962
0.5129085093300529,0.2326012637886922
0.5762267283493882,0.301234162752849
0.6473615399712076,0.37780473070533044
0.7272778974247632,0.45958536616976003
0.8170598767824696,0.543195771375931
0.9179253825967483,0.6250130163871837
1.0312426689380967,0.7016339669618042
1.1585488999444697,0.7702934961306631
1.3015710016583038,0.8291541722378053
1.4622490880091454,0.8774187910416327
1.6427627787184707,0.9152636677912326
1.8455607661325835,0.9436325820448022
2.0733940320616497,0.9639564587027865
2.329353165215711,0.9778674574567809
2.6169102854537,0.9869613087483718
2.9399661435534976,0.9926369726943369
3.3029030354176987,0.9960176186378671
3.710644248503383,0.9979386171794246
4.168720846874621,0.9989795578354951
4.683346700825936,0.9995172364047707
5.261502778863538,0.9997818695521832
5.911031845476362,0.999905926116982
6.64074484928479,0.9999612970918584
7.4605404447366075,0.9999848188222638
8.381539268677866,0.9999943254090127
9.416234793278331,0.9999979796594699
10.578662801651687,0.9999993151705504
11.884591785129816,0.9999997790837142
13.351736844955687,0.9999999322058509
15.0,0.9999999802157722
