SA(1.0s) [g],Loss_ratio
0.05000000000000001,0.0003522816244138563
0.056172467201025755,0.0005519694211156894
0.06310692142900626,0.0008355105220526767
0.07089742948257126,0.001224434702958479
0.07964967064493539,0.0017423460790717026
0.08948237023750269,0.0024169382882692062
0.10052891014472326,0.003285609257094946
0.11293913815718663,0.004406749980329625
0.1268814006769336,0.0058788123290277145
0.14254482635890514,0.007868725148888788
0.16014189166643014,0.010649841680470399
0.17991130314285533,0.014647084793191876
0.2021212354977168,0.02048318598704161
0.2270729694325259,0.02901519219027377
0.2551049785537617,0.04134577869770166
0.28659752081259104,0.05879127088084832
0.3219777967548112,0.08279013334246928
0.36172574455336326,0.11474419838349918
0.4063805504338082,0.15580055275000607
0.45654796280755766,0.20660231969387222
0.5129085093300529,0.26705585431272183
0.5762267283493882,0.3361724602002872
0.6473615399712076,0.41203789309834726
0.7272778974247632,0.4919402121291312
0.8170598767824696,0.5726501079976049
0.9179253825967483,0.6508079951729817
1.0312426689380967,0.7233420040675322
1.1585488999444697,0.7878312806026997
1.3015710016583038,0.8427434782695302
1.4622490880091454,0.8875091163460187
1.6427627787184707,0.9224370168553032
1.8455607661325835,0.9485108814760483
2.0733940320616497,0.9671271493269963
2.329353165215711,0.9798351939556549
2.6169102854537,0.988126147494938
2.9399661435534976,0.9932939728976029
3.3029030354176987,0.9963702502743416
3.710644248503383,0.9981184649269471
4.168720846874621,0.9990665680899258
4.683346700825936,0.9995570837822692
5.261502778863538,0.999799096882286
5.911031845476362,0.9999129317834826
6.64074484928479,0.9999639631025208
7.4605404447366075,0.9999857608723601
8.381539268677866,0.9999946305537982
9.416234793278331,0.9999980681280862
10.578662801651687,0.9999993369351252
11.884591785129816,0.9999997829170821
13.351736844955687,0.999999932206007
15.0,0.9999999798022857
