SA(0.6s) [g],Loss_ratio
0.05000000000000001,7.1809876263529915e-12
0.056172467201025755,4.014698822226811e-11
0.06310692142900626,2.135000154038683e-10
0.07089742948257126,1.064903919140601e-09
0.07964967064493539,4.940031495487687e-09
0.08948237023750269,2.1210957229433912e-08
0.10052891014472326,8.407137932442367e-08
0.11293913815718663,3.0718544455075816e-07
0.1268814006769336,1.0341157796058428e-06
0.14254482635890514,3.207246929702088e-06
0.16014189166643014,9.167235392485254e-06
0.17991130314285533,2.4164874539911996e-05
0.2021212354977168,5.8806481580689375e-05
0.2270729694325259,0.00013231356675556975
0.2551049785537617,0.00027581500890929415
0.28659752081259104,0.0005342128222252885
0.3219777967548112,0.0009652737393910699
0.36172574455336326,0.0016365198791258094
0.4063805504338082,0.0026246726132935264
0.45654796280755766,0.004027945715039369
0.5129085093300529,0.006006272000515484
0.5762267283493882,0.008866385943363763
0.6473615399712076,0.013205791821828896
0.7272778974247632,0.020118504164370013
0.8170598767824696,0.03143750674938135
0.9179253825967483,0.04993348981813233
1.0312426689380967,0.07931082928399985
1.1585488999444697,0.12378459037141451
1.3015710016583038,0.1870762791910402
1.4622490880091454,0.2709116066543908
1.6427627787184707,0.37350140817004257
1.8455607661325835,0.48880261710644807
2.0733940320616497,0.6072583389575114
2.329353165215711,0.7180682196378254
2.6169102854537,0.8121521511219665
2.9399661435534976,0.8844723556318518
3.3029030354176987,0.9347039058385774
3.710644248503383,0.9661899041968111
4.168720846874621,0.9839911480528137
4.683346700825936,0.9930716810775129
5.261502778863538,0.9972565023391116
5.911031845476362,0.9990033408870133
6.64074484928479,0.9996664145184222
7.4605404447366075,0.9998965532039168
8.381539268677866,0.9999700921597006
9.416234793278331,0.9999918921312754
10.578662801651687,0.9999979308265986
11.884591785129816,0.9999995022895586
13.351736844955687,0.9999998873521626
15.0,0.9999999761003383
