SA(0.6s) [g],Loss_ratio
0.05000000000000001,0.000371857766924925
0.056172467201025755,0.0005562630130650967
0.06310692142900626,0.0008225150109556711
0.07089742948257126,0.0012024658488743129
0.07964967064493539,0.0017387279274328257
0.08948237023750269,0.0024881279691391163
0.10052891014472326,0.003526695530665668
0.11293913815718663,0.0049572305308370505
0.1268814006769336,0.00692106569468763
0.14254482635890514,0.009616195345459313
0.16014189166643014,0.01332410769940173
0.17991130314285533,0.018446789394428082
0.2021212354977168,0.02555264857024607
0.2270729694325259,0.035424882272501665
0.2551049785537617,0.049098267352765755
0.28659752081259104,0.0678622224585001
0.3219777967548112,0.09320297919658783
0.36172574455336326,0.12666087633891565
0.4063805504338082,0.16959451330839942
0.45654796280755766,0.22287225841234048
0.5129085093300529,0.2865472131034399
0.5762267283493882,0.35960108862631623
0.6473615399712076,0.43984957278207304
0.7272778974247632,0.5240754947064644
0.8170598767824696,0.6083980001133278
0.9179253825967483,0.6888133180671754
1.0312426689380967,0.7617832139404823
1.1585488999444697,0.8247265611955932
1.3015710016583038,0.8762981211215981
1.4622490880091454,0.9164057283710323
1.6427627787184707,0.9459953826116902
1.8455607661325835,0.9666930746014794
2.0733940320616497,0.980413616475585
2.329353165215711,0.9890296690547152
2.6169102854537,0.9941532347012273
2.9399661435534976,0.9970373887899808
3.3029030354176987,0.9985738307614221
3.710644248503383,0.9993481982502078
4.168720846874621,0.9997173491261425
4.683346700825936,0.9998837627277404
5.261502778863538,0.999954689922145
5.911031845476362,0.9999832654618276
6.64074484928479,0.9999941462259825
7.4605404447366075,0.999998061295624
8.381539268677866,0.9999993922776819
9.416234793278331,0.9999998197422132
10.578662801651687,0.9999999494214071
11.884591785129816,0.9999999865778537
13.351736844955687,0.9999999966320369
15.0,0.9999999992010522
