SA(0.6s) [g],Loss_ratio
0.05000000000000001,0.00029896151641558964
0.056172467201025755,0.0004484356960601127
0.06310692142900626,0.0006656596155088228
0.07089742948257126,0.0009784091275277219
0.07964967064493539,0.0014250254219180828
0.08948237023750269,0.002058533944322844
0.10052891014472326,0.0029526977216726923
0.11293913815718663,0.00421106258630985
0.1268814006769336,0.00598049018511361
0.14254482635890514,0.008471024443108335
0.16014189166643014,0.011983847721390972
0.17991130314285533,0.01694798184881521
0.2021212354977168,0.02396358794712871
0.2270729694325259,0.03384474723018672
0.2551049785537617,0.047647785728719756
0.28659752081259104,0.0666642894795832
0.3219777967548112,0.09235438409372279
0.36172574455336326,0.126200089915174
0.4063805504338082,0.16947418118492144
0.45654796280755766,0.22294685776077303
0.5129085093300529,0.28658457012107574
0.5762267283493882,0.35932051528122355
0.6473615399712076,0.43898056068243313
0.7272778974247632,0.5224223706897878
0.8170598767824696,0.6058915717174004
0.9179253825967483,0.6855329622355418
1.0312426689380967,0.7579418675307533
1.1585488999444697,0.8206232981555945
1.3015710016583038,0.8722534197267915
1.4622490880091454,0.9126989248923177
1.6427627787184707,0.9428208376661827
1.8455607661325835,0.9641432516440166
2.0733940320616497,0.9784876257346102
2.329353165215711,0.9876587533484004
2.6169102854537,0.9932321691770394
2.9399661435534976,0.9964524978680009
3.3029030354176987,0.9982223887412263
3.710644248503383,0.9991481884087814
4.168720846874621,0.999609443290689
4.683346700825936,0.9998285325413291
5.261502778863538,0.9999278511956042
5.911031845476362,0.9999708747487908
6.64074484928479,0.9999887079934306
7.4605404447366075,0.999995790859741
8.381539268677866,0.9999984900853254
9.416234793278331,0.9999994783439514
10.578662801651687,0.9999998263338328
11.884591785129816,0.9999999442759437
13.351736844955687,0.9999999827682071
15.0,0.9999999948664415
