SA(0.6s) [g],Complete_damage
0.05000000000000001,4.373501560905879e-12
0.056172467201025755,1.7909340677135788e-11
0.06310692142900626,7.037070925974831e-11
0.07089742948257126,2.653294250976046e-10
0.07964967064493539,9.600258366049275e-10
0.08948237023750269,3.3335683102819758e-09
0.10052891014472326,1.1109436925949012e-08
0.11293913815718663,3.553536309652827e-08
0.1268814006769336,1.0910585579448906e-07
0.14254482635890514,3.2158047436059434e-07
0.16014189166643014,9.099653304200928e-07
0.17991130314285533,2.472275294151949e-06
0.2021212354977168,6.449905934013955e-06
0.2270729694325259,1.6160224374339727e-05
0.2551049785537617,3.8889965512822755e-05
0.28659752081259104,8.990612034398549e-05
0.3219777967548112,0.0001996987981373044
0.36172574455336326,0.0004262631897599123
0.4063805504338082,0.0008745569983205081
0.45654796280755766,0.0017250814729888875
0.5129085093300529,0.0032723441369090223
0.5762267283493882,0.005971292590753019
0.6473615399712076,0.010485469711341122
0.7272778974247632,0.017725096821442743
0.8170598767824696,0.028857976699799393
0.9179253825967483,0.0452734226937781
1.0312426689380967,0.06848217492504538
1.1585488999444697,0.09994552284394442
1.3015710016583038,0.14084447581919646
1.4622490880091454,0.19182140086368693
1.6427627787184707,0.25274552958625407
1.8455607661325835,0.32256222909584764
2.0733940320616497,0.3992778198338176
2.329353165215711,0.48010590875716597
2.6169102854537,0.5617632733357887
2.9399661435534976,0.6408644206327158
3.3029030354176987,0.7143368790666069
3.710644248503383,0.7797734762223706
4.168720846874621,0.8356553753079109
4.683346700825936,0.8814143071718233
5.261502778863538,0.9173424540719839
5.911031845476362,0.9443912482880152
6.64074484928479,0.9639173289076596
7.4605404447366075,0.977432957065078
8.381539268677866,0.9864033461708114
9.416234793278331,0.9921120841322946
10.578662801651687,0.9955956385216492
11.884591785129816,0.9976338939657312
13.351736844955687,0.9987774251511087
15.0,0.9993925887776737
