SA(1.0s) [g],Complete_damage
0.05000000000000001,0.0
0.056172467201025755,0.0
0.06310692142900626,0.0
0.07089742948257126,0.0
0.07964967064493539,3.3306690738754696e-16
0.08948237023750269,2.220446049250313e-15
0.10052891014472326,1.454392162258955e-14
0.11293913815718663,9.015010959956271e-14
0.1268814006769336,5.280220705117245e-13
0.14254482635890514,2.924438469165125e-12
0.16014189166643014,1.5308088130439046e-11
0.17991130314285533,7.574441074353899e-11
0.2021212354977168,3.5429204015002824e-10
0.2270729694325259,1.5667102060135107e-09
0.2551049785537617,6.550487263723426e-09
0.28659752081259104,2.5897715194567184e-08
0.3219777967548112,9.68283160318606e-08
0.36172574455336326,3.424145766928177e-07
0.4063805504338082,1.1454427567558767e-06
0.45654796280755766,3.625230591275397e-06
0.5129085093300529,1.085719006610475e-05
0.5762267283493882,3.07756535206094e-05
0.6473615399712076,8.258578732378563e-05
0.7272778974247632,0.00020985789498040308
0.8170598767824696,0.0005051229008464775
0.9179253825967483,0.0011520442541662623
1.0312426689380967,0.002490648729190248
1.1585488999444697,0.005106510645829787
1.3015710016583038,0.009934202677756021
1.4622490880091454,0.01834867542928942
1.6427627787184707,0.032199551351930866
1.8455607661325835,0.0537318742733317
2.0733940320616497,0.08534505126959546
2.329353165215711,0.1291788667184055
2.6169102854537,0.1865792116869669
2.9399661435534976,0.25756705952322956
3.3029030354176987,0.3404791646189248
3.710644248503383,0.431936049554583
4.168720846874621,0.5272111612577155
4.683346700825936,0.620947320487758
5.261502778863538,0.7080435707752671
5.911031845476362,0.7844722449962036
6.64074484928479,0.8478121882061157
7.4605404447366075,0.8973872609421194
8.381539268677866,0.9340321347169774
9.416234793278331,0.9596136976049974
10.578662801651687,0.9764794083397506
11.884591785129816,0.9869807712897376
13.351736844955687,0.9931559541007478
15.0,0.9965853430312501
