SA(1.0s) [g],Complete_damage
0.05000000000000001,1.1102230246251565e-16
0.056172467201025755,1.1102230246251565e-15
0.06310692142900626,7.438494264988549e-15
0.07089742948257126,4.729550084903167e-14
0.07964967064493539,2.829958489769524e-13
0.08948237023750269,1.5993872892750005e-12
0.10052891014472326,8.542166973768417e-12
0.11293913815718663,4.312283863328048e-11
0.1268814006769336,2.0578561077400082e-10
0.14254482635890514,9.283811497340366e-10
0.16014189166643014,3.959863548175235e-09
0.17991130314285533,1.597056786817319e-08
0.2021212354977168,6.091090964943646e-08
0.2270729694325259,2.1971421138022862e-07
0.2551049785537617,7.49668865429598e-07
0.28659752081259104,2.41989262195208e-06
0.3219777967548112,7.391170922077528e-06
0.36172574455336326,2.1365135912332356e-05
0.4063805504338082,5.846138781273602e-05
0.45654796280755766,0.00015146500519780393
0.5129085093300529,0.000371671268396212
0.5762267283493882,0.0008640735636021857
0.6473615399712076,0.0019039256546616867
0.7272778974247632,0.00397781060654534
0.8170598767824696,0.007884058470903788
0.9179253825967483,0.01483265989222482
1.0312426689380967,0.026506073026494437
1.1585488999444697,0.04502694846319444
1.3015710016583038,0.07277858998799447
1.4622490880091454,0.11205028334718081
1.6427627787184707,0.16453521065139132
1.8455607661325835,0.23078031529526166
2.0733940320616497,0.30974580962879705
2.329353165215711,0.398642465552689
2.6169102854537,0.4931568845144396
2.9399661435534976,0.5880588778181697
3.3029030354176987,0.6780536379315094
3.710644248503383,0.7586515331042648
4.168720846874621,0.8268217520191554
4.683346700825936,0.8812757880206646
5.261502778863538,0.9223557188131853
5.911031845476362,0.9516237415615405
6.64074484928479,0.9713171498835175
7.4605404447366075,0.9838316048552285
8.381539268677866,0.9913420597296875
9.416234793278331,0.9955988616883001
10.578662801651687,0.997877435882027
11.884591785129816,0.9990293099773608
13.351736844955687,0.9995792413624136
15.0,0.9998271965347975
