SA(1.0s) [g],Complete_damage
0.05000000000000001,0.0
0.056172467201025755,0.0
0.06310692142900626,3.3306690738754696e-16
0.07089742948257126,2.220446049250313e-15
0.07964967064493539,1.4654943925052066e-14
0.08948237023750269,9.092726571680032e-14
0.10052891014472326,5.329070518200751e-13
0.11293913815718663,2.9504176879413535e-12
0.1268814006769336,1.5439538536554664e-11
0.14254482635890514,7.637246390856944e-11
0.16014189166643014,3.5712388601893963e-10
0.17991130314285533,1.5787671170386375e-09
0.2021212354977168,6.5989551600864615e-09
0.2270729694325259,2.6081671933297912e-08
0.2551049785537617,9.748752494154189e-08
0.28659752081259104,3.44644940364347e-07
0.3219777967548112,1.1525675737145136e-06
0.36172574455336326,3.64671963604124e-06
0.4063805504338082,1.0918383649194396e-05
0.45654796280755766,3.094018159999212e-05
0.5129085093300529,8.300344411116267e-05
0.5762267283493882,0.00021085891884242702
0.6473615399712076,0.0005073881432778871
0.7272778974247632,0.001156884086504717
0.8170598767824696,0.0025004119096619926
0.9179253825967483,0.0051251057103117725
1.0312426689380967,0.009967641381321446
1.1585488999444697,0.018405449043859656
1.3015710016583038,0.03229056133425412
1.4622490880091454,0.05386961960406944
1.6427627787184707,0.08554188979978883
1.8455607661325835,0.129444442649012
2.0733940320616497,0.1869175200094173
2.329353165215711,0.25797395421340696
2.6169102854537,0.3409412228749088
2.9399661435534976,0.4324314504848601
3.3029030354176987,0.5277126512517432
3.710644248503383,0.6214266267440358
4.168720846874621,0.7084760938628416
4.683346700825936,0.7848407563411177
5.261502778863538,0.8481086288866748
5.911031845476362,0.8976124099885543
6.64074484928479,0.9341935883394089
7.4605404447366075,0.9597230103615584
8.381539268677866,0.9765492861472467
9.416234793278331,0.9870229460929679
10.578662801651687,0.9931799873356478
11.884591785129816,0.9965982735744232
13.351736844955687,0.9983905589801755
15.0,0.9992780579539982
