SA(1.0s) [g],Loss_ratio
0.05000000000000001,1.539219517299624e-11
0.056172467201025755,5.586878862824732e-11
0.06310692142900626,1.9556428000935116e-10
0.07089742948257126,6.602468168833866e-10
0.07964967064493539,2.150316096882894e-09
0.08948237023750269,6.758127027042868e-09
0.10052891014472326,2.0509227775871e-08
0.11293913815718663,6.016585601976966e-08
0.1268814006769336,1.7093703151117602e-07
0.14254482635890514,4.71717901996911e-07
0.16014189166643014,1.2697993750082277e-06
0.17991130314285533,3.352537818529418e-06
0.2021212354977168,8.7334831153589e-06
0.2270729694325259,2.2558013734610844e-05
0.2551049785537617,5.787848629275738e-05
0.28659752081259104,0.00014713697536218882
0.3219777967548112,0.0003680850990406162
0.36172574455336326,0.0008975995777143753
0.4063805504338082,0.0021124132015108788
0.45654796280755766,0.004755050364744853
0.5129085093300529,0.010165372476404262
0.5762267283493882,0.020531972022368332
0.6473615399712076,0.03904418686048938
0.7272778974247632,0.06975432489868429
0.8170598767824696,0.11695456113155517
0.9179253825967483,0.18400559708954117
1.0312426689380967,0.2718402016018342
1.1585488999444697,0.3776967092686937
1.3015710016583038,0.4947890369571511
1.4622490880091454,0.613377373746063
1.6427627787184707,0.7230741407793586
1.8455607661325835,0.8155297629525542
2.0733940320616497,0.8863644223049468
2.329353165215711,0.9355878322034118
2.6169102854537,0.9665492124412718
2.9399661435534976,0.9841437580808176
3.3029030354176987,0.9931617822777045
3.710644248503383,0.9973243931949344
4.168720846874621,0.9990524653941415
4.683346700825936,0.9996969157955744
5.261502778863538,0.9999125915351944
5.911031845476362,0.9999773066534074
6.64074484928479,0.999994703096731
7.4605404447366075,0.9999988897397446
8.381539268677866,0.9999997912274528
9.416234793278331,0.9999999648123329
10.578662801651687,0.9999999946881413
11.884591785129816,0.9999999992822837
13.351736844955687,0.9999999999132527
15.0,0.9999999999906258
