SA(0.3s) [g],Loss_ratio
0.05000000000000001,2.4121511708815403e-06
0.056172467201025755,4.7117908239160015e-06
0.06310692142900626,9.037600632494858e-06
0.07089742948257126,1.7031172289848485e-05
0.07964967064493539,3.155525576247094e-05
0.08948237023750269,5.753411428537567e-05
0.10052891014472326,0.00010334095004274102
0.11293913815718663,0.00018307826243196612
0.1268814006769336,0.00032030310539463234
0.14254482635890514,0.0005540476907733216
0.16014189166643014,0.0009483731397059644
0.17991130314285533,0.0016071089142643403
0.2021212354977168,0.0026957037021139215
0.2270729694325259,0.004471921557505911
0.2551049785537617,0.007325973321100429
0.28659752081259104,0.01182801800671754
0.3219777967548112,0.018776415962335532
0.36172574455336326,0.029233871618606
0.4063805504338082,0.044531962151284105
0.45654796280755766,0.06622020247914748
0.5129085093300529,0.09593757074893242
0.5762267283493882,0.13519604830169504
0.6473615399712076,0.18508868038132242
0.7272778974247632,0.24596568144599568
0.8170598767824696,0.31715195725567097
0.9179253825967483,0.39679451862967197
1.0312426689380967,0.4819159342796341
1.1585488999444697,0.568705742448486
1.3015710016583038,0.6530149264463121
1.4622490880091454,0.7309516955385871
1.6427627787184707,0.7994372237947467
1.8455607661325835,0.8565866408949654
2.0733940320616497,0.9018333476068646
2.329353165215711,0.9357931818180131
2.6169102854537,0.9599378998618268
2.9399661435534976,0.9761882313507593
3.3029030354176987,0.9865353607614163
3.710644248503383,0.9927648913144973
4.168720846874621,0.9963093717408505
4.683346700825936,0.9982144696694161
5.261502778863538,0.9991813542148392
5.911031845476362,0.9996445527608285
6.64074484928479,0.999853941537393
7.4605404447366075,0.9999432321317184
8.381539268677866,0.9999791416154636
9.416234793278331,0.9999927579431259
10.578662801651687,0.9999976249781017
11.884591785129816,0.9999992645775381
13.351736844955687,0.9999997850562918
15.0,0.9999999407210968
