SA(1.0s) [g],Loss_ratio
0.05000000000000001,2.7636512552816657e-18
0.056172467201025755,3.062879917384127e-17
0.06310692142900626,3.1432729754626064e-16
0.07089742948257126,3.4313183651355423e-15
0.07964967064493539,2.917842265787568e-14
0.08948237023750269,2.33976761831054e-13
0.10052891014472326,1.7462290204993046e-12
0.11293913815718663,1.2101496019929732e-11
0.1268814006769336,7.785668067167459e-11
0.14254482635890514,4.648780800567039e-10
0.16014189166643014,2.57566117590907e-09
0.17991130314285533,1.3240672849208684e-08
0.2021212354977168,6.315443202244205e-08
0.2270729694325259,2.7951313701835075e-07
0.2551049785537617,1.1480642893323025e-06
0.28659752081259104,4.37708313135115e-06
0.3219777967548112,1.5494434651011558e-05
0.36172574455336326,5.09433615451806e-05
0.4063805504338082,0.00015563350715401807
0.45654796280755766,0.0004420215759171077
0.5129085093300529,0.0011678130583614155
0.5762267283493882,0.002872137684023311
0.6473615399712076,0.006581157515505771
0.7272778974247632,0.014062943972703803
0.8170598767824696,0.028053039271084657
0.9179253825967483,0.05229893728652123
1.0312426689380967,0.09122314636573318
1.1585488999444697,0.1490420270152347
1.3015710016583038,0.22835741878164117
1.4622490880091454,0.3285588260471046
1.6427627787184707,0.44471447169383893
1.8455607661325835,0.5677349952263515
2.0733940320616497,0.6862071655894783
2.329353165215711,0.7894416452565101
2.6169102854537,0.8704489613183536
2.9399661435534976,0.9274360355516701
3.3029030354176987,0.9632321101237102
3.710644248503383,0.9832385566727682
4.168720846874621,0.9931574180583723
4.683346700825936,0.9975084355170731
5.261502778863538,0.999193484857425
5.911031845476362,0.9997685728543994
6.64074484928479,0.9999412722490649
7.4605404447366075,0.9999868469309847
8.381539268677866,0.9999974044621852
9.416234793278331,0.9999995493723572
10.578662801651687,0.9999999312512093
11.884591785129816,0.999999990793112
13.351736844955687,0.9999999989186422
15.0,0.9999999998886996
