SA(1.0s) [g],Loss_ratio
0.05000000000000001,1.3664161640390667e-10
0.056172467201025755,6.509159849366681e-10
0.06310692142900626,2.87506713553362e-09
0.07089742948257126,1.1777522669320202e-08
0.07964967064493539,4.47570055216918e-08
0.08948237023750269,1.5783666666150403e-07
0.10052891014472326,5.167245273247448e-07
0.11293913815718663,1.5711301193793297e-06
0.1268814006769336,4.439233107535751e-06
0.14254482635890514,1.166392565084354e-05
0.16014189166643014,2.852323378671757e-05
0.17991130314285533,6.49911621623127e-05
0.2021212354977168,0.00013818118430561553
0.2270729694325259,0.0002746897767048851
0.2551049785537617,0.0005119463204893385
0.28659752081259104,0.0008980058141960137
0.3219777967548112,0.001490853489014675
0.36172574455336326,0.0023616070390809524
0.4063805504338082,0.0036106415268049303
0.45654796280755766,0.005410264446558813
0.5129085093300529,0.008089732032441484
0.5762267283493882,0.012274536961592454
0.6473615399712076,0.019077099889910076
0.7272778974247632,0.030305308320262025
0.8170598767824696,0.04860858967273095
0.9179253825967483,0.07743104903634307
1.0312426689380967,0.12061901480471983
1.1585488999444697,0.18158113393056824
1.3015710016583038,0.2620594105140509
1.4622490880091454,0.3608278708365139
1.6427627787184707,0.47288851739782045
1.8455607661325835,0.5897817304673909
2.0733940320616497,0.701280014609551
2.329353165215711,0.798029675403388
2.6169102854537,0.8740493702403592
2.9399661435534976,0.9279317209823101
3.3029030354176987,0.9622907018926954
3.710644248503383,0.9819769697338026
4.168720846874621,0.9921181696621747
4.683346700825936,0.9968297975171977
5.261502778863538,0.998816668535806
5.911031845476362,0.9995850176516353
6.64074484928479,0.9998614128897481
7.4605404447366075,0.9999554424478736
8.381539268677866,0.9999861454878515
9.416234793278331,0.9999958460909515
10.578662801651687,0.9999988086841557
11.884591785129816,0.9999996762408206
13.351736844955687,0.9999999172905105
15.0,0.9999999802508874
