SA(1.0s) [g],Complete_damage
0.05000000000000001,0.0
0.056172467201025755,0.0
0.06310692142900626,0.0
0.07089742948257126,1.1102230246251565e-16
0.07964967064493539,7.771561172376096e-16
0.08948237023750269,5.88418203051333e-15
0.10052891014472326,4.4297898682543746e-14
0.11293913815718663,3.1230573682705653e-13
0.1268814006769336,2.0592416660747404e-12
0.14254482635890514,1.2693512907446802e-11
0.16014189166643014,7.315670291774268e-11
0.17991130314285533,3.9424241649044234e-10
0.2021212354977168,1.9868257039590276e-09
0.2270729694325259,9.364774955500366e-09
0.2551049785537617,4.128919328660885e-08
0.28659752081259104,1.703117372686691e-07
0.3219777967548112,6.573520209274264e-07
0.36172574455336326,2.374557215856221e-06
0.4063805504338082,8.029638216111579e-06
0.45654796280755766,2.542430193608336e-05
0.5129085093300529,7.539955518420793e-05
0.5762267283493882,0.00020950822586285334
0.6473615399712076,0.0005456501384998313
0.7272778974247632,0.001332611545327822
0.8170598767824696,0.0030534896119311927
0.9179253825967483,0.006568394121590493
1.0312426689380967,0.01327410045733246
1.1585488999444697,0.02522343794980908
1.3015710016583038,0.04511239815449242
1.4622490880091454,0.07603313733575034
1.6427627787184707,0.12093431178977232
1.8455607661325835,0.18183693645005028
2.0733940320616497,0.25899567995801276
2.329353165215711,0.3503029562417578
2.6169102854537,0.45122753116408276
2.9399661435534976,0.5554256519949818
3.3029030354176987,0.655909046661698
3.710644248503383,0.7464197880061024
4.168720846874621,0.8225710728545068
4.683346700825936,0.8824157374047625
5.261502778863538,0.9263440424964293
5.911031845476362,0.9564625819065316
6.64074484928479,0.9757508565560598
7.4605404447366075,0.9872886393239729
8.381539268677866,0.9937350838354827
9.416234793278331,0.997099319360987
10.578662801651687,0.9987392295147257
11.884591785129816,0.9994858852929861
13.351736844955687,0.9998034166682469
15.0,0.9999295464820356
