SA(0.6s) [g],Complete_damage
0.05000000000000001,0.00010020051830283982
0.056172467201025755,0.00016059875007545799
0.06310692142900626,0.00025386931671411705
0.07089742948257126,0.00039581460724491535
0.07964967064493539,0.0006087036688163794
0.08948237023750269,0.0009233637847241294
0.10052891014472326,0.0013817019739181813
0.11293913815718663,0.002039642125707175
0.1268814006769336,0.0029704129051009165
0.14254482635890514,0.0042680555163817635
0.16014189166643014,0.006050941075433691
0.17991130314285533,0.008464999915855809
0.2021212354977168,0.011686278267321604
0.2270729694325259,0.01592236338614894
0.2551049785537617,0.021412171023657334
0.28659752081259104,0.028423584897784182
0.3219777967548112,0.03724849135670538
0.36172574455336326,0.04819487464083283
0.4063805504338082,0.061575833217224374
0.45654796280755766,0.07769564028036802
0.5129085093300529,0.09683328520321477
0.5762267283493882,0.11922426959720012
0.6473615399712076,0.14504175413311493
0.7272778974247632,0.1743784169309306
0.8170598767824696,0.20723054740753832
0.9179253825967483,0.24348592369095057
1.0312426689380967,0.28291688306100027
1.1585488999444697,0.3251796883091279
1.3015710016583038,0.36982083564585533
1.4622490880091454,0.4162903813594766
1.6427627787184707,0.4639617430603006
1.8455607661325835,0.5121568269011858
2.0733940320616497,0.5601748166967526
2.329353165215711,0.6073225981778251
2.6169102854537,0.6529446276763959
2.9399661435534976,0.6964501103716045
3.3029030354176987,0.737335621658817
3.710644248503383,0.7752017519628267
4.168720846874621,0.8097629243660072
4.683346700825936,0.8408501565072803
5.261502778863538,0.8684071410940492
5.911031845476362,0.8924805379998944
6.64074484928479,0.9132057558144924
7.4605404447366075,0.9307897233578492
8.381539268677866,0.9454922062992267
9.416234793278331,0.9576071258259472
10.578662801651687,0.9674451168000378
11.884591785129816,0.9753182634348901
13.351736844955687,0.981527615607224
15.0,0.9863537595770041
