SA(0.3s) [g],Complete_damage
0.05000000000000001,2.3227342271781026e-10
0.056172467201025755,6.260537643854036e-10
0.06310692142900626,1.6471846109311628e-09
0.07089742948257126,4.230611194699918e-09
0.07964967064493539,1.0607346223601155e-08
0.08948237023750269,2.596370174412499e-08
0.10052891014472326,6.204361802097935e-08
0.11293913815718663,1.447483792826887e-07
0.1268814006769336,3.297106608846079e-07
0.14254482635890514,7.332850026076088e-07
0.16014189166643014,1.5924007359391368e-06
0.17991130314285533,3.3766995624073814e-06
0.2021212354977168,6.99222429878521e-06
0.2270729694325259,1.4139868925511223e-05
0.2551049785537617,2.7926002093225932e-05
0.28659752081259104,5.386838854415377e-05
0.3219777967548112,0.00010149671820358641
0.36172574455336326,0.00018680845445495642
0.4063805504338082,0.0003358956155175008
0.45654796280755766,0.0005900863834947812
0.5129085093300529,0.0010129179422775358
0.5762267283493882,0.001699137568554665
0.6473615399712076,0.00278568082710573
0.7272778974247632,0.004464172065725691
0.8170598767824696,0.006993932114211621
0.9179253825967483,0.01071380240528852
1.0312426689380967,0.016050400544588506
1.1585488999444697,0.02351986492497138
1.3015710016583038,0.03371992419266101
1.4622490880091454,0.047309447452612896
1.6427627787184707,0.06497365075032102
1.8455607661325835,0.08737489847193913
2.0733940320616497,0.11509141824250746
2.329353165215711,0.14854892168144151
2.6169102854537,0.1879525960517323
2.9399661435534976,0.23322861953327134
3.3029030354176987,0.28398471481923837
3.710644248503383,0.33949794649095977
4.168720846874621,0.39873496615249027
4.683346700825936,0.4604055808346502
5.261502778863538,0.5230455800330751
5.911031845476362,0.5851201329144046
6.64074484928479,0.6451356906320651
7.4605404447366075,0.7017469062226523
8.381539268677866,0.7538459196320921
9.416234793278331,0.8006242695407713
10.578662801651687,0.8416020726428022
11.884591785129816,0.8766240619879342
13.351736844955687,0.9058266479002974
15.0,0.9295835691220682
