SA(0.3s) [g],Loss_ratio
0.05000000000000001,2.38406470539035e-06
0.056172467201025755,4.686409756509162e-06
0.06310692142900626,9.034711391042303e-06
0.07089742948257126,1.708568451619719e-05
0.07964967064493539,3.170441621487654e-05
0.08948237023750269,5.774886563687113e-05
0.10052891014472326,0.00010330491745762834
0.11293913815718663,0.0001816046223981855
0.1268814006769336,0.0003139744934867001
0.14254482635890514,0.0005343288829882663
0.16014189166643014,0.0008959598356415311
0.17991130314285533,0.001481676881236941
0.2021212354977168,0.002418669465400321
0.2270729694325259,0.003899662541601561
0.2551049785537617,0.006211736013984111
0.28659752081259104,0.009773147860984184
0.3219777967548112,0.015176112458760327
0.36172574455336326,0.02322933342641683
0.4063805504338082,0.0349882833756058
0.45654796280755766,0.05175489483257252
0.5129085093300529,0.07502401400254752
0.5762267283493882,0.10635544138636949
0.6473615399712076,0.14716148931171086
0.7272778974247632,0.1984224287483532
0.8170598767824696,0.26037291307243565
0.9179253825967483,0.3322321823663802
1.0312426689380967,0.4120656914114946
1.1585488999444697,0.4968527588611229
1.3015710016583038,0.5827894826395048
1.4622490880091454,0.6657884603079633
1.6427627787184707,0.742070295907991
1.8455607661325835,0.8087043788618005
2.0733940320616497,0.8639665013208175
2.329353165215711,0.9074369616182026
2.6169102854537,0.9398426806140744
2.9399661435534976,0.962718452268319
3.3029030354176987,0.9779996991957524
3.710644248503383,0.9876536583849052
4.168720846874621,0.9934183917602375
4.683346700825936,0.9966705310435672
5.261502778863538,0.9984030855088208
5.911031845476362,0.9992743785888489
6.64074484928479,0.9996878550144188
7.4605404447366075,0.9998729572075385
8.381539268677866,0.9999511066306556
9.416234793278331,0.9999822155366036
10.578662801651687,0.9999938887561112
11.884591785129816,0.9999980169048146
13.351736844955687,0.9999993925268009
15.0,0.999999824393641
