SA(1.0s) [g],Complete_damage
0.05000000000000001,0.0
0.056172467201025755,0.0
0.06310692142900626,0.0
0.07089742948257126,1.1102230246251565e-16
0.07964967064493539,8.881784197001252e-16
0.08948237023750269,4.884981308350689e-15
0.10052891014472326,2.4646951146678475e-14
0.11293913815718663,1.199040866595169e-13
0.1268814006769336,5.579980921766037e-13
0.14254482635890514,2.488009798184976e-12
0.16014189166643014,1.0626610702502148e-11
0.17991130314285533,4.348299498246888e-11
0.2021212354977168,1.7047152578442137e-10
0.2270729694325259,6.403452212921934e-10
0.2551049785537617,2.3047921349217404e-09
0.28659752081259104,7.949373159732431e-09
0.3219777967548112,2.627532780241637e-08
0.36172574455336326,8.323598343906724e-08
0.4063805504338082,2.527310811739625e-07
0.45654796280755766,7.355823657961835e-07
0.5129085093300529,2.052455747469928e-06
0.5762267283493882,5.490799596330476e-06
0.6473615399712076,1.4085475824598959e-05
0.7272778974247632,3.465313769490663e-05
0.8170598767824696,8.177427493150091e-05
0.9179253825967483,0.00018512708197315764
1.0312426689380967,0.00040214954580519713
1.1585488999444697,0.0008384274494879218
1.3015710016583038,0.0016780770074533713
1.4622490880091454,0.0032251450641374024
1.6427627787184707,0.005954106906724599
1.8455607661325835,0.010562636318626972
2.0733940320616497,0.018013459806868526
2.329353165215711,0.029545956539839713
2.6169102854537,0.046635076148239585
2.9399661435534976,0.0708784712902839
3.3029030354176987,0.10380490518438545
3.710644248503383,0.1466176972660519
4.168720846874621,0.1999119139822192
4.683346700825936,0.26342516722298304
5.261502778863538,0.3358898556647769
5.911031845476362,0.41504266540072987
6.64074484928479,0.49781479039269516
7.4605404447366075,0.5806814342141599
8.381539268677866,0.6601057113948274
9.416234793278331,0.7329850891296754
10.578662801651687,0.7970077732911632
11.884591785129816,0.8508522175180483
13.351736844955687,0.8942058673279387
15.0,0.927624456602532
