PGA [g],Complete_damage
0.05000000000000001,4.423461597014011e-12
0.056172467201025755,1.1888490192291101e-11
0.06310692142900626,3.131350734264515e-11
0.07089742948257126,8.083389513302564e-11
0.07964967064493539,2.0451107474173114e-10
0.08948237023750269,5.071193465155943e-10
0.10052891014472326,1.232484669877465e-09
0.11293913815718663,2.9358895314857136e-09
0.1268814006769336,6.8547891807213546e-09
0.14254482635890514,1.5687530718899723e-08
0.16014189166643014,3.519100844062706e-08
0.17991130314285533,7.738142215885091e-08
0.2021212354977168,1.667944331540383e-07
0.2270729694325259,3.524349999617371e-07
0.2551049785537617,7.300335392868007e-07
0.28659752081259104,1.4824754892561742e-06
0.3219777967548112,2.9514051175238976e-06
0.36172574455336326,5.760809769106423e-06
0.4063805504338082,1.1024774120738101e-05
0.45654796280755766,2.0687439428401788e-05
0.5129085093300529,3.80640995938375e-05
0.5762267283493882,6.867816953681771e-05
0.6473615399712076,0.00012151797880510795
0.7272778974247632,0.0002108663908069186
0.8170598767824696,0.00035887871449180597
0.9179253825967483,0.0005990905339520181
1.0312426689380967,0.0009810139982580068
1.1585488999444697,0.0015759137612816332
1.3015710016583038,0.002483727500356636
1.4622490880091454,0.0038409005278784436
1.6427627787184707,0.005828638867664715
1.8455607661325835,0.008680765125855028
2.0733940320616497,0.012690021501442827
2.329353165215711,0.01821136122388345
2.6169102854537,0.025660579163125474
2.9399661435534976,0.03550663898884565
3.3029030354176987,0.04825633551941899
3.710644248503383,0.06443053596879089
4.168720846874621,0.08453217165017723
4.683346700825936,0.10900733416865682
5.261502778863538,0.13820212628062944
5.911031845476362,0.17231912441338793
6.64074484928479,0.2113781912204653
7.4605404447366075,0.255186707554685
8.381539268677866,0.3033239116322579
9.416234793278331,0.35514288636377733
10.578662801651687,0.409791910337323
11.884591785129816,0.46625461077554786
13.351736844955687,0.5234059646736756
15.0,0.5800790744397415
