PGA [g],Complete_damage
0.05000000000000001,1.5517254148278425e-11
0.056172467201025755,4.064737435527377e-11
0.06310692142900626,1.0435363684280219e-10
0.07089742948257126,2.625710759929234e-10
0.07964967064493539,6.475278091500059e-10
0.08948237023750269,1.5651294704710494e-09
0.10052891014472326,3.7079297410258505e-09
0.11293913815718663,8.610166690736776e-09
0.1268814006769336,1.959749351687634e-08
0.14254482635890514,4.3722917730804056e-08
0.16014189166643014,9.562001435092782e-08
0.17991130314285533,2.0498955388692508e-07
0.2021212354977168,4.3079527523026684e-07
0.2270729694325259,8.8752445537299e-07
0.2551049785537617,1.7925646295102737e-06
0.28659752081259104,3.549526179646989e-06
0.3219777967548112,6.891030128297615e-06
0.36172574455336326,1.3117000377205201e-05
0.4063805504338082,2.4481686969890504e-05
0.45654796280755766,4.480494188474626e-05
0.5129085093300529,8.041022651128493e-05
0.5762267283493882,0.0001415214632194406
0.6473615399712076,0.00024427886474032157
0.7272778974247632,0.0004135529986767361
0.8170598767824696,0.000686735922531434
0.9179253825967483,0.00111865458906113
1.0312426689380967,0.0017876696408490877
1.1585488999444697,0.002802878287347821
1.3015710016583038,0.004312125019050206
1.4622490880091454,0.006510241534786743
1.6427627787184707,0.00964660737903078
1.8455607661325835,0.014030786342933643
2.0733940320616497,0.020034713225137946
2.329353165215711,0.028089760388110174
2.6169102854537,0.03867708824383376
2.9399661435534976,0.05231005031336955
3.3029030354176987,0.06950811937823587
3.710644248503383,0.09076280844723594
4.168720846874621,0.1164972907126186
4.683346700825936,0.14702271664060407
5.261502778863538,0.18249536818029444
5.911031845476362,0.22287954184199343
6.64074484928479,0.26792120110561946
7.4605404447366075,0.3171368478208003
8.381539268677866,0.36982071545086725
9.416234793278331,0.425071410249804
10.578662801651687,0.4818367811085298
11.884591785129816,0.5389734422095738
13.351736844955687,0.5953153928886978
15.0,0.6497449176957626
