SA(0.3s) [g],Complete_damage
0.05000000000000001,1.218144665027232e-06
0.056172467201025755,2.512940293519783e-06
0.06310692142900626,5.073458780535667e-06
0.07089742948257126,1.002501405111822e-05
0.07964967064493539,1.9388604207581928e-05
0.08948237023750269,3.670391283250307e-05
0.10052891014472326,6.801550678281476e-05
0.11293913815718663,0.00012338457803984237
0.1268814006769336,0.00021912965370463056
0.14254482635890514,0.0003810318803632029
0.16014189166643014,0.0006487491485428487
0.17991130314285533,0.0010816487200672187
0.2021212354977168,0.0017661671640964993
0.2270729694325259,0.0028246172894726973
0.2551049785537617,0.0044250702200766545
0.28659752081259104,0.006791549428379007
0.3219777967548112,0.010213311245005019
0.36172574455336326,0.015051515160509843
0.4063805504338082,0.021741203507968376
0.45654796280755766,0.030786336157110794
0.5129085093300529,0.04274578992667988
0.5762267283493882,0.05820883811311239
0.6473615399712076,0.07775971520045533
0.7272778974247632,0.10193239294254486
0.8170598767824696,0.13115847965807692
0.9179253825967483,0.16571292863167963
1.0312426689380967,0.20566365491695748
1.1585488999444697,0.2508318561732157
1.3015710016583038,0.3007695322028241
1.4622490880091454,0.35475927742166524
1.6427627787184707,0.41183897329436103
1.8455607661325835,0.47085085283138683
2.0733940320616497,0.5305110479712358
2.329353165215711,0.5894927523299551
2.6169102854537,0.6465140887763549
2.9399661435534976,0.7004210548583907
3.3029030354176987,0.7502566685070597
3.710644248503383,0.7953095060529041
4.168720846874621,0.8351378182486842
4.683346700825936,0.8695687730186337
5.261502778863538,0.898675517455633
5.911031845476362,0.9227371780482216
6.64074484928479,0.9421883131064224
7.4605404447366075,0.9575646074094339
8.381539268677866,0.969450882777336
9.416234793278331,0.9784360725135591
10.578662801651687,0.9850780296210073
11.884591785129816,0.9898792563817846
13.351736844955687,0.9932731302150133
15.0,0.9956191219557072
