SA(0.3s) [g],Complete_damage
0.05000000000000001,1.4396516789805247e-07
0.056172467201025755,3.154747090228227e-07
0.06310692142900626,6.764896417488231e-07
0.07089742948257126,1.419592607465603e-06
0.07964967064493539,2.9153453184882494e-06
0.08948237023750269,5.859479542125179e-06
0.10052891014472326,1.1526339002809749e-05
0.11293913815718663,2.219265225211764e-05
0.1268814006769336,4.182504826921729e-05
0.14254482635890514,7.716121066381199e-05
0.16014189166643014,0.00013935579733714842
0.17991130314285533,0.0002464024126104247
0.2021212354977168,0.0004265715773791312
0.2270729694325259,0.0007231060465305861
0.2551049785537617,0.0012003683279975252
0.28659752081259104,0.0019515176406783574
0.3219777967548112,0.0031075837899157133
0.36172574455336326,0.004847492098856598
0.4063805504338082,0.007408183968041326
0.45654796280755766,0.011093507171207717
0.5129085093300529,0.016280088041234708
0.5762267283493882,0.023418047110933315
0.6473615399712076,0.033024306132684034
0.7272778974247632,0.045666483645404043
0.8170598767824696,0.06193608225736014
0.9179253825967483,0.08241085859640696
1.0312426689380967,0.10760786096085995
1.1585488999444697,0.13793042892625262
1.3015710016583038,0.17361417811208502
1.4622490880091454,0.21467828514868115
1.6427627787184707,0.2608888949198923
1.8455607661325835,0.31174094089421645
2.0733940320616497,0.3664630190700181
2.329353165215711,0.424047327567594
2.6169102854537,0.48330343982174284
2.9399661435534976,0.5429313486218872
3.3029030354176987,0.6016063932732074
3.710644248503383,0.6580668912627461
4.168720846874621,0.7111948835010699
4.683346700825936,0.7600814487012475
5.261502778863538,0.8040703447758859
5.911031845476362,0.8427768548670898
6.64074484928479,0.8760820802135483
7.4605404447366075,0.9041059521508764
8.381539268677866,0.9271644652153108
9.416234793278331,0.945717794146626
10.578662801651687,0.9603160095929099
11.884591785129816,0.9715482156578022
13.351736844955687,0.9799994027110139
15.0,0.9862175028644422
