SA(0.3s) [g],Complete_damage
0.05000000000000001,6.296296817254188e-12
0.056172467201025755,2.3931190362702637e-11
0.06310692142900626,8.76059225163317e-11
0.07089742948257126,3.0889513169540805e-10
0.07964967064493539,1.0490989188483013e-09
0.08948237023750269,3.4321918640500826e-09
0.10052891014472326,1.0816832207716232e-08
0.11293913815718663,3.284186944618739e-08
0.1268814006769336,9.606894524338827e-08
0.14254482635890514,2.707673233404151e-07
0.16014189166643014,7.353619420058521e-07
0.17991130314285533,1.9245736795348023e-06
0.2021212354977168,4.85441491859806e-06
0.2270729694325259,1.1801922818133193e-05
0.2551049785537617,2.7658674964126106e-05
0.28659752081259104,6.249239146027818e-05
0.3219777967548112,0.000136144625936363
0.36172574455336326,0.0002860346490196619
0.4063805504338082,0.0005796375553250854
0.45654796280755766,0.0011331774548879459
0.5129085093300529,0.0021376512072336373
0.5762267283493882,0.0038920545852954014
0.6473615399712076,0.006841372764954445
0.7272778974247632,0.011613535172172007
0.8170598767824696,0.019045614105098863
0.9179253825967483,0.030186173833814278
1.0312426689380967,0.04625948641040567
1.1585488999444697,0.06858006893504098
1.3015710016583038,0.09841379380674797
1.4622490880091454,0.13679435460872091
1.6427627787184707,0.18431880284553426
1.8455607661325835,0.24095900898301403
2.0733940320616497,0.3059322569769103
2.329353165215711,0.37766977852493755
2.6169102854537,0.4539057988842802
2.9399661435534976,0.5318845252320838
3.3029030354176987,0.6086549834940009
3.710644248503383,0.6814018348685386
4.168720846874621,0.747751132565351
4.683346700825936,0.8059963810182185
5.261502778863538,0.8552101572376687
5.911031845476362,0.8952336383943266
6.64074484928479,0.9265625256327559
7.4605404447366075,0.9501660562346155
8.381539268677866,0.9672823921798291
9.416234793278331,0.9792290493815442
10.578662801651687,0.9872547637210101
11.884591785129816,0.992444228975027
13.351736844955687,0.9956739353951455
15.0,0.997608596576867
