SA(0.6s) [g],Complete_damage
0.05000000000000001,1.70005199767731e-05
0.056172467201025755,2.726323024715427e-05
0.06310692142900626,4.3223628754529564e-05
0.07089742948257126,6.77492120967349e-05
0.07964967064493539,0.00010498743233811059
0.08948237023750269,0.00016085405845056577
0.10052891014472326,0.00024366923513685634
0.11293913815718663,0.0003649693980000146
0.1268814006769336,0.0005405218097842557
0.14254482635890514,0.0007915636929164416
0.16014189166643014,0.0011462786792568735
0.17991130314285533,0.0016415085845897792
0.2021212354977168,0.0023246776004947067
0.2270729694325259,0.003255878605655793
0.2551049785537617,0.004510037864165706
0.28659752081259104,0.006179036265287152
0.3219777967548112,0.008373624941952373
0.36172574455336326,0.011224934241593987
0.4063805504338082,0.01488534237542749
0.45654796280755766,0.019528449237503964
0.5129085093300529,0.02534789780613178
0.5762267283493882,0.032554805814554055
0.6473615399712076,0.04137361840284892
0.7272778974247632,0.05203627051539039
0.8170598767824696,0.064774655178513
0.9179253825967483,0.07981152613135845
1.0312426689380967,0.09735011230909829
1.1585488999444697,0.11756287538808641
1.3015710016583038,0.14057998505000735
1.4622490880091454,0.16647820326849894
1.6427627787184707,0.1952709424636212
1.8455607661325835,0.22690027884452757
2.0733940320616497,0.26123165216039435
2.329353165215711,0.2980518631524637
2.6169102854537,0.3370707944308772
2.9399661435534976,0.3779270412147241
3.3029030354176987,0.4201973643267589
3.710644248503383,0.46340959328450504
4.168720846874621,0.5070583392721739
4.683346700825936,0.550622652844296
5.261502778863538,0.5935846024537079
5.911031845476362,0.6354476739105717
6.64074484928479,0.6757539056953918
7.4605404447366075,0.7140987790976563
8.381539268677866,0.7501430644653037
9.416234793278331,0.7836210664712482
10.578662801651687,0.8143449876836966
11.884591785129816,0.8422054137629007
13.351736844955687,0.8671681888660538
15.0,0.8892681735337156
