SA(0.6s) [g],Complete_damage
0.05000000000000001,8.372736015616056e-08
0.056172467201025755,1.7375541594422117e-07
0.06310692142900626,3.541311024424232e-07
0.07089742948257126,7.088533510168915e-07
0.07964967064493539,1.3935673085496703e-06
0.08948237023750269,2.6908668626646204e-06
0.10052891014472326,5.103446771848041e-06
0.11293913815718663,9.507306825029538e-06
0.1268814006769336,1.7397646322470095e-05
0.14254482635890514,3.127377319411817e-05
0.16014189166643014,5.522629467913376e-05
0.17991130314285533,9.580933987063389e-05
0.2021212354977168,0.00016330074250714421
0.2270729694325259,0.00027347058205529073
0.2551049785537617,0.00044998794547612686
0.28659752081259104,0.000727589957685848
0.3219777967548112,0.0011561071601785544
0.36172574455336326,0.0018053757537100923
0.4063805504338082,0.0027709618937801217
0.45654796280755766,0.004180471867209934
0.5129085093300529,0.006200027374063444
0.5762267283493882,0.009040260278132317
0.6473615399712076,0.012960951515349373
0.7272778974247632,0.018273242606034024
0.8170598767824696,0.025338233864707904
0.9179253825967483,0.034560803472671986
1.0312426689380967,0.046377683042815976
1.1585488999444697,0.06123923752121185
1.3015710016583038,0.07958501967126907
1.4622490880091454,0.10181396190566461
1.6427627787184707,0.1282509477078999
1.8455607661325835,0.1591123501400542
2.0733940320616497,0.19447379165927992
2.329353165215711,0.2342437238192514
2.6169102854537,0.2781463326860605
2.9399661435534976,0.32571668831943634
3.3029030354176987,0.3763099945486901
3.710644248503383,0.42912536358735154
4.168720846874621,0.4832429191824731
4.683346700825936,0.5376714512381043
5.261502778863538,0.5914025432882888
5.911031845476362,0.6434662769315567
6.64074484928479,0.6929834162387996
7.4605404447366075,0.739209422980585
8.381539268677866,0.7815666774804029
9.416234793278331,0.8196627159797047
10.578662801651687,0.8532939203027372
11.884591785129816,0.8824356688975468
13.351736844955687,0.9072212654752958
15.0,0.9279128487867795
