SA(0.6s) [g],Loss_ratio
0.05000000000000001,3.7236261806577605e-08
0.056172467201025755,9.15029294600848e-08
0.06310692142900626,2.3039399585971205e-07
0.07089742948257126,5.924290174775493e-07
0.07964967064493539,1.5419332872724822e-06
0.08948237023750269,4.014421389739821e-06
0.10052891014472326,1.0331527216317208e-05
0.11293913815718663,2.6021452268569496e-05
0.1268814006769336,6.365083405312663e-05
0.14254482635890514,0.0001503912165820533
0.16014189166643014,0.000341968306514306
0.17991130314285533,0.0007465305669123893
0.2021212354977168,0.001562249865947756
0.2270729694325259,0.0031311801248012153
0.2551049785537617,0.0060079129832396674
0.28659752081259104,0.01103411669505069
0.3219777967548112,0.019399636539807072
0.36172574455336326,0.032660170835050094
0.4063805504338082,0.05267573755533674
0.45654796280755766,0.08143955680878341
0.5129085093300529,0.12078826954931204
0.5762267283493882,0.1720208467360258
0.6473615399712076,0.2354963290404929
0.7272778974247632,0.31031369527536506
0.8170598767824696,0.39418294359312045
0.9179253825967483,0.4835639276010279
1.0312426689380967,0.5740820990140347
1.1585488999444697,0.6611479626561356
1.3015710016583038,0.7406397960555189
1.4622490880091454,0.8094845260622976
1.6427627787184707,0.8660013529614742
1.8455607661325835,0.90994624783634
2.0733940320616497,0.9422842240524557
2.329353165215711,0.9647868380909557
2.6169102854537,0.9795816306645221
2.9399661435534976,0.9887646276870866
3.3029030354176987,0.9941412851068597
3.710644248503383,0.9971085632696917
4.168720846874621,0.9986509872009385
4.683346700825936,0.9994056425482798
5.261502778863538,0.9997529485180738
5.911031845476362,0.9999032052344067
6.64074484928479,0.9999642815724974
7.4605404447366075,0.9999875951279359
8.381539268677866,0.9999959480453685
9.416234793278331,0.9999987559185315
10.578662801651687,0.999999641153219
11.884591785129816,0.999999902807799
13.351736844955687,0.9999999752928838
15.0,0.999999994107424
