SA(1.0s) [g],Complete_damage
0.05000000000000001,3.774758283725532e-15
0.056172467201025755,2.0095036745715333e-14
0.06310692142900626,1.0336176359260207e-13
0.07089742948257126,5.065947661364589e-13
0.07964967064493539,2.372657625926422e-12
0.08948237023750269,1.0617950962910072e-11
0.10052891014472326,4.5396686410015263e-11
0.11293913815718663,1.854473241635901e-10
0.1268814006769336,7.23861082185806e-10
0.14254482635890514,2.6999552593665044e-09
0.16014189166643014,9.62400525938989e-09
0.17991130314285533,3.2785900438980775e-08
0.2021212354977168,1.0675490225153794e-07
0.2270729694325259,3.3227620344078446e-07
0.2551049785537617,9.887054051027633e-07
0.28659752081259104,2.8128156640550017e-06
0.3219777967548112,7.652059342388995e-06
0.36172574455336326,1.9908586709194154e-05
0.4063805504338082,4.95446999707605e-05
0.45654796280755766,0.0001179577911204488
0.5129085093300529,0.00026873011604100494
0.5762267283493882,0.0005859561150055592
0.6473615399712076,0.0012231636448551964
0.7272778974247632,0.0024451271988169543
0.8170598767824696,0.0046823079003780466
0.9179253825967483,0.008592603125415876
1.0312426689380967,0.015117653987404167
1.1585488999444697,0.025512649547862698
1.3015710016583038,0.04132261551768546
1.4622490880091454,0.06427902341679503
1.6427627787184707,0.09610219319881697
1.8455607661325835,0.1382184303145647
2.0733940320616497,0.19143200243059422
2.329353165215711,0.25562121882346733
2.6169102854537,0.3295423514514818
2.9399661435534976,0.4108145634977951
3.3029030354176987,0.49612113974980754
3.710644248503383,0.5816061415373428
4.168720846874621,0.6633893831162805
4.683346700825936,0.7380868168454193
5.261502778863538,0.8032217506302688
5.911031845476362,0.857445451228517
6.64074484928479,0.9005408741968619
7.4605404447366075,0.9332402810360247
8.381539268677866,0.956927563287141
9.416234793278331,0.9733091932591204
10.578662801651687,0.9841251607261953
11.884591785129816,0.990942891809555
13.351736844955687,0.9950456926016593
15.0,0.9974028407651725
