SA(0.3s) [g],Complete_damage
0.05000000000000001,3.9795099043393733e-05
0.056172467201025755,7.173984472508277e-05
0.06310692142900626,0.0001268219562604589
0.07089742948257126,0.000219866064395835
0.07964967064493539,0.0003738354378159947
0.08948237023750269,0.0006234368229468545
0.10052891014472326,0.0010198306095315912
0.11293913815718663,0.001636530538860037
0.1268814006769336,0.002576444684459167
0.14254482635890514,0.00397980668490161
0.16014189166643014,0.006032473646239045
0.17991130314285533,0.008973741226389498
0.2021212354977168,0.01310248427427052
0.2270729694325259,0.018780132238197522
0.2551049785537617,0.026428809973547684
0.28659752081259104,0.03652300219265048
0.3219777967548112,0.04957341028335849
0.36172574455336326,0.06610230969468156
0.4063805504338082,0.08661067812535395
0.45654796280755766,0.11153857398922451
0.5129085093300529,0.14122155234516987
0.5762267283493882,0.1758471020942607
0.6473615399712076,0.21541593425392458
0.7272778974247632,0.2597132229583273
0.8170598767824696,0.3082944431841813
0.9179253825967483,0.360489221385379
1.0312426689380967,0.41542471866452246
1.1585488999444697,0.4720677427513007
1.3015710016583038,0.5292823830478732
1.4622490880091454,0.5858978744612644
1.6427627787184707,0.6407799793382487
1.8455607661325835,0.6928986830251262
2.0733940320616497,0.7413855159040253
2.329353165215711,0.7855752504939002
2.6169102854537,0.8250288225800322
2.9399661435534976,0.8595367299834032
3.3029030354176987,0.8891044795528482
3.710644248503383,0.9139235359904411
4.168720846874621,0.9343324363195049
4.683346700825936,0.9507731732169838
5.261502778863538,0.9637476628589775
5.911031845476362,0.9737782558898671
6.64074484928479,0.9813750481582602
7.4605404447366075,0.9870114402520398
8.381539268677866,0.9911081900330554
9.416234793278331,0.9940252473814983
10.578662801651687,0.9960600288363674
11.884591785129816,0.9974504867185447
13.351736844955687,0.9983813055438661
15.0,0.9989917409528828
