SA(0.3s) [g],Loss_ratio
0.05000000000000001,7.864905058296412e-10
0.056172467201025755,1.791002641665921e-09
0.06310692142900626,4.036859492518556e-09
0.07089742948257126,9.024051651478093e-09
0.07964967064493539,2.0049338506792916e-08
0.08948237023750269,4.436441558708301e-08
0.10052891014472326,9.793395955556914e-08
0.11293913815718663,2.1587933635025413e-07
0.1268814006769336,4.7517810453072877e-07
0.14254482635890514,1.0432400666948994e-06
0.16014189166643014,2.279691418757885e-06
0.17991130314285533,4.944168462495236e-06
0.2021212354977168,1.0607840192978093e-05
0.2270729694325259,2.2441040215897806e-05
0.2551049785537617,4.6665246032634466e-05
0.28659752081259104,9.512311939354937e-05
0.3219777967548112,0.0001896325721307452
0.36172574455336326,0.0003690229917870887
0.4063805504338082,0.0006999374755525762
0.45654796280755766,0.0012925055540711522
0.5129085093300529,0.002321675646375989
0.5762267283493882,0.004054148336538259
0.6473615399712076,0.006879309951619399
0.7272778974247632,0.011340306805593245
0.8170598767824696,0.018158654390148393
0.9179253825967483,0.02824312034977934
1.0312426689380967,0.0426719849183706
1.1585488999444697,0.06263830672464707
1.3015710016583038,0.08935153742527445
1.4622490880091454,0.1238962083778134
1.6427627787184707,0.16705890424308825
1.8455607661325835,0.21914647453262254
2.0733940320616497,0.2798283274416617
2.329353165215711,0.3480400185859778
2.6169102854537,0.4219810448687413
2.9399661435534976,0.4992255428559829
3.3029030354176987,0.5769422444626477
3.710644248503383,0.6521945718564122
4.168720846874621,0.7222703422309095
4.683346700825936,0.7849802829621012
5.261502778863538,0.8388696649710199
5.911031845476362,0.8833072203953171
6.64074484928479,0.9184444221645901
7.4605404447366075,0.9450673300450534
8.381539268677866,0.9643839085782208
9.416234793278331,0.9777967883531455
10.578662801651687,0.9867047515554451
11.884591785129816,0.9923601608536213
13.351736844955687,0.9957906882624854
15.0,0.9977780087290682
