SA(0.3s) [g],Loss_ratio
0.05000000000000001,3.2527635083411803e-07
0.056172467201025755,6.988097869317995e-07
0.06310692142900626,1.4535813483513698e-06
0.07089742948257126,2.928038157173257e-06
0.07964967064493539,5.713082660577556e-06
0.08948237023750269,1.0800428250823268e-05
0.10052891014472326,1.9789548585554804e-05
0.11293913815718663,3.5159229398406764e-05
0.1268814006769336,6.060159233699404e-05
0.14254482635890514,0.00010140698390193159
0.16014189166643014,0.0001648832111737266
0.17991130314285533,0.0002608030228867285
0.2021212354977168,0.00040191495863025153
0.2270729694325259,0.0006046424947267339
0.2551049785537617,0.0008902493654567161
0.28659752081259104,0.0012869676190595913
0.3219777967548112,0.001833848841142176
0.36172574455336326,0.0025873530864704217
0.4063805504338082,0.0036318373709836433
0.45654796280755766,0.00509500831062917
0.5129085093300529,0.007168899923037408
0.5762267283493882,0.010135880452262595
0.6473615399712076,0.01439751108102125
0.7272778974247632,0.020501862062914197
0.8170598767824696,0.02916246247420285
0.9179253825967483,0.041260021634682884
1.0312426689380967,0.057817255430558816
1.1585488999444697,0.07993850077439604
1.3015710016583038,0.10871002080739756
1.4622490880091454,0.14506413340629604
1.6427627787184707,0.18961976573325792
1.8455607661325835,0.24252190941111784
2.0733940320616497,0.3033099964494128
2.329353165215711,0.37084741804108934
2.6169102854537,0.44333892641195777
2.9399661435534976,0.5184489170305698
3.3029030354176987,0.5935135607378974
3.710644248503383,0.6658180001635091
4.168720846874621,0.7328924603622418
4.683346700825936,0.7927738875783056
5.261502778863538,0.8441857573331215
5.911031845476362,0.8866069799493831
6.64074484928479,0.920226225914649
7.4605404447366075,0.9458029173821083
8.381539268677866,0.964473387600427
9.416234793278331,0.9775461204132349
10.578662801651687,0.9863236755862858
11.884591785129816,0.9919747476525778
13.351736844955687,0.9954634174335798
15.0,0.9975290862939598
