SA(0.6s) [g],Complete_damage
0.05000000000000001,3.631071568976907e-07
0.056172467201025755,7.732749222055801e-07
0.06310692142900626,1.6118186849656269e-06
0.07089742948257126,3.288511211563261e-06
0.07964967064493539,6.5675355489513976e-06
0.08948237023750269,1.2839439416989507e-05
0.10052891014472326,2.4572672893019565e-05
0.11293913815718663,4.604107013972403e-05
0.1268814006769336,8.445998966821744e-05
0.14254482635890514,0.0001517041085640214
0.16014189166643014,0.0002668178384476194
0.17991130314285533,0.0004595541856015073
0.2021212354977168,0.0007751736805349241
0.2270729694325259,0.0012806813344137247
0.2551049785537617,0.002072554064686538
0.28659752081259104,0.0032857942689108466
0.3219777967548112,0.005103828141582056
0.36172574455336326,0.0077683601051597995
0.4063805504338082,0.011587835354587739
0.45654796280755766,0.016942721998905785
0.5129085093300529,0.02428550498427995
0.5762267283493882,0.03413320806681752
0.6473615399712076,0.04705054690806587
0.7272778974247632,0.0636225506309902
0.8170598767824696,0.08441668597608398
0.9179253825967483,0.10993609386458958
1.0312426689380967,0.1405673080181401
1.1585488999444697,0.1765274773419887
1.3015710016583038,0.21781731249760639
1.4622490880091454,0.2641863925931749
1.6427627787184707,0.315116867514154
1.8455607661325835,0.36982991308369007
2.0733940320616497,0.4273166920896879
2.329353165215711,0.48639240679938844
2.6169102854537,0.5457688143067347
2.9399661435534976,0.6041378845169902
3.3029030354176987,0.6602576124315205
3.710644248503383,0.713030670421783
4.168720846874621,0.7615676653324258
4.683346700825936,0.8052290419206025
5.261502778863538,0.8436427186125585
5.911031845476362,0.8766978004363144
6.64074484928479,0.9045176320848625
7.4605404447366075,0.9274175883529892
8.381539268677866,0.9458540975824619
9.416234793278331,0.9603714231155946
10.578662801651687,0.9715518504794688
11.884591785129816,0.9799734396574324
13.351736844955687,0.9861777504728716
15.0,0.9906482584697777
