SA(0.6s) [g],Complete_damage
0.05000000000000001,1.3229585359431084e-06
0.056172467201025755,2.522482721922792e-06
0.06310692142900626,4.727680955274316e-06
0.07089742948257126,8.710046083382217e-06
0.07964967064493539,1.577467480062822e-05
0.08948237023750269,2.8085649688702752e-05
0.10052891014472326,4.9159815692867426e-05
0.11293913815718663,8.459732636834083e-05
0.1268814006769336,0.00014313438374846665
0.14254482635890514,0.00023811903806270074
0.16014189166643014,0.00038952078822862557
0.17991130314285533,0.0006265834975247575
0.2021212354977168,0.0009912119039729994
0.2270729694325259,0.0015421371473094414
0.2551049785537617,0.0023598291872961585
0.28659752081259104,0.003552009102931186
0.3219777967548112,0.005259462162245376
0.36172574455336326,0.007661670628268391
0.4063805504338082,0.010981590245226491
0.45654796280755766,0.015488713198384518
0.5129085093300529,0.0214994292310412
0.5762267283493882,0.029373657308180423
0.6473615399712076,0.039506813772968385
0.7272778974247632,0.052316441009554904
0.8170598767824696,0.06822325580499189
0.9179253825967483,0.0876269736680193
1.0312426689380967,0.1108779757919991
1.1585488999444697,0.1382466274595593
1.3015710016583038,0.16989272290370572
1.4622490880091454,0.20583800307631706
1.6427627787184707,0.24594485948779554
1.8455607661325835,0.28990412082824735
2.0733940320616497,0.33723419271993327
2.329353165215711,0.3872928225669465
2.6169102854537,0.4393014952330332
2.9399661435534976,0.4923810901872696
3.3029030354176987,0.5455961370422364
3.710644248503383,0.5980039837802982
4.168720846874621,0.6487045958548777
4.683346700825936,0.6968866272216656
5.261502778863538,0.7418658582532253
5.911031845476362,0.783113009781669
6.64074484928479,0.8202691772263375
7.4605404447366075,0.8531485006278425
8.381539268677866,0.881729001885206
9.416234793278331,0.9061336087936058
10.578662801651687,0.9266041250191508
11.884591785129816,0.9434712387011377
13.351736844955687,0.9571235990980009
15.0,0.9679785960887043
