SA(0.6s) [g],Complete_damage
0.05000000000000001,4.889680060848889e-07
0.056172467201025755,9.135876485322214e-07
0.06310692142900626,1.6816649638373704e-06
0.07089742948257126,3.049710489588797e-06
0.07964967064493539,5.449023571135747e-06
0.08948237023750269,9.592492261289998e-06
0.10052891014472326,1.6638319269790536e-05
0.11293913815718663,2.843583791700688e-05
0.1268814006769336,4.788675836120415e-05
0.14254482635890514,7.946445424600324e-05
0.16014189166643014,0.00012994354454665125
0.17991130314285533,0.0002094007724575686
0.2021212354977168,0.0003325540892304968
0.2270729694325259,0.0005205072509189002
0.2551049785537617,0.0008029588147878686
0.28659752081259104,0.0012209134655134513
0.3219777967548112,0.0018298964752908597
0.36172574455336326,0.002703615980299001
0.4063805504338082,0.003937941565771874
0.45654796280755766,0.005654973140376995
0.5129085093300529,0.008006866826096193
0.5762267283493882,0.011178974710135736
0.6473615399712076,0.015391757573018583
0.7272778974247632,0.020900862793434172
0.8170598767824696,0.027994744288425077
0.9179253825967483,0.036989257508990625
1.0312426689380967,0.04821880551775082
1.1585488999444697,0.062023848631380774
1.3015710016583038,0.07873491409675626
1.4622490880091454,0.09865363280362216
1.6427627787184707,0.12203175065055683
1.8455607661325835,0.14904946326119528
2.0733940320616497,0.17979474683807162
2.329353165215711,0.2142455476257652
2.6169102854537,0.2522566997931186
2.9399661435534976,0.2935532375059754
3.3029030354176987,0.3377313490239118
3.710644248503383,0.3842676168123864
4.168720846874621,0.4325364556025484
4.683346700825936,0.48183488134945673
5.261502778863538,0.5314130123112117
5.911031845476362,0.5805081122942719
6.64074484928479,0.6283796134600081
7.4605404447366075,0.6743424521145042
8.381539268677866,0.7177962297247505
9.416234793278331,0.7582481487729373
10.578662801651687,0.7953283103636742
11.884591785129816,0.8287967143096541
13.351736844955687,0.8585420777733443
15.0,0.8845732934460833
