SA(0.6s) [g],Complete_damage
0.05000000000000001,2.797091957273956e-06
0.056172467201025755,5.006503930427009e-06
0.06310692142900626,8.829224897644039e-06
0.07089742948257126,1.5342042501087505e-05
0.07964967064493539,2.6268154828423818e-05
0.08948237023750269,4.431755782352553e-05
0.10052891014472326,7.367785615386424e-05
0.11293913815718663,0.00012070607545688894
0.1268814006769336,0.00019488099085995803
0.14254482635890514,0.000310081936725326
0.16014189166643014,0.0004862614866658621
0.17991130314285533,0.0007515725860395284
0.2021212354977168,0.0011449920291016769
0.2270729694325259,0.001719447938723584
0.2551049785537617,0.0025454061423326735
0.28659752081259104,0.003714797641926948
0.3219777967548112,0.005345077979841517
0.36172574455336326,0.007583104094911808
0.4063805504338082,0.01060840456096046
0.45654796280755766,0.014635318867500136
0.5129085093300529,0.01991340866095581
0.5762267283493882,0.026725519057333225
0.6473615399712076,0.03538291141720751
0.7272778974247632,0.04621701657761268
0.8170598767824696,0.05956757768728882
0.9179253825967483,0.07576726083520913
1.0312426689380967,0.095123191280998
1.1585488999444697,0.11789628950313902
1.3015710016583038,0.14427968706545924
1.4622490880091454,0.17437784121606326
1.6427627787184707,0.20818818153924212
1.8455607661325835,0.24558716205177866
2.0733940320616497,0.2863224253274679
2.329353165215711,0.33001240425259604
2.6169102854537,0.37615411449009106
2.9399661435534976,0.4241391792546284
3.3029030354176987,0.4732773549651058
3.710644248503383,0.5228260839866145
4.168720846874621,0.5720239828152978
4.683346700825936,0.620125761693535
5.261502778863538,0.6664359200421658
5.911031845476362,0.7103386917996699
6.64074484928479,0.7513221081862923
7.4605404447366075,0.7889946497648537
8.381539268677866,0.8230936955464204
9.416234793278331,0.8534857509644076
10.578662801651687,0.8801591559375107
11.884591785129816,0.9032105599850294
13.351736844955687,0.9228268486464155
15.0,0.9392643892359593
