SA(0.6s) [g],Complete_damage
0.05000000000000001,2.3536343307650753e-07
0.056172467201025755,3.963912525994928e-07
0.06310692142900626,6.610721434707756e-07
0.07089742948257126,1.0917380534047894e-06
0.07964967064493539,1.7854108103065869e-06
0.08948237023750269,2.8914359978537973e-06
0.10052891014472326,4.637144125796411e-06
0.11293913815718663,7.364705240542335e-06
0.1268814006769336,1.158335613726802e-05
0.14254482635890514,1.8042410332541614e-05
0.16014189166643014,2.7831910397901893e-05
0.17991130314285533,4.251942612853998e-05
0.2021212354977168,6.433328120225568e-05
0.2270729694325259,9.640429962043395e-05
0.2551049785537617,0.00014307983729378027
0.28659752081259104,0.00021032517200203493
0.3219777967548112,0.0003062279622582098
0.36172574455336326,0.00044162107750100876
0.4063805504338082,0.0006308372158457809
0.45654796280755766,0.0008926048970028244
0.5129085093300529,0.0012510891928322332
0.5762267283493882,0.0017370715510690582
0.6473615399712076,0.002389251036374329
0.7272778974247632,0.0032556342418302853
0.8170598767824696,0.004394963313666844
0.9179253825967483,0.00587811167865393
1.0312426689380967,0.007789356317886131
1.1585488999444697,0.010227415418450958
1.3015710016583038,0.013306123024174
1.4622490880091454,0.017154600310722468
1.6427627787184707,0.02191677891336352
1.8455607661325835,0.027750137850686363
2.0733940320616497,0.034823534153551994
2.329353165215711,0.043314039753051814
2.6169102854537,0.05340274388532662
2.9399661435534976,0.06526954028056242
3.3029030354176987,0.0790869892368875
3.710644248503383,0.09501342227915777
4.168720846874621,0.11318553596334557
4.683346700825936,0.13371079488697157
5.261502778863538,0.15666002488484376
5.911031845476362,0.18206061858895695
6.64074484928479,0.20989079073111028
7.4605404447366075,0.24007530513186026
8.381539268677866,0.2724830469630677
9.416234793278331,0.3069267331704163
10.578662801651687,0.3431649445801779
11.884591785129816,0.3809065318912549
13.351736844955687,0.4198173037440287
15.0,0.4595287594418924
