PGA [g],Complete_damage
0.05000000000000001,3.837854091748305e-05
0.056172467201025755,8.441747714182934e-05
0.06310692142900626,0.00017925604906132708
0.07089742948257126,0.00036751875954976754
0.07964967064493539,0.0007276520812138365
0.08948237023750269,0.0013915206708458028
0.10052891014472326,0.0025708113324688364
0.11293913815718663,0.004589547790766368
0.1268814006769336,0.007919657327471463
0.14254482635890514,0.013213336632509787
0.16014189166643014,0.02132251844724331
0.17991130314285533,0.03329314346021439
0.2021212354977168,0.05032166979359465
0.2270729694325259,0.07366473154204767
0.2551049785537617,0.10450081022543678
0.28659752081259104,0.1437545551005649
0.3219777967548112,0.19190759555824655
0.36172574455336326,0.24883049842573002
0.4063805504338082,0.31367469322269803
0.45654796280755766,0.38485763389341576
0.5129085093300529,0.4601587698054097
0.5762267283493882,0.5369210591742624
0.6473615399712076,0.6123286563479706
0.7272778974247632,0.6837130172038703
0.8170598767824696,0.7488326326827034
0.9179253825967483,0.8060781311805905
1.0312426689380967,0.8545725315832289
1.1585488999444697,0.8941604397288597
1.3015710016583038,0.9253029907013577
1.4622490880091454,0.9489113844477731
1.6427627787184707,0.9661578168495188
1.8455607661325835,0.9782987653886287
2.0733940320616497,0.9865349565649388
2.329353165215711,0.9919191493400408
2.6169102854537,0.9953109872279791
2.9399661435534976,0.997370050978889
3.3029030354176987,0.9985746004138
3.710644248503383,0.9992536468830874
4.168720846874621,0.9996225346821892
4.683346700825936,0.9998156465239683
5.261502778863538,0.9999130654243967
5.911031845476362,0.9999604238353156
6.64074484928479,0.9999826093992246
7.4605404447366075,0.9999926246802672
8.381539268677866,0.9999969815541365
9.416234793278331,0.9999988079960548
10.578662801651687,0.9999995458248916
11.884591785129816,0.9999998330511273
13.351736844955687,0.9999999407996062
15.0,0.9999999797504241
