SA(1.0s) [g],Loss_ratio
0.05000000000000001,8.986808795617712e-06
0.056172467201025755,1.8410139637931075e-05
0.06310692142900626,3.6258651862222665e-05
0.07089742948257126,6.875438195772981e-05
0.07964967064493539,0.00012576059045685416
0.08948237023750269,0.00022243616702979755
0.10052891014472326,0.0003816203688792408
0.11293913815718663,0.000637510956719863
0.1268814006769336,0.0010416837066392578
0.14254482635890514,0.0016731496653565924
0.16014189166643014,0.00265478132852304
0.17991130314285533,0.004178671447330407
0.2021212354977168,0.006542219331503856
0.2270729694325259,0.010194294733177893
0.2551049785537617,0.015786274908137908
0.28659752081259104,0.024216362203107945
0.3219777967548112,0.036648812066554494
0.36172574455336326,0.054485292428110184
0.4063805504338082,0.07926710795376529
0.45654796280755766,0.11249745597458805
0.5129085093300529,0.1553927746570511
0.5762267283493882,0.20859804834932424
0.6473615399712076,0.2719248017414856
0.7272778974247632,0.34418233684478483
0.8170598767824696,0.42316424211555254
0.9179253825967483,0.5058213310435844
1.0312426689380967,0.588605787215172
1.1585488999444697,0.6679237586496293
1.3015710016583038,0.7406015797692607
1.4622490880091454,0.804266111338864
1.6427627787184707,0.8575642645774074
1.8455607661325835,0.9001916141757349
2.0733940320616497,0.9327492264410855
2.329353165215711,0.9564854598102714
2.6169102854537,0.9729956445641597
2.9399661435534976,0.9839462390638418
3.3029030354176987,0.9908679679082154
3.710644248503383,0.9950348591793154
4.168720846874621,0.9974223892221548
4.683346700825936,0.9987235698097123
5.261502778863538,0.9993976202692988
5.911031845476362,0.9997293126260921
6.64074484928479,0.9998842671171482
7.4605404447366075,0.99995295160395
8.381539268677866,0.9999818244338772
9.416234793278331,0.9999933304462415
10.578662801651687,0.9999976759516037
11.884591785129816,0.999999231081993
13.351736844955687,0.9999997584356426
15.0,0.9999999279169892
