SA(0.3s) [g],Complete_damage
0.05000000000000001,0.0
0.056172467201025755,4.440892098500626e-16
0.06310692142900626,3.219646771412954e-15
0.07089742948257126,2.5091040356528538e-14
0.07964967064493539,1.8185453143360064e-13
0.08948237023750269,1.2305712004945235e-12
0.10052891014472326,7.781220112690335e-12
0.11293913815718663,4.597633385117206e-11
0.1268814006769336,2.5387791868780596e-10
0.14254482635890514,1.3102945395360166e-09
0.16014189166643014,6.321481005322482e-09
0.17991130314285533,2.8512411653913716e-08
0.2021212354977168,1.2024879048055936e-07
0.2270729694325259,4.7427892979623465e-07
0.2551049785537617,1.7497565545365745e-06
0.28659752081259104,6.039593294926426e-06
0.3219777967548112,1.9508901384579502e-05
0.36172574455336326,5.898985596475281e-05
0.4063805504338082,0.0001670259838569832
0.45654796280755766,0.00044301417109204877
0.5129085093300529,0.0011012069911363609
0.5762267283493882,0.002566612864129514
0.6473615399712076,0.005612443597550532
0.7272778974247632,0.011522579783446174
0.8170598767824696,0.022228743095016434
0.9179253825967483,0.04033445397146296
1.0312426689380967,0.0689197868410597
1.1585488999444697,0.11105230521321507
1.3015710016583038,0.1690270083970834
1.4622490880091454,0.24350140222464345
1.6427627787184707,0.33281612325935306
1.8455607661325835,0.4328131201589559
2.0733940320616497,0.53733298659612
2.329353165215711,0.6393232620359242
2.6169102854537,0.7322341656726747
2.9399661435534976,0.8112515215034877
3.3029030354176987,0.8739888465869399
3.710644248503383,0.9204914133460212
4.168720846874621,0.9526705893210102
4.683346700825936,0.9734589165448809
5.261502778863538,0.9859963975366682
5.911031845476362,0.993055452390888
6.64074484928479,0.9967659117861816
7.4605404447366075,0.9985866727094248
8.381539268677866,0.9994207791260802
9.416234793278331,0.9997775031917527
10.578662801651687,0.9999199277256213
11.884591785129816,0.999973013435482
13.351736844955687,0.9999914852595958
15.0,0.9999974856584366
