SA(0.3s) [g],Complete_damage
0.05000000000000001,3.141931159689193e-14
0.056172467201025755,2.4236168627567167e-13
0.06310692142900626,1.7398305018900828e-12
0.07089742948257126,1.1608491945480637e-11
0.07964967064493539,7.201172991244675e-11
0.08948237023750269,4.15373069273528e-10
0.10052891014472326,2.228110251856208e-09
0.11293913815718663,1.1116279230449777e-08
0.1268814006769336,5.159116756026094e-08
0.14254482635890514,2.227726628722948e-07
0.16014189166643014,8.951724913552894e-07
0.17991130314285533,3.348184910323404e-06
0.2021212354977168,1.1659599758351291e-05
0.2270729694325259,3.781460696872241e-05
0.2551049785537617,0.00011425817229004931
0.28659752081259104,0.0003217660957772761
0.3219777967548112,0.0008449296295733877
0.36172574455336326,0.0020699704422869614
0.4063805504338082,0.004734221556315532
0.45654796280755766,0.010115833260889606
0.5129085093300529,0.020212154741218402
0.5762267283493882,0.03780469263995301
0.6473615399712076,0.06627611326571292
0.7272778974247632,0.10907237144310389
0.8170598767824696,0.16881978042649703
0.9179253825967483,0.2462926176329019
1.0312426689380967,0.3395959889481026
1.1585488999444697,0.44396293551861155
1.3015710016583038,0.5523922098179448
1.4622490880091454,0.65702025552216
1.6427627787184707,0.7507910534509314
1.8455607661325835,0.8288468002378668
2.0733940320616497,0.8891943520789668
2.329353165215711,0.9325286287400145
2.6169102854537,0.961430108642289
2.9399661435534976,0.9793330608443555
3.3029030354176987,0.9896332349547107
3.710644248503383,0.9951372425150019
4.168720846874621,0.9978689055013884
4.683346700825936,0.9991280856105705
5.261502778863538,0.999667174194956
5.911031845476362,0.9998815337124526
6.64074484928479,0.999960698943033
7.4605404447366075,0.9999878529483658
8.381539268677866,0.9999965034157563
9.416234793278331,0.9999990628853367
10.578662801651687,0.9999997662223726
11.884591785129816,0.9999999457281514
13.351736844955687,0.9999999882775146
15.0,0.9999999976446231
