SA(0.6s) [g],Complete_damage
0.05000000000000001,2.6274538100778955e-12
0.056172467201025755,1.0183631715676711e-11
0.06310692142900626,3.80245834818993e-11
0.07089742948257126,1.3678203014677592e-10
0.07964967064493539,4.740422498983321e-10
0.08948237023750269,1.5828838240139476e-09
0.10052891014472326,5.092692378916297e-09
0.11293913815718663,1.5788337526245755e-08
0.1268814006769336,4.716743273736057e-08
0.14254482635890514,1.3579807622843276e-07
0.16014189166643014,3.768095042655517e-07
0.17991130314285533,1.0077694680976634e-06
0.2021212354977168,2.5980603960418236e-06
0.2270729694325259,6.456948134170304e-06
0.2551049785537617,1.5471801316446765e-05
0.28659752081259104,3.5747054348167495e-05
0.3219777967548112,7.964914198022033e-05
0.36172574455336326,0.00017116902866509687
0.4063805504338082,0.0003548471072757353
0.45654796280755766,0.0007097510861333589
0.5129085093300529,0.0013699521540561088
0.5762267283493882,0.0025523224500517694
0.6473615399712076,0.004590973269525622
0.7272778974247632,0.007975082208650841
0.8170598767824696,0.013383348621700764
0.9179253825967483,0.021704514195090008
1.0312426689380967,0.034030528856355824
1.1585488999444697,0.051608700607735924
1.3015710016583038,0.07574314496031553
1.4622490880091454,0.10764482432458966
1.6427627787184707,0.14824262272384536
1.8455607661325835,0.19798243743158417
2.0733940320616497,0.2566527804844312
2.329353165215711,0.3232791131722269
2.6169102854537,0.3961218128032399
2.9399661435534976,0.47279420557045715
3.3029030354176987,0.5504913166250629
3.710644248503383,0.626293828728957
4.168720846874621,0.6974930418408896
4.683346700825936,0.7618772924115429
5.261502778863538,0.8179300433236604
5.911031845476362,0.8649115592474572
6.64074484928479,0.9028229653913913
7.4605404447366075,0.9322756908947034
8.381539268677866,0.9543046393439283
9.416234793278331,0.9701672500308711
10.578662801651687,0.9811640954828236
11.884591785129816,0.9885037237109707
13.351736844955687,0.9932199258175819
15.0,0.9961375078214929
