SA(0.6s) [g],Complete_damage
0.05000000000000001,0.005384264008469364
0.056172467201025755,0.006776908607874055
0.06310692142900626,0.008478697779519706
0.07089742948257126,0.01054458238187217
0.07964967064493539,0.013035969461652863
0.08948237023750269,0.016020741747900247
0.10052891014472326,0.019573094180700745
0.11293913815718663,0.023773156510661142
0.1268814006769336,0.028706374107847377
0.14254482635890514,0.034462624217044935
0.16014189166643014,0.04113505207638557
0.17991130314285533,0.04881862054789321
0.2021212354977168,0.05760837802418506
0.2270729694325259,0.06759746206004047
0.2551049785537617,0.0788748699648455
0.28659752081259104,0.09152304187433935
0.3219777967548112,0.10561531586948336
0.36172574455336326,0.12121332771153814
0.4063805504338082,0.13836443885844563
0.45654796280755766,0.1570992847732533
0.5129085093300529,0.17742954035727243
0.5762267283493882,0.19934599999886493
0.6473615399712076,0.22281706577442295
0.7272778974247632,0.24778772856340514
0.8170598767824696,0.27417911331361067
0.9179253825967483,0.3018886417815563
1.0312426689380967,0.3307908444354678
1.1585488999444697,0.3607388287749793
1.3015710016583038,0.3915663852472435
1.4622490880091454,0.42309068553918894
1.6427627787184707,0.45511550269595413
1.8455607661325835,0.48743485964278876
2.0733940320616497,0.5198369935571625
2.329353165215711,0.5521085092451745
2.6169102854537,0.584038586051319
2.9399661435534976,0.6154231003781756
3.3029030354176987,0.6460685297567974
3.710644248503383,0.6757955143624756
4.168720846874621,0.7044419673322704
4.683346700825936,0.7318656453149787
5.261502778863538,0.7579461142255686
5.911031845476362,0.782586070868666
6.64074484928479,0.8057120075425566
7.4605404447366075,0.8272742325510951
8.381539268677866,0.8472462834499419
9.416234793278331,0.8656237907261919
10.578662801651687,0.8824228665841827
11.884591785129816,0.8976781059903401
13.351736844955687,0.9114402948179865
15.0,0.9237739228243312
