SA(0.6s) [g],Complete_damage
0.05000000000000001,0.0005476057609135054
0.056172467201025755,0.0007284009554813231
0.06310692142900626,0.0009628596279245283
0.07089742948257126,0.001264888572336198
0.07964967064493539,0.0016513744888355664
0.08948237023750269,0.0021426460520793666
0.10052891014472326,0.002762961254563545
0.11293913815718663,0.0035410086785969686
0.1268814006769336,0.004510407660853533
0.14254482635890514,0.005710188428115215
0.16014189166643014,0.00718522938235544
0.17991130314285533,0.008986625025163675
0.2021212354977168,0.011171954805600959
0.2270729694325259,0.013805420754771869
0.2551049785537617,0.016957820456016792
0.28659752081259104,0.020706322012169043
0.3219777967548112,0.025134009506850075
0.36172574455336326,0.03032917126027157
0.4063805504338082,0.03638430911718726
0.45654796280755766,0.04339485513443675
0.5129085093300529,0.05145759228584079
0.5762267283493882,0.060668787951434155
0.6473615399712076,0.07112206262512999
0.7272778974247632,0.08290603092037108
0.8170598767824696,0.09610176689252858
0.9179253825967483,0.11078016012685576
1.0312426689380967,0.12699924208040025
1.1585488999444697,0.14480157290704088
1.3015710016583038,0.16421178656162416
1.4622490880091454,0.18523439559504506
1.6427627787184707,0.20785195610329255
1.8455607661325835,0.23202368738902868
2.0733940320616497,0.25768462991464036
2.329353165215711,0.28474540925537917
2.6169102854537,0.3130926535011903
2.9399661435534976,0.34259008771313837
3.3029030354176987,0.3730803026940278
3.710644248503383,0.404387167777267
4.168720846874621,0.43631883000696703
4.683346700825936,0.4686712164586888
5.261502778863538,0.501231933968539
5.911031845476362,0.5337844424865783
6.64074484928479,0.5661123657005194
7.4605404447366075,0.5980037962282705
8.381539268677866,0.629255452929522
9.416234793278331,0.6596765547223575
10.578662801651687,0.6890922883054116
11.884591785129816,0.7173467656129155
13.351736844955687,0.7443053895966141
15.0,0.7698565727325163
