SA(0.6s) [g],Loss_ratio
0.05000000000000001,3.0576477628548305e-07
0.056172467201025755,6.67918611999799e-07
0.06310692142900626,1.4405235401061682e-06
0.07089742948257126,3.0711111375406554e-06
0.07964967064493539,6.476787793058776e-06
0.08948237023750269,1.3513970106934882e-05
0.10052891014472326,2.7888211450534902e-05
0.11293913815718663,5.6883546199253284e-05
0.1268814006769336,0.00011458828643200537
0.14254482635890514,0.00022779461343169104
0.16014189166643014,0.00044653914880853
0.17991130314285533,0.0008623624516323047
0.2021212354977168,0.0016386172246069851
0.2270729694325259,0.0030579018798399128
0.2551049785537617,0.005590574919939501
0.28659752081259104,0.009983274444106576
0.3219777967548112,0.01735545750519894
0.36172574455336326,0.029275037392033097
0.4063805504338082,0.04776526354459806
0.45654796280755766,0.0751837647642363
0.5129085093300529,0.113924875284383
0.5762267283493882,0.16593919741756324
0.6473615399712076,0.2321384168009214
0.7272778974247632,0.3118365054839928
0.8170598767824696,0.4024297328860231
0.9179253825967483,0.4994950545755888
1.0312426689380967,0.5973733370906212
1.1585488999444697,0.6901317360776931
1.3015710016583038,0.772642400442961
1.4622490880091454,0.8414533521012075
1.6427627787184707,0.8952005268061352
1.8455607661325835,0.9344857784526698
2.0733940320616497,0.9613378438996067
2.329353165215711,0.9784924857078637
2.6169102854537,0.9887329171377461
2.9399661435534976,0.9944447380503939
3.3029030354176987,0.9974223359629234
3.710644248503383,0.9988739715799979
4.168720846874621,0.9995364736307271
4.683346700825936,0.9998199318239681
5.261502778863538,0.9999338547538605
5.911031845476362,0.9999769689256657
6.64074484928479,0.9999923781047365
7.4605404447366075,0.9999975959618908
8.381539268677866,0.9999992755229359
9.416234793278331,0.9999997910109033
10.578662801651687,0.9999999422339685
11.884591785129816,0.9999999847003095
13.351736844955687,0.9999999961205032
15.0,0.9999999990596695
