SA(0.6s) [g],Complete_damage
0.05000000000000001,8.641309889867443e-11
0.056172467201025755,2.5511681656098517e-10
0.06310692142900626,7.327318751748635e-10
0.07089742948257126,2.047440994523697e-09
0.07964967064493539,5.566118566058265e-09
0.08948237023750269,1.4722577823533811e-08
0.10052891014472326,3.788980140750908e-08
0.11293913815718663,9.488244812061453e-08
0.1268814006769336,2.3120325187697688e-07
0.14254482635890514,5.482359037856099e-07
0.16014189166643014,1.2651125900209337e-06
0.17991130314285533,2.8412119423837368e-06
0.2021212354977168,6.210370541159804e-06
0.2270729694325259,1.3212951034069498e-05
0.2551049785537617,2.7364162154430716e-05
0.28659752081259104,5.516948946027167e-05
0.3219777967548112,0.0001082898931308307
0.36172574455336326,0.00020696184647084337
0.4063805504338082,0.0003851690016596354
0.45654796280755766,0.0006981050889115492
0.5129085093300529,0.0012324052464914859
0.5762267283493882,0.0021193858893588935
0.6473615399712076,0.003551053525718717
0.7272778974247632,0.005797880022626378
0.8170598767824696,0.009226316962011816
0.9179253825967483,0.01431285302291374
1.0312426689380967,0.021650341876077395
1.1585488999444697,0.03194168777046791
1.3015710016583038,0.04597616747780864
1.4622490880091454,0.06458503330377607
1.6427627787184707,0.08857573555388099
1.8455607661325835,0.11864795665954997
2.0733940320616497,0.15529910262005242
2.329353165215711,0.1987310331011367
2.6169102854537,0.24877252461536403
2.9399661435534976,0.304832242240901
3.3029030354176987,0.3658942561021582
3.710644248503383,0.430562475838297
4.168720846874621,0.49715266614472375
4.683346700825936,0.5638224700903209
5.261502778863538,0.6287229145934288
5.911031845476362,0.6901508238068768
6.64074484928479,0.7466813933398619
7.4605404447366075,0.7972639231422844
8.381539268677866,0.8412704688829684
9.416234793278331,0.8784953699606419
10.578662801651687,0.9091114333683732
11.884591785129816,0.9335944345533415
13.351736844955687,0.9526305990552626
15.0,0.9670216899102346
