SA(1.0s) [g],Loss_ratio
0.05000000000000001,2.2212688168582365e-16
0.056172467201025755,1.5554264848348833e-15
0.06310692142900626,1.0449987006373961e-14
0.07089742948257126,6.477439095528556e-14
0.07964967064493539,3.788270159214051e-13
0.08948237023750269,2.097941287951312e-12
0.10052891014472326,1.1016730311870524e-11
0.11293913815718663,5.4917167073272934e-11
0.1268814006769336,2.602719481902895e-10
0.14254482635890514,1.1750512380208932e-09
0.16014189166643014,5.064719339257171e-09
0.17991130314285533,2.0887899402621295e-08
0.2021212354977168,8.258432215628099e-08
0.2270729694325259,3.133616907681049e-07
0.2551049785537617,1.141076337949039e-06
0.28659752081259104,3.981934183053276e-06
0.3219777967548112,1.328113030410645e-05
0.36172574455336326,4.2189539160639446e-05
0.4063805504338082,0.00012714394286121396
0.45654796280755766,0.00036209615291324864
0.5129085093300529,0.0009711242316758752
0.5762267283493882,0.0024455761963387756
0.6473615399712076,0.005769568768383139
0.7272778974247632,0.012729385320526823
0.8170598767824696,0.02623145987184258
0.9179253825967483,0.05044226614475732
1.0312426689380967,0.09046023904853155
1.1585488999444697,0.15124418472185616
1.3015710016583038,0.23578203446986523
1.4622490880091454,0.3430051043291037
1.6427627787184707,0.4664883572099359
1.8455607661325835,0.5950349366988175
2.0733940320616497,0.7154612238356503
2.329353165215711,0.8165641248210739
2.6169102854537,0.8923361431008643
2.9399661435534976,0.9428550877686603
3.3029030354176987,0.9727282575809176
3.710644248503383,0.9883543321077938
4.168720846874621,0.9955684650389186
4.683346700825936,0.9985024233193781
5.261502778863538,0.9995518579007618
5.911031845476362,0.9998815374508687
6.64074484928479,0.999972394339182
7.4605404447366075,0.9999943386798684
8.381539268677866,0.9999989797550509
9.416234793278331,0.9999998386319946
10.578662801651687,0.9999999776234023
11.884591785129816,0.9999999972820783
13.351736844955687,0.999999999711063
15.0,0.9999999999731345
