PGA [g],Complete_damage
0.05000000000000001,1.3322676295501878e-15
0.056172467201025755,1.3766765505351941e-14
0.06310692142900626,1.291189377639057e-13
0.07089742948257126,1.110112002322694e-12
0.07964967064493539,8.765543846322998e-12
0.08948237023750269,6.356781767635766e-11
0.10052891014472326,4.234335104769116e-10
0.11293913815718663,2.5911498502395602e-09
0.1268814006769336,1.4569252804186306e-08
0.14254482635890514,7.528486778429766e-08
0.16014189166643014,3.5760552052899186e-07
0.17991130314285533,1.561858760878998e-06
0.2021212354977168,6.274114284665622e-06
0.2270729694325259,2.318936602596633e-05
0.2551049785537617,7.889118575399312e-05
0.28659752081259104,0.00024716018318060584
0.3219777967548112,0.0007134812242192146
0.36172574455336326,0.0018990160573899573
0.4063805504338082,0.00466400939078393
0.45654796280755766,0.010579982802475407
0.5129085093300529,0.022192126789185918
0.5762267283493882,0.043102135984458
0.6473615399712076,0.07764457517129897
0.7272778974247632,0.1299937583784696
0.8170598767824696,0.20277608232238187
0.9179253825967483,0.2956089573141518
1.0312426689380967,0.4042360432020091
1.1585488999444697,0.520845903427469
1.3015710016583038,0.6356859620929431
1.4622490880091454,0.7394417864985312
1.6427627787184707,0.8254405633276405
1.8455607661325835,0.8908337240527622
2.0733940320616497,0.9364512792186048
2.329353165215711,0.9656450679867045
2.6169102854537,0.982784903749734
2.9399661435534976,0.9920165543394345
3.3029030354176987,0.996578048764052
3.710644248503383,0.9986457530250273
4.168720846874621,0.9995056004607235
4.683346700825936,0.9998336233341111
5.261502778863538,0.9999484213782778
5.911031845476362,0.9999852775484828
6.64074484928479,0.999996132524002
7.4605404447366075,0.9999990653604715
8.381539268677866,0.9999997922769214
9.416234793278331,0.9999999575552684
10.578662801651687,0.9999999920282848
11.884591785129816,0.9999999986241446
13.351736844955687,0.9999999997818262
15.0,0.9999999999682191
