PGA [g],Complete_damage
0.05000000000000001,8.58202398035246e-14
0.056172467201025755,7.673861546209082e-13
0.06310692142900626,6.288081166871962e-12
0.07089742948257126,4.7228665422949234e-11
0.07964967064493539,3.2521518811279293e-10
0.08948237023750269,2.0534423050833084e-09
0.10052891014472326,1.1891028606214604e-08
0.11293913815718663,6.316424461250136e-08
0.1268814006769336,3.0785085214368735e-07
0.14254482635890514,1.3770306394045306e-06
0.16014189166643014,5.654779849706415e-06
0.17991130314285533,2.132614933703092e-05
0.2021212354977168,7.389500243082381e-05
0.2270729694325259,0.0002353616012706894
0.2551049785537617,0.0006894831396810908
0.28659752081259104,0.0018589801328768862
0.3219777967548112,0.004616800335652038
0.36172574455336326,0.010571702905357472
0.4063805504338082,0.02234578602329018
0.45654796280755766,0.04366272873524868
0.5129085093300529,0.0790029756114281
0.5762267283493882,0.1326520619717293
0.6473615399712076,0.20722894211335574
0.7272778974247632,0.30215731682301494
0.8170598767824696,0.4128040100427014
0.9179253825967483,0.5308990829733191
1.0312426689380967,0.6463177962313129
1.1585488999444697,0.749610995771766
1.3015710016583038,0.8342592496889606
1.4622490880091454,0.8977798435446797
1.6427627787184707,0.9414274714915717
1.8455607661325835,0.9688909383010023
2.0733940320616497,0.9847142555919393
2.329353165215711,0.9930623205921937
2.6169102854537,0.9970952317273223
2.9399661435534976,0.99887922933571
3.3029030354176987,0.9996018505638213
3.710644248503383,0.9998698697336523
4.168720846874621,0.9999608940401264
4.683346700825936,0.9999892003197665
5.261502778863538,0.999997260401624
5.911031845476362,0.9999993618782174
6.64074484928479,0.9999998635678908
7.4605404447366075,0.9999999732329272
8.381539268677866,0.9999999951822147
9.416234793278331,0.9999999992046453
10.578662801651687,0.9999999998795915
11.884591785129816,0.9999999999832867
13.351736844955687,0.9999999999978733
15.0,0.999999999999752
