SA(0.3s) [g],Loss_ratio
0.05000000000000001,5.617439597079913e-08
0.056172467201025755,1.1080821587600302e-07
0.06310692142900626,2.153026441829419e-07
0.07089742948257126,4.121034414758732e-07
0.07964967064493539,7.771259804032143e-07
0.08948237023750269,1.4440149197805742e-06
0.10052891014472326,2.644462538514165e-06
0.11293913815718663,4.774295824782151e-06
0.1268814006769336,8.500516858013958e-06
0.14254482635890514,1.4933003533702398e-05
0.16014189166643014,2.5897930695967874e-05
0.17991130314285533,4.437095307995593e-05
0.2021212354977168,7.516097676022463e-05
0.2270729694325259,0.0001259856638371005
0.2551049785537617,0.0002091545006957495
0.28659752081259104,0.00034418046435816897
0.3219777967548112,0.0005617784366911027
0.36172574455336326,0.0009098669691123806
0.4063805504338082,0.0014623368446119531
0.45654796280755766,0.0023314179668201323
0.5129085093300529,0.0036843555825664884
0.5762267283493882,0.005764648413391468
0.6473615399712076,0.00891714211310616
0.7272778974247632,0.013614693774270013
0.8170598767824696,0.020481947182820426
0.9179253825967483,0.03030925466334991
1.0312426689380967,0.04404756204628239
1.1585488999444697,0.06277409915533085
1.3015710016583038,0.08762014593698325
1.4622490880091454,0.11965696975770801
1.6427627787184707,0.1597445578595557
1.8455607661325835,0.20835906642419805
2.0733940320616497,0.2654265042457466
2.329353165215711,0.33019832146800987
2.6169102854537,0.40120526014265245
2.9399661435534976,0.4763163212207482
3.3029030354176987,0.5529102018669612
3.710644248503383,0.6281409954149897
4.168720846874621,0.6992553800877097
4.683346700825936,0.763902924193281
5.261502778863538,0.8203803358534197
5.911031845476362,0.8677655961951187
6.64074484928479,0.9059245397745835
7.4605404447366075,0.9354022149563895
8.381539268677866,0.9572351698224043
9.416234793278331,0.9727322921585883
10.578662801651687,0.9832694343304065
11.884591785129816,0.9901299661260878
13.351736844955687,0.9944056008436195
15.0,0.9969554213760945
