SA(1.0s) [g],Complete_damage
0.05000000000000001,7.4801054239515e-10
0.056172467201025755,1.8509470622873891e-09
0.06310692142900626,4.483606708127752e-09
0.07089742948257126,1.0632094760154587e-08
0.07964967064493539,2.4681932497827574e-08
0.08948237023750269,5.609451847465863e-08
0.10052891014472326,1.248117273977556e-07
0.11293913815718663,2.7189280293882234e-07
0.1268814006769336,5.799118513172274e-07
0.14254482635890514,1.211054998506711e-06
0.16014189166643014,2.4763963829554925e-06
0.17991130314285533,4.9584840903227345e-06
0.2021212354977168,9.722312714677273e-06
0.2270729694325259,1.866822743701313e-05
0.2551049785537617,3.510524501471046e-05
0.28659752081259104,6.465480028083892e-05
0.3219777967548112,0.00011663148362328624
0.36172574455336326,0.00020608468421889903
0.4063805504338082,0.0003567151886860742
0.45654796280755766,0.0006048911554287217
0.5129085093300529,0.0010049614239653337
0.5762267283493882,0.0016359806832495494
0.6473615399712076,0.0026098008175083898
0.7272778974247632,0.004080231983399019
0.8170598767824696,0.00625263540546217
0.9179253825967483,0.009392898980643882
1.0312426689380967,0.013834316314837003
1.1585488999444697,0.019980519816409248
1.3015710016583038,0.028302413656252523
1.4622490880091454,0.039327126880998264
1.6427627787184707,0.05361745946861407
1.8455607661325835,0.07174117706415706
2.0733940320616497,0.0942307992669984
2.329353165215711,0.12153610007054161
2.6169102854537,0.1539731769110858
2.9399661435534976,0.19167535144661518
3.3029030354176987,0.23455202066589398
3.710644248503383,0.2822616055727938
4.168720846874621,0.33420378826211117
4.683346700825936,0.38953430371159625
5.261502778863538,0.44720287636492506
5.911031845476362,0.5060118575871115
6.64074484928479,0.5646902324860192
7.4605404447366075,0.6219754368786121
8.381539268677866,0.6766942694902214
9.416234793278331,0.7278343191193947
10.578662801651687,0.7745987259012079
11.884591785129816,0.8164394963880057
13.351736844955687,0.8530675526215872
15.0,0.8844406950649281
