SA(0.6s) [g],Loss_ratio
0.05000000000000001,0.00030203633786705074
0.056172467201025755,0.00046761090706204497
0.06310692142900626,0.000712575701068178
0.07089742948257126,0.0010694635035661672
0.07964967064493539,0.0015826403320528416
0.08948237023750269,0.0023130008030965658
0.10052891014472326,0.003345018793465413
0.11293913815718663,0.0047971074355982486
0.1268814006769336,0.006836183478956214
0.14254482635890514,0.009696891789459166
0.16014189166643014,0.013704952851880562
0.17991130314285533,0.019302447671650937
0.2021212354977168,0.027070619273391733
0.2270729694325259,0.037743290618323044
0.2551049785537617,0.05220195199219488
0.28659752081259104,0.07144292379153719
0.3219777967548112,0.09650880654540162
0.36172574455336326,0.12838145299734843
0.4063805504338082,0.1678419356142945
0.45654796280755766,0.21531326408796073
0.5129085093300529,0.2707114883585976
0.5762267283493882,0.3333370052078496
0.6473615399712076,0.40183718620128106
0.7272778974247632,0.47426208584700685
0.8170598767824696,0.5482177319316849
0.9179253825967483,0.6211000181329678
1.0312426689380967,0.6903723325555151
1.1585488999444697,0.7538379073131211
1.3015710016583038,0.809857670274478
1.4622490880091454,0.8574766537555452
1.6427627787184707,0.8964432389061892
1.8455607661325835,0.9271293227045422
2.0733940320616497,0.9503790220197615
2.329353165215711,0.9673238528174086
2.6169102854537,0.9792019668813039
2.9399661435534976,0.9872099984156816
3.3029030354176987,0.9924025873215936
3.710644248503383,0.9956412928154865
4.168720846874621,0.9975847695715896
4.683346700825936,0.9987071615208565
5.261502778863538,0.999331261754554
5.911031845476362,0.999665572773655
6.64074484928479,0.9998382096197473
7.4605404447366075,0.9999242222515964
8.381539268677866,0.9999656083688587
9.416234793278331,0.9999848606133718
10.578662801651687,0.9999935293255398
11.884591785129816,0.9999973121040594
13.351736844955687,0.999998913826301
15.0,0.9999995726832205
