SA(0.6s) [g],Complete_damage
0.05000000000000001,0.0001419318503034228
0.056172467201025755,0.00020129024716963873
0.06310692142900626,0.0002832402892462005
0.07089742948257126,0.00039544358293486237
0.07964967064493539,0.0005477967329881039
0.08948237023750269,0.0007529538931783097
0.10052891014472326,0.001026929141073274
0.11293913815718663,0.0013897776875991807
0.1268814006769336,0.0018663500545125222
0.14254482635890514,0.00248710721376455
0.16014189166643014,0.003288977329118925
0.17991130314285533,0.004316226338473839
0.2021212354977168,0.005621305473077043
0.2270729694325259,0.007265629391955852
0.2551049785537617,0.009320229541540881
0.28659752081259104,0.011866219405172518
0.3219777967548112,0.0149950023765133
0.36172574455336326,0.018808150033536974
0.4063805504338082,0.023416879560664072
0.45654796280755766,0.02894106482835379
0.5129085093300529,0.03550772686164849
0.5762267283493882,0.04324896648366794
0.6473615399712076,0.05229932478271093
0.7272778974247632,0.06279258522243447
0.8170598767824696,0.07485806366875514
0.9179253825967483,0.08861646778843668
1.0312426689380967,0.10417544313928906
1.1585488999444697,0.12162495738909662
1.3015710016583038,0.14103270380370936
1.4622490880091454,0.1624397277328059
1.6427627787184707,0.18585649278955318
1.8455607661325835,0.21125960470270577
2.0733940320616497,0.23858939902400134
2.329353165215711,0.26774857347499714
2.6169102854537,0.29860200719239194
2.9399661435534976,0.3309778590100212
3.3029030354176987,0.3646699777420198
3.710644248503383,0.399441592620307
4.168720846874621,0.4350301856470081
4.683346700825936,0.47115338404153817
5.261502778863538,0.5075156545697264
5.911031845476362,0.5438155363332393
6.64074484928479,0.5797531178391979
7.4605404447366075,0.6150374501151097
8.381539268677866,0.6493935913198363
9.416234793278331,0.6825689994550072
10.578662801651687,0.7143390268460654
11.884591785129816,0.744511320336082
13.351736844955687,0.7729289910117711
15.0,0.7994724825633746
