SA(1.0s) [g],Complete_damage
0.05000000000000001,2.069346660693583e-08
0.056172467201025755,5.4412724437291615e-08
0.06310692142900626,1.3895743344871647e-07
0.07089742948257126,3.446667065087894e-07
0.07964967064493539,8.30380456950941e-07
0.08948237023750269,1.943305974361209e-06
0.10052891014472326,4.41794041017296e-06
0.11293913815718663,9.757621616701684e-06
0.1268814006769336,2.0938579305962435e-05
0.14254482635890514,4.365825596297501e-05
0.16014189166643014,8.84589583762807e-05
0.17991130314285533,0.0001741878283937348
0.2021212354977168,0.00033338268670735083
0.2270729694325259,0.0006202563601069855
0.2551049785537617,0.0011219194275320366
0.28659752081259104,0.001973240522263775
0.3219777967548112,0.003375197033858579
0.36172574455336326,0.0056156489075142035
0.4063805504338082,0.009090183758751813
0.45654796280755766,0.01431917293815188
0.5129085093300529,0.021955752343828183
0.5762267283493882,0.03277856387288902
0.6473615399712076,0.04766331056352158
0.7272778974247632,0.06752896885450621
0.8170598767824696,0.09325807282913912
0.9179253825967483,0.125595582894378
1.0312426689380967,0.1650366564903819
1.1585488999444697,0.21171883714429074
1.3015710016583038,0.2653372326930372
1.4622490880091454,0.3251008367074397
1.6427627787184707,0.3897436191268261
1.8455607661325835,0.45759576825929416
2.0733940320616497,0.5267099998036006
2.329353165215711,0.5950274533780214
2.6169102854537,0.6605598674861137
2.9399661435534976,0.7215614314125112
3.3029030354176987,0.7766658050897416
3.710644248503383,0.8249707354528328
4.168720846874621,0.8660627209292118
4.683346700825936,0.8999848460214686
5.261502778863538,0.9271598250544265
5.911031845476362,0.9482857437072238
6.64074484928479,0.9642233165635152
7.4605404447366075,0.975891115318088
8.381539268677866,0.9841803762907815
9.416234793278331,0.9898951994853078
10.578662801651687,0.9937186005007238
11.884591785129816,0.9962009157259373
13.351736844955687,0.9977648698021022
15.0,0.9987210747843659
