SA(1.0s) [g],Complete_damage
0.05000000000000001,0.0
0.056172467201025755,0.0
0.06310692142900626,0.0
0.07089742948257126,1.1102230246251565e-16
0.07964967064493539,8.881784197001252e-16
0.08948237023750269,6.328271240363392e-15
0.10052891014472326,4.1744385725905886e-14
0.11293913815718663,2.59015031645049e-13
0.1268814006769336,1.517674874662589e-12
0.14254482635890514,8.385070415783957e-12
0.16014189166643014,4.369260508951811e-11
0.17991130314285533,2.147398925345101e-10
0.2021212354977168,9.955449797871552e-10
0.2270729694325259,4.354052562938193e-09
0.2551049785537617,1.7966257592760826e-08
0.28659752081259104,6.99526903069625e-08
0.3219777967548112,2.570346164798565e-07
0.36172574455336326,8.914223774691976e-07
0.4063805504338082,2.9184503543833173e-06
0.45654796280755766,9.02150809567459e-06
0.5129085093300529,2.633635976434512e-05
0.5762267283493882,7.262499430538139e-05
0.6473615399712076,0.00018922940107291009
0.7272778974247632,0.0004660135548384403
0.8170598767824696,0.0010851035332436476
0.9179253825967483,0.0023899313502894204
1.0312426689380967,0.004981364861111892
1.1585488999444697,0.009831064864600392
1.3015710016583038,0.0183832695506001
1.4622490880091454,0.032594449302360884
1.6427627787184707,0.05484656944264188
1.8455607661325835,0.08767893817353911
2.0733940320616497,0.13332705757193963
2.329353165215711,0.19313153072677225
2.6169102854537,0.2669618521475049
2.9399661435534976,0.3528486325542458
3.3029030354176987,0.44699606408446757
3.710644248503383,0.5442442011052004
4.168720846874621,0.6388994691498432
4.683346700825936,0.7257153055327261
5.261502778863538,0.8007468205247059
5.911031845476362,0.8618521321657611
6.64074484928479,0.9087447565876363
7.4605404447366075,0.942654167171087
8.381539268677866,0.965760223097918
9.416234793278331,0.9805963652296332
10.578662801651687,0.9895728314338421
11.884591785129816,0.9946905769383814
13.351736844955687,0.9974399927073858
15.0,0.9988318353470595
