SA(1.0s) [g],Loss_ratio
0.05000000000000001,1.5521627572881936e-07
0.056172467201025755,3.5288881882677185e-07
0.06310692142900626,7.794305803572554e-07
0.07089742948257126,1.6740070376949118e-06
0.07964967064493539,3.4997494067647526e-06
0.08948237023750269,7.130701868801546e-06
0.10052891014472326,1.4177762729114857e-05
0.11293913815718663,2.7546153112229093e-05
0.1268814006769336,5.2371987904978014e-05
0.14254482635890514,9.756765580979083e-05
0.16014189166643014,0.0001783214530353823
0.17991130314285533,0.0003200463958139839
0.2021212354977168,0.0005644408981509204
0.2270729694325259,0.0009784663917510308
0.2551049785537617,0.001667079800850338
0.28659752081259104,0.0027903531133638944
0.3219777967548112,0.004585009871720837
0.36172574455336326,0.00738926851933703
0.4063805504338082,0.011668164103794586
0.45654796280755766,0.018034385424184327
0.5129085093300529,0.027257568146563927
0.5762267283493882,0.04025368107711809
0.6473615399712076,0.058046557123519735
0.7272778974247632,0.08169653675118417
0.8170598767824696,0.11219681224049004
0.9179253825967483,0.1503455923502903
1.0312426689380967,0.1966097449561522
1.1585488999444697,0.2510005701563992
1.3015710016583038,0.31298272848292574
1.4622490880091454,0.38143284230694086
1.6427627787184707,0.4546571070534229
1.8455607661325835,0.5304709676422728
2.0733940320616497,0.6063406785600909
2.329353165215711,0.6795844257436017
2.6169102854537,0.7476240433538375
2.9399661435534976,0.8082628135260639
3.3029030354176987,0.8599435680267093
3.710644248503383,0.9019267510401711
4.168720846874621,0.9343349891337176
4.683346700825936,0.9580441124959223
5.261502778863538,0.9744487699018988
5.911031845476362,0.9851705798204853
6.64074484928479,0.9917883403477525
7.4605404447366075,0.9956496305620934
8.381539268677866,0.9977848714284148
9.416234793278331,0.9989089482814275
10.578662801651687,0.9994760541951211
11.884591785129816,0.9997526560837624
13.351736844955687,0.9998844138471529
15.0,0.9999463185050124
