SA(1.0s) [g],Loss_ratio
0.05000000000000001,4.07560564422375e-09
0.056172467201025755,1.2061192051121417e-08
0.06310692142900626,3.451452348043809e-08
0.07089742948257126,9.551053611622033e-08
0.07964967064493539,2.55602278049014e-07
0.08948237023750269,6.615624012941459e-07
0.10052891014472326,1.6561542982510755e-06
0.11293913815718663,4.010410307053661e-06
0.1268814006769336,9.394469523118425e-06
0.14254482635890514,2.1290812843146258e-05
0.16014189166643014,4.668678547942584e-05
0.17991130314285533,9.906662267151151e-05
0.2021212354977168,0.00020344527946246414
0.2270729694325259,0.00040440455075702324
0.2551049785537617,0.0007782172254219034
0.28659752081259104,0.001450034328996791
0.3219777967548112,0.0026165795183290433
0.36172574455336326,0.004573664328468997
0.4063805504338082,0.007746021922571988
0.45654796280755766,0.012714579056216403
0.5129085093300529,0.020233788843724676
0.5762267283493882,0.031229825983890125
0.6473615399712076,0.04677033057947369
0.7272778974247632,0.0679989183442401
0.8170598767824696,0.09603321817302389
0.9179253825967483,0.1318330502843886
1.0312426689380967,0.1760535710219622
1.1585488999444697,0.22890406285222387
1.3015710016583038,0.2900342818859617
1.4622490880091454,0.35846663083063984
1.6427627787184707,0.4325863497571052
1.8455607661325835,0.5101972386651409
2.0733940320616497,0.5886490152538935
2.329353165215711,0.665041104773031
2.6169102854537,0.7364990473707074
2.9399661435534976,0.800498357693253
3.3029030354176987,0.8551810630583171
3.710644248503383,0.8995886183909003
4.168720846874621,0.9337406934571281
4.683346700825936,0.9585293853829794
5.261502778863538,0.9754583201707878
5.911031845476362,0.9863067184401831
6.64074484928479,0.9928146055432321
7.4605404447366075,0.9964619734931824
8.381539268677866,0.998368506356013
9.416234793278331,0.999296639218554
10.578662801651687,0.9997169321684524
11.884591785129816,0.9998937916778409
13.351736844955687,0.9999628898911672
15.0,0.999987936718019
