SA(1.0s) [g],Loss_ratio
0.05000000000000001,3.1703946249315095e-08
0.056172467201025755,7.748598398451133e-08
0.06310692142900626,1.8459923297054818e-07
0.07089742948257126,4.2869872534870134e-07
0.07964967064493539,9.70532689302808e-07
0.08948237023750269,2.1420299924780967e-06
0.10052891014472326,4.6091605974423926e-06
0.11293913815718663,9.669956627694196e-06
0.1268814006769336,1.978159324480172e-05
0.14254482635890514,3.946046116371954e-05
0.16014189166643014,7.676442372652986e-05
0.17991130314285533,0.00014564333535789829
0.2021212354977168,0.00026952141273682263
0.2270729694325259,0.0004865316401635452
0.2551049785537617,0.0008568239356911654
0.28659752081259104,0.0014722697396453456
0.3219777967548112,0.0024686355438982453
0.36172574455336326,0.004039855079797432
0.4063805504338082,0.0064533828623775545
0.45654796280755766,0.010064804285693637
0.5129085093300529,0.015329030341264562
0.5762267283493882,0.022804722594053
0.6473615399712076,0.033148340570182594
0.7272778974247632,0.047094639003788255
0.8170598767824696,0.0654217174406643
0.9179253825967483,0.08890076182592935
1.0312426689380967,0.1182330315527187
1.1585488999444697,0.15397878597613673
1.3015710016583038,0.19648403035262574
1.4622490880091454,0.2458108862203237
1.6427627787184707,0.3016765212639368
1.8455607661325835,0.36340519278777306
2.0733940320616497,0.4298995387688305
2.329353165215711,0.4996411796479183
2.6169102854537,0.5707350481124386
2.9399661435534976,0.641012379314175
3.3029030354176987,0.7081993806983192
3.710644248503383,0.7701408639267967
4.168720846874621,0.8250451854408116
4.683346700825936,0.8716988179490566
5.261502778863538,0.9095965852817409
5.911031845476362,0.9389518820173446
6.64074484928479,0.9605848046695602
7.4605404447366075,0.9757214760455005
8.381539268677866,0.9857601785787347
9.416234793278331,0.9920611580628412
10.578662801651687,0.9957993983960368
11.884591785129816,0.9978934261755331
13.351736844955687,0.9989999262647596
15.0,0.9995510279040236
