SA(1.0s) [g],Loss_ratio
0.05000000000000001,1.060440261437336e-06
0.056172467201025755,2.2852656897353316e-06
0.06310692142900626,4.816480371998786e-06
0.07089742948257126,9.932322585519355e-06
0.07964967064493539,2.004664907628362e-05
0.08948237023750269,3.9609126629896354e-05
0.10052891014472326,7.662159778062362e-05
0.11293913815718663,0.00014510998700400737
0.1268814006769336,0.0002690127591089183
0.14254482635890514,0.0004880629074118216
0.16014189166643014,0.0008663068725254835
0.17991130314285533,0.0015038511737043249
0.2021212354977168,0.0025521643702268635
0.2270729694325259,0.004232692009978574
0.2551049785537617,0.0068575996264480495
0.28659752081259104,0.01085015984800269
0.3219777967548112,0.01676079935544775
0.36172574455336326,0.025273451901246267
0.4063805504338082,0.037196121012080585
0.45654796280755766,0.053430005147040494
0.5129085093300529,0.0749136248335684
0.5762267283493882,0.10254219583666987
0.6473615399712076,0.13706751526312
0.7272778974247632,0.17898874834786266
0.8170598767824696,0.2284482449175156
0.9179253825967483,0.28514762636878255
1.0312426689380967,0.34829753848490685
1.1585488999444697,0.41661060857592425
1.3015710016583038,0.48834304233479303
1.4622490880091454,0.5613872347825642
1.6427627787184707,0.633415182905257
1.8455607661325835,0.7020678037852297
2.0733940320616497,0.7651758350706948
2.329353165215711,0.8209842869383015
2.6169102854537,0.8683398905253172
2.9399661435534976,0.9067982465657332
3.3029030354176987,0.9366206822253315
3.710644248503383,0.9586585997394496
4.168720846874621,0.974154991771182
4.683346700825936,0.9845148731706759
5.261502778863538,0.9910992338417418
5.911031845476362,0.99508117067633
6.64074484928479,0.997377288604936
7.4605404447366075,0.9986441236144565
8.381539268677866,0.9993162742899252
9.416234793278331,0.9996615069948841
10.578662801651687,0.9998345055812189
11.884591785129816,0.9999197634764788
13.351736844955687,0.9999613660504089
15.0,0.9999815473318568
