SA(1.0s) [g],Complete_damage
0.05000000000000001,5.6078701682338306e-09
0.056172467201025755,1.0687255747043878e-08
0.06310692142900626,2.012573940834983e-08
0.07089742948257126,3.745069276916979e-08
0.07964967064493539,6.886451253684811e-08
0.08948237023750269,1.2513079716836017e-07
0.10052891014472326,2.246838443076271e-07
0.11293913815718663,3.9868002099652244e-07
0.1268814006769336,6.990826202368794e-07
0.14254482635890514,1.211408746537579e-06
0.16014189166643014,2.074522746364771e-06
0.17991130314285533,3.510900472680767e-06
0.2021212354977168,5.872183306165901e-06
0.2270729694325259,9.706660929809097e-06
0.2551049785537617,1.585762597433593e-05
0.28659752081259104,2.560436115817133e-05
0.3219777967548112,4.08608267374877e-05
0.36172574455336326,6.445080620420818e-05
0.4063805504338082,0.00010048211663771234
0.45654796280755766,0.00015484611865534958
0.5129085093300529,0.00023587160623850245
0.5762267283493882,0.00035516345237929237
0.6473615399712076,0.0005286551681856766
0.7272778974247632,0.0007778996792644488
0.8170598767824696,0.0011316129421649057
0.9179253825967483,0.0016274693948031826
1.0312426689380967,0.002314125805536138
1.1585488999444697,0.003253420515507699
1.3015710016583038,0.004522658799817281
1.4622490880091454,0.006216853589507965
1.6427627787184707,0.008450746828253086
1.8455607661325835,0.011360394347393665
2.0733940320616497,0.015104061638872013
2.329353165215711,0.019862155532359593
2.6169102854537,0.025835914164613727
2.9399661435534976,0.03324460097487336
3.3029030354176987,0.04232100258861193
3.710644248503383,0.05330511774109725
4.168720846874621,0.06643604380332357
4.683346700825936,0.0819422138275605
5.261502778863538,0.10003030071876662
5.911031845476362,0.12087327241181567
6.64074484928479,0.1445982358572777
7.4605404447366075,0.17127482967496488
8.381539268677866,0.20090499756050195
9.416234793278331,0.23341498193146948
10.578662801651687,0.26865031022964503
11.884591785129816,0.3063744024216024
13.351736844955687,0.3462712137390441
15.0,0.38795205641209696
