SA(1.0s) [g],Complete_damage
0.05000000000000001,9.054522687179656e-10
0.056172467201025755,1.7838409638315511e-09
0.06310692142900626,3.472508391944018e-09
0.07089742948257126,6.67930766251601e-09
0.07964967064493539,1.2694779116806387e-08
0.08948237023750269,2.3841261742596487e-08
0.10052891014472326,4.424342903153189e-08
0.11293913815718663,8.113142291321651e-08
0.1268814006769336,1.4701301065400685e-07
0.14254482635890514,2.6324170698810434e-07
0.16014189166643014,4.6579204304730837e-07
0.17991130314285533,8.144686933775347e-07
0.2021212354977168,1.4073708938244778e-06
0.2270729694325259,2.4032659170503123e-06
0.2551049785537617,4.055662805479976e-06
0.28659752081259104,6.763892432148921e-06
0.3219777967548112,1.1148461482979322e-05
0.36172574455336326,1.8160409042788928e-05
0.4063805504338082,2.923737253279768e-05
0.45654796280755766,4.652252088899189e-05
0.5129085093300529,7.316629995524071e-05
0.5762267283493882,0.00011373479193155234
0.6473615399712076,0.00017475198647332046
0.7272778974247632,0.00026540577129574583
0.8170598767824696,0.00039844814412903773
0.9179253825967483,0.0005913180027070641
1.0312426689380967,0.0008675087234111256
1.1585488999444697,0.0012581913944076373
1.3015710016583038,0.0018040869506728008
1.4622490880091454,0.0025575558278516652
1.6427627787184707,0.003584841964542118
1.8455607661325835,0.0049683697609415045
2.0733940320616497,0.006808949787776242
2.329353165215711,0.009227704771332945
2.6169102854537,0.012367486135887451
2.9399661435534976,0.01639351883235085
3.3029030354176987,0.021492994796975418
3.710644248503383,0.027873339813514253
4.168720846874621,0.03575891075123938
4.683346700825936,0.04538594436244214
5.261502778863538,0.05699567652132098
5.911031845476362,0.0708256797493898
6.64074484928479,0.08709962056229381
7.4605404447366075,0.10601580560166457
8.381539268677866,0.1277350517343635
9.416234793278331,0.15236856256597175
10.578662801651687,0.1799666033850016
11.884591785129816,0.21050882096037948
13.351736844955687,0.24389704012781444
15.0,0.2799512780457325
