SA(0.6s) [g],Loss_ratio
0.05000000000000001,8.001465417947303e-12
0.056172467201025755,2.6912218928156018e-11
0.06310692142900626,9.385930777564676e-11
0.07089742948257126,3.358922451907976e-10
0.07964967064493539,1.2137444154183167e-09
0.08948237023750269,4.356255351523484e-09
0.10052891014472326,1.5320322086591144e-08
0.11293913815718663,5.2278056353125486e-08
0.1268814006769336,1.7194796007191835e-07
0.14254482635890514,5.428179361889045e-07
0.16014189166643014,1.6403413683153986e-06
0.17991130314285533,4.737259093614722e-06
0.2021212354977168,1.3061956235971606e-05
0.2270729694325259,3.436655143654193e-05
0.2551049785537617,8.62558537238681e-05
0.28659752081259104,0.0002065025642490714
0.3219777967548112,0.00047158907142996786
0.36172574455336326,0.0010274595935681901
0.4063805504338082,0.0021361240385262908
0.45654796280755766,0.0042391615820417975
0.5129085093300529,0.008033202746548925
0.5762267283493882,0.014542860154525996
0.6473615399712076,0.025164992223394803
0.7272778974247632,0.041648923385039754
0.8170598767824696,0.0659767471887089
0.9179253825967483,0.1001223216597523
1.0312426689380967,0.14569915441345424
1.1585488999444697,0.2035504531765535
1.3015710016583038,0.2733750305337271
1.4622490880091454,0.35350180665028524
1.6427627787184707,0.4409083906190283
1.8455607661325835,0.53152331362032
2.0733940320616497,0.620771567364986
2.329353165215711,0.7042469089253546
2.6169102854537,0.7783514803678502
2.9399661435534976,0.8407515394652325
3.3029030354176987,0.8905550416368568
3.710644248503383,0.9282004775985913
4.168720846874621,0.9551252735976474
4.683346700825936,0.9733292227166298
5.261502778863538,0.9849523132245345
5.911031845476362,0.9919536897686693
6.64074484928479,0.9959284949223567
7.4605404447366075,0.9980531719162281
8.381539268677866,0.9991214988139038
9.416234793278331,0.9996263451916003
10.578662801651687,0.9998503674738062
11.884591785129816,0.9999436410191758
13.351736844955687,0.9999800531111414
15.0,0.9999933718579103
