SA(0.3s) [g],Loss_ratio
0.05000000000000001,4.764960914145105e-06
0.056172467201025755,8.786852718185927e-06
0.06310692142900626,1.592807269431372e-05
0.07089742948257126,2.8384092563276625e-05
0.07964967064493539,4.9728014419284576e-05
0.08948237023750269,8.566092657387565e-05
0.10052891014472326,0.00014510191490515038
0.11293913815718663,0.00024173598542660878
0.1268814006769336,0.0003961656471653774
0.14254482635890514,0.0006388439927479826
0.16014189166643014,0.0010140072299169465
0.17991130314285533,0.0015848782420261396
0.2021212354977168,0.002440485074286838
0.2270729694325259,0.0037045270772642375
0.2551049785537617,0.005546803183159001
0.28659752081259104,0.008197725169175003
0.3219777967548112,0.0119662418101583
0.36172574455336326,0.0172608899668149
0.4063805504338082,0.024612411838327464
0.45654796280755766,0.03469423250695911
0.5129085093300529,0.04833411670553448
0.5762267283493882,0.0665070423533619
0.6473615399712076,0.09029694959882727
0.7272778974247632,0.12081540513511638
0.8170598767824696,0.15907039035764678
0.9179253825967483,0.20578958321990465
1.0312426689380967,0.26121876820023177
1.1585488999444697,0.3249334797683657
1.3015710016583038,0.39571404352505424
1.4622490880091454,0.4715335223612764
1.6427627787184707,0.5496901625927421
1.8455607661325835,0.6270823738239302
2.0733940320616497,0.7005840464195765
2.329353165215711,0.7674450646697033
2.6169102854537,0.8256295064816007
2.9399661435534976,0.8740185386309525
3.3029030354176987,0.9124421651439081
3.710644248503383,0.9415503908878156
4.168720846874621,0.9625734735003328
4.683346700825936,0.9770403415137283
5.261502778863538,0.9865205113775651
5.911031845476362,0.9924336048044572
6.64074484928479,0.995942640334683
7.4605404447366075,0.997923133058815
8.381539268677866,0.9989858735535101
9.416234793278331,0.9995279011360384
10.578662801651687,0.9997905896482164
11.884591785129816,0.9999115334518798
13.351736844955687,0.9999644214116152
15.0,0.9999863837039279
