SA(0.6s) [g],Complete_damage
0.05000000000000001,1.351403253746497e-07
0.056172467201025755,2.6083795601206106e-07
0.06310692142900626,4.959077950505986e-07
0.07089742948257126,9.287199203011909e-07
0.07964967064493539,1.713295212590893e-06
0.08948237023750269,3.1135354144895544e-06
0.10052891014472326,5.5739209896543684e-06
0.11293913815718663,9.830263064336542e-06
0.1268814006769336,1.707967211661554e-05
0.14254482635890514,2.923597253068344e-05
0.16014189166643014,4.930530770641539e-05
0.17991130314285533,8.192630983594462e-05
0.2021212354977168,0.00013412917837585248
0.2270729694325259,0.0002163769614867972
0.2551049785537617,0.0003439581968887051
0.28659752081259104,0.0005388000183932373
0.3219777967548112,0.000831761376264395
0.36172574455336326,0.0012654432648681047
0.4063805504338082,0.0018975130398083406
0.45654796280755766,0.0028044801912077144
0.5129085093300529,0.004085780394102567
0.5762267283493882,0.005867925402656904
0.6473615399712076,0.00830836460916895
0.7272778974247632,0.01159859086677395
0.8170598767824696,0.01596592433710864
0.9179253825967483,0.021673343480260066
1.0312426689380967,0.029016723580580717
1.1585488999444697,0.03831891087607853
1.3015710016583038,0.04992021961924742
1.4622490880091454,0.06416519577835245
1.6427627787184707,0.08138583659274101
1.8455607661325835,0.10188186584829584
2.0733940320616497,0.12589910048156405
2.329353165215711,0.15360735168305784
2.6169102854537,0.18507962255719357
2.9399661435534976,0.22027453549163023
3.3029030354176987,0.25902389799430303
3.710644248503383,0.3010270693577113
4.168720846874621,0.34585332430524307
4.683346700825936,0.3929527581663249
5.261502778863538,0.44167550596419647
5.911031845476362,0.49129824309227044
6.64074484928479,0.541056197199878
7.4605404447366075,0.5901783250951396
8.381539268677866,0.6379229718455763
9.416234793278331,0.6836112776135883
10.578662801651687,0.7266558381789658
11.884591785129816,0.7665826247477204
13.351736844955687,0.8030448602483011
15.0,0.8358283421591741
