SA(0.3s) [g],Loss_ratio
0.05000000000000001,1.0883384438514804e-09
0.056172467201025755,2.782190034843924e-09
0.06310692142900626,6.948382530870065e-09
0.07089742948257126,1.695392665936469e-08
0.07964967064493539,4.041708689541306e-08
0.08948237023750269,9.414352867460734e-08
0.10052891014472326,2.1427685668557636e-07
0.11293913815718663,4.766025709621321e-07
0.1268814006769336,1.0360543755878014e-06
0.14254482635890514,2.201499361319732e-06
0.16014189166643014,4.573520118943372e-06
0.17991130314285533,9.291640072223506e-06
0.2021212354977168,1.8466809350918183e-05
0.2270729694325259,3.5920095544352725e-05
0.2551049785537617,6.841679313865542e-05
0.28659752081259104,0.00012768712882162603
0.3219777967548112,0.00023367461841082508
0.36172574455336326,0.00041966726235344006
0.4063805504338082,0.0007402565153624326
0.45654796280755766,0.0012834226783559409
0.5129085093300529,0.0021883936814453427
0.5762267283493882,0.003671087957693347
0.6473615399712076,0.006058586068917233
0.7272778974247632,0.009832647896335782
0.8170598767824696,0.015679168873866143
0.9179253825967483,0.02453519313173559
1.0312426689380967,0.03761791415483807
1.1585488999444697,0.056412604444573515
1.3015710016583038,0.08259208522350742
1.4622490880091454,0.11784417156038399
1.6427627787184707,0.1636002971621084
1.8455607661325835,0.22068957124329808
2.0733940320616497,0.28898212186096994
2.329353165215711,0.3671195075961803
2.6169102854537,0.4524389845583291
2.9399661435534976,0.5411672925625322
3.3029030354176987,0.628888309401648
3.710644248503383,0.7111984748264217
4.168720846874621,0.7843909033001899
4.683346700825936,0.8459886150956548
5.261502778863538,0.8949929428224119
5.911031845476362,0.9318074156106386
6.64074484928479,0.9578996627315371
7.4605404447366075,0.9753319278660241
8.381539268677866,0.9863024550360789
9.416234793278331,0.9928015208362243
10.578662801651687,0.996423740912503
11.884591785129816,0.9983220998197694
13.351736844955687,0.9992572158989007
15.0,0.9996899912180971
