SA(1.0s) [g],Complete_damage
0.05000000000000001,1.0492768875991487e-09
0.056172467201025755,2.658453235326874e-09
0.06310692142900626,6.583407374805006e-09
0.07089742948257126,1.593555576384631e-08
0.07964967064493539,3.7704335653643284e-08
0.08948237023750269,8.720405164641676e-08
0.10052891014472326,1.9715963617272791e-07
0.11293913815718663,4.357637208851628e-07
0.1268814006769336,9.415703173809575e-07
0.14254482635890514,1.9890296485414183e-06
0.16014189166643014,4.108054009077655e-06
0.17991130314285533,8.295805085656305e-06
0.2021212354977168,1.6380654382475157e-05
0.2270729694325259,3.1628524681970305e-05
0.2551049785537617,5.9721172064319816e-05
0.28659752081259104,0.00011028295654091913
0.3219777967548112,0.00019918226672765993
0.36172574455336326,0.0003518758150805601
0.4063805504338082,0.0006080818214979633
0.45654796280755766,0.001028038288141797
0.5129085093300529,0.001700496975136634
0.5762267283493882,0.0027523942600693463
0.6473615399712076,0.0043598072406833
0.7272778974247632,0.006759347487865108
0.8170598767824696,0.01025859816421315
0.9179253825967483,0.01524363690852415
1.0312426689380967,0.022181224884601614
1.1585488999444697,0.03161303321841702
1.3015710016583038,0.04413948128113232
1.4622490880091454,0.06039150481352795
1.6427627787184707,0.08098990446518217
1.8455607661325835,0.10649377328182075
2.0733940320616497,0.13734164524529702
2.329353165215711,0.17379109028108486
2.6169102854537,0.21586406366475686
2.9399661435534976,0.2633059634867062
3.3029030354176987,0.3155657372762709
3.710644248503383,0.37180240388446584
4.168720846874621,0.43092019650839297
4.683346700825936,0.4916306457148445
5.261502778863538,0.5525359729833932
5.911031845476362,0.6122248921021203
6.64074484928479,0.6693699589868378
7.4605404447366075,0.7228153638999589
8.381539268677866,0.7716455737246286
9.416234793278331,0.8152282000246023
10.578662801651687,0.8532283042013528
11.884591785129816,0.8855953269914884
13.351736844955687,0.9125272453382595
15.0,0.934418889744788
