SA(1.0s) [g],Complete_damage
0.05000000000000001,8.171907595055927e-12
0.056172467201025755,2.3174795416025518e-11
0.06310692142900626,6.422740117528747e-11
0.07089742948257126,1.7395862528246653e-10
0.07964967064493539,4.6047010648919695e-10
0.08948237023750269,1.191233778286005e-09
0.10052891014472326,3.011918714435069e-09
0.11293913815718663,7.44306005717732e-09
0.1268814006769336,1.7977694222182095e-08
0.14254482635890514,4.244275875198156e-08
0.16014189166643014,9.794319244527117e-08
0.17991130314285533,2.2093311369264512e-07
0.2021212354977168,4.871685399532311e-07
0.2270729694325259,1.0501386936700996e-06
0.2551049785537617,2.2130005870035774e-06
0.28659752081259104,4.559358069200492e-06
0.3219777967548112,9.184057651823174e-06
0.36172574455336326,1.8088284346129413e-05
0.4063805504338082,3.483510059676398e-05
0.45654796280755766,6.560256423193689e-05
0.5129085093300529,0.00012081978685762884
0.5762267283493882,0.00021762101529687605
0.6473615399712076,0.0003833928151836252
0.7272778974247632,0.0006607017965298834
0.8170598767824696,0.0011138504983131403
0.9179253825967483,0.00183718817896672
1.0312426689380967,0.0029650736557526036
1.1585488999444697,0.004683031513755265
1.3015710016583038,0.007239165495589006
1.4622490880091454,0.010954332543390621
1.6427627787184707,0.01622901985984726
1.8455607661325835,0.023544431202631277
2.0733940320616497,0.03345513407685119
2.329353165215711,0.04657090576003431
2.6169102854537,0.06352626282511664
2.9399661435534976,0.08493759772293108
3.3029030354176987,0.11134977914828759
3.710644248503383,0.14317625354995522
4.168720846874621,0.1806387343914706
4.683346700825936,0.22371403181920246
5.261502778863538,0.2720960289734564
5.911031845476362,0.32517995795130594
6.64074484928479,0.3820739087431442
7.4605404447366075,0.4416391485931189
8.381539268677866,0.502556844389999
9.416234793278331,0.5634148635696203
10.578662801651687,0.6228052197012176
11.884591785129816,0.6794210416813217
13.351736844955687,0.7321420215027437
15.0,0.7800991194152438
