SA(0.6s) [g],Complete_damage
0.05000000000000001,1.4072654153096664e-10
0.056172467201025755,4.905318373715772e-10
0.06310692142900626,1.6467521790630713e-09
0.07089742948257126,5.324536367368182e-09
0.07964967064493539,1.6582596962244622e-08
0.08948237023750269,4.974704703730737e-08
0.10052891014472326,1.4376571733087928e-07
0.11293913815718663,4.0026590908404103e-07
0.1268814006769336,1.0736979247916167e-06
0.14254482635890514,2.7752000090197626e-06
0.16014189166643014,6.9123765268352955e-06
0.17991130314285533,1.659311813628772e-05
0.2021212354977168,3.8392610646531544e-05
0.2270729694325259,8.563343580647587e-05
0.2551049785537617,0.00018415290314321986
0.28659752081259104,0.0003818773045122237
0.3219777967548112,0.0007637620019004254
0.36172574455336326,0.0014735655178235163
0.4063805504338082,0.0027431981150175533
0.45654796280755766,0.004928704736593903
0.5129085093300529,0.008549137138603058
0.5762267283493882,0.014320828715505773
0.6473615399712076,0.023175658937736876
0.7272778974247632,0.03624915978820009
0.8170598767824696,0.05482455990865032
0.9179253825967483,0.08022370764415965
1.0312426689380967,0.11364589457692542
1.1585488999444697,0.15596976663893747
1.3015710016583038,0.20754851269362462
1.4622490880091454,0.26803955459385276
1.6427627787184707,0.33631212930076293
1.8455607661325835,0.41046644883630257
2.0733940320616497,0.48797713829451506
2.329353165215711,0.5659460959457268
2.6169102854537,0.6414234800895322
2.9399661435534976,0.7117383097521913
3.3029030354176987,0.7747776965702269
3.710644248503383,0.8291668089184518
4.168720846874621,0.8743260745852443
4.683346700825936,0.9104102381379888
5.261502778863538,0.9381575706721539
5.911031845476362,0.9586909583254005
6.64074484928479,0.9733138978243577
7.4605404447366075,0.9833356440210339
8.381539268677866,0.9899454190737195
9.416234793278331,0.9941407327465493
10.578662801651687,0.9967033077247048
11.884591785129816,0.9982096477332035
13.351736844955687,0.999061773347268
15.0,0.9995256668535275
