SA(1.0s) [g],Loss_ratio
0.05000000000000001,3.5028429888786704e-07
0.056172467201025755,7.331706053147168e-07
0.06310692142900626,1.5035672146951783e-06
0.07089742948257126,3.0212763094194475e-06
0.07964967064493539,5.948745847453101e-06
0.08948237023750269,1.1477482957804698e-05
0.10052891014472326,2.1700739128383693e-05
0.11293913815718663,4.0209713378718715e-05
0.1268814006769336,7.301964657796337e-05
0.14254482635890514,0.0001299650083299429
0.16014189166643014,0.00022673519673507709
0.17991130314285533,0.00038774613150932015
0.2021212354977168,0.0006500473187325296
0.2270729694325259,0.0010684333053653044
0.2551049785537617,0.0017218457889827121
0.28659752081259104,0.0027210021154165124
0.3219777967548112,0.00421695801908082
0.36172574455336326,0.006410010860959918
0.4063805504338082,0.009557997964977286
0.45654796280755766,0.013982691771784142
0.5129085093300529,0.02007271374501172
0.5762267283493882,0.028281274431563544
0.6473615399712076,0.03911718960561582
0.7272778974247632,0.05312808471773874
0.8170598767824696,0.07087548060362593
0.9179253825967483,0.09290245719344731
1.0312426689380967,0.11969562205664393
1.1585488999444697,0.15164390494830227
1.3015710016583038,0.18899702222358933
1.4622490880091454,0.23182622985102935
1.6427627787184707,0.27998941522092463
1.8455607661325835,0.33310216813427246
2.0733940320616497,0.3905168446882987
2.329353165215711,0.4513131623905697
2.6169102854537,0.5143062090627953
2.9399661435534976,0.5780796565507667
3.3029030354176987,0.6410515585721845
3.710644248503383,0.7015757611262706
4.168720846874621,0.7580734792834553
4.683346700825936,0.8091790107263517
5.261502778863538,0.8538747672118622
5.911031845476362,0.8915880566539227
6.64074484928479,0.9222277858507197
7.4605404447366075,0.9461525555461793
8.381539268677866,0.9640782304606634
9.416234793278331,0.9769471753121212
10.578662801651687,0.9857882025671946
11.884591785129816,0.9915942289484646
13.351736844955687,0.995235556876337
15.0,0.9974147178382743
