SA(0.6s) [g],Complete_damage
0.05000000000000001,2.4886148175529144e-07
0.056172467201025755,5.841481117707659e-07
0.06310692142900626,1.3350462007011288e-06
0.07089742948257126,2.9709933283550427e-06
0.07964967064493539,6.438210827464097e-06
0.08948237023750269,1.3586737153570283e-05
0.10052891014472326,2.792430947806679e-05
0.11293913815718663,5.589855867660365e-05
0.1268814006769336,0.00010899495216543098
0.14254482635890514,0.000207033172836657
0.16014189166643014,0.00038312924814820626
0.17991130314285533,0.0006908294887127964
0.2021212354977168,0.0012138635099020467
0.2270729694325259,0.0020787438510565526
0.2551049785537617,0.0034699969152731658
0.28659752081259104,0.005647106547035929
0.3219777967548112,0.008961305343045733
0.36172574455336326,0.013869264428466255
0.4063805504338082,0.020939721081278062
0.45654796280755766,0.030848455176462064
0.5129085093300529,0.04435714062782126
0.5762267283493882,0.06227277675190124
0.6473615399712076,0.08538680432453527
0.7272778974247632,0.11439650784514688
0.8170598767824696,0.14981542180141794
0.9179253825967483,0.19188338567651642
1.0312426689380967,0.240489629293413
1.1585488999444697,0.2951228687073394
1.3015710016583038,0.35486024995702947
1.4622490880091454,0.4184020845811698
1.6427627787184707,0.4841523735896457
1.8455607661325835,0.5503374281825992
2.0733940320616497,0.6151481034343377
2.329353165215711,0.6768868075117002
2.6169102854537,0.7340995566196505
2.9399661435534976,0.7856761272357455
3.3029030354176987,0.8309071531367749
3.710644248503383,0.8694944836548397
4.168720846874621,0.90151861366223
4.683346700825936,0.9273730003279889
5.261502778863538,0.9476785811690307
5.911031845476362,0.9631924763902996
6.64074484928479,0.9747230398428968
7.4605404447366075,0.9830599365902339
8.381539268677866,0.9889237819356017
9.416234793278331,0.9929360021147756
10.578662801651687,0.9956066162596088
11.884591785129816,0.9973358816042373
13.351736844955687,0.9984251532644857
15.0,0.9990926279662512
