SA(1.0s) [g],Complete_damage
0.05000000000000001,0.0
0.056172467201025755,0.0
0.06310692142900626,1.1102230246251565e-16
0.07089742948257126,8.881784197001252e-16
0.07964967064493539,6.328271240363392e-15
0.08948237023750269,3.985700658404312e-14
0.10052891014472326,2.3925306180672123e-13
0.11293913815718663,1.3571366253017914e-12
0.1268814006769336,7.276845792603126e-12
0.14254482635890514,3.6885272614028963e-11
0.16014189166643014,1.767535007246579e-10
0.17991130314285533,8.00802091305286e-10
0.2021212354977168,3.43054884499594e-09
0.2270729694325259,1.3897168193999221e-08
0.2551049785537617,5.3242819708643196e-08
0.28659752081259104,1.929393586008743e-07
0.3219777967548112,6.614008621896872e-07
0.36172574455336326,2.1451560920926482e-06
0.4063805504338082,6.583811386295935e-06
0.45654796280755766,1.912509696211373e-05
0.5129085093300529,5.2593487516072734e-05
0.5762267283493882,0.00013695227968280044
0.6473615399712076,0.00033778257225058894
0.7272778974247632,0.0007893597550442388
0.8170598767824696,0.0017484051948231105
0.9179253825967483,0.003672166994173387
1.0312426689380967,0.007316925706965516
1.1585488999444697,0.013839094970438004
1.3015710016583038,0.02486264635887947
1.4622490880091454,0.04246041200680217
1.6427627787184707,0.06899426848129542
1.8455607661325835,0.10678195857093009
2.0733940320616497,0.15761050339937577
2.329353165215711,0.22218671617795782
2.6169102854537,0.2996766324811255
2.9399661435534976,0.3875031499522821
3.3029030354176987,0.4815218123082814
3.710644248503383,0.5765845802334786
4.168720846874621,0.6673697337023714
4.683346700825936,0.7492590351781573
5.261502778863538,0.8190256078569987
5.911031845476362,0.8751659931591078
6.64074484928479,0.9178348512175953
7.4605404447366075,0.9484653518938398
8.381539268677866,0.9692338165470873
9.416234793278331,0.9825341229511897
10.578662801651687,0.9905791138941392
11.884591785129816,0.9951752808466816
13.351736844955687,0.9976553967785472
15.0,0.9989194160939565
