PGA [g],Loss_ratio
0.05000000000000001,1.9203269466138592e-08
0.056172467201025755,6.785954067579976e-08
0.06310692142900626,2.2810339630658614e-07
0.07089742948257126,7.294427103235123e-07
0.07964967064493539,2.219469999069113e-06
0.08948237023750269,6.4264885560704534e-06
0.10052891014472326,1.771092745300591e-05
0.11293913815718663,4.6466439133613775e-05
0.1268814006769336,0.00011608286782585048
0.14254482635890514,0.00027621218137652146
0.16014189166643014,0.0006261768499719755
0.17991130314285533,0.0013529632619420553
0.2021212354977168,0.002787347953011623
0.2270729694325259,0.005478032999845957
0.2551049785537617,0.01027623363674029
0.28659752081259104,0.01841223008925267
0.3219777967548112,0.03153342105463612
0.36172574455336326,0.05166520296625931
0.4063805504338082,0.08105741618771865
0.45654796280755766,0.12189458047988048
0.5129085093300529,0.1758784582312513
0.5762267283493882,0.2437333768359861
0.6473615399712076,0.3247317856022055
0.7272778974247632,0.4163788902019536
0.8170598767824696,0.5144110775225214
0.9179253825967483,0.6132239504446146
1.0312426689380967,0.706730129115733
1.1585488999444697,0.7894729561040272
1.3015710016583038,0.8576682771136039
1.4622490880091454,0.9098181794265134
1.6427627787184707,0.9466899059042166
1.8455607661325835,0.9707168352556694
2.0733940320616497,0.9851068107480566
2.329353165215711,0.9930087865588662
2.6169102854537,0.9969791860990698
2.9399661435534976,0.9988014020468827
3.3029030354176987,0.9995641725846092
3.710644248503383,0.9998550281097824
4.168720846874621,0.9999559521664718
4.683346700825936,0.9999877912505135
5.261502778863538,0.99999691655845
5.911031845476362,0.9999992910816989
6.64074484928479,0.9999998517527511
7.4605404447366075,0.9999999718233903
8.381539268677866,0.9999999951356525
9.416234793278331,0.9999999992376563
10.578662801651687,0.9999999998915939
11.884591785129816,0.9999999999860189
13.351736844955687,0.9999999999983652
15.0,0.9999999999998268
