Sd [m],Sa [g]
0.0,0.0
0.0010226,0.17353
0.008,0.347
0.025,0.295
0.087,0.298
