Vb-droof,FALSE
Vb-dfloor,FALSE
Sd-Sa,TRUE
Periods [s],1.119611 
Heights [m],30.800000 
Gamma participation factors,1.300000 
Sdy [m],0.037000,0.037000 
Say [g],0.119000,0.119000 
Sd1 [m],0.000000,0.004620,0.037000,0.255000 
Sa1 [g],0.000000,0.059000,0.119000,0.120000 
