Vb-droof,FALSE
Vb-dfloor,FALSE
Sd-Sa,TRUE
Periods [s],1.004696 
Heights [m],30.800000 
Gamma participation factors,1.300000 
Sdy [m],0.058000,0.058000 
Say [g],0.230000,0.230000 
Sd1 [m],0.000000,0.007219,0.058000,0.308000 
Sa1 [g],0.000000,0.115000,0.230000,0.233000 
