Vb-droof,FALSE
Vb-dfloor,FALSE
Sd-Sa,TRUE
Periods [s],0.560000 
Heights [m],5.600000 
Gamma participation factors,1.300000 
Sdy [m],0.030360,0.030360 
Say [g],0.389598,0.389598 
Sd1 [m],0.000000,0.003795,0.030360,0.120060 
Sa1 [g],0.000000,0.194799,0.389598,0.393494 
