Vb-droof,FALSE
Vb-dfloor,FALSE
Sd-Sa,TRUE
Periods [s],0.370440 
Heights [m],8.400000 
Gamma participation factors,1.300000 
Sdy [m],0.013000,0.013000 
Say [g],0.370000,0.370000 
Sd1 [m],0.000000,0.001579,0.013000,0.044000,0.085000 
Sa1 [g],0.000000,0.185218,0.370000,0.315000,0.318000 
