Sd [m],Sa [g]
0.0,0.0
0.0006825,1.1439
0.0034944,2.2879
0.02028,2.3107
