Sd [m],Sa [g]
0.0,0.0
0.00048583,1.0487
0.0021121,1.5992
0.015229,0.74665
0.017062,0.75411
