Vb-droof,FALSE
Vb-dfloor,FALSE
Sd-Sa,TRUE
Periods [s],0.441000 
Heights [m],14.000000 
Gamma participation factors,1.300000 
Sdy [m],0.016500,0.016500 
Say [g],0.341427,0.341427 
Sd1 [m],0.000000,0.002855,0.016500,0.110000 
Sa1 [g],0.000000,0.170713,0.341427,0.344841 
