Vb-droof,FALSE
Vb-dfloor,FALSE
Sd-Sa,TRUE
Periods [s],0.120660 
Heights [m],2.800000 
Gamma participation factors,1.300000 
Sdy [m],0.004352,0.004352 
Say [g],1.202939,1.202939 
Sd1 [m],0.000000,0.000544,0.004352,0.015180,0.034415 
Sa1 [g],0.000000,0.601469,1.202939,1.022498,1.032723 
