Sd [m],Sa [g]
0.0,0.0
0.016253,0.24299
0.093943,0.48598
0.18504,0.49084
