Vb-droof,FALSE
Vb-dfloor,FALSE
Sd-Sa,TRUE
Periods [s],0.361979 
Heights [m],8.400000 
Gamma participation factors,1.300000 
Sdy [m],0.013600,0.013600 
Say [g],0.417687,0.417687 
Sd1 [m],0.000000,0.001700,0.013600,0.045540,0.125526 
Sa1 [g],0.000000,0.208844,0.417687,0.355034,0.358584 
