Vb-droof,FALSE
Vb-dfloor,FALSE
Sd-Sa,TRUE
Periods [s],0.264600 
Heights [m],8.400000 
Gamma participation factors,1.300000 
Sdy [m],0.009900,0.009900 
Say [g],0.569045,0.569045 
Sd1 [m],0.000000,0.001713,0.009900,0.066000 
Sa1 [g],0.000000,0.284522,0.569045,0.574735 
