Vb-droof,FALSE
Vb-dfloor,FALSE
Sd-Sa,TRUE
Periods [s],0.627200 
Heights [m],22.400000 
Gamma participation factors,1.300000 
Sdy [m],0.044000,0.044000 
Say [g],0.450123,0.450123 
Sd1 [m],0.000000,0.008594,0.044000,0.208000 
Sa1 [g],0.000000,0.225062,0.450123,0.454624 
