Vb-droof,FALSE
Vb-dfloor,FALSE
Sd-Sa,TRUE
Periods [s],1.400000 
Heights [m],14.000000 
Gamma participation factors,1.300000 
Sdy [m],0.075900,0.075900 
Say [g],0.155839,0.155839 
Sd1 [m],0.000000,0.009487,0.075900,0.300150 
Sa1 [g],0.000000,0.077920,0.155839,0.157397 
