Sd [m],Sa [g]
0.0,0.0
0.0068041,0.07216
0.054,0.144
0.099,0.123
0.212,0.124
