Vb-droof,FALSE
Vb-dfloor,FALSE
Sd-Sa,TRUE
Periods [s],0.246960 
Heights [m],5.600000 
Gamma participation factors,1.300000 
Sdy [m],0.008000,0.008000 
Say [g],0.556000,0.556000 
Sd1 [m],0.000000,0.001053,0.008000,0.029000,0.057000 
Sa1 [g],0.000000,0.277827,0.556000,0.472000,0.477000 
