Vb-droof,FALSE
Vb-dfloor,FALSE
Sd-Sa,TRUE
Periods [s],0.740880 
Heights [m],16.800000 
Gamma participation factors,1.300000 
Sdy [m],0.025000,0.025000 
Say [g],0.185000,0.185000 
Sd1 [m],0.000000,0.003158,0.025000,0.087000,0.171000 
Sa1 [g],0.000000,0.092609,0.185000,0.157000,0.159000 
