Sd [m],Sa [g]
0.0,0.0
0.0036243,0.15305
0.029,0.306
0.073,0.26
0.183,0.263
