Sd [m],Sa [g]
0.0,0.0
0.0040432,0.34909
0.014392,0.69818
0.10378,0.32596
0.12724,0.32922
