Sd [m],Sa [g]
0.0,0.0
0.00043642,0.75348
0.0034914,1.507
0.023604,1.522
