Vb-droof,FALSE
Vb-dfloor,FALSE
Sd-Sa,TRUE
Periods [s],0.588000 
Heights [m],8.400000 
Gamma participation factors,1.300000 
Sdy [m],0.044000,0.044000 
Say [g],0.509000,0.509000 
Sd1 [m],0.000000,0.005468,0.044000,0.186000 
Sa1 [g],0.000000,0.255000,0.509000,0.514000 
