Sd [m],Sa [g]
0.0,0.0
0.0015228,0.6381
0.012183,1.2762
0.05355,1.289
