Sd [m],Sa [g]
0.0,0.0
0.0068315,0.18205
0.038948,0.36409
0.28084,0.16999
0.12914,0.17169
