Sd [m],Sa [g]
0.0,0.0
0.0037371,0.070459
0.03,0.141
0.074,0.12
0.167,0.121
