Sd [m],Sa [g]
0.0,0.0
0.0090721,0.12373
0.073,0.247
0.103,0.21
0.276,0.212
