Vb-droof,FALSE
Vb-dfloor,FALSE
Sd-Sa,TRUE
Periods [s],1.164240 
Heights [m],25.200000 
Gamma participation factors,1.300000 
Sdy [m],0.033000,0.033000 
Say [g],0.097000,0.097000 
Sd1 [m],0.000000,0.004086,0.033000,0.011000,0.261000 
Sa1 [g],0.000000,0.048519,0.097000,0.082000,0.083000 
