Sd [m],Sa [g]
0.0,0.0
0.017776,0.46553
0.091011,0.93105
0.20198,0.94036
