Vb-droof,FALSE
Vb-dfloor,FALSE
Sd-Sa,TRUE
Periods [s],0.258720 
Heights [m],5.600000 
Gamma participation factors,1.300000 
Sdy [m],0.006000,0.006000 
Say [g],0.380000,0.380000 
Sd1 [m],0.000000,0.000789,0.006000,0.030000,0.051000 
Sa1 [g],0.000000,0.189858,0.380000,0.323000,0.326000 
