Vb-droof,FALSE
Vb-dfloor,FALSE
Sd-Sa,TRUE
Periods [s],0.482797 
Heights [m],14.000000 
Gamma participation factors,1.300000 
Sdy [m],0.021000,0.021000 
Say [g],0.362561,0.362561 
Sd1 [m],0.000000,0.002625,0.021000,0.127500 
Sa1 [g],0.000000,0.181280,0.362561,0.366186 
