Sd [m],Sa [g]
0.0,0.0
0.0023684,0.063286
0.019,0.127
0.055,0.108
0.1,0.109
