Vb-droof,FALSE
Vb-dfloor,FALSE
Sd-Sa,TRUE
Periods [s],0.289678 
Heights [m],8.400000 
Gamma participation factors,1.300000 
Sdy [m],0.012000,0.012000 
Say [g],0.575493,0.575493 
Sd1 [m],0.000000,0.001500,0.012000,0.076500 
Sa1 [g],0.000000,0.287747,0.575493,0.581248 
