Vb-droof,FALSE
Vb-dfloor,FALSE
Sd-Sa,TRUE
Periods [s],1.960000 
Heights [m],19.600000 
Gamma participation factors,1.300000 
Sdy [m],0.106260,0.106260 
Say [g],0.111314,0.111314 
Sd1 [m],0.000000,0.013282,0.106260,0.420210 
Sa1 [g],0.000000,0.055657,0.111314,0.112427 
