Vb-droof,FALSE
Vb-dfloor,FALSE
Sd-Sa,TRUE
Periods [s],1.293600 
Heights [m],28.000000 
Gamma participation factors,1.300000 
Sdy [m],0.032000,0.032000 
Say [g],0.076000,0.076000 
Sd1 [m],0.000000,0.003947,0.032000,0.097000,0.152000 
Sa1 [g],0.000000,0.037972,0.076000,0.065000,0.065000 
