Sd [m],Sa [g]
0.0,0.0
0.058599,0.58117
0.30003,1.1623
0.32416,1.174
