Sd [m],Sa [g]
0.0,0.0
0.0033261,0.22969
0.026608,0.45939
0.12621,0.46398
