Vb-droof,FALSE
Vb-dfloor,FALSE
Sd-Sa,TRUE
Periods [s],1.034880 
Heights [m],22.400000 
Gamma participation factors,1.300000 
Sdy [m],0.029000,0.029000 
Say [g],0.109000,0.109000 
Sd1 [m],0.000000,0.003632,0.029000,0.002000,0.232000 
Sa1 [g],0.000000,0.054584,0.109000,0.093000,0.094000 
