Sd [m],Sa [g]
0.0,0.0
0.0045727,0.2193
0.036581,0.43859
0.14706,0.44298
