Sd [m],Sa [g]
0.0,0.0
0.023489,0.48604
0.12026,0.97207
0.22576,0.98179
