Sd [m],Sa [g]
0.0,0.0
0.0084599,0.20096
0.068,0.402
0.108,0.342
0.272,0.345
