Sd [m],Sa [g]
0.0,0.0
0.0051699,0.17436
0.029475,0.34873
0.21253,0.16281
0.11525,0.16444
