Sd [m],Sa [g]
0.0,0.0
0.015607,0.13623
0.125,0.272
0.129,0.232
0.342,0.234
