Sd [m],Sa [g]
0.0,0.0
0.017404,0.072926
0.13923,0.14585
0.4907,0.14731
