Sd [m],Sa [g]
0.0,0.0
0.0019502,0.11725
0.016,0.234
0.061,0.199
0.126,0.201
