Vb-droof,FALSE
Vb-dfloor,FALSE
Sd-Sa,TRUE
Periods [s],0.705600 
Heights [m],25.200000 
Gamma participation factors,1.300000 
Sdy [m],0.049500,0.049500 
Say [g],0.400109,0.400109 
Sd1 [m],0.000000,0.009668,0.049500,0.234000 
Sa1 [g],0.000000,0.200055,0.400109,0.404111 
