Sd [m],Sa [g]
0.0,0.0
0.012157,0.32397
0.043276,0.64795
0.31204,0.30251
0.14585,0.30553
