Sd [m],Sa [g]
0.0,0.0
0.0015682,0.16761
0.013,0.335
0.046,0.285
0.119,0.288
