Vb-droof,FALSE
Vb-dfloor,FALSE
Sd-Sa,TRUE
Periods [s],0.916045 
Heights [m],25.200000 
Gamma participation factors,1.300000 
Sdy [m],0.030000,0.030000 
Say [g],0.145000,0.145000 
Sd1 [m],0.000000,0.003780,0.030000,0.209000 
Sa1 [g],0.000000,0.073000,0.145000,0.146000 
