Vb-droof,FALSE
Vb-dfloor,FALSE
Sd-Sa,TRUE
Periods [s],0.588000 
Heights [m],14.000000 
Gamma participation factors,1.300000 
Sdy [m],0.026000,0.026000 
Say [g],0.306000,0.306000 
Sd1 [m],0.000000,0.003289,0.026000,0.077000,0.158000 
Sa1 [g],0.000000,0.153152,0.306000,0.260000,0.263000 
