Vb-droof,FALSE
Vb-dfloor,FALSE
Sd-Sa,TRUE
Periods [s],0.101783 
Heights [m],2.800000 
Gamma participation factors,1.300000 
Sdy [m],0.002000,0.002000 
Say [g],0.969000,0.969000 
Sd1 [m],0.000000,0.000312,0.002000,0.021000 
Sa1 [g],0.000000,0.484000,0.969000,0.978000 
