Sd [m],Sa [g]
0.0,0.0
0.0013636,0.10284
0.011,0.206
0.037,0.175
0.103,0.177
