Sd [m],Sa [g]
0.0,0.0
0.0050759,0.099648
0.041,0.199
0.106,0.169
0.189,0.171
