Sd [m],Sa [g]
0.0,0.0
0.0089908,0.10677
0.072,0.214
0.137,0.182
0.238,0.183
