Vb-droof,FALSE
Vb-dfloor,FALSE
Sd-Sa,TRUE
Periods [s],1.570000 
Heights [m],22.400000 
Gamma participation factors,1.300000 
Sdy [m],0.117000,0.117000 
Say [g],0.191000,0.191000 
Sd1 [m],0.000000,0.014580,0.117000,0.496000 
Sa1 [g],0.000000,0.095000,0.191000,0.193000 
