Sd [m],Sa [g]
0.0,0.0
0.015607,0.16477
0.125,0.33
0.146,0.28
0.342,0.283
