Sd [m],Sa [g]
0.0,0.0
0.010121,0.34133
0.036025,0.68266
0.25976,0.31872
0.19138,0.3219
