Vb-droof,FALSE
Vb-dfloor,FALSE
Sd-Sa,TRUE
Periods [s],0.882000 
Heights [m],28.000000 
Gamma participation factors,1.300000 
Sdy [m],0.033000,0.033000 
Say [g],0.170713,0.170713 
Sd1 [m],0.000000,0.005709,0.033000,0.220000 
Sa1 [g],0.000000,0.085357,0.170713,0.172420 
