Sd [m],Sa [g]
0.0,0.0
0.0032386,0.60313
0.016582,1.2063
0.088284,1.2183
