Sd [m],Sa [g]
0.0,0.0
0.014985,0.21533
0.12,0.431
0.139,0.366
0.343,0.37
