Vb-droof,FALSE
Vb-dfloor,FALSE
Sd-Sa,TRUE
Periods [s],0.313600 
Heights [m],11.200000 
Gamma participation factors,1.300000 
Sdy [m],0.022000,0.022000 
Say [g],0.900246,0.900246 
Sd1 [m],0.000000,0.004297,0.022000,0.104000 
Sa1 [g],0.000000,0.450123,0.900246,0.909249 
