Vb-droof,FALSE
Vb-dfloor,FALSE
Sd-Sa,TRUE
Periods [s],1.400000 
Heights [m],14.000000 
Gamma participation factors,1.300000 
Sdy [m],0.076000,0.076000 
Say [g],0.156000,0.156000 
Sd1 [m],0.000000,0.009487,0.076000,0.150000 
Sa1 [g],0.000000,0.078000,0.156000,0.157000 
