Vb-droof,FALSE
Vb-dfloor,FALSE
Sd-Sa,TRUE
Periods [s],0.235200 
Heights [m],5.600000 
Gamma participation factors,1.300000 
Sdy [m],0.011000,0.011000 
Say [g],0.766000,0.766000 
Sd1 [m],0.000000,0.001316,0.011000,0.031000,0.063000 
Sa1 [g],0.000000,0.382880,0.766000,0.651000,0.657000 
