Vb-droof,FALSE
Vb-dfloor,FALSE
Sd-Sa,TRUE
Periods [s],0.675916 
Heights [m],19.600000 
Gamma participation factors,1.300000 
Sdy [m],0.029400,0.029400 
Say [g],0.258972,0.258972 
Sd1 [m],0.000000,0.003675,0.029400,0.178500 
Sa1 [g],0.000000,0.129486,0.258972,0.261562 
