Sd [m],Sa [g]
0.0,0.0
0.012183,0.10418
0.097461,0.20836
0.35095,0.21044
