Sd [m],Sa [g]
0.0,0.0
0.013923,0.091157
0.11138,0.18231
0.39618,0.18414
