Sd [m],Sa [g]
0.0,0.0
0.0014575,0.34955
0.0063362,0.53308
0.045687,0.24888
0.051187,0.25137
