Vb-droof,FALSE
Vb-dfloor,FALSE
Sd-Sa,TRUE
Periods [s],0.096559 
Heights [m],2.800000 
Gamma participation factors,1.300000 
Sdy [m],0.003036,0.003036 
Say [g],1.310398,1.310398 
Sd1 [m],0.000000,0.000380,0.003036,0.020525 
Sa1 [g],0.000000,0.655199,1.310398,1.323502 
