Vb-droof,FALSE
Vb-dfloor,FALSE
Sd-Sa,TRUE
Periods [s],0.793800 
Heights [m],25.200000 
Gamma participation factors,1.300000 
Sdy [m],0.029700,0.029700 
Say [g],0.189682,0.189682 
Sd1 [m],0.000000,0.005138,0.029700,0.198000 
Sa1 [g],0.000000,0.094841,0.189682,0.191578 
