Vb-droof,FALSE
Vb-dfloor,FALSE
Sd-Sa,TRUE
Periods [s],0.776160 
Heights [m],16.800000 
Gamma participation factors,1.300000 
Sdy [m],0.019000,0.019000 
Say [g],0.127000,0.127000 
Sd1 [m],0.000000,0.002368,0.019000,0.091000,0.152000 
Sa1 [g],0.000000,0.063286,0.127000,0.108000,0.109000 
