Sd [m],Sa [g]
0.0,0.0
0.0087019,0.14585
0.069615,0.2917
0.2634,0.29462
