Sd [m],Sa [g]
0.0,0.0
0.0031125,0.4199
0.0084483,0.64036
0.060916,0.29897
0.080293,0.30196
