Vb-droof,FALSE
Vb-dfloor,FALSE
Sd-Sa,TRUE
Periods [s],0.840000 
Heights [m],8.400000 
Gamma participation factors,1.300000 
Sdy [m],0.046000,0.046000 
Say [g],0.260000,0.260000 
Sd1 [m],0.000000,0.005692,0.046000,0.090000 
Sa1 [g],0.000000,0.130000,0.260000,0.262000 
