Vb-droof,FALSE
Vb-dfloor,FALSE
Sd-Sa,TRUE
Periods [s],0.386238 
Heights [m],11.200000 
Gamma participation factors,1.300000 
Sdy [m],0.016800,0.016800 
Say [g],0.453201,0.453201 
Sd1 [m],0.000000,0.002100,0.016800,0.102000 
Sa1 [g],0.000000,0.226601,0.453201,0.457733 
