Vb-droof,FALSE
Vb-dfloor,FALSE
Sd-Sa,TRUE
Periods [s],0.814262 
Heights [m],22.400000 
Gamma participation factors,1.300000 
Sdy [m],0.027000,0.027000 
Say [g],0.163000,0.163000 
Sd1 [m],0.000000,0.003360,0.027000,0.186000 
Sa1 [g],0.000000,0.082000,0.163000,0.165000 
