Vb-droof,FALSE
Vb-dfloor,FALSE
Sd-Sa,TRUE
Periods [s],0.617400 
Heights [m],19.600000 
Gamma participation factors,1.300000 
Sdy [m],0.023100,0.023100 
Say [g],0.243876,0.243876 
Sd1 [m],0.000000,0.003997,0.023100,0.154000 
Sa1 [g],0.000000,0.121938,0.243876,0.246315 
