Sd [m],Sa [g]
0.0,0.0
0.0019502,0.082731
0.016,0.165
0.05,0.141
0.126,0.142
