Sd [m],Sa [g]
0.0,0.0
0.0071014,0.47611
0.036359,0.95222
0.13428,0.96174
