Vb-droof,FALSE
Vb-dfloor,FALSE
Sd-Sa,TRUE
Periods [s],1.034880 
Heights [m],22.400000 
Gamma participation factors,1.300000 
Sdy [m],0.025000,0.025000 
Say [g],0.095000,0.095000 
Sd1 [m],0.000000,0.003158,0.025000,0.121000,0.202000 
Sa1 [g],0.000000,0.047464,0.095000,0.081000,0.081000 
