Vb-droof,FALSE
Vb-dfloor,FALSE
Sd-Sa,TRUE
Periods [s],0.470400 
Heights [m],11.200000 
Gamma participation factors,1.300000 
Sdy [m],0.021000,0.021000 
Say [g],0.383000,0.383000 
Sd1 [m],0.000000,0.002632,0.021000,0.062000,0.126000 
Sa1 [g],0.000000,0.191440,0.383000,0.325000,0.329000 
