Sd [m],Sa [g]
0.0,0.0
0.0032503,0.23645
0.026,0.473
0.062,0.402
0.17,0.406
