Vb-droof,FALSE
Vb-dfloor,FALSE
Sd-Sa,TRUE
Periods [s],0.230000 
Heights [m],8.400000 
Gamma participation factors,1.300000 
Sdy [m],0.011636,0.011636 
Say [g],0.865751,0.865751 
Sd1 [m],0.000000,0.001455,0.011636,0.046000,0.062036 
Sa1 [g],0.000000,0.432876,0.865751,0.735889,0.743248 
