Sd [m],Sa [g]
0.0,0.0
0.003126,0.12028
0.025,0.241
0.076,0.204
0.169,0.207
