Sd [m],Sa [g]
0.0,0.0
0.001584,0.66372
0.0081099,1.3274
0.0624,1.3407
