Vb-droof,FALSE
Vb-dfloor,FALSE
Sd-Sa,TRUE
Periods [s],0.987840 
Heights [m],22.400000 
Gamma participation factors,1.300000 
Sdy [m],0.034000,0.034000 
Say [g],0.139000,0.139000 
Sd1 [m],0.000000,0.004211,0.034000,0.117000,0.227000 
Sa1 [g],0.000000,0.069457,0.139000,0.118000,0.119000 
