Sd [m],Sa [g]
0.0,0.0
0.0013636,0.14575
0.011,0.291
0.046,0.248
0.103,0.25
