Sd [m],Sa [g]
0.0,0.0
0.015663,0.081029
0.12531,0.16206
0.44284,0.16368
