Vb-droof,FALSE
Vb-dfloor,FALSE
Sd-Sa,TRUE
Periods [s],0.548800 
Heights [m],19.600000 
Gamma participation factors,1.300000 
Sdy [m],0.038500,0.038500 
Say [g],0.514426,0.514426 
Sd1 [m],0.000000,0.007520,0.038500,0.182000 
Sa1 [g],0.000000,0.257213,0.514426,0.519571 
