Vb-droof,FALSE
Vb-dfloor,FALSE
Sd-Sa,TRUE
Periods [s],0.784000 
Heights [m],28.000000 
Gamma participation factors,1.300000 
Sdy [m],0.055000,0.055000 
Say [g],0.360098,0.360098 
Sd1 [m],0.000000,0.010742,0.055000,0.260000 
Sa1 [g],0.000000,0.180049,0.360098,0.363699 
