Vb-droof,FALSE
Vb-dfloor,FALSE
Sd-Sa,TRUE
Periods [s],0.529200 
Heights [m],16.800000 
Gamma participation factors,1.300000 
Sdy [m],0.019800,0.019800 
Say [g],0.284522,0.284522 
Sd1 [m],0.000000,0.003426,0.019800,0.132000 
Sa1 [g],0.000000,0.142261,0.284522,0.287367 
