Sd [m],Sa [g]
0.0,0.0
0.0045304,0.21093
0.036,0.422
0.077,0.359
0.204,0.362
