Sd [m],Sa [g]
0.0,0.0
0.0049828,0.12081
0.04,0.242
0.077,0.205
0.214,0.207
