Vb-droof,FALSE
Vb-dfloor,FALSE
Sd-Sa,TRUE
Periods [s],0.196000 
Heights [m],2.800000 
Gamma participation factors,1.300000 
Sdy [m],0.013536,0.013536 
Say [g],1.418002,1.418002 
Sd1 [m],0.000000,0.001692,0.013536,0.059500 
Sa1 [g],0.000000,0.709001,1.418002,1.432182 
