Sd [m],Sa [g]
0.0,0.0
0.0015789,0.094929
0.013,0.19
0.038,0.161
0.075,0.163
