Sd [m],Sa [g]
0.0,0.0
0.0062285,0.20138
0.05,0.403
0.093,0.342
0.238,0.346
