Vb-droof,FALSE
Vb-dfloor,FALSE
Sd-Sa,TRUE
Periods [s],0.258720 
Heights [m],5.600000 
Gamma participation factors,1.300000 
Sdy [m],0.007000,0.007000 
Say [g],0.437000,0.437000 
Sd1 [m],0.000000,0.000908,0.007000,0.030000,0.058000 
Sa1 [g],0.000000,0.218336,0.437000,0.371000,0.375000 
