Vb-droof,FALSE
Vb-dfloor,FALSE
Sd-Sa,TRUE
Periods [s],0.517440 
Heights [m],11.200000 
Gamma participation factors,1.300000 
Sdy [m],0.015000,0.015000 
Say [g],0.218000,0.218000 
Sd1 [m],0.000000,0.001816,0.015000,0.061000,0.116000 
Sa1 [g],0.000000,0.109168,0.218000,0.186000,0.187000 
