Sd [m],Sa [g]
0.0,0.0
0.0018934,0.31452
0.010944,0.62904
0.071811,0.63534
