Sd [m],Sa [g]
0.0,0.0
0.013261,0.4536
0.067896,0.9072
0.17891,0.91627
