Vb-droof,FALSE
Vb-dfloor,FALSE
Sd-Sa,TRUE
Periods [s],0.392000 
Heights [m],5.600000 
Gamma participation factors,1.300000 
Sdy [m],0.030940,0.030940 
Say [g],0.810287,0.810287 
Sd1 [m],0.000000,0.003867,0.030940,0.136000 
Sa1 [g],0.000000,0.405144,0.810287,0.818390 
