Sd [m],Sa [g]
0.0,0.0
0.010844,0.045438
0.086751,0.090877
0.24432,0.091786
