Vb-droof,FALSE
Vb-dfloor,FALSE
Sd-Sa,TRUE
Periods [s],1.760000 
Heights [m],25.200000 
Gamma participation factors,1.300000 
Sdy [m],0.131000,0.131000 
Say [g],0.170000,0.170000 
Sd1 [m],0.000000,0.016403,0.131000,0.558000 
Sa1 [g],0.000000,0.085000,0.170000,0.171000 
