Vb-droof,FALSE
Vb-dfloor,FALSE
Sd-Sa,TRUE
Periods [s],0.840000 
Heights [m],8.400000 
Gamma participation factors,1.300000 
Sdy [m],0.045540,0.045540 
Say [g],0.259732,0.259732 
Sd1 [m],0.000000,0.005692,0.045540,0.180090 
Sa1 [g],0.000000,0.129866,0.259732,0.262329 
