Vb-droof,FALSE
Vb-dfloor,FALSE
Sd-Sa,TRUE
Periods [s],0.740000 
Heights [m],16.800000 
Gamma participation factors,1.300000 
Sdy [m],0.021000,0.021000 
Say [g],0.157000,0.157000 
Sd1 [m],0.000000,0.002660,0.021000,0.101000 
Sa1 [g],0.000000,0.078000,0.157000,0.158000 
