Vb-droof,FALSE
Vb-dfloor,FALSE
Sd-Sa,TRUE
Periods [s],0.490000 
Heights [m],11.200000 
Gamma participation factors,1.300000 
Sdy [m],0.013000,0.013000 
Say [g],0.213000,0.213000 
Sd1 [m],0.000000,0.001610,0.013000,0.067000 
Sa1 [g],0.000000,0.107000,0.213000,0.216000 
