Vb-droof,FALSE
Vb-dfloor,FALSE
Sd-Sa,TRUE
Periods [s],0.590000 
Heights [m],14.000000 
Gamma participation factors,1.300000 
Sdy [m],0.022000,0.022000 
Say [g],0.255000,0.255000 
Sd1 [m],0.000000,0.002742,0.022000,0.093000 
Sa1 [g],0.000000,0.128000,0.255000,0.258000 
