Vb-droof,FALSE
Vb-dfloor,FALSE
Sd-Sa,TRUE
Periods [s],0.470000 
Heights [m],11.200000 
Gamma participation factors,1.300000 
Sdy [m],0.018000,0.018000 
Say [g],0.319000,0.319000 
Sd1 [m],0.000000,0.002193,0.018000,0.075000 
Sa1 [g],0.000000,0.160000,0.319000,0.322000 
