Vb-droof,FALSE
Vb-dfloor,FALSE
Sd-Sa,TRUE
Periods [s],0.370000 
Heights [m],8.400000 
Gamma participation factors,1.300000 
Sdy [m],0.011000,0.011000 
Say [g],0.313000,0.313000 
Sd1 [m],0.000000,0.001330,0.011000,0.050000 
Sa1 [g],0.000000,0.157000,0.313000,0.317000 
