Vb-droof,FALSE
Vb-dfloor,FALSE
Sd-Sa,TRUE
Periods [s],0.280000 
Heights [m],5.600000 
Gamma participation factors,1.300000 
Sdy [m],0.006000,0.006000 
Say [g],0.322000,0.322000 
Sd1 [m],0.000000,0.000805,0.006000,0.030000 
Sa1 [g],0.000000,0.161000,0.322000,0.326000 
