Vb-droof,FALSE
Vb-dfloor,FALSE
Sd-Sa,TRUE
Periods [s],0.150000 
Heights [m],2.800000 
Gamma participation factors,1.300000 
Sdy [m],0.003000,0.003000 
Say [g],0.561000,0.561000 
Sd1 [m],0.000000,0.000403,0.003000,0.015000 
Sa1 [g],0.000000,0.281000,0.561000,0.567000 
