Vb-droof,FALSE
Vb-dfloor,FALSE
Sd-Sa,TRUE
Periods [s],0.650000 
Heights [m],14.000000 
Gamma participation factors,1.300000 
Sdy [m],0.016000,0.016000 
Say [g],0.155000,0.155000 
Sd1 [m],0.000000,0.002012,0.016000,0.075000 
Sa1 [g],0.000000,0.077000,0.155000,0.156000 
