Vb-droof,FALSE
Vb-dfloor,FALSE
Sd-Sa,TRUE
Periods [s],0.410000 
Heights [m],8.400000 
Gamma participation factors,1.300000 
Sdy [m],0.010000,0.010000 
Say [g],0.230000,0.230000 
Sd1 [m],0.000000,0.001190,0.010000,0.045000 
Sa1 [g],0.000000,0.115000,0.230000,0.232000 
