Vb-droof,FALSE
Vb-dfloor,FALSE
Sd-Sa,TRUE
Periods [s],0.270000 
Heights [m],5.600000 
Gamma participation factors,1.300000 
Sdy [m],0.008000,0.008000 
Say [g],0.467000,0.467000 
Sd1 [m],0.000000,0.001027,0.008000,0.037000 
Sa1 [g],0.000000,0.234000,0.467000,0.472000 
