Vb-droof,FALSE
Vb-dfloor,FALSE
Sd-Sa,TRUE
Periods [s],0.380000 
Heights [m],8.400000 
Gamma participation factors,1.300000 
Sdy [m],0.012000,0.012000 
Say [g],0.338000,0.338000 
Sd1 [m],0.000000,0.001540,0.012000,0.056000 
Sa1 [g],0.000000,0.169000,0.338000,0.341000 
