Vb-droof,FALSE
Vb-dfloor,FALSE
Sd-Sa,TRUE
Periods [s],0.530000 
Heights [m],11.200000 
Gamma participation factors,1.300000 
Sdy [m],0.013000,0.013000 
Say [g],0.183000,0.183000 
Sd1 [m],0.000000,0.001587,0.013000,0.060000 
Sa1 [g],0.000000,0.091000,0.183000,0.184000 
