Vb-droof,FALSE
Vb-dfloor,FALSE
Sd-Sa,TRUE
Periods [s],0.610000 
Heights [m],14.000000 
Gamma participation factors,1.300000 
Sdy [m],0.021000,0.021000 
Say [g],0.225000,0.225000 
Sd1 [m],0.000000,0.002567,0.021000,0.093000 
Sa1 [g],0.000000,0.112000,0.225000,0.227000 
