Vb-droof,FALSE
Vb-dfloor,FALSE
Sd-Sa,TRUE
Periods [s],0.510000 
Heights [m],11.200000 
Gamma participation factors,1.300000 
Sdy [m],0.015000,0.015000 
Say [g],0.223000,0.223000 
Sd1 [m],0.000000,0.001820,0.015000,0.067000 
Sa1 [g],0.000000,0.111000,0.223000,0.225000 
