Vb-droof,FALSE
Vb-dfloor,FALSE
Sd-Sa,TRUE
Periods [s],0.550000 
Heights [m],11.200000 
Gamma participation factors,1.300000 
Sdy [m],0.010000,0.010000 
Say [g],0.136000,0.136000 
Sd1 [m],0.000000,0.001260,0.010000,0.043000 
Sa1 [g],0.000000,0.068000,0.136000,0.138000 
