Vb-droof,FALSE
Vb-dfloor,FALSE
Sd-Sa,TRUE
Periods [s],0.320000 
Heights [m],5.200000 
Gamma participation factors,1.300000 
Sdy [m],0.004000,0.004000 
Say [g],0.154000,0.154000 
Sd1 [m],0.000000,0.000478,0.004000,0.018000 
Sa1 [g],0.000000,0.077000,0.154000,0.155000 
