Vb-droof,FALSE
Vb-dfloor,FALSE
Sd-Sa,TRUE
Periods [s],0.570000 
Heights [m],11.200000 
Gamma participation factors,1.300000 
Sdy [m],0.013000,0.013000 
Say [g],0.158000,0.158000 
Sd1 [m],0.000000,0.001610,0.013000,0.055000 
Sa1 [g],0.000000,0.079000,0.158000,0.160000 
