Vb-droof,FALSE
Vb-dfloor,FALSE
Sd-Sa,TRUE
Periods [s],0.310000 
Heights [m],5.600000 
Gamma participation factors,1.300000 
Sdy [m],0.005000,0.005000 
Say [g],0.227000,0.227000 
Sd1 [m],0.000000,0.000665,0.005000,0.023000 
Sa1 [g],0.000000,0.114000,0.227000,0.230000 
