Vb-droof,FALSE
Vb-dfloor,FALSE
Sd-Sa,TRUE
Periods [s],0.160000 
Heights [m],2.600000 
Gamma participation factors,1.300000 
Sdy [m],0.002697,0.002697 
Say [g],0.405476,0.405476 
Sd1 [m],0.000000,0.000337,0.002697,0.022063 
Sa1 [g],0.000000,0.202738,0.405476,0.409531 
