Vb-droof,FALSE
Vb-dfloor,FALSE
Sd-Sa,TRUE
Periods [s],0.420000 
Heights [m],8.400000 
Gamma participation factors,1.300000 
Sdy [m],0.007000,0.007000 
Say [g],0.162000,0.162000 
Sd1 [m],0.000000,0.000892,0.007000,0.031000 
Sa1 [g],0.000000,0.081000,0.162000,0.164000 
