Vb-droof,FALSE
Vb-dfloor,FALSE
Sd-Sa,TRUE
Periods [s],0.440000 
Heights [m],8.400000 
Gamma participation factors,1.300000 
Sdy [m],0.008000,0.008000 
Say [g],0.164000,0.164000 
Sd1 [m],0.000000,0.000997,0.008000,0.034000 
Sa1 [g],0.000000,0.082000,0.164000,0.166000 
