Vb-droof,FALSE
Vb-dfloor,FALSE
Sd-Sa,TRUE
Periods [s],0.160000 
Heights [m],2.600000 
Gamma participation factors,1.300000 
Sdy [m],0.004494,0.004494 
Say [g],0.675794,0.675794 
Sd1 [m],0.000000,0.000562,0.004494,0.040857 
Sa1 [g],0.000000,0.337897,0.675794,0.682552 
