Vb-droof,FALSE
Vb-dfloor,FALSE
Sd-Sa,TRUE
Periods [s],0.670000 
Heights [m],14.000000 
Gamma participation factors,1.300000 
Sdy [m],0.012000,0.012000 
Say [g],0.108000,0.108000 
Sd1 [m],0.000000,0.001488,0.012000,0.051000 
Sa1 [g],0.000000,0.054000,0.108000,0.109000 
