Vb-droof,FALSE
Vb-dfloor,FALSE
Sd-Sa,TRUE
Periods [s],0.280000 
Heights [m],5.200000 
Gamma participation factors,1.300000 
Sdy [m],0.006189,0.006189 
Say [g],0.307827,0.307827 
Sd1 [m],0.000000,0.000774,0.006189,0.084390 
Sa1 [g],0.000000,0.153913,0.307827,0.310905 
