Sd [m],Sa [g]
0.0,0.0
0.0014338,0.22142
0.011471,0.44283
0.05645,0.44726
