Vb-droof,FALSE
Vb-dfloor,FALSE
Sd-Sa,TRUE
Periods [s],0.290000 
Heights [m],5.600000 
Gamma participation factors,1.300000 
Sdy [m],0.008960,0.008960 
Say [g],0.422160,0.422160 
Sd1 [m],0.000000,0.001120,0.008960,0.038400 
Sa1 [g],0.000000,0.211080,0.422160,0.426381 
