Vb-droof,FALSE
Vb-dfloor,FALSE
Sd-Sa,TRUE
Periods [s],0.670000 
Heights [m],14.000000 
Gamma participation factors,1.300000 
Sdy [m],0.014000,0.014000 
Say [g],0.127000,0.127000 
Sd1 [m],0.000000,0.001750,0.014000,0.060000 
Sa1 [g],0.000000,0.063000,0.127000,0.128000 
