Vb-droof,FALSE
Vb-dfloor,FALSE
Sd-Sa,TRUE
Periods [s],0.220000 
Heights [m],5.600000 
Gamma participation factors,1.300000 
Sdy [m],0.006918,0.006918 
Say [g],0.554085,0.554085 
Sd1 [m],0.000000,0.000865,0.006918,0.029647 
Sa1 [g],0.000000,0.277042,0.554085,0.559626 
