Sd [m],Sa [g]
0.0,0.0
0.00043235,0.48236
0.0034588,0.96472
0.020753,0.97436
