Vb-droof,FALSE
Vb-dfloor,FALSE
Sd-Sa,TRUE
Periods [s],0.420000 
Heights [m],8.400000 
Gamma participation factors,1.300000 
Sdy [m],0.013440,0.013440 
Say [g],0.305214,0.305214 
Sd1 [m],0.000000,0.001680,0.013440,0.057600 
Sa1 [g],0.000000,0.152607,0.305214,0.308266 
