Vb-droof,FALSE
Vb-dfloor,FALSE
Sd-Sa,TRUE
Periods [s],0.661338 
Heights [m],14.000000 
Gamma participation factors,1.300000 
Sdy [m],0.052632,0.052632 
Say [g],0.484273,0.484273 
Sd1 [m],0.000000,0.052632,0.105263 
Sa1 [g],0.000000,0.484273,0.484273 
