Sd [m],Sa [g]
0.0,0.0
0.11053,0.72622
0.4829,0.73348
