Sd [m],Sa [g]
0.0,0.0
0.62088,0.31064
2.3603,0.31375
