Sd [m],Sa [g]
0.0,0.0
0.022007,0.44298
0.069,0.886
0.069,0.289
0.338,0.292
