Vb-droof,FALSE
Vb-dfloor,FALSE
Sd-Sa,TRUE
Periods [s],0.558912 
Heights [m],19.600000 
Gamma participation factors,1.300000 
Sdy [m],0.044000,0.044000 
Say [g],0.570000,0.570000 
Sd1 [m],0.000000,0.014147,0.044000,0.044000,0.156000 
Sa1 [g],0.000000,0.284774,0.570000,0.186000,0.188000 
