Sd [m],Sa [g]
0.0,0.0
0.23934,0.38024
0.80249,0.38405
