Sd [m],Sa [g]
0.0,0.0
0.047368,0.77274
0.2085,0.78047
