Vb-droof,FALSE
Vb-dfloor,FALSE
Sd-Sa,TRUE
Periods [s],0.450855 
Heights [m],8.400000 
Gamma participation factors,1.300000 
Sdy [m],0.031579,0.031579 
Say [g],0.625194,0.625194 
Sd1 [m],0.000000,0.031579,0.063158 
Sa1 [g],0.000000,0.625194,0.625194 
