Sd [m],Sa [g]
0.0,0.0
0.19711,0.27342
0.51031,0.27616
