Sd [m],Sa [g]
0.0,0.0
0.24638,0.19315
0.58321,0.19508
