Sd [m],Sa [g]
0.0,0.0
0.12632,0.67031
0.54515,0.67701
