Sd [m],Sa [g]
0.0,0.0
0.013158,1.9451
0.058947,1.9646
