Vb-droof,FALSE
Vb-dfloor,FALSE
Sd-Sa,TRUE
Periods [s],0.287269 
Heights [m],5.600000 
Gamma participation factors,1.300000 
Sdy [m],0.026316,0.026316 
Say [g],1.283303,1.283303 
Sd1 [m],0.000000,0.026316,0.117895 
Sa1 [g],0.000000,1.283303,1.283303 
