Vb-droof,FALSE
Vb-dfloor,FALSE
Sd-Sa,TRUE
Periods [s],0.730331 
Heights [m],28.000000 
Gamma participation factors,1.300000 
Sdy [m],0.063000,0.063000 
Say [g],0.477000,0.477000 
Sd1 [m],0.000000,0.020211,0.063000,0.063000,0.223000 
Sa1 [g],0.000000,0.238259,0.477000,0.150000,0.152000 
