Sd [m],Sa [g]
0.0,0.0
0.321,0.27317
1.1211,0.27591
