Sd [m],Sa [g]
0.0,0.0
0.22292,0.1897
0.55405,0.1916
