Vb-droof,FALSE
Vb-dfloor,FALSE
Sd-Sa,TRUE
Periods [s],0.129873 
Heights [m],2.800000 
Gamma participation factors,1.300000 
Sdy [m],0.008000,0.008000 
Say [g],1.925000,1.925000 
Sd1 [m],0.000000,0.002582,0.008000,0.008000,0.038000 
Sa1 [g],0.000000,0.962729,1.925000,0.764000,0.771000 
