Sd [m],Sa [g]
0.0,0.0
0.5174,0.16568
1.2758,0.16733
