Sd [m],Sa [g]
0.0,0.0
0.021213,0.25008
0.066,0.5
0.066,0.158
0.171,0.159
