Sd [m],Sa [g]
0.0,0.0
0.15252,0.23821
0.37909,0.24059
