Vb-droof,FALSE
Vb-dfloor,FALSE
Sd-Sa,TRUE
Periods [s],0.597917 
Heights [m],14.000000 
Gamma participation factors,1.300000 
Sdy [m],0.065789,0.065789 
Say [g],0.740568,0.740568 
Sd1 [m],0.000000,0.065789,0.294737 
Sa1 [g],0.000000,0.740568,0.740568 
