Sd [m],Sa [g]
0.0,0.0
0.025456,0.22829
0.08,0.457
0.08,0.141
0.207,0.143
