Sd [m],Sa [g]
0.0,0.0
0.037726,0.33833
0.118,0.677
0.118,0.209
0.566,0.211
