Sd [m],Sa [g]
0.0,0.0
0.052632,0.54187
0.17122,0.54728
