Vb-droof,FALSE
Vb-dfloor,FALSE
Sd-Sa,TRUE
Periods [s],0.730331 
Heights [m],28.000000 
Gamma participation factors,1.300000 
Sdy [m],0.098000,0.098000 
Say [g],0.741000,0.741000 
Sd1 [m],0.000000,0.031439,0.098000,0.098000,0.589000 
Sa1 [g],0.000000,0.370625,0.741000,0.233000,0.236000 
