Vb-droof,FALSE
Vb-dfloor,FALSE
Sd-Sa,TRUE
Periods [s],0.870837 
Heights [m],22.400000 
Gamma participation factors,1.300000 
Sdy [m],0.105263,0.105263 
Say [g],0.558590,0.558590 
Sd1 [m],0.000000,0.105263,0.471579 
Sa1 [g],0.000000,0.558590,0.558590 
