Sd [m],Sa [g]
0.0,0.0
0.15789,0.37524
0.5908,0.37899
