Sd [m],Sa [g]
0.0,0.0
0.018863,0.47847
0.059,0.957
0.059,0.317
0.296,0.32
