Sd [m],Sa [g]
0.0,0.0
0.012728,0.32285
0.04,0.646
0.04,0.214
0.108,0.216
