Sd [m],Sa [g]
0.0,0.0
0.36957,0.31678
1.1801,0.31995
