Vb-droof,FALSE
Vb-dfloor,FALSE
Sd-Sa,TRUE
Periods [s],0.956883 
Heights [m],25.200000 
Gamma participation factors,1.300000 
Sdy [m],0.142105,0.142105 
Say [g],0.624573,0.624573 
Sd1 [m],0.000000,0.142105,0.757895 
Sa1 [g],0.000000,0.624573,0.624573 
