Vb-droof,FALSE
Vb-dfloor,FALSE
Sd-Sa,TRUE
Periods [s],0.784448 
Heights [m],30.800000 
Gamma participation factors,1.300000 
Sdy [m],0.108000,0.108000 
Say [g],0.707000,0.707000 
Sd1 [m],0.000000,0.034582,0.108000,0.108000,0.648000 
Sa1 [g],0.000000,0.353377,0.707000,0.221000,0.223000 
