Vb-droof,FALSE
Vb-dfloor,FALSE
Sd-Sa,TRUE
Periods [s],1.196104 
Heights [m],25.200000 
Gamma participation factors,1.300000 
Sdy [m],0.170526,0.170526 
Say [g],0.479672,0.479672 
Sd1 [m],0.000000,0.170526,0.947368 
Sa1 [g],0.000000,0.479672,0.479672 
