Sd [m],Sa [g]
0.0,0.0
0.21118,0.19596
0.52489,0.19792
