Sd [m],Sa [g]
0.0,0.0
0.10526,0.55859
0.3816,0.56418
