Vb-droof,FALSE
Vb-dfloor,FALSE
Sd-Sa,TRUE
Periods [s],0.837347 
Heights [m],33.600000 
Gamma participation factors,1.300000 
Sdy [m],0.097000,0.097000 
Say [g],0.556000,0.556000 
Sd1 [m],0.000000,0.030989,0.097000,0.097000,0.455000 
Sa1 [g],0.000000,0.277916,0.556000,0.172000,0.174000 
