Sd [m],Sa [g]
0.0,0.0
0.065789,0.47396
0.19958,0.4787
