Sd [m],Sa [g]
0.0,0.0
0.094737,0.68251
0.45305,0.68933
