Sd [m],Sa [g]
0.0,0.0
0.0063639,0.45658
0.02,0.913
0.02,0.324
0.066,0.328
