Sd [m],Sa [g]
0.0,0.0
0.20842,0.42526
0.92724,0.42951
