Sd [m],Sa [g]
0.0,0.0
0.36493,0.33862
1.5173,0.342
