Sd [m],Sa [g]
0.0,0.0
0.15158,0.5148
0.68143,0.51994
