Vb-droof,FALSE
Vb-dfloor,FALSE
Sd-Sa,TRUE
Periods [s],0.497890 
Heights [m],16.800000 
Gamma participation factors,1.300000 
Sdy [m],0.059000,0.059000 
Say [g],0.957000,0.957000 
Sd1 [m],0.000000,0.018863,0.059000,0.059000,0.354000 
Sa1 [g],0.000000,0.478474,0.957000,0.317000,0.320000 
