Sd [m],Sa [g]
0.0,0.0
0.11842,0.33311
0.32397,0.33644
