Sd [m],Sa [g]
0.0,0.0
0.015789,1.4939
0.073684,1.5088
