Sd [m],Sa [g]
0.0,0.0
0.023242,0.32091
0.073,0.642
0.073,0.204
0.274,0.206
