Vb-droof,FALSE
Vb-dfloor,FALSE
Sd-Sa,TRUE
Periods [s],0.497890 
Heights [m],16.800000 
Gamma participation factors,1.300000 
Sdy [m],0.048000,0.048000 
Say [g],0.786000,0.786000 
Sd1 [m],0.000000,0.015495,0.048000,0.048000,0.227000 
Sa1 [g],0.000000,0.393033,0.786000,0.261000,0.263000 
