Vb-droof,FALSE
Vb-dfloor,FALSE
Sd-Sa,TRUE
Periods [s],0.367337 
Heights [m],11.200000 
Gamma participation factors,1.300000 
Sdy [m],0.025000,0.025000 
Say [g],0.753000,0.753000 
Sd1 [m],0.000000,0.008084,0.025000,0.025000,0.089000 
Sa1 [g],0.000000,0.376720,0.753000,0.260000,0.263000 
