Sd [m],Sa [g]
0.0,0.0
0.11053,0.46478
0.42253,0.46943
