Vb-droof,FALSE
Vb-dfloor,FALSE
Sd-Sa,TRUE
Periods [s],0.129873 
Heights [m],2.800000 
Gamma participation factors,1.300000 
Sdy [m],0.010000,0.010000 
Say [g],2.344000,2.344000 
Sd1 [m],0.000000,0.003144,0.010000,0.010000,0.059000 
Sa1 [g],0.000000,1.172018,2.344000,0.930000,0.939000 
