Sd [m],Sa [g]
0.0,0.0
0.22737,0.40363
1.0115,0.40766
