Sd [m],Sa [g]
0.0,0.0
0.028295,0.39067
0.088,0.781
0.088,0.249
0.427,0.251
