Sd [m],Sa [g]
0.0,0.0
0.018947,1.7926
0.10526,1.8106
