Vb-droof,FALSE
Vb-dfloor,FALSE
Sd-Sa,TRUE
Periods [s],0.558912 
Heights [m],19.600000 
Gamma participation factors,1.300000 
Sdy [m],0.069000,0.069000 
Say [g],0.886000,0.886000 
Sd1 [m],0.000000,0.022007,0.069000,0.069000,0.413000 
Sa1 [g],0.000000,0.442981,0.886000,0.289000,0.292000 
