Vb-droof,FALSE
Vb-dfloor,FALSE
Sd-Sa,TRUE
Periods [s],1.505636 
Heights [m],33.600000 
Gamma participation factors,1.300000 
Sdy [m],0.227368,0.227368 
Say [g],0.403628,0.403628 
Sd1 [m],0.000000,0.227368,1.263158 
Sa1 [g],0.000000,0.403628,0.403628 
