Vb-droof,FALSE
Vb-dfloor,FALSE
Sd-Sa,TRUE
Periods [s],0.500165 
Heights [m],11.200000 
Gamma participation factors,1.300000 
Sdy [m],0.052632,0.052632 
Say [g],0.846664,0.846664 
Sd1 [m],0.000000,0.052632,0.235789 
Sa1 [g],0.000000,0.846664,0.846664 
