Sd [m],Sa [g]
0.0,0.0
0.29566,0.23178
0.72902,0.2341
