Vb-droof,FALSE
Vb-dfloor,FALSE
Sd-Sa,TRUE
Periods [s],0.206241 
Heights [m],2.800000 
Gamma participation factors,1.300000 
Sdy [m],0.018947,0.018947 
Say [g],1.792626,1.792626 
Sd1 [m],0.000000,0.018947,0.105263 
Sa1 [g],0.000000,1.792626,1.792626 
