Vb-droof,FALSE
Vb-dfloor,FALSE
Sd-Sa,TRUE
Periods [s],0.617785 
Heights [m],22.400000 
Gamma participation factors,1.300000 
Sdy [m],0.079000,0.079000 
Say [g],0.829000,0.829000 
Sd1 [m],0.000000,0.025151,0.079000,0.079000,0.472000 
Sa1 [g],0.000000,0.414371,0.829000,0.267000,0.270000 
