Sd [m],Sa [g]
0.0,0.0
0.094737,0.7966
0.4223,0.80456
