Sd [m],Sa [g]
0.0,0.0
0.36957,0.15144
0.87482,0.15296
