Vb-droof,FALSE
Vb-dfloor,FALSE
Sd-Sa,TRUE
Periods [s],0.218420 
Heights [m],5.600000 
Gamma participation factors,1.300000 
Sdy [m],0.020000,0.020000 
Say [g],1.657000,1.657000 
Sd1 [m],0.000000,0.006288,0.020000,0.020000,0.118000 
Sa1 [g],0.000000,0.828742,1.657000,0.613000,0.619000 
