Sd [m],Sa [g]
0.0,0.0
0.44349,0.28395
1.4162,0.28679
