Sd [m],Sa [g]
0.0,0.0
0.17368,0.55372
0.74179,0.55926
