Vb-droof,FALSE
Vb-dfloor,FALSE
Sd-Sa,TRUE
Periods [s],0.218420 
Heights [m],5.600000 
Gamma participation factors,1.300000 
Sdy [m],0.013000,0.013000 
Say [g],1.066000,1.066000 
Sd1 [m],0.000000,0.004042,0.013000,0.013000,0.045000 
Sa1 [g],0.000000,0.532763,1.066000,0.394000,0.398000 
