Vb-droof,FALSE
Vb-dfloor,FALSE
Sd-Sa,TRUE
Periods [s],0.782606 
Heights [m],19.600000 
Gamma participation factors,1.300000 
Sdy [m],0.110526,0.110526 
Say [g],0.726222,0.726222 
Sd1 [m],0.000000,0.110526,0.589474 
Sa1 [g],0.000000,0.726222,0.726222 
