Sd [m],Sa [g]
0.0,0.0
0.18303,0.28585
0.47386,0.28871
