Vb-droof,FALSE
Vb-dfloor,FALSE
Sd-Sa,TRUE
Periods [s],1.123516 
Heights [m],30.800000 
Gamma participation factors,1.300000 
Sdy [m],0.144737,0.144737 
Say [g],0.461436,0.461436 
Sd1 [m],0.000000,0.144737,0.648421 
Sa1 [g],0.000000,0.461436,0.461436 
