Vb-droof,FALSE
Vb-dfloor,FALSE
Sd-Sa,TRUE
Periods [s],0.940835 
Heights [m],22.400000 
Gamma participation factors,1.300000 
Sdy [m],0.084211,0.084211 
Say [g],0.382851,0.382851 
Sd1 [m],0.000000,0.084211,0.168421 
Sa1 [g],0.000000,0.382851,0.382851 
