Sd [m],Sa [g]
0.0,0.0
0.013158,1.2449
0.051579,1.2573
