Sd [m],Sa [g]
0.0,0.0
0.015719,0.52414
0.049,1.048
0.049,0.354
0.254,0.357
