Sd [m],Sa [g]
0.0,0.0
0.30411,0.28218
1.0621,0.285
