Sd [m],Sa [g]
0.0,0.0
0.015495,0.39303
0.048,0.786
0.048,0.261
0.19,0.263
