Sd [m],Sa [g]
0.0,0.0
0.0042426,0.55919
0.013,1.118
0.013,0.414
0.049,0.418
