Sd [m],Sa [g]
0.0,0.0
0.0077474,0.55583
0.024,1.112
0.024,0.395
0.107,0.399
