Sd [m],Sa [g]
0.0,0.0
0.27032,0.30284
0.9441,0.30587
