Sd [m],Sa [g]
0.0,0.0
0.012575,0.58601
0.039,1.172
0.039,0.405
0.211,0.409
