Vb-droof,FALSE
Vb-dfloor,FALSE
Sd-Sa,TRUE
Periods [s],1.301293 
Heights [m],28.000000 
Gamma participation factors,1.300000 
Sdy [m],0.157895,0.157895 
Say [g],0.375239,0.375239 
Sd1 [m],0.000000,0.157895,0.736842 
Sa1 [g],0.000000,0.375239,0.375239 
