Vb-droof,FALSE
Vb-dfloor,FALSE
Sd-Sa,TRUE
Periods [s],0.434257 
Heights [m],14.000000 
Gamma participation factors,1.300000 
Sdy [m],0.040000,0.040000 
Say [g],0.861000,0.861000 
Sd1 [m],0.000000,0.012912,0.040000,0.040000,0.189000 
Sa1 [g],0.000000,0.430546,0.861000,0.291000,0.294000 
