Sd [m],Sa [g]
0.0,0.0
0.0025825,0.96273
0.008,1.925
0.008,0.764
0.038,0.771
