Vb-droof,FALSE
Vb-dfloor,FALSE
Sd-Sa,TRUE
Periods [s],0.784448 
Heights [m],30.800000 
Gamma participation factors,1.300000 
Sdy [m],0.069000,0.069000 
Say [g],0.454000,0.454000 
Sd1 [m],0.000000,0.022232,0.069000,0.069000,0.245000 
Sa1 [g],0.000000,0.227171,0.454000,0.142000,0.143000 
