Vb-droof,FALSE
Vb-dfloor,FALSE
Sd-Sa,TRUE
Periods [s],0.837347 
Heights [m],33.600000 
Gamma participation factors,1.300000 
Sdy [m],0.118000,0.118000 
Say [g],0.677000,0.677000 
Sd1 [m],0.000000,0.037726,0.118000,0.118000,0.707000 
Sa1 [g],0.000000,0.338333,0.677000,0.209000,0.211000 
