Sd [m],Sa [g]
0.0,0.0
0.21118,0.4099
0.70808,0.414
