Vb-droof,FALSE
Vb-dfloor,FALSE
Sd-Sa,TRUE
Periods [s],0.260521 
Heights [m],8.400000 
Gamma participation factors,1.300000 
Sdy [m],0.020000,0.020000 
Say [g],1.161000,1.161000 
Sd1 [m],0.000000,0.020000,0.152000 
Sa1 [g],0.000000,1.161000,1.161000 
