Vb-droof,FALSE
Vb-dfloor,FALSE
Sd-Sa,TRUE
Periods [s],0.438143 
Heights [m],16.800000 
Gamma participation factors,1.300000 
Sdy [m],0.033000,0.033000 
Say [g],0.687000,0.687000 
Sd1 [m],0.000000,0.033000,0.183000 
Sa1 [g],0.000000,0.687000,0.687000 
