Vb-droof,FALSE
Vb-dfloor,FALSE
Sd-Sa,TRUE
Periods [s],0.736866 
Heights [m],33.600000 
Gamma participation factors,1.300000 
Sdy [m],0.078000,0.078000 
Say [g],0.580000,0.580000 
Sd1 [m],0.000000,0.078000,0.606000 
Sa1 [g],0.000000,0.580000,0.580000 
