Vb-droof,FALSE
Vb-dfloor,FALSE
Sd-Sa,TRUE
Periods [s],0.593860 
Heights [m],25.200000 
Gamma participation factors,1.300000 
Sdy [m],0.040000,0.040000 
Say [g],0.452000,0.452000 
Sd1 [m],0.000000,0.040000,0.095000 
Sa1 [g],0.000000,0.452000,0.452000 
