Vb-droof,FALSE
Vb-dfloor,FALSE
Sd-Sa,TRUE
Periods [s],0.260521 
Heights [m],8.400000 
Gamma participation factors,1.300000 
Sdy [m],0.016000,0.016000 
Say [g],0.972000,0.972000 
Sd1 [m],0.000000,0.016000,0.092000 
Sa1 [g],0.000000,0.972000,0.972000 
