Vb-droof,FALSE
Vb-dfloor,FALSE
Sd-Sa,TRUE
Periods [s],0.593860 
Heights [m],25.200000 
Gamma participation factors,1.300000 
Sdy [m],0.049000,0.049000 
Say [g],0.561000,0.561000 
Sd1 [m],0.000000,0.049000,0.275000 
Sa1 [g],0.000000,0.561000,0.561000 
