Vb-droof,FALSE
Vb-dfloor,FALSE
Sd-Sa,TRUE
Periods [s],0.114288 
Heights [m],2.800000 
Gamma participation factors,1.300000 
Sdy [m],0.004000,0.004000 
Say [g],1.357000,1.357000 
Sd1 [m],0.000000,0.004000,0.011000 
Sa1 [g],0.000000,1.357000,1.357000 
