Vb-droof,FALSE
Vb-dfloor,FALSE
Sd-Sa,TRUE
Periods [s],0.566792 
Heights [m],5.600000 
Gamma participation factors,1.300000 
Sdy [m],0.024928,0.024928 
Say [g],0.312266,0.312266 
Sd1 [m],0.000000,0.024928,0.122359 
Sa1 [g],0.000000,0.312266,0.312266 
