Vb-droof,FALSE
Vb-dfloor,FALSE
Sd-Sa,TRUE
Periods [s],4.250938 
Heights [m],42.000000 
Gamma participation factors,1.300000 
Sdy [m],0.186957,0.186957 
Say [g],0.041636,0.041636 
Sd1 [m],0.000000,0.186957,0.917689 
Sa1 [g],0.000000,0.041636,0.041636 
