Vb-droof,FALSE
Vb-dfloor,FALSE
Sd-Sa,TRUE
Periods [s],1.842073 
Heights [m],36.400000 
Gamma participation factors,1.300000 
Sdy [m],0.246285,0.246285 
Say [g],0.292089,0.292089 
Sd1 [m],0.000000,0.246285,1.240303 
Sa1 [g],0.000000,0.292089,0.292089 
