Sd [m],Sa [g]
0.0,0.0
0.071044,1.5821
0.33746,1.598
