Vb-droof,FALSE
Vb-dfloor,FALSE
Sd-Sa,TRUE
Periods [s],0.566792 
Heights [m],11.200000 
Gamma participation factors,1.300000 
Sdy [m],0.075780,0.075780 
Say [g],0.949290,0.949290 
Sd1 [m],0.000000,0.075780,0.381632 
Sa1 [g],0.000000,0.949290,0.949290 
