Sd [m],Sa [g]
0.0,0.0
0.094725,0.75943
0.41064,0.76703
