Vb-droof,FALSE
Vb-dfloor,FALSE
Sd-Sa,TRUE
Periods [s],0.508333 
Heights [m],11.200000 
Gamma participation factors,1.300000 
Sdy [m],0.046918,0.046918 
Say [g],0.271416,0.271416 
Sd1 [m],0.000000,0.020503,0.046918,0.100641 
Sa1 [g],0.000000,0.319313,0.271416,0.271416 
