Sd [m],Sa [g]
0.0,0.0
0.18945,0.37972
0.76498,0.38351
