Sd [m],Sa [g]
0.0,0.0
0.17051,0.42191
0.69037,0.42613
