Sd [m],Sa [g]
0.0,0.0
0.13262,0.54245
0.54711,0.54788
