Vb-droof,FALSE
Vb-dfloor,FALSE
Sd-Sa,TRUE
Periods [s],0.762500 
Heights [m],16.800000 
Gamma participation factors,1.300000 
Sdy [m],0.070377,0.070377 
Say [g],0.226180,0.226180 
Sd1 [m],0.000000,0.038444,0.070377,0.188702 
Sa1 [g],0.000000,0.266094,0.226180,0.226180 
