Sd [m],Sa [g]
0.0,0.0
0.047363,2.3732
0.23852,2.397
