Vb-droof,FALSE
Vb-dfloor,FALSE
Sd-Sa,TRUE
Periods [s],0.850187 
Heights [m],16.800000 
Gamma participation factors,1.300000 
Sdy [m],0.142088,0.142088 
Say [g],0.791075,0.791075 
Sd1 [m],0.000000,0.142088,0.715559 
Sa1 [g],0.000000,0.791075,0.791075 
