Vb-droof,FALSE
Vb-dfloor,FALSE
Sd-Sa,TRUE
Periods [s],1.133583 
Heights [m],22.400000 
Gamma participation factors,1.300000 
Sdy [m],0.151560,0.151560 
Say [g],0.474645,0.474645 
Sd1 [m],0.000000,0.151560,0.763263 
Sa1 [g],0.000000,0.474645,0.474645 
