Sd [m],Sa [g]
0.0,0.0
0.03789,1.8986
0.19082,1.9176
