Vb-droof,FALSE
Vb-dfloor,FALSE
Sd-Sa,TRUE
Periods [s],0.850187 
Heights [m],16.800000 
Gamma participation factors,1.300000 
Sdy [m],0.113670,0.113670 
Say [g],0.632860,0.632860 
Sd1 [m],0.000000,0.113670,0.572448 
Sa1 [g],0.000000,0.632860,0.632860 
