Sd [m],Sa [g]
0.0,0.0
0.018945,3.7972
0.095408,3.8351
