Sd [m],Sa [g]
0.0,0.0
0.28418,0.39554
1.146,0.39949
