Vb-droof,FALSE
Vb-dfloor,FALSE
Sd-Sa,TRUE
Periods [s],1.416979 
Heights [m],28.000000 
Gamma participation factors,1.300000 
Sdy [m],0.189450,0.189450 
Say [g],0.379716,0.379716 
Sd1 [m],0.000000,0.189450,0.954079 
Sa1 [g],0.000000,0.379716,0.379716 
