Vb-droof,FALSE
Vb-dfloor,FALSE
Sd-Sa,TRUE
Periods [s],2.125469 
Heights [m],42.000000 
Gamma participation factors,1.300000 
Sdy [m],0.311596,0.311596 
Say [g],0.277570,0.277570 
Sd1 [m],0.000000,0.311596,1.569209 
Sa1 [g],0.000000,0.277570,0.277570 
