Vb-droof,FALSE
Vb-dfloor,FALSE
Sd-Sa,TRUE
Periods [s],0.381250 
Heights [m],8.400000 
Gamma participation factors,1.300000 
Sdy [m],0.035189,0.035189 
Say [g],0.361888,0.361888 
Sd1 [m],0.000000,0.015377,0.035189,0.075481 
Sa1 [g],0.000000,0.425751,0.361888,0.361888 
