Vb-droof,FALSE
Vb-dfloor,FALSE
Sd-Sa,TRUE
Periods [s],1.700375 
Heights [m],33.600000 
Gamma participation factors,1.300000 
Sdy [m],0.284175,0.284175 
Say [g],0.395537,0.395537 
Sd1 [m],0.000000,0.284175,1.431119 
Sa1 [g],0.000000,0.395537,0.395537 
