Sd [m],Sa [g]
0.0,0.0
0.11367,0.63286
0.47845,0.63919
