Vb-droof,FALSE
Vb-dfloor,FALSE
Sd-Sa,TRUE
Periods [s],0.708490 
Heights [m],14.000000 
Gamma participation factors,1.300000 
Sdy [m],0.094725,0.094725 
Say [g],0.759432,0.759432 
Sd1 [m],0.000000,0.094725,0.477040 
Sa1 [g],0.000000,0.759432,0.759432 
