Vb-droof,FALSE
Vb-dfloor,FALSE
Sd-Sa,TRUE
Periods [s],0.310000 
Heights [m],5.200000 
Gamma participation factors,1.300000 
Sdy [m],0.005000,0.005000 
Say [g],0.229000,0.229000 
Sd1 [m],0.000000,0.000674,0.005000,0.044000 
Sa1 [g],0.000000,0.115000,0.229000,0.232000 
