Sd [m],Sa [g]
0.0,0.0
0.05408,1.0641
0.12863,1.0747
