Sd [m],Sa [g]
0.0,0.0
0.037814,1.0151
0.079053,1.0253
