Sd [m],Sa [g]
0.0,0.0
0.075379,1.1655
0.11246,1.1772
