Sd [m],Sa [g]
0.0,0.0
0.16556,2.1023
0.24447,2.1233
