SA(0.6s) [g],Loss_ratio
0.05000000000000001,1.193694393629769e-10
0.056172467201025755,2.9190301362006766e-10
0.06310692142900626,7.207319838347866e-10
0.07089742948257126,1.820404163082588e-09
0.07964967064493539,4.7620834654259846e-09
0.08948237023750269,1.2984865075542524e-08
0.10052891014472326,3.6770377601080085e-08
0.11293913815718663,1.06748691785477e-07
0.1268814006769336,3.1228485921630234e-07
0.14254482635890514,9.05618405639043e-07
0.16014189166643014,2.570017440573382e-06
0.17991130314285533,7.072523271226651e-06
0.2021212354977168,1.8761182959378197e-05
0.2270729694325259,4.779140344578186e-05
0.2551049785537617,0.00011663627786326778
0.28659752081259104,0.00027234024229509977
0.3219777967548112,0.0006079219850953078
0.36172574455336326,0.0012968145234360092
0.4063805504338082,0.0026433524610704894
0.45654796280755766,0.0051489261974506356
0.5129085093300529,0.009586602848125238
0.5762267283493882,0.017066958172138234
0.6473615399712076,0.02906685859242932
0.7272778974247632,0.04738578088198477
0.8170598767824696,0.07399734073781196
0.9179253825967483,0.11078226779428774
1.0312426689380967,0.15916340394895373
1.1585488999444697,0.2197057533622358
1.3015710016583038,0.2917798797088906
1.4622490880091454,0.373397126011789
1.6427627787184707,0.46129822308845636
1.8455607661325835,0.551314699728616
2.0733940320616497,0.6389432368375911
2.329353165215711,0.7200053319825507
2.6169102854537,0.7912352651283401
2.9399661435534976,0.8506609224906415
3.3029030354176987,0.8977064229236255
3.710644248503383,0.9330275620945759
4.168720846874621,0.9581603834049723
4.683346700825936,0.9750974112566918
5.261502778863538,0.98589953746942
5.911031845476362,0.9924148703430729
6.64074484928479,0.9961284808317503
7.4605404447366075,0.998127275835765
8.381539268677866,0.9991424466473483
9.416234793278331,0.999628636972345
10.578662801651687,0.9998480591489145
11.884591785129816,0.9999413175062932
13.351736844955687,0.9999786228176231
15.0,0.9999926602971164
