SA(0.6s) [g],Complete_damage
0.05000000000000001,3.311370589953455e-07
0.056172467201025755,6.929198872462905e-07
0.06310692142900626,1.4208026389850303e-06
0.07089742948257126,2.8548028976338458e-06
0.07964967064493539,5.621179966497358e-06
0.08948237023750269,1.0846921054352698e-05
0.10052891014472326,2.0513188081938694e-05
0.11293913815718663,3.8021492739792606e-05
0.1268814006769336,6.907451170878876e-05
0.14254482635890514,0.00012300545390475648
0.16014189166643014,0.0002147217801417023
0.17991130314285533,0.0003674536871653977
0.2021212354977168,0.0006165041748605882
0.2270729694325259,0.0010141711564399802
0.2551049785537617,0.0016359360528576117
0.28659752081259104,0.0025878713046704194
0.3219777967548112,0.004015000133981372
0.36172574455336326,0.0061100459324353595
0.4063805504338082,0.009121653974507482
0.45654796280755766,0.013360796050894241
0.5129085093300529,0.019203745179245724
0.5762267283493882,0.027089819347931754
0.6473615399712076,0.037512135401688296
0.7272778974247632,0.05099997085993013
0.8170598767824696,0.06809205125866558
0.9179253825967483,0.08930115176521014
1.0312426689380967,0.11507173431251938
1.1585488999444697,0.1457337633727519
1.3015710016583038,0.18145711685263577
1.4622490880091454,0.22221186663625936
1.6427627787184707,0.2677399036744039
1.8455607661325835,0.3175427666119264
2.0733940320616497,0.37088907651990044
2.329353165215711,0.42684282056120726
2.6169102854537,0.4843111556494222
2.9399661435534976,0.5421078200898779
3.3029030354176987,0.5990260822057689
3.710644248503383,0.6539138012586209
4.168720846874621,0.7057428729236239
4.683346700825936,0.7536661346926246
5.261502778863538,0.7970565691861697
5.911031845476362,0.8355260491276206
6.64074484928479,0.8689234995754197
7.4605404447366075,0.8973147807634416
8.381539268677866,0.9209484601854883
9.416234793278331,0.9402127212831295
10.578662801651687,0.955588886284835
11.884591785129816,0.9676065032448073
13.351736844955687,0.9768038662527201
15.0,0.9836964639840093
