SA(0.6s) [g],Complete_damage
0.05000000000000001,4.252274898863817e-08
0.056172467201025755,9.406580547821619e-08
0.06310692142900626,2.0386510479752928e-07
0.07089742948257126,4.328807157172321e-07
0.07964967064493539,9.005800447603463e-07
0.08948237023750269,1.8357802041846227e-06
0.10052891014472326,3.666739060603774e-06
0.11293913815718663,7.176591099611329e-06
0.1268814006769336,1.3764313100850245e-05
0.14254482635890514,2.5870795402616054e-05
0.16014189166643014,4.7654761468951534e-05
0.17991130314285533,8.603363508141726e-05
0.2021212354977168,0.00015223757076865407
0.2270729694325259,0.0002640555710322623
0.2551049785537617,0.000448972205680076
0.28659752081259104,0.0007483893090028948
0.3219777967548112,0.0012230831619819416
0.36172574455336326,0.0019599465974833308
0.4063805504338082,0.0030798919074732645
0.45654796280755766,0.004746536695190762
0.5129085093300529,0.007174967420729539
0.5762267283493882,0.010639501519733918
0.6473615399712076,0.015479000732630976
0.7272778974247632,0.022098002250256044
0.8170598767824696,0.03096182416755555
0.9179253825967483,0.04258396296539424
1.0312426689380967,0.05750460793938683
1.1585488999444697,0.07625997843803689
1.3015710016583038,0.09934340188417945
1.4622490880091454,0.12716046755850818
1.6427627787184707,0.1599820069502993
1.8455607661325835,0.19789980557309783
2.0733940320616497,0.2407905741661731
2.329353165215711,0.28829357983177906
2.6169102854537,0.3398063496082543
2.9399661435534976,0.3945010526105516
3.3029030354176987,0.4513617511902893
3.710644248503383,0.5092400384836409
4.168720846874621,0.5669240838170908
4.683346700825936,0.6232142208333074
5.261502778863538,0.6769972748115982
5.911031845476362,0.7273120073412382
6.64074484928479,0.7733993248324609
7.4605404447366075,0.8147330210758648
8.381539268677866,0.8510294253055684
9.416234793278331,0.8822369630604708
10.578662801651687,0.9085088909409831
11.884591785129816,0.9301640268177126
13.351736844955687,0.9476410075529245
15.0,0.9614514762947384
