SA(1.0s) [g],Complete_damage
0.05000000000000001,3.219646771412954e-15
0.056172467201025755,1.532107773982716e-14
0.06310692142900626,6.94999613415348e-14
0.07089742948257126,3.035349749325178e-13
0.07964967064493539,1.2755352329918423e-12
0.08948237023750269,5.1562087932666145e-12
0.10052891014472326,2.005517973913129e-11
0.11293913815718663,7.505329691070983e-11
0.1268814006769336,2.7026070270608216e-10
0.14254482635890514,9.364564679259502e-10
0.16014189166643014,3.122526348597887e-09
0.17991130314285533,1.0019892249246709e-08
0.2021212354977168,3.0944615425632094e-08
0.2270729694325259,9.198168049451283e-08
0.2551049785537617,2.6317438128753423e-07
0.28659752081259104,7.248476534549297e-07
0.3219777967548112,1.9219804039405375e-06
0.36172574455336326,4.906731897125205e-06
0.4063805504338082,1.2062108874388855e-05
0.45654796280755766,2.8555711122812966e-05
0.5129085093300529,6.511159979372128e-05
0.5762267283493882,0.00014301531562332936
0.6473615399712076,0.00030264665501167354
0.7272778974247632,0.0006171588226095981
0.8170598767824696,0.0012129803626252933
0.9179253825967483,0.0022982921951387736
1.0312426689380967,0.004199162975744963
1.1585488999444697,0.007400345898653238
1.3015710016583038,0.012583908405273014
1.4622490880091454,0.020654516240776855
1.6427627787184707,0.0327366684348086
1.8455607661325835,0.050128391036851516
2.0733940320616497,0.07419978370641933
2.329353165215711,0.10623445161102829
2.6169102854537,0.14722650639377677
2.9399661435534976,0.19766239287910115
3.3029030354176987,0.2573302144164299
3.710644248503383,0.32520387869960743
4.168720846874621,0.3994413257730829
4.683346700825936,0.47751514052032484
5.261502778863538,0.5564644654192985
5.911031845476362,0.6332274927118419
6.64074484928479,0.7049931079648653
7.4605404447366075,0.7695052351569922
8.381539268677866,0.8252657685947566
9.416234793278331,0.8716075850481397
10.578662801651687,0.9086398027148611
11.884591785129816,0.9370940350725294
13.351736844955687,0.958116055535439
15.0,0.9730495827148781
