SA(1.0s) [g],Complete_damage
0.05000000000000001,1.7119639039719914e-13
0.056172467201025755,7.30526750203353e-13
0.06310692142900626,2.9982683003026978e-12
0.07089742948257126,1.1839085267695282e-11
0.07964967064493539,4.497946459736113e-11
0.08948237023750269,1.6442736061605956e-10
0.10052891014472326,5.783842293993757e-10
0.11293913815718663,1.957779049988062e-09
0.1268814006769336,6.3773391012489355e-09
0.14254482635890514,1.9992620670095107e-08
0.16014189166643014,6.032293298208202e-08
0.17991130314285533,1.751896320234536e-07
0.2021212354977168,4.897576046936081e-07
0.2270729694325259,1.318067553990332e-06
0.2551049785537617,3.415217401880888e-06
0.28659752081259104,8.520554822699644e-06
0.3219777967548112,2.0470833266394983e-05
0.36172574455336326,4.7366998374487324e-05
0.4063805504338082,0.00010557217792450668
0.45654796280755766,0.0002266855233469256
0.5129085093300529,0.00046900125963023065
0.5762267283493882,0.0009351565690562946
0.6473615399712076,0.0017974184543922966
0.7272778974247632,0.0033310019041644656
0.8170598767824696,0.005953622273327186
0.9179253825967483,0.010266065153184956
1.0312426689380967,0.017084289669545005
1.1585488999444697,0.027449529519772087
1.3015710016583038,0.042600750107351204
1.4622490880091454,0.06389567810853092
1.6427627787184707,0.0926739754273943
1.8455607661325835,0.13006905350790432
2.0733940320616497,0.176791360776267
2.329353165215711,0.23292131068274202
2.6169102854537,0.29775871274031296
2.9399661435534976,0.36977275081337935
3.3029030354176987,0.44668036780744
3.710644248503383,0.5256540144070327
4.168720846874621,0.6036290678892714
4.683346700825936,0.6776560117031953
5.261502778863538,0.7452307848778208
5.911031845476362,0.8045424328401487
6.64074484928479,0.8545984135308077
7.4605404447366075,0.8952177205221232
8.381539268677866,0.926911172969835
9.416234793278331,0.9506887196430963
10.578662801651687,0.9678411207252297
11.884591785129816,0.9797382757571335
13.351736844955687,0.9876728121317343
15.0,0.9927609648595632
