SA(0.6s) [g],Loss_ratio
0.05000000000000001,1.2123318694623772e-10
0.056172467201025755,3.1456084892129114e-10
0.06310692142900626,8.020633362562408e-10
0.07089742948257126,2.0139531984560556e-09
0.07964967064493539,4.993093939945509e-09
0.08948237023750269,1.2258512495698538e-08
0.10052891014472326,2.9884026425282206e-08
0.11293913815718663,7.247483732472872e-08
0.1268814006769336,1.7491983871896284e-07
0.14254482635890514,4.1950743566150726e-07
0.16014189166643014,9.965140622323001e-07
0.17991130314285533,2.334411854207064e-06
0.2021212354977168,5.367881641845797e-06
0.2270729694325259,1.2065687451863895e-05
0.2551049785537617,2.642809247551163e-05
0.28659752081259104,5.630594781898825e-05
0.3219777967548112,0.00011663140558692246
0.36172574455336326,0.00023505605107315426
0.4063805504338082,0.00046166933935622373
0.45654796280755766,0.0008854993124740853
0.5129085093300529,0.0016617833389139286
0.5762267283493882,0.0030549971494302783
0.6473615399712076,0.005502068692622483
0.7272778974247632,0.009696047888941267
0.8170598767824696,0.01668064893541007
0.9179253825967483,0.027930021114648672
1.0312426689380967,0.04536924694526834
1.1585488999444697,0.07127832407649595
1.3015710016583038,0.10802885482990066
1.4622490880091454,0.1576397868767473
1.6427627787184707,0.22120673285596354
1.8455607661325835,0.2983399998632765
2.0733940320616497,0.38680247968525816
2.329353165215711,0.48252907388556354
2.6169102854537,0.580114299082042
2.9399661435534976,0.6736961831251694
3.3029030354176987,0.7580067567276241
3.710644248503383,0.8292800160006983
4.168720846874621,0.8857534848404423
4.683346700825936,0.9276527421466353
5.261502778863538,0.9567358901249934
5.911031845476362,0.9756091011631546
6.64074484928479,0.9870534876281905
7.4605404447366075,0.9935360064103361
8.381539268677866,0.9969657826919158
9.416234793278331,0.998661083004972
10.578662801651687,0.9994443641063238
11.884591785129816,0.9997829567514656
13.351736844955687,0.9999200820158127
15.0,0.9999722066485668
