PGA [g],Loss_ratio
0.05000000000000001,1.5966066482325812e-08
0.056172467201025755,5.758166610322488e-08
0.06310692142900626,1.9733150421095764e-07
0.07089742948257126,6.426745944529842e-07
0.07964967064493539,1.989446098890997e-06
0.08948237023750269,5.854528069209309e-06
0.10052891014472326,1.6381461444232754e-05
0.11293913815718663,4.359219081312508e-05
0.1268814006769336,0.00011034901787297507
0.14254482635890514,0.00026580140984534036
0.16014189166643014,0.0006094253964531083
0.17991130314285533,0.0013305389042840034
0.2021212354977168,0.00276742385560443
0.2270729694325259,0.00548648724710925
0.2551049785537617,0.010374064545779408
0.28659752081259104,0.018721570728107245
0.3219777967548112,0.03227107965915872
0.36172574455336326,0.0531779814372603
0.4063805504338082,0.08384657694695935
0.45654796280755766,0.12660919653709973
0.5129085093300529,0.18325306493048168
0.5762267283493882,0.25445141091277
0.6473615399712076,0.33921997668329995
0.7272778974247632,0.43457883723831253
0.8170598767824696,0.5356163441637369
0.9179253825967483,0.6360825926924072
1.0312426689380967,0.7294663120536482
1.1585488999444697,0.810283681542535
1.3015710016583038,0.8751537500927447
1.4622490880091454,0.9232740768159841
1.6427627787184707,0.95615521504536
1.8455607661325835,0.976792595771554
2.0733940320616497,0.9886604504507279
2.329353165215711,0.9949003058840001
2.6169102854537,0.9978944632018922
2.9399661435534976,0.9992036637682069
3.3029030354176987,0.999724625745202
3.710644248503383,0.9999130765230367
4.168720846874621,0.9999749890494808
4.683346700825936,0.9999934479191154
5.261502778863538,0.9999984388943186
5.911031845476362,0.9999996620145242
6.64074484928479,0.9999999335589385
7.4605404447366075,0.9999999881490906
8.381539268677866,0.9999999980831668
9.416234793278331,0.9999999997189994
10.578662801651687,0.9999999999626819
11.884591785129816,0.999999999995512
13.351736844955687,0.9999999999995114
15.0,0.9999999999999518
