PGA [g],Loss_ratio
0.05000000000000001,2.1180268637259214e-08
0.056172467201025755,7.13964145798796e-08
0.06310692142900626,2.3056703080848152e-07
0.07089742948257126,7.12967055517887e-07
0.07964967064493539,2.109897216280892e-06
0.08948237023750269,5.972370744583872e-06
0.10052891014472326,1.616283032960273e-05
0.11293913815718663,4.1801508514607696e-05
0.1268814006769336,0.00010328181267812998
0.14254482635890514,0.00024372909990371804
0.16014189166643014,0.0005492656942375554
0.17991130314285533,0.0011820578117613758
0.2021212354977168,0.0024295110602982296
0.2270729694325259,0.0047700382237271305
0.2551049785537617,0.008949621358031987
0.28659752081259104,0.01605397247717248
0.3219777967548112,0.02755026302154295
0.36172574455336326,0.04526391386138616
0.4063805504338082,0.07125475513152141
0.45654796280755766,0.10756753423689752
0.5129085093300529,0.15585709696398492
0.5762267283493882,0.21692891138352108
0.6473615399712076,0.2902868681617142
0.7272778974247632,0.37382885760424084
0.8170598767824696,0.46384823976410483
0.9179253825967483,0.5554498293239265
1.0312426689380967,0.6433563102824009
1.1585488999444697,0.7229041102200259
1.3015710016583038,0.7909030916130341
1.4622490880091454,0.846058201093914
1.6427627787184707,0.8888358526280014
1.8455607661325835,0.9209022501156904
2.0733940320616497,0.9444184685853858
2.329353165215711,0.9614673941324676
2.6169102854537,0.9737491860866734
2.9399661435534976,0.9825246505995697
3.3029030354176987,0.98869879846532
3.710644248503383,0.9929365431895929
4.168720846874621,0.9957500060632983
4.683346700825936,0.9975452183358698
5.261502778863538,0.9986415173169589
5.911031845476362,0.9992806404619956
6.64074484928479,0.9996358361449238
7.4605404447366075,0.9998238747519841
8.381539268677866,0.9999186608303506
9.416234793278331,0.9999641449515777
10.578662801651687,0.9999849194019012
11.884591785129816,0.9999939498194167
13.351736844955687,0.999997685389568
15.0,0.999999155815399
