SA(0.6s) [g],Complete_damage
0.05000000000000001,3.423807903857323e-10
0.056172467201025755,8.716695143462516e-10
0.06310692142900626,2.171301693998373e-09
0.07089742948257126,5.292059901407242e-09
0.07964967064493539,1.2620500866589168e-08
0.08948237023750269,2.945014376809496e-08
0.10052891014472326,6.72465138018552e-08
0.11293913815718663,1.5025780886190887e-07
0.1268814006769336,3.285516021467316e-07
0.14254482635890514,7.030476403269148e-07
0.16014189166643014,1.4723024618357172e-06
0.17991130314285533,3.0175755830752493e-06
0.2021212354977168,6.053229971048069e-06
0.2270729694325259,1.1885148893275854e-05
0.2551049785537617,2.284192363277704e-05
0.28659752081259104,4.2972959208187334e-05
0.3219777967548112,7.914405378606215e-05
0.36172574455336326,0.0001427019276430963
0.4063805504338082,0.000251918682210861
0.45654796280755766,0.0004354547368453643
0.5129085093300529,0.0007370786395820561
0.5762267283493882,0.0012218337282573488
0.6473615399712076,0.0019837219779862414
0.7272778974247632,0.0031547639733610078
0.8170598767824696,0.0049149800217006545
0.9179253825967483,0.007502429098162122
1.0312426689380967,0.011221975578068255
1.1585488999444697,0.016450998280247542
1.3015710016583038,0.02363991473734961
1.4622490880091454,0.03330529023169071
1.6427627787184707,0.04601355988881328
1.8455607661325835,0.062354104237320795
2.0733940320616497,0.08290160646265488
2.329353165215711,0.10816920565587651
2.6169102854537,0.138555753091945
2.9399661435534976,0.17429218421781079
3.3029030354176987,0.21539328460128027
3.710644248503383,0.26162161137369966
4.168720846874621,0.312469785108333
4.683346700825936,0.3671657146917551
5.261502778863538,0.42470270259516496
5.911031845476362,0.4838931613289045
6.64074484928479,0.543441377831442
7.4605404447366075,0.602027975996567
8.381539268677866,0.6583969685865873
9.416234793278331,0.7114358959925542
10.578662801651687,0.7602405971202426
11.884591785129816,0.804158444394166
13.351736844955687,0.8428069662121042
15.0,0.8760681103828323
