SA(0.6s) [g],Complete_damage
0.05000000000000001,1.9761969838327786e-14
0.056172467201025755,7.083222897108499e-14
0.06310692142900626,2.4780177909633494e-13
0.07089742948257126,8.427702979929563e-13
0.07964967064493539,2.7878810371362306e-12
0.08948237023750269,8.96949181594664e-12
0.10052891014472326,2.8067992374758433e-11
0.11293913815718663,8.543210583411565e-11
0.1268814006769336,2.529344511614795e-10
0.14254482635890514,7.284246539285277e-10
0.16014189166643014,2.040631996713671e-09
0.17991130314285533,5.561126004138828e-09
0.2021212354977168,1.4743291254504243e-08
0.2270729694325259,3.8025652293605106e-08
0.2551049785537617,9.541739620644307e-08
0.28659752081259104,2.3295212703278168e-07
0.3219777967548112,5.53369434941331e-07
0.36172574455336326,1.2790746487523208e-06
0.4063805504338082,2.876958742681346e-06
0.45654796280755766,6.297313235870128e-06
0.5129085093300529,1.341498310947209e-05
0.5762267283493882,2.7814419553018332e-05
0.6473615399712076,5.613447751717793e-05
0.7272778974247632,0.00011028265233647971
0.8170598767824696,0.00021093284256434863
0.9179253825967483,0.0003928135020089263
1.0312426689380967,0.0007123346661898067
1.1585488999444697,0.0012580346919075502
1.3015710016583038,0.002164079333178748
1.4622490880091454,0.0036265478855402877
1.6427627787184707,0.005921453523744735
1.8455607661325835,0.009422392354769604
2.0733940320616497,0.014614523335124585
2.329353165215711,0.022100495635188566
2.6169102854537,0.032593317030503166
2.9399661435534976,0.046891401597924265
3.3029030354176987,0.06583249229223398
3.710644248503383,0.09022596714093423
4.168720846874621,0.12076701553015745
4.683346700825936,0.1579407177248684
5.261502778863538,0.20192822066905136
5.911031845476362,0.25252984235493636
6.64074484928479,0.3091200394158674
7.4605404447366075,0.37064617393967647
8.381539268677866,0.4356770666149776
9.416234793278331,0.5024993736299879
10.578662801651687,0.5692514658541921
11.884591785129816,0.6340775765600305
13.351736844955687,0.6952811409371851
15.0,0.7514564052031532
