SA(1.0s) [g],Loss_ratio
0.05000000000000001,1.1805538504780718e-10
0.056172467201025755,6.656121438253058e-10
0.06310692142900626,3.421528381598064e-09
0.07089742948257126,1.6040628338874306e-08
0.07964967064493539,6.86102476775192e-08
0.08948237023750269,2.6786697284030994e-07
0.10052891014472326,9.551018902132505e-07
0.11293913815718663,3.1122417028604532e-06
0.1268814006769336,9.27591523455744e-06
0.14254482635890514,2.531446123950882e-05
0.16014189166643014,6.334625539494537e-05
0.17991130314285533,0.00014562353495826906
0.2021212354977168,0.0003083346254584188
0.2270729694325259,0.0006034933348300061
0.2551049785537617,0.0010976462390616367
0.28659752081259104,0.0018695939675241492
0.3219777967548112,0.0030163325016206188
0.36172574455336326,0.004685523007713814
0.4063805504338082,0.007160270069943512
0.45654796280755766,0.01102213188889924
0.5129085093300529,0.017402504825162333
0.5762267283493882,0.02828860477006854
0.6473615399712076,0.04676991132048133
0.7272778974247632,0.07701238542468435
0.8170598767824696,0.12370020395151973
0.9179253825967483,0.19079494773717381
1.0312426689380967,0.27979196946232116
1.1585488999444697,0.3881040671374979
1.3015710016583038,0.5084802571735355
1.4622490880091454,0.6301413204380277
1.6427627787184707,0.7415193405266112
1.8455607661325835,0.833530567560208
2.0733940320616497,0.9018771808193597
2.329353165215711,0.9473760486418583
2.6169102854537,0.9744439595594752
2.9399661435534976,0.9888021425475043
3.3029030354176987,0.9955830342912687
3.710644248503383,0.9984326896560917
4.168720846874621,0.9994991250952946
4.683346700825936,0.9998553544316122
5.261502778863538,0.9999620323505065
5.911031845476362,0.9999908667861379
6.64074484928479,0.9999979667883498
7.4605404447366075,0.9999995771157962
8.381539268677866,0.9999999172673582
9.416234793278331,0.9999999847437957
10.578662801651687,0.9999999973557075
11.884591785129816,0.9999999995718089
13.351736844955687,0.9999999999356736
15.0,0.9999999999910906
