SA(1.0s) [g],Loss_ratio
0.05000000000000001,4.730903670937408e-10
0.056172467201025755,1.2911973315959674e-09
0.06310692142900626,3.4405497058922817e-09
0.07089742948257126,8.966374944038971e-09
0.07964967064493539,2.2928855275977995e-08
0.08948237023750269,5.7858005451902976e-08
0.10052891014472326,1.4531809509854255e-07
0.11293913815718663,3.6746365726753103e-07
0.1268814006769336,9.466062784517655e-07
0.14254482635890514,2.5026650105576896e-06
0.16014189166643014,6.779870077686303e-06
0.17991130314285533,1.8609767784289336e-05
0.2021212354977168,5.089089066468673e-05
0.2270729694325259,0.00013629155973144004
0.2551049785537617,0.00035245281684719894
0.28659752081259104,0.0008711973674184556
0.3219777967548112,0.002044500340388249
0.36172574455336326,0.004536217154857044
0.4063805504338082,0.009492621394999129
0.45654796280755766,0.018712672569237105
0.5129085093300529,0.0347356399134852
0.5762267283493882,0.06072952319339449
0.6473615399712076,0.10007208221197793
0.7272778974247632,0.1555970500582759
0.8170598767824696,0.22862942003986292
0.9179253825967483,0.3181009711698876
1.0312426689380967,0.4201236537742935
1.1585488999444697,0.5283167314199404
1.3015710016583038,0.6349240892897386
1.4622490880091454,0.7324232092692431
1.6427627787184707,0.8150905691039786
1.8455607661325835,0.8799905593774633
2.0733940320616497,0.9271062387679083
2.329353165215711,0.9586939887019251
2.6169102854537,0.978225167639569
2.9399661435534976,0.9893484333111318
3.3029030354176987,0.9951760441281594
3.710644248503383,0.9979814333684127
4.168720846874621,0.9992209841012543
4.683346700825936,0.9997231706240053
5.261502778863538,0.9999095482656636
5.911031845476362,0.99997286024496
6.64074484928479,0.9999925305863274
7.4605404447366075,0.9999981162598157
8.381539268677866,0.9999995650687397
9.416234793278331,0.9999999081371549
10.578662801651687,0.9999999822633513
11.884591785129816,0.999999996871457
13.351736844955687,0.9999999994961425
15.0,0.9999999999259456
