PGA [g],Complete_damage
0.05000000000000001,5.091510546506584e-10
0.056172467201025755,3.815340376966958e-09
0.06310692142900626,2.5710572670867293e-08
0.07089742948257126,1.5585137935758553e-07
0.07964967064493539,8.501176360642404e-07
0.08948237023750269,4.17436658806114e-06
0.10052891014472326,1.8460739677705895e-05
0.11293913815718663,7.356905924604806e-05
0.1268814006769336,0.00026437177383054067
0.14254482635890514,0.0008573370602885655
0.16014189166643014,0.0025114155549421646
0.17991130314285533,0.006653028372221037
0.2021212354977168,0.015961393760614673
0.2270729694325259,0.03474035157899302
0.2551049785537617,0.06874723559379414
0.28659752081259104,0.12402649060157245
0.3219777967548112,0.20468677294002502
0.36172574455336326,0.31033476682456085
0.4063805504338082,0.43454803421790933
0.45654796280755766,0.5656413915832915
0.5129085093300529,0.6898351034005742
0.5762267283493882,0.7954498342384742
0.6473615399712076,0.8760720256570322
0.7272778974247632,0.9313164762873642
0.8170598767824696,0.9652965981345626
0.9179253825967483,0.9840578229855357
1.0312426689380967,0.9933559340780721
1.1585488999444697,0.9974923328956977
1.3015710016583038,0.9991440688414315
1.4622490880091454,0.999736101090176
1.6427627787184707,0.9999265735657623
1.8455607661325835,0.9999815778377474
2.0733940320616497,0.9999958349906768
2.329353165215711,0.9999991519177309
2.6169102854537,0.9999998445456427
2.9399661435534976,0.9999999743588761
3.3029030354176987,0.9999999961955537
3.710644248503383,0.9999999994923814
4.168720846874621,0.9999999999391075
4.683346700825936,0.9999999999934345
5.261502778863538,0.9999999999993638
5.911031845476362,0.9999999999999446
6.64074484928479,0.9999999999999957
7.4605404447366075,0.9999999999999997
8.381539268677866,1.0
9.416234793278331,1.0
10.578662801651687,1.0
11.884591785129816,1.0
13.351736844955687,1.0
15.0,1.0
