SA(0.3s) [g],Loss_ratio
0.05000000000000001,9.703503116047337e-06
0.056172467201025755,1.8017361734689695e-05
0.06310692142900626,3.283588836599109e-05
0.07089742948257126,5.874108726562718e-05
0.07964967064493539,0.00010316280256192362
0.08948237023750269,0.00017789350305695887
0.10052891014472326,0.00030125971639341064
0.11293913815718663,0.0005011641899343046
0.1268814006769336,0.00081926094532135
0.14254482635890514,0.0013165854441267466
0.16014189166643014,0.00208104029240194
0.17991130314285533,0.003237234291883348
0.2021212354977168,0.004959269567542733
0.2270729694325259,0.007487101162612936
0.2551049785537617,0.01114690850903297
0.28659752081259104,0.0163752674240482
0.3219777967548112,0.02374546171233852
0.36172574455336326,0.03399172465616895
0.4063805504338082,0.048023528606994645
0.45654796280755766,0.06691784772804639
0.5129085093300529,0.09187414871104578
0.5762267283493882,0.12411720631520942
0.6473615399712076,0.1647394914832459
0.7272778974247632,0.2144895174857321
0.8170598767824696,0.2735338436651857
0.9179253825967483,0.34124280245449296
1.0312426689380967,0.41606404018686066
1.1585488999444697,0.4955437194308318
1.3015710016583038,0.5765274979186878
1.4622490880091454,0.6555263777198752
1.6427627787184707,0.7291807341229839
1.8455607661325835,0.7947193289986219
2.0733940320616497,0.8503053563995642
2.329353165215711,0.8951927370152142
2.6169102854537,0.9296717947221008
2.9399661435534976,0.9548424765423947
3.3029030354176987,0.9722936702706321
3.710644248503383,0.9837769954435298
4.168720846874621,0.9909446737209956
4.683346700825936,0.9951864039314237
5.261502778863538,0.9975652812434673
5.911031845476362,0.9988291390466346
6.64074484928479,0.9994650162486487
7.4605404447366075,0.9997678925939912
8.381539268677866,0.999904431698703
9.416234793278331,0.9999626746499409
10.578662801651687,0.9999861780278382
11.884591785129816,0.9999951488720075
13.351736844955687,0.999998386868653
15.0,0.9999994919413713
