SA(0.3s) [g],Loss_ratio
0.05000000000000001,7.807179174969871e-06
0.056172467201025755,1.4524460550255759e-05
0.06310692142900626,2.6534815479283432e-05
0.07089742948257126,4.761174888913669e-05
0.07964967064493539,8.39219472817262e-05
0.08948237023750269,0.00014534277359516473
0.10052891014472326,0.00024738633201223524
0.11293913815718663,0.0004139507342101494
0.1268814006769336,0.0006811784739292552
0.14254482635890514,0.001102773819210374
0.16014189166643014,0.001757217671449901
0.17991130314285533,0.0027574140011852456
0.2021212354977168,0.004263380281013612
0.2270729694325259,0.006498585070092645
0.2551049785537617,0.009770298012912232
0.28659752081259104,0.014493623534041232
0.3219777967548112,0.02121745200234215
0.36172574455336326,0.03064814203895721
0.4063805504338082,0.04366337165015886
0.45654796280755766,0.06130485595567026
0.5129085093300529,0.08473593720975045
0.5762267283493882,0.1151506108585122
0.6473615399712076,0.15362676840232958
0.7272778974247632,0.2009296860215729
0.8170598767824696,0.25729081419507993
0.9179253825967483,0.3222067603064045
1.0312426689380967,0.3943158398030254
1.1585488999444697,0.4714061297006238
1.3015710016583038,0.5505850616746386
1.4622490880091454,0.6285997467272262
1.6427627787184707,0.7022517506813226
1.8455607661325835,0.7688170655730262
2.0733940320616497,0.8263758533369024
2.329353165215711,0.8739812805066001
2.6169102854537,0.9116435718560237
2.9399661435534976,0.9401563635556907
3.3029030354176987,0.9608290318476113
3.710644248503383,0.9752001689019922
4.168720846874621,0.9847944788351074
4.683346700825936,0.9909579025740646
5.261502778863538,0.9947765800562615
5.911031845476362,0.9970641220695355
6.64074484928479,0.9983923617335781
7.4605404447366075,0.9991416023301316
8.381539268677866,0.999552924020083
9.416234793278331,0.9997729321660072
10.578662801651687,0.9998876242336885
11.884591785129816,0.9999458717943035
13.351736844955687,0.9999746602984703
15.0,0.9999884874708607
