SA(1.0s) [g],Loss_ratio
0.05000000000000001,1.919212272491322e-06
0.056172467201025755,4.326751413047119e-06
0.06310692142900626,9.369471760600102e-06
0.07089742948257126,1.951583618946977e-05
0.07964967064493539,3.916930174214875e-05
0.08948237023750269,7.591968886515227e-05
0.10052891014472326,0.0001424941227642283
0.11293913815718663,0.0002598259568475601
0.1268814006769336,0.0004619665475100939
0.14254482635890514,0.0008040391357558536
0.16014189166643014,0.0013750378743026433
0.17991130314285533,0.0023178125786355278
0.2021212354977168,0.0038586225057641184
0.2270729694325259,0.006347530097148094
0.2551049785537617,0.010307914200884779
0.28659752081259104,0.016488117722101018
0.3219777967548112,0.025901208537692975
0.36172574455336326,0.03983192552923581
0.4063805504338082,0.05978644410501835
0.45654796280755766,0.087364587196593
0.5129085093300529,0.12404833623885328
0.5762267283493882,0.1709244097688316
0.6473615399712076,0.2283868541204419
0.7272778974247632,0.2958882410944352
0.8170598767824696,0.37181417521275867
0.9179253825967483,0.4535381265567545
1.0312426689380967,0.5376732097076092
1.1585488999444697,0.620485281325284
1.3015710016583038,0.6983850326492369
1.4622490880091454,0.768392615758313
1.6427627787184707,0.828475929895583
1.8455607661325835,0.8777001958918789
2.0733940320616497,0.9161784037847027
2.329353165215711,0.9448615451784854
2.6169102854537,0.9652390712500912
2.9399661435534976,0.9790269306865238
3.3029030354176987,0.9879055434159622
3.710644248503383,0.9933425328807866
4.168720846874621,0.9965061701249155
4.683346700825936,0.9982539055655182
5.261502778863538,0.9991698679135744
5.911031845476362,0.9996249197577783
6.64074484928479,0.9998390710424205
7.4605404447366075,0.99993448012843
8.381539268677866,0.9999747007918088
9.416234793278331,0.9999907384364244
10.578662801651687,0.999996785971406
11.884591785129816,0.9999989425492017
13.351736844955687,0.9999996700077586
15.0,0.9999999022492437
