SA(1.0s) [g],Complete_damage
0.05000000000000001,1.0880363277010474e-10
0.056172467201025755,4.2063341698650447e-10
0.06310692142900626,1.556674456004714e-09
0.07089742948257126,5.515102263764504e-09
0.07964967064493539,1.8706902027432193e-08
0.08948237023750269,6.075422587237256e-08
0.10052891014472326,1.8893591546831345e-07
0.11293913815718663,5.626739298936201e-07
0.1268814006769336,1.6049014156527264e-06
0.14254482635890514,4.384691755898729e-06
0.16014189166643014,1.1475832829344057e-05
0.17991130314285533,2.8776986222167622e-05
0.2021212354977168,6.914980808991888e-05
0.2270729694325259,0.00015925680816686327
0.2551049785537617,0.0003516029942650656
0.28659752081259104,0.0007443062346397245
0.3219777967548112,0.0015111404260446104
0.36172574455336326,0.0029433109795821144
0.4063805504338082,0.005501569882646717
0.45654796280755766,0.009872269034336245
0.5129085093300529,0.017014175659039843
0.5762267283493882,0.028175980172876036
0.6473615399712076,0.04486042609157559
0.7272778974247632,0.06871361378024599
0.8170598767824696,0.10133019496388984
0.9179253825967483,0.14398696068630712
1.0312426689380967,0.19734439908623091
1.1585488999444697,0.2611795152316019
1.3015710016583038,0.33422309095796054
1.4622490880091454,0.41416272063922266
1.6427627787184707,0.4978385455702473
1.8455607661325835,0.5816099220556243
2.0733940320616497,0.6618237199400504
2.329353165215711,0.7352853011419412
2.6169102854537,0.7996324340427792
2.9399661435534976,0.8535407572532372
3.3029030354176987,0.8967364141353725
3.710644248503383,0.9298405234394931
4.168720846874621,0.9541055746172139
4.683346700825936,0.9711168899957714
5.261502778863538,0.9825233753544376
5.911031845476362,0.9898385203299681
6.64074484928479,0.9943254682190414
7.4605404447366075,0.9969577716913214
8.381539268677866,0.9984347617153454
9.416234793278331,0.9992274011221584
10.578662801651687,0.9996342471267377
11.884591785129816,0.9998339758566983
13.351736844955687,0.9999277551367196
15.0,0.9999698693685202
