SA(0.3s) [g],Complete_damage
0.05000000000000001,2.8556311093552722e-08
0.056172467201025755,6.528940132977112e-08
0.06310692142900626,1.460684616594321e-07
0.07089742948257126,3.197847441294144e-07
0.07964967064493539,6.851125138318537e-07
0.08948237023750269,1.4364331216709658e-06
0.10052891014472326,2.947446822609834e-06
0.11293913815718663,5.919195073977868e-06
0.1268814006769336,1.1634720596398473e-05
0.14254482635890514,2.2384533005070928e-05
0.16014189166643014,4.215633225146398e-05
0.17991130314285533,7.771881820273219e-05
0.2021212354977168,0.00014027045360021084
0.2270729694325259,0.00024786391614473047
0.2551049785537617,0.00042884524796327206
0.28659752081259104,0.0007265476758290257
0.3219777967548112,0.0012054331829929321
0.36172574455336326,0.0019587570914227914
0.4063805504338082,0.003117621342249688
0.45654796280755766,0.004860969613684207
0.5129085093300529,0.00742566940485645
0.5762267283493882,0.011115358087486094
0.6473615399712076,0.01630627088385994
0.7272778974247632,0.02344792112625005
0.8170598767824696,0.03305639179898334
0.9179253825967483,0.04569824725807048
1.0312426689380967,0.0619637781538519
1.1585488999444697,0.08242947545235346
1.3015710016583038,0.10761121570983367
1.4622490880091454,0.13791143923363824
1.6427627787184707,0.17356532188134888
1.8455607661325835,0.21459222556219915
2.0733940320616497,0.26075921672875146
2.329353165215711,0.3115629145153288
2.6169102854537,0.36623429038261146
2.9399661435534976,0.42376842871218023
3.3029030354176987,0.48297803249610016
3.710644248503383,0.542566145107884
4.168720846874621,0.6012107464380074
4.683346700825936,0.6576520946964066
5.261502778863538,0.7107732671722249
5.911031845476362,0.7596653854235795
6.64074484928479,0.8036712928022844
7.4605404447366075,0.842404550780023
8.381539268677866,0.8757439671194489
9.416234793278331,0.9038068876630462
10.578662801651687,0.9269067102137669
11.884591785129816,0.9455012449437277
13.351736844955687,0.9601386089998193
15.0,0.971406465565133
