SA(0.3s) [g],Complete_damage
0.05000000000000001,5.011113746178353e-11
0.056172467201025755,1.3331513670777895e-10
0.06310692142900626,3.469931009192351e-10
0.07089742948257126,8.836236187192981e-10
0.07964967064493539,2.2015503864381003e-09
0.08948237023750269,5.366796340666724e-09
0.10052891014472326,1.280081984855741e-08
0.11293913815718663,2.987503566753702e-08
0.1268814006769336,6.8224382809845e-08
0.14254482635890514,1.5245608842029412e-07
0.16014189166643014,3.333790362658462e-07
0.17991130314285533,7.134040522771556e-07
0.2021212354977168,1.4940088490789094e-06
0.2270729694325259,3.0620258689717517e-06
0.2551049785537617,6.142168894496258e-06
0.28659752081259104,1.2059032727496088e-05
0.3219777967548112,2.317411988417284e-05
0.36172574455336326,4.3593135491515334e-05
0.4063805504338082,8.027550527711647e-05
0.45654796280755766,0.00014471923180370272
0.5129085093300529,0.00025543375847814076
0.5762267283493882,0.00044144075964414053
0.6473615399712076,0.0007470417213851777
0.7272778974247632,0.0012380410567383038
0.8170598767824696,0.002009491215364867
0.9179253825967483,0.003194811290811783
1.0312426689380967,0.004975812536956337
1.1585488999444697,0.007592751774929352
1.3015710016583038,0.011353063963084664
1.4622490880091454,0.01663696929437042
1.6427627787184707,0.02389781201663177
1.8455607661325835,0.033654893229166705
2.0733940320616497,0.04647683235543432
2.329353165215711,0.06295422205514467
2.6169102854537,0.0836615488444552
2.9399661435534976,0.10910995528828416
3.3029030354176987,0.13969422301675094
3.710644248503383,0.17563906078269986
4.168720846874621,0.21695103238631375
4.683346700825936,0.2633829131169262
5.261502778863538,0.31441667605328205
5.911031845476362,0.36926961178633133
6.64074484928479,0.42692542876650375
7.4605404447366075,0.48618893704472277
8.381539268677866,0.545759617032272
9.416234793278331,0.6043166052568316
10.578662801651687,0.6606059092050277
11.884591785129816,0.7135203239088862
13.351736844955687,0.762163629924582
15.0,0.8058929914564623
