SA(0.3s) [g],Complete_damage
0.05000000000000001,1.3128043097054842e-10
0.056172467201025755,6.123594964435597e-10
0.06310692142900626,2.6970307098750368e-09
0.07089742948257126,1.1217143547348485e-08
0.07964967064493539,4.405997822143348e-08
0.08948237023750269,1.6346546527490347e-07
0.10052891014472326,5.729119380015746e-07
0.11293913815718663,1.8971314595939148e-06
0.1268814006769336,5.936501250469739e-06
0.14254482635890514,1.7557909515741876e-05
0.16014189166643014,4.9093148903112116e-05
0.17991130314285533,0.0001298029750446128
0.2021212354977168,0.00032463046747244206
0.2270729694325259,0.000768206659006454
0.2551049785537617,0.0017207416650654173
0.28659752081259104,0.0036499935291562924
0.3219777967548112,0.007335461795797693
0.36172574455336326,0.013975837432017801
0.4063805504338082,0.025260517817708772
0.45654796280755766,0.04334819939130008
0.5129085093300529,0.0706929464099657
0.5762267283493882,0.10968378541935753
0.6473615399712076,0.16212215422552778
0.7272778974247632,0.2286393459356575
0.8170598767824696,0.30822173080058246
0.9179253825967483,0.39802630075342693
1.0312426689380967,0.49360881665284795
1.1585488999444697,0.5895614848963677
1.3015710016583038,0.6804134311569037
1.4622490880091454,0.7615487515502098
1.6427627787184707,0.8298901928186568
1.8455607661325835,0.8841847935406271
2.0733940320616497,0.9248691375530703
2.329353165215711,0.9536229837630925
2.6169102854537,0.9727903426409653
2.9399661435534976,0.9848414237772553
3.3029030354176987,0.9919878155138575
3.710644248503383,0.9959849091676383
4.168720846874621,0.9980935281461343
4.683346700825936,0.9991427026425144
5.261502778863538,0.9996350738778736
5.911031845476362,0.9998530116086957
6.64074484928479,0.9999439958989788
7.4605404447366075,0.9999798215450135
8.381539268677866,0.9999931265377734
9.416234793278331,0.999997786984784
10.578662801651687,0.9999993266706391
11.884591785129816,0.9999998064345111
13.351736844955687,0.9999999474325486
15.0,0.9999999865155494
