SA(0.3s) [g],Complete_damage
0.05000000000000001,1.0902390101819037e-13
0.056172467201025755,1.0793588245405772e-12
0.06310692142900626,9.705347636668193e-12
0.07089742948257126,7.92550469697062e-11
0.07964967064493539,5.878856290664203e-10
0.08948237023750269,3.9617987779294594e-09
0.10052891014472326,2.426172918124081e-08
0.11293913815718663,1.3504883145110114e-07
0.1268814006769336,6.834804853195209e-07
0.14254482635890514,3.1461093811246954e-06
0.16014189166643014,1.3176616532106777e-05
0.17991130314285533,5.023601777076614e-05
0.2021212354977168,0.00017443825107077426
0.2270729694325259,0.0005520274861681163
0.2551049785537617,0.001593319290903894
0.28659752081259104,0.004198219834398609
0.3219777967548112,0.010109460352340949
0.36172574455336326,0.0222779748419617
0.4063805504338082,0.045001218142784793
0.45654796280755766,0.08349397080717857
0.5129085093300529,0.14264540530505254
0.5762267283493882,0.22510300816260043
0.6473615399712076,0.3293770886357732
0.7272778974247632,0.448996888827601
0.8170598767824696,0.5734802443449849
0.9179253825967483,0.6909973662541471
1.0312426689380967,0.7916377898659634
1.1585488999444697,0.8698230138552324
1.3015710016583038,0.9249236955522763
1.4622490880091454,0.9601500848858355
1.6427627787184707,0.9805795338647386
1.8455607661325835,0.9913273620746066
2.0733940320616497,0.996456663144974
2.329353165215711,0.9986772443124964
2.6169102854537,0.9995492983294644
2.9399661435534976,0.9998599583794664
3.3029030354176987,0.9999603481508446
3.710644248503383,0.9999897755622125
4.168720846874621,0.9999976002939931
4.683346700825936,0.9999994875799527
5.261502778863538,0.9999999004873371
5.911031845476362,0.9999999824299737
6.64074484928479,0.9999999971804159
7.4605404447366075,0.9999999995888418
8.381539268677866,0.9999999999455309
9.416234793278331,0.9999999999934457
10.578662801651687,0.9999999999992838
11.884591785129816,0.999999999999929
13.351736844955687,0.9999999999999936
15.0,0.9999999999999994
