SA(1.0s) [g],Complete_damage
0.05000000000000001,8.076781894406082e-06
0.056172467201025755,1.3569244512345868e-05
0.06310692142900626,2.2504668910516834e-05
0.07089742948257126,3.6846863334050184e-05
0.07964967064493539,5.955954304004418e-05
0.08948237023750269,9.504688746919676e-05
0.10052891014472326,0.00014975238659253876
0.11293913815718663,0.00023295573989023932
0.1268814006769336,0.00035780990651856914
0.14254482635890514,0.0005426591253618884
0.16014189166643014,0.0008126720615588834
0.17991130314285533,0.0012018102915529738
0.2021212354977168,0.001755129320120452
0.2270729694325259,0.0025313758907055117
0.2551049785537617,0.003605801047016466
0.28659752081259104,0.0050730541271203355
0.3219777967548112,0.007049961322592169
0.36172574455336326,0.009677928445347761
0.4063805504338082,0.013124648165640185
0.45654796280755766,0.017584746237715443
0.5129085093300529,0.023278979426608615
0.5762267283493882,0.03045161045759781
0.6473615399712076,0.03936564141176502
0.7272778974247632,0.0502956924894532
0.8170598767824696,0.0635184688728605
0.9179253825967483,0.07930095896749612
1.0312426689380967,0.09788673969107076
1.1585488999444697,0.11948100861826605
1.3015710016583038,0.14423519272211793
1.4622490880091454,0.1722321698905307
1.6427627787184707,0.2034732532976331
1.8455607661325835,0.2378681054662165
2.0733940320616497,0.27522865249343775
2.329353165215711,0.31526785558151094
2.6169102854537,0.35760387711068864
2.9399661435534976,0.4017697768307045
3.3029030354176987,0.4472284275858571
3.710644248503383,0.4933918949781564
4.168720846874621,0.5396441299360009
4.683346700825936,0.5853655220989119
5.261502778863538,0.6299576902677599
5.911031845476362,0.6728668641750222
6.64074484928479,0.7136043421129511
7.4605404447366075,0.7517627760956112
8.381539268677866,0.7870274089861544
9.416234793278331,0.8191818237867956
10.578662801651687,0.8481082160129045
11.884591785129816,0.8737826186890161
13.351736844955687,0.8962658558680219
15.0,0.9156912460206172
