SA(1.0s) [g],Loss_ratio
0.05000000000000001,4.708807265575765e-07
0.056172467201025755,9.498949562700627e-07
0.06310692142900626,1.872317348048254e-06
0.07089742948257126,3.608811133080263e-06
0.07964967064493539,6.8079749508878395e-06
0.08948237023750269,1.2582714066150563e-05
0.10052891014472326,2.280899952880512e-05
0.11293913815718663,4.059896111235877e-05
0.1268814006769336,7.10415607219514e-05
0.14254482635890514,0.00012234839369841685
0.16014189166643014,0.00020760136321528854
0.17991130314285533,0.0003473715508396427
0.2021212354977168,0.0005735561500429723
0.2270729694325259,0.0009348433002172705
0.2551049785537617,0.001504228727234417
0.28659752081259104,0.0023889233921190905
0.3219777967548112,0.0037427477742919273
0.36172574455336326,0.005780650037190215
0.4063805504338082,0.008794285030890322
0.45654796280755766,0.01316668273532413
0.5129085093300529,0.019383044246123516
0.5762267283493882,0.028033864102260414
0.6473615399712076,0.039806211920460424
0.7272778974247632,0.055459457083944896
0.8170598767824696,0.07578323112200117
0.9179253825967483,0.10153798622459732
1.0312426689380967,0.1333817426286356
1.1585488999444697,0.1717897555958687
1.3015710016583038,0.2169759192514799
1.4622490880091454,0.26882503710089833
1.6427627787184707,0.32684364323241466
1.8455607661325835,0.3901348651960145
2.0733940320616497,0.45740150319223943
2.329353165215711,0.5269821624330142
2.6169102854537,0.5969271358395498
2.9399661435534976,0.6651206765921174
3.3029030354176987,0.7294503417686966
3.710644248503383,0.7880105419963908
4.168720846874621,0.8393097732916605
4.683346700825936,0.882437750705193
5.261502778863538,0.9171491309967982
5.911031845476362,0.9438386075815519
6.64074484928479,0.9634125534227301
7.4605404447366075,0.9770924319858216
8.381539268677866,0.9862018571395627
9.416234793278331,0.9919863525110411
10.578662801651687,0.9954961650073555
11.884591785129816,0.9975381328886037
13.351736844955687,0.9986830622488999
15.0,0.9993059662317137
