SA(0.3s) [g],Loss_ratio
0.05000000000000001,2.1317934311824152e-07
0.056172467201025755,4.4700450128210325e-07
0.06310692142900626,9.213673711170954e-07
0.07089742948257126,1.8678561627515265e-06
0.07964967064493539,3.7264514389147313e-06
0.08948237023750269,7.320561333177153e-06
0.10052891014472326,1.4168770973096283e-05
0.11293913815718663,2.7031284304097225e-05
0.1268814006769336,5.085096699051812e-05
0.14254482635890514,9.434168616968337e-05
0.16014189166643014,0.0001726076111206336
0.17991130314285533,0.0003113476074329216
0.2021212354977168,0.000553395640144922
0.2270729694325259,0.0009685313590182511
0.2551049785537617,0.0016675844547184636
0.28659752081259104,0.0028217209548199963
0.3219777967548112,0.0046872605132508485
0.36172574455336326,0.007635232708173919
0.4063805504338082,0.012182986467191195
0.45654796280755766,0.019022526350107635
0.5129085093300529,0.029037166889743643
0.5762267283493882,0.043295303030018904
0.6473615399712076,0.0630087889336557
0.7272778974247632,0.08944510875457815
0.8170598767824696,0.12378859365150283
0.9179253825967483,0.16695692123174663
1.0312426689380967,0.21939388135937332
1.1585488999444697,0.2808745506796745
1.3015710016583038,0.35036930264661537
1.4622490880091454,0.4260127296535268
1.6427627787184707,0.5052087929088418
1.8455607661325835,0.5848751128682427
2.0733940320616497,0.6617938192900465
2.329353165215711,0.7330048334814869
2.6169102854537,0.796161468559661
2.9399661435534976,0.8497749400106975
3.3029030354176987,0.8933027489863743
3.710644248503383,0.9270765856429324
4.168720846874621,0.9521044973641077
4.683346700825936,0.9698070232370841
5.261502778863538,0.9817516445987571
5.911031845476362,0.98943620120837
6.64074484928479,0.9941479065578231
7.4605404447366075,0.9969000622113234
8.381539268677866,0.9984309502656117
9.416234793278331,0.9992416222107657
10.578662801651687,0.9996501747828651
11.884591785129816,0.9998460747564563
13.351736844955687,0.9999354255354663
15.0,0.999974181982408
