PGA [g],Loss_ratio
0.05000000000000001,8.846605986770878e-10
0.056172467201025755,4.6142644829495104e-09
0.06310692142900626,2.2377842522132837e-08
0.07089742948257126,1.0092462200946165e-07
0.07964967064493539,4.2337192776595857e-07
0.08948237023750269,1.6522926371328481e-06
0.10052891014472326,6.000659484703985e-06
0.11293913815718663,2.0285270340836786e-05
0.1268814006769336,6.385187650698901e-05
0.14254482635890514,0.00018721517657395247
0.16014189166643014,0.0005115324949261656
0.17991130314285533,0.001303145615319585
0.2021212354977168,0.003097152398460892
0.2270729694325259,0.006872155428620331
0.2551049785537617,0.014248019398428395
0.28659752081259104,0.027630604960361536
0.3219777967548112,0.05018022713430287
0.36172574455336326,0.08547119636940315
0.4063805504338082,0.13677800142451552
0.45654796280755766,0.20607783776359193
0.5129085093300529,0.2930467477192727
0.5762267283493882,0.3944431710827244
0.6473615399712076,0.504221573126335
0.7272778974247632,0.6144852966344934
0.8170598767824696,0.7170640460000522
0.9179253825967483,0.8052364872167518
1.0312426689380967,0.8750364500899622
1.1585488999444697,0.9257272533656371
1.3015710016583038,0.9593524783066034
1.4622490880091454,0.9796337494413456
1.6427627787184707,0.9907071758409262
1.8455607661325835,0.9961572820395912
2.0733940320616497,0.9985661530847755
2.329353165215711,0.999519064713569
2.6169102854537,0.9998554716758199
2.9399661435534976,0.999961197133955
3.3029030354176987,0.9999907154929991
3.710644248503383,0.9999980242458797
4.168720846874621,0.9999996267376992
4.683346700825936,0.9999999374907576
5.261502778863538,0.999999990732537
5.911031845476362,0.9999999987849827
6.64074484928479,0.9999999998592671
7.4605404447366075,0.9999999999856106
8.381539268677866,0.9999999999987021
9.416234793278331,0.9999999999998969
10.578662801651687,0.9999999999999928
11.884591785129816,0.9999999999999996
13.351736844955687,1.0
15.0,1.0
