SA(0.6s) [g],Complete_damage
0.05000000000000001,6.728922810139704e-05
0.056172467201025755,0.00010848520975637044
0.06310692142900626,0.0001725504502952946
0.07089742948257126,0.00027076864725739114
0.07964967064493539,0.0004192128867988032
0.08948237023750269,0.000640388194995678
0.10052891014472326,0.0009652598621534558
0.11293913815718663,0.0014356832890360938
0.1268814006769336,0.0021072172138968392
0.14254482635890514,0.0030522543815397762
0.16014189166643014,0.004363342073892995
0.17991130314285533,0.0061564916358529675
0.2021212354977168,0.008574196111047372
0.2270729694325259,0.01178779629393567
0.2551049785537617,0.015998768787946593
0.28659752081259104,0.021438468184210357
0.3219777967548112,0.028365853338646274
0.36172574455336326,0.03706277801229518
0.4063805504338082,0.04782653849306817
0.45654796280755766,0.060959548842312694
0.5129085093300529,0.07675625336709424
0.5762267283493882,0.09548767121698098
0.6473615399712076,0.11738427499285153
0.7272778974247632,0.14261820068876763
0.8170598767824696,0.17128603157097066
0.9179253825967483,0.20339355460987363
1.0312426689380967,0.23884392101093754
1.1585488999444697,0.2774305297134253
1.3015710016583038,0.31883568826732245
1.4622490880091454,0.36263570254666455
1.6427627787184707,0.40831253841246706
1.8455607661325835,0.4552716348085467
2.0733940320616497,0.5028648901842269
2.329353165215711,0.5504173570992503
2.6169102854537,0.5972558220196302
2.9399661435534976,0.6427372628473436
3.3029030354176987,0.6862751887401302
3.710644248503383,0.7273620737596922
4.168720846874621,0.7655864719489239
4.683346700825936,0.8006439002543138
5.261502778863538,0.8323411374544645
5.911031845476362,0.8605941473307305
6.64074484928479,0.8854203323534906
7.4605404447366075,0.906926211841157
8.381539268677866,0.9252918650735241
9.416234793278331,0.9407535743352688
10.578662801651687,0.9535860536806314
11.884591785129816,0.9640854805234382
13.351736844955687,0.9725542937387817
15.0,0.9792884231669089
