SA(1.0s) [g],Loss_ratio
0.05000000000000001,1.4593227358858026e-05
0.056172467201025755,2.6728475573806e-05
0.06310692142900626,4.8112173063338253e-05
0.07089742948257126,8.510525993730186e-05
0.07964967064493539,0.00014792458343941618
0.08948237023750269,0.00025262082023356526
0.10052891014472326,0.00042384465184863154
0.11293913815718663,0.0006985858144261221
0.1268814006769336,0.0011310422081620688
0.14254482635890514,0.0017987015650606322
0.16014189166643014,0.0028095809025380346
0.17991130314285533,0.004310358679179298
0.2021212354977168,0.006494851452412105
0.2270729694325259,0.009611948216923655
0.2551049785537617,0.013971761168878515
0.28659752081259104,0.019948445524945495
0.3219777967548112,0.027977968128946935
0.36172574455336326,0.03854915921462328
0.4063805504338082,0.05218674786692963
0.45654796280755766,0.06942580660422731
0.5129085093300529,0.09077809551011382
0.5762267283493882,0.11669209355929325
0.6473615399712076,0.1475098292973908
0.7272778974247632,0.18342469311262427
0.8170598767824696,0.22444492751920325
0.9179253825967483,0.2703672222298785
1.0312426689380967,0.32076374260468143
1.1585488999444697,0.37498421388984104
1.3015710016583038,0.43217284933436717
1.4622490880091454,0.4912985445834801
1.6427627787184707,0.551196308204398
1.8455607661325835,0.6106183568685277
2.0733940320616497,0.6682940856558146
2.329353165215711,0.7229982368892744
2.6169102854537,0.7736251593752781
2.9399661435534976,0.8192639571286913
3.3029030354176987,0.8592655827468454
3.710644248503383,0.8932904261429573
4.168720846874621,0.9213255782539906
4.683346700825936,0.9436655148985711
5.261502778863538,0.9608574974181614
5.911031845476362,0.9736210560737423
6.64074484928479,0.9827566094361236
7.4605404447366075,0.9890595992918881
8.381539268677866,0.993253298451056
9.416234793278331,0.9959472265762037
10.578662801651687,0.9976213054827506
11.884591785129816,0.9986306628822048
13.351736844955687,0.99922346844983
15.0,0.9995642739359565
