SA(1.0s) [g],Loss_ratio
0.05000000000000001,1.8137204341551764e-07
0.056172467201025755,4.295614216865587e-07
0.06310692142900626,9.822624174440693e-07
0.07089742948257126,2.170519543143227e-06
0.07964967064493539,4.639886960636026e-06
0.08948237023750269,9.608005016199218e-06
0.10052891014472326,1.9303131942615424e-05
0.11293913815718663,3.769586990249539e-05
0.1268814006769336,7.170369401033617e-05
0.14254482635890514,0.00013315634922663323
0.16014189166643014,0.00024197764314641418
0.17991130314285533,0.00043127711376593665
0.2021212354977168,0.0007553392735335225
0.2270729694325259,0.0013017790405546008
0.2551049785537617,0.0022092423494706375
0.28659752081259104,0.0036917109416839088
0.3219777967548112,0.006069390596706217
0.36172574455336326,0.009804035613016711
0.4063805504338082,0.015533343004726231
0.45654796280755766,0.02409517344387524
0.5129085093300529,0.036528912482991706
0.5762267283493882,0.054039961293702234
0.6473615399712076,0.07791599295672653
0.7272778974247632,0.10939142983337574
0.8170598767824696,0.14946916269719995
0.9179253825967483,0.1987231315098634
1.0312426689380967,0.25711729879424006
1.1585488999444697,0.3238806203830718
1.3015710016583038,0.39747084494968904
1.4622490880091454,0.4756437112375417
1.6427627787184707,0.5556241091821287
1.8455607661325835,0.6343590124047008
2.0733940320616497,0.7088219416394094
2.329353165215711,0.7763330031826546
2.6169102854537,0.8348522743036446
2.9399661435534976,0.8831972234293308
3.3029030354176987,0.9211351203358369
3.710644248503383,0.9493200228875716
4.168720846874621,0.9690828501010829
4.683346700825936,0.9821281973091083
5.261502778863538,0.9902197290142192
5.911031845476362,0.9949313855891176
6.64074484928479,0.9975076971371084
7.4605404447366075,0.9988328641341154
8.381539268677866,0.9994763978528429
9.416234793278331,0.9997731941578548
10.578662801651687,0.9999042754752767
11.884591785129816,0.9999602905881977
13.351736844955687,0.9999837072590088
15.0,0.9999933732095612
