SA(0.6s) [g],Loss_ratio
0.05000000000000001,1.3586830130699624e-08
0.056172467201025755,3.730486118674563e-08
0.06310692142900626,1.0050504955355975e-07
0.07089742948257126,2.6490556537173064e-07
0.07964967064493539,6.805794648352168e-07
0.08948237023750269,1.6976697601342207e-06
0.10052891014472326,4.096356429585731e-06
0.11293913815718663,9.530414548291313e-06
0.1268814006769336,2.1325045977082367e-05
0.14254482635890514,4.5809713491453454e-05
0.16014189166643014,9.437973839129742e-05
0.17991130314285533,0.00018644570784184163
0.2021212354977168,0.0003533499082744568
0.2270729694325259,0.0006432584392592849
0.2551049785537617,0.0011270962630349278
0.28659752081259104,0.0019059374596300553
0.3219777967548112,0.003121006491090198
0.36172574455336326,0.004968541907956333
0.4063805504338082,0.007722924065932028
0.45654796280755766,0.011772083612627542
0.5129085093300529,0.017668382947788327
0.5762267283493882,0.026194623623035877
0.6473615399712076,0.038436984010078744
0.7272778974247632,0.055843287090061505
0.8170598767824696,0.08022709847917465
0.9179253825967483,0.11366223948738326
1.0312426689380967,0.1582122535114464
1.1585488999444697,0.21547287737311566
1.3015710016583038,0.2859816455067945
1.4622490880091454,0.36865033205178466
1.6427627787184707,0.4604521630551206
1.8455607661325835,0.5565809194317595
2.0733940320616497,0.65115869182344
2.329353165215711,0.7383435332807121
2.6169102854537,0.8134905321174661
2.9399661435534976,0.8739706505257077
3.3029030354176987,0.9193925644364165
3.710644248503383,0.951228369663339
4.168720846874621,0.9720713890410574
4.683346700825936,0.984841092517224
5.261502778863538,0.9921823251058598
5.911031845476362,0.9961572458258808
6.64074484928479,0.9981934071299343
7.4605404447366075,0.9991850795096798
8.381539268677866,0.9996464821825264
9.416234793278331,0.9998523738112609
10.578662801651687,0.9999406903418643
11.884591785129816,0.9999771188383593
13.351736844955687,0.9999915466040283
15.0,0.9999970183479882
