SA(0.3s) [g],Loss_ratio
0.05000000000000001,4.2072335734456916e-07
0.056172467201025755,9.113112225594277e-07
0.06310692142900626,1.9211418068299004e-06
0.07089742948257126,3.942832742867027e-06
0.07964967064493539,7.88112647864575e-06
0.08948237023750269,1.5350284151629256e-05
0.10052891014472326,2.9150988205660914e-05
0.11293913815718663,5.401361858820728e-05
0.1268814006769336,9.772686675537511e-05
0.14254482635890514,0.00017281198101201314
0.16014189166643014,0.0002989561941765833
0.17991130314285533,0.000506486877071448
0.2021212354977168,0.0008412515473576582
0.2270729694325259,0.0013713625440512456
0.2551049785537617,0.0021963497103337252
0.28659752081259104,0.0034592967397024874
0.3219777967548112,0.005362439338215803
0.36172574455336326,0.008186357549598365
0.4063805504338082,0.012312147796204518
0.45654796280755766,0.018244657956453546
0.5129085093300529,0.026632927175021505
0.5762267283493882,0.03828149738784827
0.6473615399712076,0.05414370500474389
0.7272778974247632,0.0752863388664889
0.8170598767824696,0.10281554449494118
0.9179253825967483,0.13775810877790434
1.0312426689380967,0.18090130584717906
1.1585488999444697,0.2326078854712169
1.3015710016583038,0.2926377891508048
1.4622490880091454,0.3600196557571869
1.6427627787184707,0.43301691142348775
1.8455607661325835,0.5092205833168306
2.0733940320616497,0.5857739227618083
2.329353165215711,0.6596988185131462
2.6169102854537,0.7282623382030728
2.9399661435534976,0.7893058914066688
3.3029030354176987,0.8414668987278857
3.710644248503383,0.8842519581281838
4.168720846874621,0.9179609724535387
4.683346700825936,0.943498914555494
5.261502778863538,0.9621335552393013
5.911031845476362,0.9752586612177431
6.64074484928479,0.9842064268142439
7.4605404447366075,0.9901292226993829
8.381539268677866,0.9939487131154432
9.416234793278331,0.9963562482636965
10.578662801651687,0.9978436751436759
11.884591785129816,0.9987461266426161
13.351736844955687,0.9992842518321994
15.0,0.9995995081299885
