SA(0.3s) [g],Loss_ratio
0.05000000000000001,2.2493565921095438e-07
0.056172467201025755,4.896891599403703e-07
0.06310692142900626,1.0430919488179105e-06
0.07089742948257126,2.1742392437248074e-06
0.07964967064493539,4.435328883948178e-06
0.08948237023750269,8.856029752482783e-06
0.10052891014472326,1.7310885888472197e-05
0.11293913815718663,3.313227852428434e-05
0.1268814006769336,6.21059762006806e-05
0.14254482635890514,0.00011404539772943624
0.16014189166643014,0.00020521548103836164
0.17991130314285533,0.00036196629405646583
0.2021212354977168,0.0006260348163861823
0.2270729694325259,0.0010620678072182758
0.2551049785537617,0.0017679839245989956
0.28659752081259104,0.002888783663235208
0.3219777967548112,0.00463425591240366
0.36172574455336326,0.0073006067337145816
0.4063805504338082,0.011295199309177389
0.45654796280755766,0.017162182654853878
0.5129085093300529,0.025604697962615455
0.5762267283493882,0.037496671464478354
0.6473615399712076,0.05387438838641791
0.7272778974247632,0.0758960921547427
0.8170598767824696,0.10475832830141119
0.9179253825967483,0.14156246492598729
1.0312426689380967,0.18713504972559403
1.1585488999444697,0.24182099952660527
1.3015710016583038,0.30528591977762953
1.4622490880091454,0.37637710528489643
1.6427627787184707,0.45309460739103824
1.8455607661325835,0.5327086268805221
2.0733940320616497,0.6120274091316497
2.329353165215711,0.6877784310391246
2.6169102854537,0.7570288284055717
2.9399661435534976,0.8175534773334521
3.3029030354176987,0.868069620307709
3.710644248503383,0.908293181464038
4.168720846874621,0.9388210351413399
4.683346700825936,0.9608875770655755
5.261502778863538,0.9760682374882697
5.911031845476362,0.9860016048851579
6.64074484928479,0.9921805418252562
7.4605404447366075,0.9958325495167274
8.381539268677866,0.9978825946514646
9.416234793278331,0.9989751492313046
10.578662801651687,0.9995277651675502
11.884591785129816,0.9997929647887149
13.351736844955687,0.9999136834588037
15.0,0.9999657937189129
