SA(1.0s) [g],Loss_ratio
0.05000000000000001,8.43651987625965e-08
0.056172467201025755,2.1041213771804866e-07
0.06310692142900626,5.098460945640022e-07
0.07089742948257126,1.2003651181014865e-06
0.07964967064493539,2.746373523661577e-06
0.08948237023750269,6.107727041353186e-06
0.10052891014472326,1.3207930099575557e-05
0.11293913815718663,2.778953524768787e-05
0.1268814006769336,5.6940163382838787e-05
0.14254482635890514,0.00011377530248651691
0.16014189166643014,0.0002221400997954892
0.17991130314285533,0.00042490856276118617
0.2021212354977168,0.0007987794487820964
0.2270729694325259,0.0014806678620615762
0.2551049785537617,0.002713799262867305
0.28659752081259104,0.004924236399643726
0.3219777967548112,0.00883743737517468
0.36172574455336326,0.015633547925141388
0.4063805504338082,0.0271128373566852
0.45654796280755766,0.04579807181251042
0.5129085093300529,0.074853234495016
0.5762267283493882,0.11768394217442238
0.6473615399712076,0.17715137649315843
0.7272778974247632,0.25450168998671385
0.8170598767824696,0.34833967744300554
0.9179253825967483,0.4541279089874934
1.0312426689380967,0.5646173732321864
1.1585488999444697,0.6712636866277933
1.3015710016583038,0.7662014335372003
1.4622490880091454,0.8440277853835065
1.6427627787184707,0.9027141406341197
1.8455607661325835,0.9433970014828104
2.0733940320616497,0.9693223862482606
2.329353165215711,0.9845179891682398
2.6169102854537,0.9927201694275067
2.9399661435534976,0.9968055718770958
3.3029030354176987,0.9986886546165804
3.710644248503383,0.999494808623691
4.168720846874621,0.9998167282778332
4.683346700825936,0.999937191692917
5.261502778863538,0.999979617785027
5.911031845476362,0.9999937297447503
6.64074484928479,0.9999981719374311
7.4605404447366075,0.9999994956860423
8.381539268677866,0.9999998686628857
9.416234793278331,0.9999999677984541
10.578662801651687,0.9999999925864138
11.884591785129816,0.9999999984010008
13.351736844955687,0.9999999996774956
15.0,0.999999999939259
