SA(0.6s) [g],Complete_damage
0.05000000000000001,4.195088839531458e-06
0.056172467201025755,7.858140889327458e-06
0.06310692142900626,1.4458836978148426e-05
0.07089742948257126,2.6133594892008283e-05
0.07964967064493539,4.640190509641595e-05
0.08948237023750269,8.094002762326635e-05
0.10052891014472326,0.00013870857488040844
0.11293913815718663,0.00023354948551945753
0.1268814006769336,0.0003863805171405721
0.14254482635890514,0.0006281151888375414
0.16014189166643014,0.0010034146384603204
0.17991130314285533,0.001575325707053099
0.2021212354977168,0.0024307679211296174
0.2270729694325259,0.0036866951175923424
0.2551049785537617,0.005496575497347167
0.28659752081259104,0.008056616419615636
0.3219777967548112,0.011610928679947063
0.36172574455336326,0.01645461372448087
0.4063805504338082,0.022933611986687086
0.45654796280755766,0.031440123403710496
0.5129085093300529,0.04240255204833476
0.5762267283493882,0.05626927185663744
0.6473615399712076,0.07348606957544301
0.7272778974247632,0.09446786723918343
0.8170598767824696,0.11956618988346401
0.9179253825967483,0.14903471438269245
1.0312426689380967,0.18299597306610105
1.1585488999444697,0.22141274430326152
1.3015710016583038,0.2640677147074695
1.4622490880091454,0.31055456596874365
1.6427627787184707,0.3602827180200421
1.8455607661325835,0.4124966280608042
2.0733940320616497,0.46630896086999263
2.329353165215711,0.5207453274617055
2.6169102854537,0.5747968769952105
2.9399661435534976,0.6274760411009929
3.3029030354176987,0.6778703285372651
3.710644248503383,0.725189316610857
4.168720846874621,0.7688008436018887
4.683346700825936,0.8082537353086112
5.261502778863538,0.8432859898822895
5.911031845476362,0.8738189586537404
6.64074484928479,0.8999394699228118
7.4605404447366075,0.9218728721941536
8.381539268677866,0.9399505241655272
9.416234793278331,0.9545753169222035
10.578662801651687,0.9661884418273751
11.884591785129816,0.9752399332769495
13.351736844955687,0.9821646635195845
15.0,0.9873645903655922
