SA(0.3s) [g],Loss_ratio
0.05000000000000001,8.440901016368098e-10
0.056172467201025755,2.0885558685143626e-09
0.06310692142900626,5.060461747756899e-09
0.07089742948257126,1.2009511020440676e-08
0.07964967064493539,2.7925178363952555e-08
0.08948237023750269,6.364986967003269e-08
0.10052891014472326,1.4229439648099838e-07
0.11293913815718663,3.122453676224466e-07
0.1268814006769336,6.73172799839333e-07
0.14254482635890514,1.427425023341013e-06
0.16014189166643014,2.9805711073262587e-06
0.17991130314285533,6.136206425341834e-06
0.2021212354977168,1.2469393972695146e-05
0.2270729694325259,2.5033024169756615e-05
0.2551049785537617,4.96705074333982e-05
0.28659752081259104,9.739967643657871e-05
0.3219777967548112,0.0001886176121246638
0.36172574455336326,0.00036025728395684686
0.4063805504338082,0.0006774605812716443
0.45654796280755766,0.0012516878065371973
0.5129085093300529,0.0022672035384066497
0.5762267283493882,0.004017165678413895
0.6473615399712076,0.0069486162137647285
0.7272778974247632,0.011712127382825736
0.8170598767824696,0.019206669754132384
0.9179253825967483,0.030604166357156765
1.0312426689380967,0.04733297380582614
1.1585488999444697,0.07099805244539159
1.3015710016583038,0.10322119586271852
1.4622490880091454,0.14539985380869708
1.6427627787184707,0.1984074786695435
1.8455607661325835,0.26228711254886206
2.0733940320616497,0.33601345733234933
2.329353165215711,0.4174048047955709
2.6169102854537,0.5032454600390627
2.9399661435534976,0.5896309834524294
3.3029030354176987,0.6724845578519485
3.710644248503383,0.7481353286945083
4.168720846874621,0.8138226216619857
4.683346700825936,0.8680073773826238
5.261502778863538,0.9104294925355982
5.911031845476362,0.9419250634636566
6.64074484928479,0.9640816073421825
7.4605404447366075,0.9788398099382791
8.381539268677866,0.988141380039444
9.416234793278331,0.9936852116280419
10.578662801651687,0.9968081231204347
11.884591785129816,0.998469979083984
13.351736844955687,0.9993050445706884
15.0,0.9997011125735581
