SA(0.3s) [g],Loss_ratio
0.05000000000000001,1.0311254449444124e-08
0.056172467201025755,2.723633243895978e-08
0.06310692142900626,6.931210362087459e-08
0.07089742948257126,1.699405484646541e-07
0.07964967064493539,4.014737041415619e-07
0.08948237023750269,9.14059911613262e-07
0.10052891014472326,2.0062211101015123e-06
0.11293913815718663,4.2466726667509185e-06
0.1268814006769336,8.674093430377754e-06
0.14254482635890514,1.7108761162216016e-05
0.16014189166643014,3.261665386869084e-05
0.17991130314285533,6.0174340629106644e-05
0.2021212354977168,0.00010759830898891054
0.2270729694325259,0.00018684032293715802
0.2551049785537617,0.000315836582532708
0.28659752081259104,0.0005212665040782286
0.3219777967548112,0.0008428571057802606
0.36172574455336326,0.0013402644946251445
0.4063805504338082,0.0021040156724691475
0.45654796280755766,0.003272341062052252
0.5129085093300529,0.00505568299685624
0.5762267283493882,0.007769828811095614
0.6473615399712076,0.011876566619510729
0.7272778974247632,0.018027232953118394
0.8170598767824696,0.027099673563341205
0.9179253825967483,0.04021384274172292
1.0312426689380967,0.058707282086354756
1.1585488999444697,0.08405157241679276
1.3015710016583038,0.11769721973834525
1.4622490880091454,0.1608489699546864
1.6427627787184707,0.21419535325003097
1.8455607661325835,0.2776406658206346
2.0733940320616497,0.35010618615954686
2.329353165215711,0.42947019463514297
2.6169102854537,0.5126960304985058
2.9399661435534976,0.5961543302834709
3.3029030354176987,0.6760904812024862
3.710644248503383,0.7491401970508531
4.168720846874621,0.8127748387525275
4.683346700825936,0.8655746792390842
5.261502778863538,0.9072783710439833
5.911031845476362,0.9386215992266841
6.64074484928479,0.9610327039970131
7.4605404447366075,0.9762792180872213
8.381539268677866,0.98615193264658
9.416234793278331,0.9922415214631685
10.578662801651687,0.9958235652084562
11.884591785129816,0.9978362392023696
13.351736844955687,0.9989187710081843
15.0,0.9994775920203354
