SA(1.0s) [g],Complete_damage
0.05000000000000001,0.0
0.056172467201025755,0.0
0.06310692142900626,1.1102230246251565e-16
0.07089742948257126,8.881784197001252e-16
0.07964967064493539,5.440092820663267e-15
0.08948237023750269,3.241851231905457e-14
0.10052891014472326,1.8396395518038844e-13
0.11293913815718663,9.908740494779522e-13
0.1268814006769336,5.063727215315339e-12
0.14254482635890514,2.4556801037078912e-11
0.16014189166643014,1.1301959368381631e-10
0.17991130314285533,4.936852038284201e-10
0.2021212354977168,2.0468930994610446e-09
0.2270729694325259,8.056124878308424e-09
0.2551049785537617,3.0101241277336044e-08
0.28659752081259104,1.0678626072291308e-07
0.3219777967548112,3.5972419898389063e-07
0.36172574455336326,1.1508094900358756e-06
0.4063805504338082,3.4968694377912612e-06
0.45654796280755766,1.0094103711777436e-05
0.5129085093300529,2.7685172902525146e-05
0.5762267283493882,7.216167214951774e-05
0.6473615399712076,0.00017879119426555956
0.7272778974247632,0.00042119157012032726
0.8170598767824696,0.0009437062584842781
0.9179253825967483,0.002011711809125627
1.0312426689380967,0.004081656237743592
1.1585488999444697,0.007885777781189485
1.3015710016583038,0.014514974851578155
1.4622490880091454,0.025469123263711535
1.6427627787184707,0.0426326973165293
1.8455607661325835,0.06813318554752223
2.0733940320616497,0.10405854630888944
2.329353165215711,0.1520502140950386
2.6169102854537,0.21284170124403223
2.9399661435534976,0.2858600559406338
3.3029030354176987,0.3690237493651557
3.710644248503383,0.45883857205862544
4.168720846874621,0.5508146379704552
4.683346700825936,0.6401275438859861
5.261502778863538,0.7223643380384732
5.911031845476362,0.7941653623252998
6.64074484928479,0.8536092971287568
7.4605404447366075,0.900274890924865
8.381539268677866,0.9350123660432474
9.416234793278331,0.9595318736624338
10.578662801651687,0.9759429510961232
11.884591785129816,0.9863583061658673
13.351736844955687,0.9926262118780709
15.0,0.9962029071850039
