SA(1.0s) [g],Complete_damage
0.05000000000000001,3.6637359812630166e-15
0.056172467201025755,2.220446049250313e-14
0.06310692142900626,1.27675647831893e-13
0.07089742948257126,6.94999613415348e-13
0.07964967064493539,3.591682506964844e-12
0.08948237023750269,1.761368828567811e-11
0.10052891014472326,8.19734280455009e-11
0.11293913815718663,3.6207992160086633e-10
0.1268814006769336,1.5180184886887105e-09
0.14254482635890514,6.041257827327229e-09
0.16014189166643014,2.2824207412952546e-08
0.17991130314285533,8.187035727136305e-08
0.2021212354977168,2.7884941533606877e-07
0.2270729694325259,9.019444615621097e-07
0.2551049785537617,2.7708824070771243e-06
0.28659752081259104,8.08636078786229e-06
0.3219777967548112,2.242134601593282e-05
0.36172574455336326,5.907861176945861e-05
0.4063805504338082,0.00014796418818896484
0.45654796280755766,0.00035233147695956646
0.5129085093300529,0.0007978859138475514
0.5762267283493882,0.0017189712539762425
0.6473615399712076,0.003524519339511145
0.7272778974247632,0.006880571460399443
0.8170598767824696,0.012795630923906898
0.9179253825967483,0.022681175915289398
1.0312426689380967,0.0383470084690708
1.1585488999444697,0.061887631552414724
1.3015710016583038,0.09543004122301046
1.4622490880091454,0.1407492781446238
1.6427627787184707,0.19881009044727127
1.8455607661325835,0.2693436743235038
2.0733940320616497,0.3505932734180077
2.329353165215711,0.4393413626998681
2.6169102854537,0.5312612227537556
2.9399661435534976,0.6215372158561459
3.3029030354176987,0.7056085157208614
3.710644248503383,0.7798481421932517
4.168720846874621,0.842011756006922
4.683346700825936,0.8913687943107996
5.261502778863538,0.9285286625613078
5.911031845476362,0.9550570786038041
6.64074484928479,0.9730151779989854
7.4605404447366075,0.984542305754577
8.381539268677866,0.9915583656215521
9.416234793278331,0.9956076347448426
10.578662801651687,0.9978236404710311
11.884591785129816,0.9989735817736058
13.351736844955687,0.9995394179059873
15.0,0.9998034249498627
