SA(1.0s) [g],Complete_damage
0.05000000000000001,0.0
0.056172467201025755,0.0
0.06310692142900626,3.3306690738754696e-16
0.07089742948257126,1.7763568394002505e-15
0.07964967064493539,1.0103029524088925e-14
0.08948237023750269,5.4067861299245124e-14
0.10052891014472326,2.760014439218139e-13
0.11293913815718663,1.3442580382161395e-12
0.1268814006769336,6.247558026473143e-12
0.14254482635890514,2.7705726601823244e-11
0.16014189166643014,1.172387742442993e-10
0.17991130314285533,4.734185266030977e-10
0.2021212354977168,1.8243997423894598e-09
0.2270729694325259,6.710071054349953e-09
0.2551049785537617,2.3555978168054992e-08
0.28659752081259104,7.89369050124833e-08
0.3219777967548112,2.525258772090311e-07
0.36172574455336326,7.71302672841756e-07
0.4063805504338082,2.249511691032602e-06
0.45654796280755766,6.265462897725449e-06
0.5129085093300529,1.6667985032414734e-05
0.5762267283493882,4.2359331245522824e-05
0.6473615399712076,0.00010285627048622903
0.7272778974247632,0.00023868091962298
0.8170598767824696,0.0005294329347753646
0.9179253825967483,0.001122858313345576
1.0312426689380967,0.0022776642546775694
1.1585488999444697,0.00442031640162488
1.3015710016583038,0.008210797500943667
1.4622490880091454,0.014604276236052982
1.6427627787184707,0.02488634589705485
1.8455607661325835,0.04065245294115605
2.0733940320616497,0.06370236002027385
2.329353165215711,0.09583266255977096
2.6169102854537,0.1385359696066648
2.9399661435534976,0.19264993675849107
3.3029030354176987,0.2580319820242316
3.710644248503383,0.33335174916606836
4.168720846874621,0.41608133113501455
4.683346700825936,0.5027204691156113
5.261502778863538,0.5892309777129601
5.911031845476362,0.6715926312553105
6.64074484928479,0.7463549356169803
7.4605404447366075,0.8110605093272941
8.381539268677866,0.8644556874750056
9.416234793278331,0.9064667480870732
10.578662801651687,0.9379824087592064
11.884591785129816,0.9605242941008408
13.351736844955687,0.9758971648643644
15.0,0.985893032235699
