PGA [g],Loss_ratio
0.05000000000000001,3.500681986253315e-06
0.056172467201025755,8.240312189482408e-06
0.06310692142900626,1.8766164022811293e-05
0.07089742948257126,4.135163248002376e-05
0.07964967064493539,8.817473293123278e-05
0.08948237023750269,0.0001819634564643777
0.10052891014472326,0.00036347351116830897
0.11293913815718663,0.0007028725605655884
0.1268814006769336,0.0013160423905738186
0.14254482635890514,0.0023863574584749394
0.16014189166643014,0.0041914683682026865
0.17991130314285533,0.007132898421231358
0.2021212354977168,0.011763922061670654
0.2270729694325259,0.018808604961095595
0.2551049785537617,0.029162768308911922
0.28659752081259104,0.043866996191262476
0.3219777967548112,0.06404366864386678
0.36172574455336326,0.09079503308895838
0.4063805504338082,0.12506735054991555
0.45654796280755766,0.167495853490275
0.5129085093300529,0.2182542185166983
0.5762267283493882,0.27693752663416144
0.6473615399712076,0.3425067088615182
0.7272778974247632,0.4133142086387372
0.8170598767824696,0.4872162162699776
0.9179253825967483,0.5617596949019245
1.0312426689380967,0.6344170566709706
1.1585488999444697,0.7028318952482422
1.3015710016583038,0.7650378835019269
1.4622490880091454,0.8196194964674184
1.6427627787184707,0.8657952164459977
1.8455607661325835,0.9034180418230549
2.0733940320616497,0.9329015235377631
2.329353165215711,0.955090180331373
2.6169102854537,0.9710997754219354
2.9399661435534976,0.9821548259964119
3.3029030354176987,0.9894476096983653
3.710644248503383,0.9940354659269878
4.168720846874621,0.9967831795423605
4.683346700825936,0.9983473479364698
5.261502778863538,0.9991924400578451
5.911031845476362,0.9996252017652456
6.64074484928479,0.9998349953342438
7.4605404447366075,0.9999311710604821
8.381539268677866,0.9999728247835091
9.416234793278331,0.9999898538825768
10.578662801651687,0.9999964207465385
11.884591785129816,0.9999988078516906
13.351736844955687,0.9999996253482469
15.0,0.9999998889725579
