SA(0.6s) [g],Complete_damage
0.05000000000000001,2.3814445970771203e-09
0.056172467201025755,4.4914700847442646e-09
0.06310692142900626,8.378199467529157e-09
0.07089742948257126,1.545721250995058e-08
0.07964967064493539,2.8205531354963398e-08
0.08948237023750269,5.090548316211141e-08
0.10052891014472326,9.087130581342251e-08
0.11293913815718663,1.6044489203892454e-07
0.1268814006769336,2.801993906897948e-07
0.14254482635890514,4.840120239046897e-07
0.16014189166643014,8.269868010390979e-07
0.17991130314285533,1.397656859136731e-06
0.2021212354977168,2.3365146516463042e-06
0.2270729694325259,3.8637514186978805e-06
0.2551049785537617,6.320183472796614e-06
0.28659752081259104,1.0226747735653241e-05
0.3219777967548112,1.6369698353391193e-05
0.36172574455336326,2.5920743809804137e-05
0.4063805504338082,4.060380601988989e-05
0.45654796280755766,6.292277901953636e-05
0.5129085093300529,9.646745630031983e-05
0.5762267283493882,0.00014631742325266206
0.6473615399712076,0.00021956579563142675
0.7272778974247632,0.00032598571668907006
0.8170598767824696,0.00047886186682100096
0.9179253825967483,0.0006960061477710999
1.0312426689380967,0.0010009703819932048
1.1585488999444697,0.0014244585481461014
1.3015710016583038,0.0020059261311694554
1.4622490880091454,0.002795334264374394
1.6427627787184707,0.003855001599715857
1.8455607661325835,0.005261467998894043
2.0733940320616497,0.007107252691519017
2.329353165215711,0.009502357843661824
2.6169102854537,0.01257533971011926
2.9399661435534976,0.016473747614177192
3.3029030354176987,0.021363720267846387
3.710644248503383,0.027428533807625555
4.168720846874621,0.034865920260767624
4.683346700825936,0.04388402171971828
5.261502778863538,0.05469591524669104
5.911031845476362,0.06751273506034883
6.64074484928479,0.08253552773419814
7.4605404447366075,0.0999460959753441
8.381539268677866,0.11989720747216981
9.416234793278331,0.14250265577779597
10.578662801651687,0.1678277478026371
11.884591785129816,0.19588084522312077
13.351736844955687,0.22660659490263924
15.0,0.2598814395953839
