SA(0.6s) [g],Complete_damage
0.05000000000000001,1.486704970243835e-08
0.056172467201025755,3.312982599368297e-08
0.06310692142900626,7.239559696170517e-08
0.07089742948257126,1.5513698692348754e-07
0.07964967064493539,3.26017629781461e-07
0.08948237023750269,6.718967305863188e-07
0.10052891014472326,1.358043760779637e-06
0.11293913815718663,2.6920918625439327e-06
0.1268814006769336,5.234160332046045e-06
0.14254482635890514,9.981654834456677e-06
0.16014189166643014,1.8671322894014963e-05
0.17991130314285533,3.425978999327395e-05
0.2021212354977168,6.166702088572507e-05
0.2270729694325259,0.00010889381296719236
0.2551049785537617,0.00018865163593428935
0.28659752081259104,0.0003206655497867139
0.3219777967548112,0.0005348202983098682
0.36172574455336326,0.0008753047702209082
0.4063805504338082,0.0014058574660403833
0.45654796280755766,0.00221611180863468
0.5129085093300529,0.003428874555183592
0.5762267283493882,0.00520794022425719
0.6473615399712076,0.0077657590068461735
0.7272778974247632,0.01136996195600215
0.8170598767824696,0.016347451836841276
0.9179253825967483,0.023084555438934617
1.0312426689380967,0.03202167909515796
1.1585488999444697,0.043641087514071475
1.3015710016583038,0.05844689113016743
1.4622490880091454,0.0769370939955839
1.6427627787184707,0.0995685814126952
1.8455607661325835,0.1267171075346527
2.0733940320616497,0.15863551082682525
2.329353165215711,0.19541433201701452
2.6169102854537,0.23694952226530708
2.9399661435534976,0.2829218355181762
3.3029030354176987,0.33279170919832746
3.710644248503383,0.3858119796905567
4.168720846874621,0.44105881070705044
4.683346700825936,0.4974790037151584
5.261502778863538,0.5539497499708939
5.911031845476362,0.6093452197923706
6.64074484928479,0.6626034507082399
7.4605404447366075,0.7127869549933472
8.381539268677866,0.7591313260840835
9.416234793278331,0.8010777323947098
10.578662801651687,0.8382872706257027
11.884591785129816,0.870637365077964
13.351736844955687,0.898202401633703
15.0,0.9212222964550075
