SA(0.6s) [g],Complete_damage
0.05000000000000001,2.586066694121314e-08
0.056172467201025755,5.648900491816988e-08
0.06310692142900626,1.2104186619676938e-07
0.07089742948257126,2.5442896878224985e-07
0.07964967064493539,5.246495830002473e-07
0.08948237023750269,1.0613469072495718e-06
0.10052891014472326,2.106420121994468e-06
0.11293913815718663,4.101546247858856e-06
0.1268814006769336,7.835770231112704e-06
0.14254482635890514,1.4688076388047477e-05
0.16014189166643014,2.7015705415522895e-05
0.17991130314285533,4.875917143998265e-05
0.2021212354977168,8.63588754710376e-05
0.2270729694325259,0.00015010393463499305
0.2551049785537617,0.00025605738284895097
0.28659752081259104,0.0004287167482774912
0.3219777967548112,0.0007045659157964845
0.36172574455336326,0.0011366414940625624
0.4063805504338082,0.001800161893544372
0.45654796280755766,0.0027991386155173936
0.5129085093300529,0.004273700480974196
0.5762267283493882,0.006407615791343635
0.6473615399712076,0.00943521178922746
0.7272778974247632,0.013646599613333699
0.8170598767824696,0.01938986827862388
0.9179253825967483,0.027068778989250752
1.0312426689380967,0.03713454198192134
1.1585488999444697,0.05007055333853383
1.3015710016583038,0.06636954314866728
1.4622490880091454,0.0865034292303476
1.6427627787184707,0.11088721592066042
1.8455607661325835,0.13983939950339785
2.0733940320616497,0.1735423662779335
2.329353165215711,0.2120069980902668
2.6169102854537,0.25504594833230854
2.9399661435534976,0.3022596885663854
3.3029030354176987,0.35303841346672304
3.710644248503383,0.4065813056853701
4.168720846874621,0.4619326935109632
4.683346700825936,0.5180325635563477
5.261502778863538,0.5737770411038801
5.911031845476362,0.6280831263549155
6.64074484928479,0.6799514004462919
7.4605404447366075,0.7285206897355132
8.381539268677866,0.773109753060713
9.416234793278331,0.8132427504715122
10.578662801651687,0.84865728099362
11.884591785129816,0.8792958178145249
13.351736844955687,0.9052831196095861
15.0,0.9268934292960831
