SA(0.6s) [g],Loss_ratio
0.05000000000000001,1.124990838872295e-08
0.056172467201025755,2.6967168269084063e-08
0.06310692142900626,6.42162087083048e-08
0.07089742948257126,1.5190679276808545e-07
0.07964967064493539,3.5636960505788047e-07
0.08948237023750269,8.26394534275226e-07
0.10052891014472326,1.8858793892175059e-06
0.11293913815718663,4.21447422552587e-06
0.1268814006769336,9.179049338331194e-06
0.14254482635890514,1.9402413221302954e-05
0.16014189166643014,3.9670293613261984e-05
0.17991130314285533,7.82684815237418e-05
0.2021212354977168,0.00014879781860026428
0.2270729694325259,0.00027244343353901483
0.2551049785537617,0.00048062444007962457
0.28659752081259104,0.0008180220880604076
0.3219777967548112,0.00134631829054809
0.36172574455336326,0.0021496983726677563
0.4063805504338082,0.003344301338306716
0.45654796280755766,0.005095141345805564
0.5129085093300529,0.007645063212513549
0.5762267283493882,0.011360142150989617
0.6473615399712076,0.01679334616857426
0.7272778974247632,0.02476187573621519
0.8170598767824696,0.03642255081606802
0.9179253825967483,0.05331493243937565
1.0312426689380967,0.07732801091496289
1.1585488999444697,0.11054202082405581
1.3015710016583038,0.1549133989687913
1.4622490880091454,0.21181559205179692
1.6427627787184707,0.28151639579749727
1.8455607661325835,0.3627402460136174
2.0733940320616497,0.4524935607029231
2.329353165215711,0.5462890128946151
2.6169102854537,0.6387859250668225
2.9399661435534976,0.7247083657796006
3.3029030354176987,0.7997816465764257
3.710644248503383,0.8614071150938434
4.168720846874621,0.9088916042339827
4.683346700825936,0.9432160772585652
5.261502778863538,0.9664856573897438
5.911031845476362,0.9812806972490665
6.64074484928479,0.9901064284115464
7.4605404447366075,0.9950498700914454
8.381539268677866,0.997652930804171
9.416234793278331,0.9989437390977577
10.578662801651687,0.9995478726688375
11.884591785129816,0.9998154716366326
13.351736844955687,0.9999280034602848
15.0,0.9999730800423478
