SA(0.3s) [g],Complete_damage
0.05000000000000001,2.2473494565300456e-07
0.056172467201025755,4.89053106011994e-07
0.06310692142900626,1.0411408815080847e-06
0.07089742948257126,2.1684458895165903e-06
0.07964967064493539,4.418676085027329e-06
0.08948237023750269,8.809688798572246e-06
0.10052891014472326,1.718603662437257e-05
0.11293913815718663,3.280661103521876e-05
0.1268814006769336,6.128343897449096e-05
0.14254482635890514,0.00011203373283263929
0.16014189166643014,0.00020045116016498277
0.17991130314285533,0.00035103888535903405
0.2021212354977168,0.0006017615988137548
0.2270729694325259,0.0010098462071468362
0.2551049785537617,0.0016591668347090138
0.28659752081259104,0.002669165159064568
0.3219777967548112,0.00420496491394895
0.36172574455336326,0.006487939301835555
0.4063805504338082,0.009805508619938896
0.45654796280755766,0.01451844426409743
0.5129085093300529,0.021063533388310685
0.5762267283493882,0.029949244416386578
0.6473615399712076,0.04174216529031716
0.7272778974247632,0.057042579004548455
0.8170598767824696,0.07644864771712356
0.9179253825967483,0.10051025126603153
1.0312426689380967,0.1296753995840787
1.1585488999444697,0.16423402344861393
1.3015710016583038,0.2042654740011498
1.4622490880091454,0.24959684519909442
1.6427627787184707,0.29977896835209306
1.8455607661325835,0.35408547405117585
2.0733940320616497,0.41153776376503004
2.329353165215711,0.4709554151691001
2.6169102854537,0.5310279945345278
2.9399661435534976,0.5904010962309348
3.3029030354176987,0.6477672659699623
3.710644248503383,0.7019517106799039
4.168720846874621,0.7519835023149541
4.683346700825936,0.7971451870633541
5.261502778863538,0.8369968879062741
5.911031845476362,0.87137454141008
6.64074484928479,0.9003652101774716
7.4605404447366075,0.9242649331080853
8.381539268677866,0.9435259902028768
9.416234793278331,0.9587006855935788
10.578662801651687,0.9703879386164
11.884591785129816,0.9791874285880035
13.351736844955687,0.9856641487490102
15.0,0.9903243570622596
