SA(1.0s) [g],Complete_damage
0.05000000000000001,0.0
0.056172467201025755,0.0
0.06310692142900626,0.0
0.07089742948257126,3.3306690738754696e-16
0.07964967064493539,2.3314683517128287e-15
0.08948237023750269,1.4765966227514582e-14
0.10052891014472326,8.981704269217516e-14
0.11293913815718663,5.158096172408477e-13
0.1268814006769336,2.8034241594809828e-12
0.14254482635890514,1.441902153231922e-11
0.16014189166643014,7.019329562041321e-11
0.17991130314285533,3.2344427136621334e-10
0.2021212354977168,1.4108580970173534e-09
0.2270729694325259,5.8262135116393665e-09
0.2551049785537617,2.2779908293024675e-08
0.28659752081259104,8.433892428882928e-08
0.3219777967548112,2.9571134363415297e-07
0.36172574455336326,9.820445464603367e-07
0.4063805504338082,3.0894709523998642e-06
0.45654796280755766,9.208763162238398e-06
0.5129085093300529,2.6011574724815745e-05
0.5762267283493882,6.964258885366892e-05
0.6473615399712076,0.00017678016375544114
0.7272778974247632,0.00042556391295744955
0.8170598767824696,0.0009718704619615659
0.9179253825967483,0.0021063207917386695
1.0312426689380967,0.0043340874150504805
1.1585488999444697,0.008471124793898888
1.3015710016583038,0.015736283822400665
1.4622490880091454,0.027801554925991567
1.6427627787184707,0.04674965378002982
1.8455607661325835,0.07489010649644656
2.0733940320616497,0.11441162739049027
2.329353165215711,0.16690126377086167
2.6169102854537,0.23282639542427752
2.9399661435534976,0.31112718091113056
3.3029030354176987,0.3990737725351736
3.710644248503383,0.49248729796078294
4.168720846874621,0.5863165828214829
4.683346700825936,0.6754426917912286
5.261502778863538,0.7555015424584355
5.911031845476362,0.8235082188763192
6.64074484928479,0.8781382492302177
7.4605404447366075,0.9196383245237201
8.381539268677866,0.9494511889111559
9.416234793278331,0.9697044840728832
10.578662801651687,0.9827159012769687
11.884591785129816,0.9906206880158567
13.351736844955687,0.9951621119575373
15.0,0.9976294571818027
