SA(0.6s) [g],Loss_ratio
0.05000000000000001,9.154291412452661e-08
0.056172467201025755,2.1273935507122952e-07
0.06310692142900626,5.09265654176151e-07
0.07089742948257126,1.2539243393506588e-06
0.07964967064493539,3.148072022012436e-06
0.08948237023750269,7.953681496705358e-06
0.10052891014472326,1.9946403210656986e-05
0.11293913815718663,4.9067730606798635e-05
0.1268814006769336,0.00011734402218322376
0.14254482635890514,0.00027109483432316756
0.16014189166643014,0.0006024927717354707
0.17991130314285533,0.0012846483850819982
0.2021212354977168,0.0026236309721074844
0.2270729694325259,0.005127435267704279
0.2551049785537617,0.009584789401451126
0.28659752081259104,0.017135937475545433
0.3219777967548112,0.02930544663249337
0.36172574455336326,0.047958836312162655
0.4063805504338082,0.0751474697832196
0.45654796280755766,0.11282572930055719
0.5129085093300529,0.16246174441711578
0.5762267283493882,0.22460973150384653
0.6473615399712076,0.2985514191595816
0.7272778974247632,0.38212581967215464
0.8170598767824696,0.4718367864294779
0.9179253825967483,0.5632580165633548
1.0312426689380967,0.6516659205132207
1.1585488999444697,0.7327550852343385
1.3015710016583038,0.8032601672485519
1.4622490880091454,0.8613362654202805
1.6427627787184707,0.9066266907886232
1.8455607661325835,0.9400418386374528
2.0733940320616497,0.9633491961548591
2.329353165215711,0.9787071676018103
2.6169102854537,0.988260245816172
2.9399661435534976,0.9938655949124593
3.3029030354176987,0.9969658743548824
3.710644248503383,0.998581117856477
4.168720846874621,0.9993733054401537
4.683346700825936,0.9997388163747964
5.261502778863538,0.999897379131008
5.911031845476362,0.9999620180195955
6.64074484928479,0.9999867671065419
7.4605404447366075,0.9999956631070592
8.381539268677866,0.9999986637534313
9.416234793278331,0.9999996131526524
10.578662801651687,0.9999998948230557
11.884591785129816,0.9999999731569476
13.351736844955687,0.99999999357173
15.0,0.9999999985560776
