SA(0.6s) [g],Loss_ratio
0.05000000000000001,1.1495922149334165e-05
0.056172467201025755,2.399376690543682e-05
0.06310692142900626,4.789772170428831e-05
0.07089742948257126,9.158117740727678e-05
0.07964967064493539,0.0001680334622694678
0.08948237023750269,0.0002966113312268268
0.10052891014472326,0.0005054171273063295
0.11293913815718663,0.0008350116869049332
0.1268814006769336,0.0013449516964224911
0.14254482635890514,0.002125702064711683
0.16014189166643014,0.003319505882256237
0.17991130314285533,0.005154138416864171
0.2021212354977168,0.007992137836144012
0.2270729694325259,0.012394025680731335
0.2551049785537617,0.01918661809854245
0.28659752081259104,0.02951749134861177
0.3219777967548112,0.04486675408541896
0.36172574455336326,0.06698239842908738
0.4063805504338082,0.09771152120089066
0.45654796280755766,0.1387207574291054
0.5129085093300529,0.19113427349790066
0.5762267283493882,0.25515795408771047
0.6473615399712076,0.3297886280915314
0.7272778974247632,0.41271057521352983
0.8170598767824696,0.5004482862636437
0.9179253825967483,0.5887787946211616
1.0312426689380967,0.6733287809559623
1.1585488999444697,0.7502200696202199
1.3015710016583038,0.816607560213004
1.4622490880091454,0.8709856035594226
1.6427627787184707,0.9132105420609297
1.8455607661325835,0.9442705533975532
2.0733940320616497,0.9658978955921138
2.329353165215711,0.9801429214543609
2.6169102854537,0.989012132094233
2.9399661435534976,0.9942287750570158
3.3029030354176987,0.9971256559419092
3.710644248503383,0.9986437037791899
4.168720846874621,0.9993940774773084
4.683346700825936,0.9997438430073187
5.261502778863538,0.9998975558745131
5.911031845476362,0.99996124575549
6.64074484928479,0.9999861302645553
7.4605404447366075,0.9999953019512514
8.381539268677866,0.9999984927584203
9.416234793278331,0.9999995415166177
10.578662801651687,0.9999998675810305
11.884591785129816,0.9999999636234091
13.351736844955687,0.9999999904757855
15.0,0.9999999976179371
