SA(1.0s) [g],Complete_damage
0.05000000000000001,0.0
0.056172467201025755,0.0
0.06310692142900626,0.0
0.07089742948257126,0.0
0.07964967064493539,3.3306690738754696e-16
0.08948237023750269,1.887379141862766e-15
0.10052891014472326,1.176836406102666e-14
0.11293913815718663,7.005507285384738e-14
0.1268814006769336,3.9412917374193057e-13
0.14254482635890514,2.1029844532449715e-12
0.16014189166643014,1.063726884353855e-11
0.17991130314285533,5.101508104843333e-11
0.2021212354977168,2.3198920562350622e-10
0.2270729694325259,1.000398319739304e-09
0.2551049785537617,4.091193939181892e-09
0.28659752081259104,1.586863263014493e-08
0.3219777967548112,5.8382913059595865e-08
0.36172574455336326,2.0376900922158825e-07
0.4063805504338082,6.74763269925549e-07
0.45654796280755766,2.120248518311385e-06
0.5129085093300529,6.322844211203993e-06
0.5762267283493882,1.7898031380192414e-05
0.6473615399712076,4.8100708451292995e-05
0.7272778974247632,0.00012275768176306379
0.8170598767824696,0.0002975826000304327
0.9179253825967483,0.0006854156087613417
1.0312426689380967,0.0015004860152229016
1.1585488999444697,0.003123247954558761
1.3015710016583038,0.006183972300263685
1.4622490880091454,0.01165291906837207
1.6427627787184707,0.02091041596856702
1.8455607661325835,0.0357558928802153
2.0733940320616497,0.05830896459982404
2.329353165215711,0.09076746532869284
2.6169102854537,0.1350224940559528
2.9399661435534976,0.19218462272976566
3.3029030354176987,0.262131108871255
3.710644248503383,0.34321512847886804
4.168720846874621,0.43226157285032274
4.683346700825936,0.5249039935727471
5.261502778863538,0.6162133387598572
5.911031845476362,0.701470835216622
6.64074484928479,0.7768865578557238
7.4605404447366075,0.840084526751234
8.381539268677866,0.8902559181389688
9.416234793278331,0.9279888748330346
10.578662801651687,0.9548730695400542
11.884591785129816,0.9730192211632118
13.351736844955687,0.9846225639360014
15.0,0.9916515476387224
