SA(1.0s) [g],Complete_damage
0.05000000000000001,0.0
0.056172467201025755,0.0
0.06310692142900626,3.3306690738754696e-16
0.07089742948257126,1.887379141862766e-15
0.07964967064493539,1.1657341758564144e-14
0.08948237023750269,6.916689443414725e-14
0.10052891014472326,3.8957725934096743e-13
0.11293913815718663,2.0795587474253807e-12
0.1268814006769336,1.0522360760489846e-11
0.14254482635890514,5.0482173996613255e-11
0.16014189166643014,2.2964918855450378e-10
0.17991130314285533,9.906653275493227e-10
0.2021212354977168,4.0528527200933695e-09
0.2270729694325259,1.5725581947734213e-08
0.2551049785537617,5.787741419460701e-08
0.28659752081259104,2.0207718276488151e-07
0.3219777967548112,6.694004056617686e-07
0.36172574455336326,2.1041478766026245e-06
0.4063805504338082,6.277062188364546e-06
0.45654796280755766,1.7774734476616594e-05
0.5129085093300529,4.7786212712730425e-05
0.5762267283493882,0.00012199791067746268
0.6473615399712076,0.00029584417422401366
0.7272778974247632,0.000681648267511048
0.8170598767824696,0.0014927535288482563
0.9179253825967483,0.003108216231428984
1.0312426689380967,0.006156296271437323
1.1585488999444697,0.011604657194243306
1.3015710016583038,0.02083070648544527
1.4622490880091454,0.03563120587178226
1.6427627787184707,0.05812423443428394
1.8455607661325835,0.09050825050398048
2.0733940320616497,0.13467799562066485
2.329353165215711,0.1917509919777164
2.6169102854537,0.26161414725824317
2.9399661435534976,0.3426314120461219
3.3029030354176987,0.4316373337821464
3.710644248503383,0.524271719499804
4.168720846874621,0.6156067907204101
4.683346700825936,0.700919735186134
5.261502778863538,0.7764123147033929
5.911031845476362,0.8396980021823681
6.64074484928479,0.8899575458115061
7.4605404447366075,0.9277707297735533
8.381539268677866,0.95472201366429
9.416234793278331,0.9729201527363924
10.578662801651687,0.9845610266537591
11.884591785129816,0.9916153444554089
13.351736844955687,0.9956651577505399
15.0,0.9978677048982538
