SA(1.0s) [g],Complete_damage
0.05000000000000001,0.0
0.056172467201025755,0.0
0.06310692142900626,2.220446049250313e-16
0.07089742948257126,1.4432899320127035e-15
0.07964967064493539,1.099120794378905e-14
0.08948237023750269,7.904787935331115e-14
0.10052891014472326,5.299094496535872e-13
0.11293913815718663,3.330113962363157e-12
0.1268814006769336,1.960631657027534e-11
0.14254482635890514,1.0815992546042708e-10
0.16014189166643014,5.591326290854681e-10
0.17991130314285533,2.708866908562868e-09
0.2021212354977168,1.2300920948504768e-08
0.2270729694325259,5.236286781951094e-08
0.2551049785537617,2.0898292729665258e-07
0.28659752081259104,7.821204807134663e-07
0.3219777967548112,2.7453347335448797e-06
0.36172574455336326,9.040034804064234e-06
0.4063805504338082,2.793221178565286e-05
0.45654796280755766,8.100716847381229e-05
0.5129085093300529,0.00022057938552699774
0.5762267283493882,0.0005641459904458523
0.6473615399712076,0.0013557836424827885
0.7272778974247632,0.003063227020285053
0.8170598767824696,0.0065104654772941695
0.9179253825967483,0.013025282230684776
1.0312426689380967,0.024550246805455145
1.1585488999444697,0.043634892379022405
1.3015710016583038,0.07321748464841182
1.4622490880091454,0.11614111469146005
1.6427627787184707,0.17444065561311994
1.8455607661325835,0.24856188696282855
2.0733940320616497,0.3367741914774669
2.329353165215711,0.4350450944240237
2.6169102854537,0.5375229609552925
2.9399661435534976,0.6375562616200109
3.3029030354176987,0.7289609540375974
3.710644248503383,0.8071420326581755
4.168720846874621,0.869737650791903
4.683346700825936,0.9166508532790576
5.261502778863538,0.9495628930298379
5.911031845476362,0.9711762743243888
6.64074484928479,0.9844624010383421
7.4605404447366075,0.9921074684228166
8.381539268677866,0.9962253222496557
9.416234793278331,0.998301509786564
10.578662801651687,0.999281377795543
11.884591785129816,0.9997142634192542
13.351736844955687,0.9998932755701065
15.0,0.9999625694281945
