SA(0.6s) [g],Complete_damage
0.05000000000000001,1.6210971942598462e-07
0.056172467201025755,3.853227129591019e-07
0.06310692142900626,8.917694604981818e-07
0.07089742948257126,2.0096298769534116e-06
0.07964967064493539,4.410014876499169e-06
0.08948237023750269,9.424355361664638e-06
0.10052891014472326,1.961464152444581e-05
0.11293913815718663,3.9761096395918294e-05
0.1268814006769336,7.850921640728536e-05
0.14254482635890514,0.000151009954951431
0.16014189166643014,0.0002829796049522715
0.17991130314285533,0.000516672540094465
0.2021212354977168,0.0009192570198053307
0.2270729694325259,0.0015939534927519317
0.2551049785537617,0.002693971657805494
0.28659752081259104,0.004438714060037152
0.3219777967548112,0.00713088635741399
0.36172574455336326,0.011172124981390641
0.4063805504338082,0.01707367752963429
0.45654796280755766,0.025457811894223137
0.5129085093300529,0.03704532865181809
0.5762267283493882,0.05262515954369196
0.6473615399712076,0.07300380645579141
0.7272778974247632,0.09893534061480225
0.8170598767824696,0.13103654726760228
0.9179253825967483,0.16969591966964492
1.0312426689380967,0.21498865518394727
1.1585488999444697,0.2666115821606354
1.3015710016583038,0.3238512402169371
1.4622490880091454,0.3855948158050958
1.6427627787184707,0.45038763348876076
1.8455607661325835,0.516533438559493
2.0733940320616497,0.5822262876082481
2.329353165215711,0.64569712645231
2.6169102854537,0.7053554062188989
2.9399661435534976,0.759907014336612
3.3029030354176987,0.8084341575085431
3.710644248503383,0.850429605568452
4.168720846874621,0.885785353567395
4.683346700825936,0.9147426587650072
5.261502778863538,0.9378152591952839
5.911031845476362,0.9556996939009283
6.64074484928479,0.9691860350489814
7.4605404447366075,0.9790796110732309
8.381539268677866,0.9861403906854985
9.416234793278331,0.9910426039210833
10.578662801651687,0.9943537008476064
11.884591785129816,0.9965293642905156
13.351736844955687,0.9979201224854259
15.0,0.9987849940135475
