SA(0.6s) [g],Complete_damage
0.05000000000000001,1.956044815010216e-08
0.056172467201025755,4.937136310889656e-08
0.06310692142900626,1.213362353924552e-07
0.07089742948257126,2.903649004570852e-07
0.07964967064493539,6.766382756318023e-07
0.08948237023750269,1.5355012004114599e-06
0.10052891014472326,3.3935095555825967e-06
0.11293913815718663,7.30431535445053e-06
0.1268814006769336,1.531334078619384e-05
0.14254482635890514,3.127169060590518e-05
0.16014189166643014,6.220961864189523e-05
0.17991130314285533,0.00012056614766642326
0.2021212354977168,0.00022766448049071908
0.2270729694325259,0.0004189010929599446
0.2551049785537617,0.0007511430607303193
0.28659752081259104,0.0013127508148322864
0.3219777967548112,0.0022363996695242694
0.36172574455336326,0.0037144047561370463
0.4063805504338082,0.006015529847954504
0.45654796280755766,0.009501308668556252
0.5129085093300529,0.014638843220905584
0.5762267283493882,0.022006087047664158
0.6473615399712076,0.032285083519472346
0.7272778974247632,0.046238861251660435
0.8170598767824696,0.06466898782965169
0.9179253825967483,0.08835327340456733
1.0312426689380967,0.11796663656962658
1.1585488999444697,0.1539921903688245
1.3015710016583038,0.19663335941254512
1.4622490880091454,0.24574032017553837
1.6427627787184707,0.30076436817210994
1.8455607661325835,0.3607514249255793
2.0733940320616497,0.4243808666440978
2.329353165215711,0.4900489314714249
2.6169102854537,0.5559884653344296
2.9399661435534976,0.6204102981600819
3.3029030354176987,0.6816475690818176
3.710644248503383,0.738283771198503
4.168720846874621,0.7892482932762778
4.683346700825936,0.8338690898368197
5.261502778863538,0.8718794690133213
5.911031845476362,0.903383243720179
6.64074484928479,0.9287882015335649
7.4605404447366075,0.9487210718394554
8.381539268677866,0.9639376381790655
9.416234793278331,0.9752397324675298
10.578662801651687,0.9834073728172986
11.884591785129816,0.9891502519916047
13.351736844955687,0.9930790356935453
15.0,0.9956940971452262
