SA(0.6s) [g],Loss_ratio
0.05000000000000001,0.0001408637301063879
0.056172467201025755,0.00022022958282456336
0.06310692142900626,0.0003399146094720027
0.07089742948257126,0.0005179949927740211
0.07964967064493539,0.0007794986734455783
0.08948237023750269,0.0011586785385276897
0.10052891014472326,0.0017020731050759307
0.11293913815718663,0.002472902026316497
0.1268814006769336,0.003557886306689894
0.14254482635890514,0.005078479283219265
0.16014189166643014,0.007209710595662741
0.17991130314285533,0.010211007572164994
0.2021212354977168,0.014473496281251622
0.2270729694325259,0.02058572654442793
0.2551049785537617,0.029412536785333912
0.28659752081259104,0.04216883873017174
0.3219777967548112,0.06045337124606928
0.36172574455336326,0.08619362927560317
0.4063805504338082,0.12145339266412214
0.45654796280755766,0.1680799644164104
0.5129085093300529,0.22722286250476656
0.5762267283493882,0.2988266489274554
0.6473615399712076,0.3812576303576975
0.7272778974247632,0.4712304408014769
0.8170598767824696,0.5641336639715135
0.9179253825967483,0.6547257511088488
1.0312426689380967,0.7380329996963424
1.1585488999444697,0.8101956389669925
1.3015710016583038,0.8690211262095373
1.4622490880091454,0.91411223291366
1.6427627787184707,0.9465899462224301
1.8455607661325835,0.9685576337853083
2.0733940320616497,0.9825037652166551
2.329353165215711,0.9908096429599491
2.6169102854537,0.99544831058351
2.9399661435534976,0.9978766485210823
3.3029030354176987,0.9990678399561816
3.710644248503383,0.9996152001669671
4.168720846874621,0.9998507372945404
4.683346700825936,0.9999456286177762
5.261502778863538,0.9999814111556358
5.911031845476362,0.9999940381161985
6.64074484928479,0.9999982070327306
7.4605404447366075,0.999999494586021
8.381539268677866,0.999999866508475
9.416234793278331,0.9999999669742748
10.578662801651687,0.9999999923490164
11.884591785129816,0.9999999983406643
13.351736844955687,0.9999999996631787
15.0,0.9999999999360237
