SA(0.6s) [g],Complete_damage
0.05000000000000001,1.1494871721140498e-10
0.056172467201025755,2.951076050194956e-10
0.06310692142900626,7.41820160854445e-10
0.07089742948257126,1.8258632383805207e-09
0.07964967064493539,4.40046732386179e-09
0.08948237023750269,1.0384860194001533e-08
0.10052891014472326,2.3998537712621726e-08
0.11293913815718663,5.430788374560791e-08
0.1268814006769336,1.2035037555424566e-07
0.14254482635890514,2.611871718904979e-07
0.16014189166643014,5.551244396384547e-07
0.17991130314285533,1.1555221443027008e-06
0.2021212354977168,2.355765396422349e-06
0.2270729694325259,4.704021319579255e-06
0.2551049785537617,9.200447907975473e-06
0.28659752081259104,1.762672115113162e-05
0.3219777967548112,3.308102836352411e-05
0.36172574455336326,6.08212251757001e-05
0.4063805504338082,0.00010955337257112507
0.45654796280755766,0.0001933386273319515
0.5129085093300529,0.000334321285097694
0.5762267283493882,0.0005664932968620917
0.6473615399712076,0.0009406901452657657
0.7272778974247632,0.0015309408213148856
0.8170598767824696,0.0024421518847909107
0.9179253825967483,0.003818878199939424
1.0312426689380967,0.005854618606565665
1.1585488999444697,0.008800690545970768
1.3015710016583038,0.012973326338746483
1.4622490880091454,0.018757266670161754
1.6427627787184707,0.02660389955553677
1.8455607661325835,0.03702201295294383
2.0733940320616497,0.05055959347468253
2.329353165215711,0.06777587125387208
2.6169102854537,0.08920397370833788
2.9399661435534976,0.1153060118306034
3.3029030354176987,0.1464239909223517
3.710644248503383,0.18273134626342624
4.168720846874621,0.2241908518070067
4.683346700825936,0.27052486279074894
5.261502778863538,0.32120315329631444
5.911031845476362,0.37545197377352313
6.64074484928479,0.4322855427277147
7.4605404447366075,0.49055833734222254
8.381539268677866,0.5490337172616241
9.416234793278331,0.6064620948151094
10.578662801651687,0.6616604745591204
11.884591785129816,0.7135849837036902
13.351736844955687,0.7613890405429065
15.0,0.8044618688604279
