SA(0.6s) [g],Complete_damage
0.05000000000000001,1.1381635642848664e-06
0.056172467201025755,2.26682808013301e-06
0.06310692142900626,4.428075535911624e-06
0.07089742948257126,8.484202102643223e-06
0.07964967064493539,1.5945010707008045e-05
0.08948237023750269,2.9395178890334606e-05
0.10052891014472326,5.316013206047021e-05
0.11293913815718663,9.431428424844235e-05
0.1268814006769336,0.0001641629026140068
0.14254482635890514,0.0002803530922071973
0.16014189166643014,0.0004697830205877551
0.17991130314285533,0.0007724710446362915
0.2021212354977168,0.0012465049476831913
0.2270729694325259,0.0019741022902620697
0.2551049785537617,0.0030686642544873743
0.28659752081259104,0.004682491934981825
0.3219777967548112,0.0070145617030408225
0.36172574455336326,0.010317447058491136
0.4063805504338082,0.014902169532126974
0.45654796280755766,0.021139520838544867
0.5129085093300529,0.029456296173494434
0.5762267283493882,0.040324989959357294
0.6473615399712076,0.05424589154647741
0.7272778974247632,0.07172120633269707
0.8170598767824696,0.09322179212386272
0.9179253825967483,0.11914825226378034
1.0312426689380967,0.14978931393946748
1.1585488999444697,0.18528144289462634
1.3015710016583038,0.22557428985421435
1.4622490880091454,0.27040664182957297
1.6427627787184707,0.3192969484257243
1.8455607661325835,0.37155120453200907
2.0733940320616497,0.4262891195911005
2.329353165215711,0.48248733280267364
2.6169102854537,0.5390362689884614
2.9399661435534976,0.5948054216930405
3.3029030354176987,0.6487107044534259
3.710644248503383,0.6997772269693772
4.168720846874621,0.7471914800271898
4.683346700825936,0.790338341677002
5.261502778863538,0.8288203012049872
5.911031845476362,0.8624585058950156
6.64074484928479,0.8912773195945205
7.4605404447366075,0.9154757415631756
8.381539268677866,0.9353900689314913
9.416234793278331,0.9514525224283219
10.578662801651687,0.9641502429171414
11.884591785129816,0.9739882532367219
13.351736844955687,0.9814588691502004
15.0,0.9870188482528427
