SA(1.0s) [g],Loss_ratio
0.05000000000000001,2.5277322157956746e-13
0.056172467201025755,1.1014284788690679e-12
0.06310692142900626,4.610952359555789e-12
0.07089742948257126,1.85560352549076e-11
0.07964967064493539,7.186343866620689e-11
0.08948237023750269,2.68363815501832e-10
0.10052891014472326,9.694904283507729e-10
0.11293913815718663,3.404937495269101e-09
0.1268814006769336,1.170423340361437e-08
0.14254482635890514,3.968762169202512e-08
0.16014189166643014,1.337021958253574e-07
0.17991130314285533,4.491440194341675e-07
0.2021212354977168,1.50151649604369e-06
0.2270729694325259,4.956809630319242e-06
0.2551049785537617,1.5975557033729962e-05
0.28659752081259104,4.9662789488570317e-05
0.3219777967548112,0.00014732842994854927
0.36172574455336326,0.00041361731211778606
0.4063805504338082,0.001092367635934714
0.45654796280755766,0.0027030569901855166
0.5129085093300529,0.0062513251109646735
0.5762267283493882,0.01349327936519716
0.6473615399712076,0.027167241919673842
0.7272778974247632,0.051024643737078504
0.8170598767824696,0.08944638048989575
0.9179253825967483,0.14649832597543572
1.0312426689380967,0.22450813317779747
1.1585488999444697,0.3225832603190678
1.3015710016583038,0.43575387383480335
1.4622490880091454,0.5553743997170302
1.6427627787184707,0.6709414238835245
1.8455607661325835,0.7727650056205597
2.0733940320616497,0.8544052768502624
2.329353165215711,0.9138539676234115
2.6169102854537,0.9531047549208692
2.9399661435534976,0.9765750742024923
3.3029030354176987,0.9892787224099644
3.710644248503383,0.9955046633089615
4.168720846874621,0.9982710726023848
4.683346700825936,0.9993883491498676
5.261502778863538,0.999800107292993
5.911031845476362,0.9999393246318743
6.64074484928479,0.9999827932143235
7.4605404447366075,0.9999954170999202
8.381539268677866,0.9999988495923077
9.416234793278331,0.999999727565045
10.578662801651687,0.99999993922607
11.884591785129816,0.9999999872712149
13.351736844955687,0.999999997507029
15.0,0.9999999995452094
