PGA [g],Complete_damage
0.05000000000000001,4.063416270128073e-14
0.056172467201025755,2.8832491949515315e-13
0.06310692142900626,1.911248936892207e-12
0.07089742948257126,1.1843304115188857e-11
0.07964967064493539,6.860356727145245e-11
0.08948237023750269,3.715119323288718e-10
0.10052891014472326,1.8810513147116126e-09
0.11293913815718663,8.906034909550442e-09
0.1268814006769336,3.9435238408103146e-08
0.14254482635890514,1.6333097208054426e-07
0.16014189166643014,6.328674854172434e-07
0.17991130314285533,2.2945800185469878e-06
0.2021212354977168,7.786411966748119e-06
0.2270729694325259,2.4735824905142145e-05
0.2551049785537617,7.358636395993212e-05
0.28659752081259104,0.00020506720703827863
0.3219777967548112,0.0005355395344510683
0.36172574455336326,0.001311229604661679
0.4063805504338082,0.0030115189271615606
0.45654796280755766,0.006492003923856182
0.5129085093300529,0.01314534606801454
0.5762267283493882,0.02502281326653899
0.6473615399712076,0.04482405281012136
0.7272778974247632,0.075652103235337
0.8170598767824696,0.12047350163941739
0.9179253825967483,0.18133054345124244
1.0312426689380967,0.25849596369799976
1.1585488999444697,0.34986969158378434
1.3015710016583038,0.4509128447938656
1.4622490880091454,0.5552597288003945
1.6427627787184707,0.655892437832909
1.8455607661325835,0.7465253397960915
2.0733940320616497,0.82275421769329
2.329353165215711,0.8826284397868607
2.6169102854537,0.9265468563669105
2.9399661435534976,0.9566311302839092
3.3029030354176987,0.9758761351294424
3.710644248503383,0.9873730582552382
4.168720846874621,0.9937870699617122
4.683346700825936,0.9971287257913685
5.261502778863538,0.9987545620126862
5.911031845476362,0.999493272328604
6.64074484928479,0.9998067112622139
7.4605404447366075,0.999930908567716
8.381539268677866,0.9999768654801271
9.416234793278331,0.9999927461152068
10.578662801651687,0.9999978707402912
11.884591785129816,0.9999994150426478
13.351736844955687,0.9999998496302299
15.0,0.9999999638380171
