SA(0.6s) [g],Loss_ratio
0.05000000000000001,1.8076169768158656e-19
0.056172467201025755,1.9565533576142748e-18
0.06310692142900626,2.4178391863600663e-16
0.07089742948257126,1.7399431088710468e-15
0.07964967064493539,1.0509096707425916e-14
0.08948237023750269,6.225990871888061e-14
0.10052891014472326,3.600103467997811e-13
0.11293913815718663,2.0204608251170115e-12
0.1268814006769336,1.0997299408388008e-11
0.14254482635890514,5.786856235781078e-11
0.16014189166643014,2.9314277174864153e-10
0.17991130314285533,1.4227684185646154e-09
0.2021212354977168,6.5852045940221284e-09
0.2270729694325259,2.8943118451775836e-08
0.2551049785537617,1.203679988563613e-07
0.28659752081259104,4.723056079584534e-07
0.3219777967548112,1.744720528622552e-06
0.36172574455336326,6.057773182092407e-06
0.4063805504338082,1.9746290471577533e-05
0.45654796280755766,6.03828744833013e-05
0.5129085093300529,0.00017314358563800302
0.5762267283493882,0.00046546411185992493
0.6473615399712076,0.0011732000725163533
0.7272778974247632,0.002773097382162127
0.8170598767824696,0.006149456243983284
0.9179253825967483,0.012800205848634805
1.0312426689380967,0.02502546341699431
1.1585488999444697,0.04598773654533788
1.3015710016583038,0.07949327685886938
1.4622490880091454,0.12936146129582524
1.6427627787184707,0.19836526643310404
1.8455607661325835,0.2869461058719277
2.0733940320616497,0.392158322675277
2.329353165215711,0.5074238520441645
2.6169102854537,0.6235026265192088
2.9399661435534976,0.7305750866608591
3.3029030354176987,0.8207186391082508
3.710644248503383,0.88975072120552
4.168720846874621,0.9376868023591924
4.683346700825936,0.9677847640306337
5.261502778863538,0.9848292146282988
5.911031845476362,0.9935157593485857
6.64074484928479,0.9974922986684827
7.4605404447366075,0.999124787290331
8.381539268677866,0.9997249603397315
9.416234793278331,0.9999223240626062
10.578662801651687,0.9999803177909433
11.884591785129816,0.9999955316585901
13.351736844955687,0.9999990922226826
15.0,0.9999998351379129
