SA(1.0s) [g],Complete_damage
0.05000000000000001,2.4313884239290928e-14
0.056172467201025755,7.283063041541027e-14
0.06310692142900626,2.1371793224034263e-13
0.07089742948257126,6.145084441300241e-13
0.07964967064493539,1.7307266730881565e-12
0.08948237023750269,4.776290474239886e-12
0.10052891014472326,1.2913559110927508e-11
0.11293913815718663,3.4206970589423236e-11
0.1268814006769336,8.877754087421863e-11
0.14254482635890514,2.257454223553168e-10
0.16014189166643014,5.62432433959259e-10
0.17991130314285533,1.3729856140898278e-09
0.2021212354977168,3.284087668475877e-09
0.2270729694325259,7.697085857572006e-09
0.2551049785537617,1.767709711941734e-08
0.28659752081259104,3.9781347105360965e-08
0.3219777967548112,8.772907456044976e-08
0.36172574455336326,1.8959003977858657e-07
0.4063805504338082,4.0152133129467416e-07
0.45654796280755766,8.33368367980647e-07
0.5129085093300529,1.6951800715370169e-06
0.5762267283493882,3.379569230022028e-06
0.6473615399712076,6.603755430822922e-06
0.7272778974247632,1.2648047481134128e-05
0.8170598767824696,2.3745375788197798e-05
0.9179253825967483,4.3699796120066914e-05
1.0312426689380967,7.884026115090315e-05
1.1585488999444697,0.00013944737698412535
1.3015710016583038,0.00024182085836810252
1.4622490880091454,0.00041117627309394944
1.6427627787184707,0.0006855600793373995
1.8455607661325835,0.0011209372541842733
2.0733940320616497,0.001797519571859696
2.329353165215711,0.002827249772291318
2.6169102854537,0.004362128583298985
2.9399661435534976,0.006602771128652263
3.3029030354176987,0.009806228319166999
3.710644248503383,0.014291751878072745
4.168720846874621,0.020442886630423374
4.683346700825936,0.028704126502315908
5.261502778863538,0.03957046239369466
5.911031845476362,0.05356855715613196
6.64074484928479,0.07122904320546652
7.4605404447366075,0.0930505281789642
8.381539268677866,0.11945721315335844
9.416234793278331,0.150753398656033
10.578662801651687,0.18707933985664427
11.884591785129816,0.22837365751444594
13.351736844955687,0.2743475914575696
15.0,0.3244756631623249
