SA(1.0s) [g],Complete_damage
0.05000000000000001,1.8515189381673736e-12
0.056172467201025755,5.102696043479682e-12
0.06310692142900626,1.3777423646388343e-11
0.07089742948257126,3.6446179407789714e-11
0.07964967064493539,9.446177173799697e-11
0.08948237023750269,2.3987678510195565e-10
0.10052891014472326,5.968379124254852e-10
0.11293913815718663,1.4550214366693126e-09
0.1268814006769336,3.475650767192917e-09
0.14254482635890514,8.135164764055958e-09
0.16014189166643014,1.8658223854828293e-08
0.17991130314285533,4.1933287397988295e-08
0.2021212354977168,9.23514748008003e-08
0.2270729694325259,1.993138651901205e-07
0.2551049785537617,4.2155401003274307e-07
0.28659752081259104,8.737862143837205e-07
0.3219777967548112,1.7750419605278012e-06
0.36172574455336326,3.5341082861295448e-06
0.4063805504338082,6.896621595253727e-06
0.45654796280755766,1.3191588608796323e-05
0.5129085093300529,2.473330969254839e-05
0.5762267283493882,4.5458349827165456e-05
0.6473615399712076,8.19058622999469e-05
0.7272778974247632,0.0001446810662160125
0.8170598767824696,0.0002505713505257523
0.9179253825967483,0.00042550439592292655
1.0312426689380967,0.0007085362886627422
1.1585488999444697,0.0011570200125470276
1.3015710016583038,0.0018530145069957094
1.4622490880091454,0.002910836867618616
1.6427627787184707,0.004485426967863804
1.8455607661325835,0.00678088912737862
2.0733940320616497,0.010058222489933377
2.329353165215711,0.014640896574754647
2.6169102854537,0.020916640393064068
2.9399661435534976,0.02933367930565023
3.3029030354176987,0.04038976421338347
3.710644248503383,0.05461276738735199
4.168720846874621,0.07253240274875072
4.683346700825936,0.094643737342746
5.261502778863538,0.12136448949888501
5.911031845476362,0.15298947546209685
6.64074484928479,0.1896467312355511
7.4605404447366075,0.2312605440011246
8.381539268677866,0.27752665789507114
9.416234793278331,0.3279041443274585
10.578662801651687,0.3816268562740234
11.884591785129816,0.4377351839131419
13.351736844955687,0.49512630196054275
15.0,0.5526186454807295
