SA(0.3s) [g],Loss_ratio
0.05000000000000001,3.1269634926517204e-09
0.056172467201025755,7.674196274506657e-09
0.06310692142900626,1.8414100877988088e-08
0.07089742948257126,4.320051596038864e-08
0.07964967064493539,9.909751050645294e-08
0.08948237023750269,2.222737966903178e-07
0.10052891014472326,4.875106820986546e-07
0.11293913815718663,1.0456159485339162e-06
0.1268814006769336,2.193203095823242e-06
0.14254482635890514,4.499217066725091e-06
0.16014189166643014,9.027936362385009e-06
0.17991130314285533,1.7721001272034614e-05
0.2021212354977168,3.403364883304234e-05
0.2270729694325259,6.396535450151567e-05
0.2551049785537617,0.00011768542551947975
0.28659752081259104,0.0002120335885428011
0.3219777967548112,0.00037427998785669964
0.36172574455336326,0.0006476667403181802
0.4063805504338082,0.0010994340181998633
0.45654796280755766,0.0018322599958993933
0.5129085093300529,0.003000288374672781
0.5762267283493882,0.004831078939626631
0.6473615399712076,0.007654660849023315
0.7272778974247632,0.011939972200207156
0.8170598767824696,0.018336736971661754
0.9179253825967483,0.027716674021386566
1.0312426689380967,0.0412017122662187
1.1585488999444697,0.06015959261490212
1.3015710016583038,0.08614166083731414
1.4622490880091454,0.12073845016727407
1.6427627787184707,0.16534104895597196
1.8455607661325835,0.22082305857795553
2.0733940320616497,0.2871956701846231
2.329353165215711,0.36332480041118664
2.6169102854537,0.44681550815455395
2.9399661435534976,0.5341477828794621
3.3029030354176987,0.6210849565921647
3.710644248503383,0.7032880377810865
4.168720846874621,0.7769907011162887
4.683346700825936,0.8395574567366135
5.261502778863538,0.8897805986228119
5.911031845476362,0.9278582275382066
6.64074484928479,0.9550984171748159
7.4605404447366075,0.9734700301768882
8.381539268677866,0.9851421889729612
9.416234793278331,0.9921234263752776
10.578662801651687,0.9960520174544977
11.884591785129816,0.9981309522828803
13.351736844955687,0.9991650163254568
15.0,0.9996482779612419
