SA(1.0s) [g],Complete_damage
0.05000000000000001,0.0
0.056172467201025755,2.220446049250313e-16
0.06310692142900626,1.2212453270876722e-15
0.07089742948257126,7.549516567451064e-15
0.07964967064493539,4.5630166312093934e-14
0.08948237023750269,2.596811654598241e-13
0.10052891014472326,1.400990434774485e-12
0.11293913815718663,7.166156557047998e-12
0.1268814006769336,3.475930654417425e-11
0.14254482635890514,1.5988332879857126e-10
0.16014189166643014,6.974556487904238e-10
0.17991130314285533,2.885666483543048e-09
0.2021212354977168,1.132481419752196e-08
0.2270729694325259,4.216136273438309e-08
0.2551049785537617,1.4891713240317017e-07
0.28659752081259104,4.990847619623651e-07
0.3219777967548112,1.5873137677591131e-06
0.36172574455336326,4.79155238186646e-06
0.4063805504338082,1.3730578793169634e-05
0.45654796280755766,3.7358034256640416e-05
0.5129085093300529,9.652857899922207e-05
0.5762267283493882,0.0002369251684717355
0.6473615399712076,0.0005525494403438858
0.7272778974247632,0.0012248253005866516
0.8170598767824696,0.0025815394197407082
0.9179253825967483,0.005175678552422958
1.0312426689380967,0.009875297427037633
1.1585488999444697,0.017942014037500842
1.3015710016583038,0.03106087264679691
1.4622490880091454,0.05127526393145532
1.6427627787184707,0.08078673748899823
1.8455607661325835,0.12160804848645701
2.0733940320616497,0.17510746094292062
2.329353165215711,0.2415394480034343
2.6169102854537,0.3196971467326517
2.9399661435534976,0.40682011590820255
3.3029030354176987,0.498835409963464
3.710644248503383,0.5909129793281599
4.168720846874621,0.6782129609829486
4.683346700825936,0.7566355012342921
5.261502778863538,0.8233828538041914
5.911031845476362,0.8772090235581526
6.64074484928479,0.9183352704351944
7.4605404447366075,0.9481074544914408
8.381539268677866,0.9685280377879161
9.416234793278331,0.9817986576051083
10.578662801651687,0.9899697410116215
11.884591785129816,0.9947366095763536
13.351736844955687,0.9973714329400094
15.0,0.99875129062494
