SA(1.0s) [g],Complete_damage
0.05000000000000001,0.0
0.056172467201025755,0.0
0.06310692142900626,1.1102230246251565e-16
0.07089742948257126,5.551115123125783e-16
0.07964967064493539,2.7755575615628914e-15
0.08948237023750269,1.4432899320127035e-14
0.10052891014472326,7.194245199571014e-14
0.11293913815718663,3.4205971388701073e-13
0.1268814006769336,1.5577539258515571e-12
0.14254482635890514,6.7937877545887204e-12
0.16014189166643014,2.8372637572715576e-11
0.17991130314285533,1.1347511819082001e-10
0.2021212354977168,4.346459858695084e-10
0.2270729694325259,1.5945219589141857e-09
0.2551049785537617,5.6029005879310034e-09
0.28659752081259104,1.8858765549190082e-08
0.3219777967548112,6.080856240764376e-08
0.36172574455336326,1.8784679312044972e-07
0.4063805504338082,5.559945065458649e-07
0.45654796280755766,1.576917955659063e-06
0.5129085093300529,4.286160856570298e-06
0.5762267283493882,1.1166133078166496e-05
0.6473615399712076,2.788510900153529e-05
0.7272778974247632,6.676429529484107e-05
0.8170598767824696,0.00015328288212412833
0.9179253825967483,0.0003375240424364767
1.0312426689380967,0.0007129714594082959
1.1585488999444697,0.0014451163105441145
1.3015710016583038,0.0028113674469271155
1.4622490880091454,0.005251143028313865
1.6427627787184707,0.009420366949999925
1.8455607661325835,0.016238205634573677
2.0733940320616497,0.026907225694099757
2.329353165215711,0.04288398857089537
2.6169102854537,0.0657789343383639
2.9399661435534976,0.09717513755146878
3.3029030354176987,0.1383755367522158
3.710644248503383,0.19011388756485892
4.168720846874621,0.25228815453777975
4.683346700825936,0.3237864615739168
5.261502778863538,0.4024671007350674
5.911031845476362,0.4853236926239829
6.64074484928479,0.5688211659749816
7.4605404447366075,0.649341707364979
8.381539268677866,0.7236482597206622
9.416234793278331,0.789268011724443
10.578662801651687,0.8447215251063693
11.884591785129816,0.8895661614129335
13.351736844955687,0.9242701055996992
15.0,0.9499701561514909
