SA(1.0s) [g],Complete_damage
0.05000000000000001,1.4255682967423411e-08
0.056172467201025755,4.1691334273785685e-08
0.06310692142900626,1.1769865548849623e-07
0.07089742948257126,3.2077021439036457e-07
0.07964967064493539,8.440048219204854e-07
0.08948237023750269,2.1441673806466e-06
0.10052891014472326,5.259847287497621e-06
0.11293913815718663,1.2460338734698873e-05
0.1268814006769336,2.8508515864777983e-05
0.14254482635890514,6.300252523105954e-05
0.16014189166643014,0.00013450419257843294
0.17991130314285533,0.0002774407465482298
0.2021212354977168,0.0005530064773215937
0.2270729694325259,0.0010653508619726804
0.2551049785537617,0.0019840085848078504
0.28659752081259104,0.003572557366598006
0.3219777967548112,0.0062216829707498755
0.36172574455336326,0.01048217542467822
0.4063805504338082,0.0170902112339143
0.45654796280755766,0.026974385354984753
0.5129085093300529,0.04123255797833936
0.5762267283493882,0.0610680461717501
0.6473615399712076,0.08768004653224015
0.7272778974247632,0.12211248654840623
0.8170598767824696,0.16507738356943835
0.9179253825967483,0.21678035293368536
1.0312426689380967,0.2767833528121547
1.1585488999444697,0.34393957147256904
1.3015710016583038,0.4164257689504417
1.4622490880091454,0.4918794144155886
1.6427627787184707,0.5676256351561892
1.8455607661325835,0.6409583130925589
2.0733940320616497,0.7094266766582512
2.329353165215711,0.7710773987129849
2.6169102854537,0.8246129383196603
2.9399661435534976,0.869446369216269
3.3029030354176987,0.9056554506296028
3.710644248503383,0.9338580244988934
4.168720846874621,0.9550423990134872
4.683346700825936,0.9703885037732155
5.261502778863538,0.9811095267955008
5.911031845476362,0.9883327293570081
6.64074484928479,0.9930260344510015
7.4605404447366075,0.9959669539277941
8.381539268677866,0.9977441803197193
9.416234793278331,0.9987799365686904
10.578662801651687,0.9993620766022819
11.884591785129816,0.9996776151116814
13.351736844955687,0.9998425574578549
15.0,0.9999257083191293
