SA(0.6s) [g],Loss_ratio
0.05000000000000001,2.7059032428189703e-11
0.056172467201025755,7.642018154213726e-11
0.06310692142900626,2.107061478045925e-10
0.07089742948257126,5.671945027744012e-10
0.07964967064493539,1.4906827655403717e-09
0.08948237023750269,3.8251995017424306e-09
0.10052891014472326,9.58435932729512e-09
0.11293913815718663,2.3450477858940227e-08
0.1268814006769336,5.603869563188176e-08
0.14254482635890514,1.3082572616264287e-07
0.16014189166643014,2.9852571879621287e-07
0.17991130314285533,6.663838995268906e-07
0.2021212354977168,1.4572542281581936e-06
0.2270729694325259,3.1287890184015556e-06
0.2551049785537617,6.6168542730827515e-06
0.28659752081259104,1.384296216780584e-05
0.3219777967548112,2.879355949073852e-05
0.36172574455336326,5.9836072450629556e-05
0.4063805504338082,0.00012463955789163
0.45654796280755766,0.00026030960556212244
0.5129085093300529,0.0005432321561994745
0.5762267283493882,0.0011253696727441345
0.6473615399712076,0.0022952402414924853
0.7272778974247632,0.004570156552778412
0.8170598767824696,0.008818069723439428
0.9179253825967483,0.016389593128683377
1.0312426689380967,0.029214195317784502
1.1585488999444697,0.04978737505438866
1.3015710016583038,0.08096505628485375
1.4622490880091454,0.12550878689949208
1.6427627787184707,0.18540319859027973
1.8455607661325835,0.26108306109158996
2.0733940320616497,0.350815106839984
2.329353165215711,0.45051279898608276
2.6169102854537,0.554169341526953
2.9399661435534976,0.6548832844736875
3.3029030354176987,0.7462054979521332
3.710644248503383,0.8233811779216283
4.168720846874621,0.8840885980862414
4.683346700825936,0.9284825072306838
5.261502778863538,0.9586275886985987
5.911031845476362,0.9776140550059944
6.64074484928479,0.9886946719049865
7.4605404447366075,0.9946811131784946
8.381539268677866,0.9976725964741011
9.416234793278331,0.9990541881932311
10.578662801651687,0.9996434967848211
11.884591785129816,0.9998755035413687
13.351736844955687,0.9999597605607256
15.0,0.9999879727880591
