SA(0.6s) [g],Loss_ratio
0.05000000000000001,8.85011996359285e-08
0.056172467201025755,1.8067910516976969e-07
0.06310692142900626,3.625472606209007e-07
0.07089742948257126,7.150698007727454e-07
0.07964967064493539,1.3864529641060562e-06
0.08948237023750269,2.6430707618855605e-06
0.10052891014472326,4.955412810260926e-06
0.11293913815718663,9.141376971634773e-06
0.1268814006769336,1.660374964889418e-05
0.14254482635890514,2.9724732445103536e-05
0.16014189166643014,5.25289504353264e-05
0.17991130314285533,9.181825696194247e-05
0.2021212354977168,0.0001591517928184124
0.2270729694325259,0.0002743434715998043
0.2551049785537617,0.0004716312139780381
0.28659752081259104,0.0008103611710706283
0.3219777967548112,0.0013928430926147476
0.36172574455336326,0.002392669414711943
0.4063805504338082,0.004096622768138164
0.45654796280755766,0.006961359040047601
0.5129085093300529,0.011681278048640796
0.5762267283493882,0.019255815948114256
0.6473615399712076,0.031033684261480437
0.7272778974247632,0.04870155059533859
0.8170598767824696,0.07418100519796068
0.9179253825967483,0.10940714903353378
1.0312426689380967,0.15598927604957072
1.1585488999444697,0.2147968120537049
1.3015710016583038,0.2855602390422774
1.4622490880091454,0.3666072830406557
1.6427627787184707,0.4548484293603728
1.8455607661325835,0.5460727235062914
2.0733940320616497,0.6355249743685181
2.329353165215711,0.7186399793934788
2.6169102854537,0.791748433327265
2.9399661435534976,0.8525721842985237
3.3029030354176987,0.9003952771549548
3.710644248503383,0.9359032568416169
4.168720846874621,0.9607818774019625
4.683346700825936,0.9772199014059894
5.261502778863538,0.9874558711528437
5.911031845476362,0.9934595694383581
6.64074484928479,0.9967746489371839
7.4605404447366075,0.9984971051893511
8.381539268677866,0.9993388753540151
9.416234793278331,0.9997256504847369
10.578662801651687,0.9998926777060347
11.884591785129816,0.9999604477598698
13.351736844955687,0.9999862751985809
15.0,0.9999955179358982
