SA(0.6s) [g],Loss_ratio
0.05000000000000001,1.1473676841097371e-07
0.056172467201025755,2.643450405727415e-07
0.06310692142900626,6.019718025270698e-07
0.07089742948257126,1.3478399353986463e-06
0.07964967064493539,2.9526728255173988e-06
0.08948237023750269,6.3019611935307925e-06
0.10052891014472326,1.3061091560732516e-05
0.11293913815718663,2.6223717719278455e-05
0.1268814006769336,5.093076491567781e-05
0.14254482635890514,9.562413209200632e-05
0.16014189166643014,0.00017359680612640522
0.17991130314285533,0.0003050299292457527
0.2021212354977168,0.0005197255198780552
0.2270729694325259,0.0008610314420920073
0.2551049785537617,0.001391985388580979
0.28659752081259104,0.002205479418076985
0.3219777967548112,0.0034411080924212647
0.36172574455336326,0.00531190184811141
0.4063805504338082,0.008143662623003195
0.45654796280755766,0.012427214381928346
0.5129085093300529,0.01887877759081576
0.5762267283493882,0.02849578016413242
0.6473615399712076,0.04258604067553674
0.7272778974247632,0.0627406640367398
0.8170598767824696,0.090720198698107
0.9179253825967483,0.1282349343775548
1.0312426689380967,0.17662643163836936
1.1585488999444697,0.23649530929222806
1.3015710016583038,0.30735895329744317
1.4622490880091454,0.38744505782712857
1.6427627787184707,0.4737161453442438
1.8455607661325835,0.5621697408290762
2.0733940320616497,0.648379313778576
2.329353165215711,0.7281599908433667
2.6169102854537,0.7981942911960088
2.9399661435534976,0.8564603355372463
3.3029030354176987,0.9023678801190905
3.710644248503383,0.9366005872862615
4.168720846874621,0.9607478516499873
4.683346700825936,0.976854528768206
5.261502778863538,0.9870115125634241
5.911031845476362,0.9930667348666552
6.64074484928479,0.9964800362995027
7.4605404447366075,0.9983000340432152
8.381539268677866,0.9992185895795749
9.416234793278331,0.9996578221943367
10.578662801651687,0.9998570720259732
11.884591785129816,0.9999429590416385
13.351736844955687,0.9999782079869579
15.0,0.9999920133959715
