SA(0.3s) [g],Loss_ratio
0.05000000000000001,6.33486596869334e-11
0.056172467201025755,2.3922464046570343e-10
0.06310692142900626,8.670056930332924e-10
0.07089742948257126,3.01585237803113e-09
0.07964967064493539,1.0069253928708056e-08
0.08948237023750269,3.227104525736185e-08
0.10052891014472326,9.928634402297655e-08
0.11293913815718663,2.9326624814958536e-07
0.1268814006769336,8.317055101058937e-07
0.14254482635890514,2.264930430177525e-06
0.16014189166643014,5.923322924548858e-06
0.17991130314285533,1.4878324292706321e-05
0.2021212354977168,3.589879175749993e-05
0.2270729694325259,8.321653018061146e-05
0.2551049785537617,0.00018536149439845185
0.28659752081259104,0.00039682381969915613
0.3219777967548112,0.0008166724624360544
0.36172574455336326,0.0016161968352642851
0.4063805504338082,0.0030767219257271717
0.45654796280755766,0.005636603174042789
0.5129085093300529,0.009942967386613436
0.5762267283493882,0.016899562243411874
0.6473615399712076,0.027698293153278368
0.7272778974247632,0.04381996094068932
0.8170598767824696,0.06698958072733387
0.9179253825967483,0.09907156041456781
1.0312426689380967,0.1418871075228583
1.1585488999444697,0.19693193117293709
1.3015710016583038,0.264979165253491
1.4622490880091454,0.3455931240463498
1.6427627787184707,0.43666672457445677
1.8455607661325835,0.5341983379622368
2.0733940320616497,0.6325562895992082
2.329353165215711,0.725350619044005
2.6169102854537,0.8067465884650022
2.9399661435534976,0.8727660442770502
3.3029030354176987,0.9220477086148002
3.710644248503383,0.9557712177717087
4.168720846874621,0.9768576869992819
4.683346700825936,0.9888732856428435
5.261502778863538,0.9950994003501056
5.911031845476362,0.9980279447194625
6.64074484928479,0.9992765393909868
7.4605404447366075,0.9997584976505133
8.381539268677866,0.9999267603702229
9.416234793278331,0.999979848857282
10.578662801651687,0.9999949756688231
11.884591785129816,0.9999988659039623
13.351736844955687,0.9999997684513263
15.0,0.9999999572699115
