SA(0.3s) [g],Loss_ratio
0.05000000000000001,3.3658521171964702e-06
0.056172467201025755,6.567112830708009e-06
0.06310692142900626,1.2561521732862988e-05
0.07089742948257126,2.3558226580263246e-05
0.07964967064493539,4.332451833216959e-05
0.08948237023750269,7.814352429856268e-05
0.10052891014472326,0.0001382683522579718
0.11293913815718663,0.00024008086842682355
0.1268814006769336,0.0004092329636950173
0.14254482635890514,0.000685140845679628
0.16014189166643014,0.0011273283431209042
0.17991130314285533,0.0018242808875676537
0.2021212354977168,0.002905668581889838
0.2270729694325259,0.004558970205642304
0.2551049785537617,0.007051537726219457
0.28659752081259104,0.01075870841313259
0.3219777967548112,0.016197282822686693
0.36172574455336326,0.024061068898541933
0.4063805504338082,0.035250962272030534
0.45654796280755766,0.05088652647173369
0.5129085093300529,0.07228071229813582
0.5762267283493882,0.10085706403376198
0.6473615399712076,0.1379933134741956
0.7272778974247632,0.18478991032981834
0.8170598767824696,0.24178698058540485
0.9179253825967483,0.3086831933864266
1.0312426689380967,0.38413387996269505
1.1585488999444697,0.465709531967251
1.3015710016583038,0.550069483048824
1.4622490880091454,0.6333504806388703
1.6427627787184707,0.7117020483557985
1.8455607661325835,0.7818462978319226
2.0733940320616497,0.8415238309834439
2.329353165215711,0.8897194025798352
2.6169102854537,0.9266295763165391
2.9399661435534976,0.9534118167690848
3.3029030354176987,0.9718100275824363
3.710644248503383,0.9837674825795186
4.168720846874621,0.9911156357666018
4.683346700825936,0.9953830643527617
5.261502778863538,0.9977240662683469
5.911031845476362,0.9989366356098662
6.64074484928479,0.9995294552777769
7.4605404447366075,0.9998029249620977
8.381539268677866,0.9999219233115914
9.416234793278331,0.9999707554529096
10.578662801651687,0.9999896485548984
11.884591785129816,0.9999965389362965
13.351736844955687,0.9999989072791275
15.0,0.9999996743472582
