SA(0.6s) [g],Complete_damage
0.05000000000000001,3.206715521320014e-05
0.056172467201025755,8.183117218096836e-05
0.06310692142900626,0.00019879812160972232
0.07089742948257126,0.00045988752446557424
0.07964967064493539,0.0010133574901982634
0.08948237023750269,0.002127595492916523
0.10052891014472326,0.004257898144405692
0.11293913815718663,0.008125879735061514
0.1268814006769336,0.014795598630298556
0.14254482635890514,0.02571781993265687
0.16014189166643014,0.042703970390805424
0.17991130314285533,0.06779160604555368
0.2021212354977168,0.1029804879412688
0.2270729694325259,0.14985452261399113
0.2551049785537617,0.2091525826316356
0.28659752081259104,0.28039358652708457
0.3219777967548112,0.3616768375355762
0.36172574455336326,0.44975204109207934
0.4063805504338082,0.5403853512528939
0.45654796280755766,0.6289588170445318
0.5129085093300529,0.7111643471161835
0.5762267283493882,0.7836212874377773
0.6473615399712076,0.8442726337338866
0.7272778974247632,0.8924876489776612
0.8170598767824696,0.9288879910155425
0.9179253825967483,0.9549861440324663
1.0312426689380967,0.9727564566475476
1.1585488999444697,0.9842475448366512
1.3015710016583038,0.9913043451095804
1.4622490880091454,0.9954199609627405
1.6427627787184707,0.9976994730997267
1.8455607661325835,0.9988984995638357
2.0733940320616497,0.9994974558088559
2.329353165215711,0.9997816011623553
2.6169102854537,0.9999096173213968
2.9399661435534976,0.9999643904334973
3.3029030354176987,0.9999866464804495
3.710644248503383,0.9999952347605734
4.168720846874621,0.9999983820848256
4.683346700825936,0.9999994774361112
5.261502778863538,0.9999998394635737
5.911031845476362,0.9999999530967808
6.64074484928479,0.999999986969038
7.4605404447366075,0.9999999965576909
8.381539268677866,0.9999999991354663
9.416234793278331,0.9999999997935878
10.578662801651687,0.9999999999531536
11.884591785129816,0.9999999999898941
13.351736844955687,0.999999999997928
15.0,0.9999999999995962
