SA(0.6s) [g],Complete_damage
0.05000000000000001,3.391907940886174e-05
0.056172467201025755,7.218452768287253e-05
0.06310692142900626,0.00014880120497395843
0.07089742948257126,0.00029715767187121767
0.07964967064493539,0.0005749731243248624
0.08948237023750269,0.0010780949350617242
0.10052891014472326,0.0019592590471875226
0.11293913815718663,0.003451735340598616
0.1268814006769336,0.005896432887544267
0.14254482635890514,0.009769098087049621
0.16014189166643014,0.01570192873675591
0.17991130314285533,0.024491773210532863
0.2021212354977168,0.03708589019603503
0.2270729694325259,0.05453694158128153
0.2551049785537617,0.07792223684186228
0.28659752081259104,0.10822844094968909
0.3219777967548112,0.14621130342705224
0.36172574455336326,0.19224876084628661
0.4063805504338082,0.24621255628209449
0.45654796280755766,0.3073857541549806
0.5129085093300529,0.3744494429455336
0.5762267283493882,0.44555135189404327
0.6473615399712076,0.5184538921313513
0.7272778974247632,0.5907427964935462
0.8170598767824696,0.6600643366791217
0.9179253825967483,0.7243526953494277
1.0312426689380967,0.7820112878149347
1.1585488999444697,0.8320220281267352
1.3015710016583038,0.8739718440910429
1.4622490880091454,0.9080020315672973
1.6427627787184707,0.9346992552552409
1.8455607661325835,0.9549543977515949
2.0733940320616497,0.9698162148304899
2.329353165215711,0.9803619262987715
2.6169102854537,0.9875987363878451
2.9399661435534976,0.9924014394242028
3.3029030354176987,0.9954838572222555
3.710644248503383,0.9973970750780261
4.168720846874621,0.9985455048303014
4.683346700825936,0.9992121756780347
5.261502778863538,0.9995864460434293
5.911031845476362,0.9997896472525944
6.64074484928479,0.9998963397605245
7.4605404447366075,0.9999505159260977
8.381539268677866,0.9999771200657106
9.416234793278331,0.9999897545259796
10.578662801651687,0.9999955572323341
11.884591785129816,0.9999981345670037
13.351736844955687,0.9999992416425428
15.0,0.9999997015281336
