SA(0.3s) [g],Complete_damage
0.05000000000000001,5.552791559892967e-10
0.056172467201025755,1.4355377997432583e-09
0.06310692142900626,3.626517419696995e-09
0.07089742948257126,8.952584673593833e-09
0.07964967064493539,2.1597479804569275e-08
0.08948237023750269,5.091749244456878e-08
0.10052891014472326,1.1731525495495276e-07
0.11293913815718663,2.6416836451659265e-07
0.1268814006769336,5.813830560308375e-07
0.14254482635890514,1.2505953637109712e-06
0.16014189166643014,2.629439131762723e-06
0.17991130314285533,5.4040798115329025e-06
0.2021212354977168,1.0857124012719765e-05
0.2270729694325259,2.13238751418654e-05
0.2551049785537617,4.094506858265401e-05
0.28659752081259104,7.686864869693721e-05
0.3219777967548112,0.00014110405902134637
0.36172574455336326,0.0002532826859164006
0.4063805504338082,0.0004446141915398494
0.45654796280755766,0.0007633300222315009
0.5129085093300529,0.0012818453310146083
0.5762267283493882,0.0021057184912374183
0.6473615399712076,0.003384216254142869
0.7272778974247632,0.005321889115747824
0.8170598767824696,0.008190038896515706
0.9179253825967483,0.012336371177885552
1.0312426689380967,0.018190567747671582
1.1585488999444697,0.026263130648730315
1.3015710016583038,0.03713480734046071
1.4622490880091454,0.05143436449083505
1.6427627787184707,0.06980353850649379
1.8455607661325835,0.09284965019127189
2.0733940320616497,0.12108848027451669
2.329353165215711,0.15488225868806138
2.6169102854537,0.1943795966787809
2.9399661435534976,0.23946541229760232
3.3029030354176987,0.28972895217742756
3.710644248503383,0.3444566592773418
4.168720846874621,0.4026539115881733
4.683346700825936,0.4630959018627996
5.261502778863538,0.524403751414451
5.911031845476362,0.5851381115440815
6.64074484928479,0.6438997488410338
7.4605404447366075,0.6994254901023809
8.381539268677866,0.7506686482953122
9.416234793278331,0.796855509968672
10.578662801651687,0.8375131397067379
11.884591785129816,0.8724679291736717
13.351736844955687,0.9018182159483912
15.0,0.9258872700425956
