SA(0.6s) [g],Loss_ratio
0.05000000000000001,6.826729979132363e-05
0.056172467201025755,9.891530517924032e-05
0.06310692142900626,0.00014276895262162488
0.07089742948257126,0.00020565341053460005
0.07964967064493539,0.0002963498920191543
0.08948237023750269,0.00042840601934704045
0.10052891014472326,0.0006231107632474448
0.11293913815718663,0.0009142590420804917
0.1268814006769336,0.001355513913790103
0.14254482635890514,0.002031285731280461
0.16014189166643014,0.0030719720716111446
0.17991130314285533,0.004673985667701496
0.2021212354977168,0.0071240796511661715
0.2270729694325259,0.010825958514090406
0.2551049785537617,0.016325089712459977
0.28659752081259104,0.024325305020073334
0.3219777967548112,0.03568880936355498
0.36172574455336326,0.05141046881556352
0.4063805504338082,0.07255867609694631
0.45654796280755766,0.1001793814808694
0.5129085093300529,0.13516705538664292
0.5762267283493882,0.17811544817524863
0.6473615399712076,0.2291700060886535
0.7272778974247632,0.2879099511722198
0.8170598767824696,0.35328865307980295
0.9179253825967483,0.4236543811190564
1.0312426689380967,0.4968601199858455
1.1585488999444697,0.5704534170074841
1.3015710016583038,0.6419195482901614
1.4622490880091454,0.7089385462825061
1.6427627787184707,0.7696126595623713
1.8455607661325835,0.822627007467682
2.0733940320616497,0.8673209172289018
2.329353165215711,0.9036665477692916
2.6169102854537,0.9321696702255989
2.9399661435534976,0.9537202985604558
3.3029030354176987,0.9694257039445789
3.710644248503383,0.9804552642802369
4.168720846874621,0.9879178443779081
4.683346700825936,0.992781327252796
5.261502778863538,0.9958337394111367
5.911031845476362,0.9976782885066489
6.64074484928479,0.9987513051300162
7.4605404447366075,0.9993520828852074
8.381539268677866,0.9996757796662478
9.416234793278331,0.9998435866276292
10.578662801651687,0.9999272744697998
11.884591785129816,0.9999674196154703
13.351736844955687,0.9999859405557963
15.0,0.9999941572448416
