SA(1.0s) [g],Complete_damage
0.05000000000000001,2.2793510423557706e-07
0.056172467201025755,4.0098386988596246e-07
0.06310692142900626,6.973387396413955e-07
0.07089742948257126,1.1988596765322157e-06
0.07964967064493539,2.03754590011318e-06
0.08948237023750269,3.423482598630123e-06
0.10052891014472326,5.686671097238083e-06
0.11293913815718663,9.338677331549583e-06
0.1268814006769336,1.5162065585494489e-05
0.14254482635890514,2.433806628243662e-05
0.16014189166643014,3.862584081393283e-05
0.17991130314285533,6.060996657486495e-05
0.2021212354977168,9.403618718817341e-05
0.2270729694325259,0.0001442587438000853
0.2551049785537617,0.00021882525563354793
0.28659752081259104,0.0003282265119820549
0.3219777967548112,0.000486837863134415
0.36172574455336326,0.0007140752026000285
0.4063805504338082,0.0010357807907894756
0.45654796280755766,0.00148584138990282
0.5129085093300529,0.0021080225625855764
0.5762267283493882,0.002957978124867533
0.6473615399712076,0.0041053628435751
0.7272778974247632,0.0056359405748355185
0.8170598767824696,0.007653541223158755
0.9179253825967483,0.010281681357239725
1.0312426689380967,0.013664629345669255
1.1585488999444697,0.017967671666265672
1.3015710016583038,0.023376328282066927
1.4622490880091454,0.030094277235587663
1.6427627787184707,0.03833978656989245
1.8455607661325835,0.048340518255697296
2.0733940320616497,0.06032666428153455
2.329353165215711,0.07452249641600728
2.6169102854537,0.09113655161566536
2.9399661435534976,0.1103508241736415
3.3029030354176987,0.1323094798985338
3.710644248503383,0.157107731285972
4.168720846874621,0.18478159980469755
4.683346700825936,0.21529932762394666
5.261502778863538,0.2485551755200497
5.911031845476362,0.2843662509388213
6.64074484928479,0.32247285170348994
7.4605404447366075,0.3625425955233371
8.381539268677866,0.404178349253822
9.416234793278331,0.4469296965501006
10.578662801651687,0.49030741350381646
11.884591785129816,0.5338001851953295
13.351736844955687,0.5768926156606549
15.0,0.6190834781683205
