SA(0.6s) [g],Loss_ratio
0.05000000000000001,2.0869824563340668e-05
0.056172467201025755,3.6541666090552894e-05
0.06310692142900626,6.326478051831453e-05
0.07089742948257126,0.0001079152772118676
0.07964967064493539,0.00018080285084170298
0.08948237023750269,0.0002968262944582019
0.10052891014472326,0.0004767947091889504
0.11293913815718663,0.000748980454355197
0.1268814006769336,0.0011511740795441573
0.14254482635890514,0.0017338860690299326
0.16014189166643014,0.0025658859269064886
0.17991130314285533,0.0037438981696094158
0.2021212354977168,0.005408767937673734
0.2270729694325259,0.007770394328991213
0.2551049785537617,0.011142713171879912
0.28659752081259104,0.015987495373561655
0.3219777967548112,0.022961447983912264
0.36172574455336326,0.03295537598831361
0.4063805504338082,0.04710822977083789
0.45654796280755766,0.0667750589922467
0.5129085093300529,0.09342930113787139
0.5762267283493882,0.1284892458798894
0.6473615399712076,0.17307679861559228
0.7272778974247632,0.22774110902707861
0.8170598767824696,0.29220332696638907
0.9179253825967483,0.36519197048480634
1.0312426689380967,0.44443217446269406
1.1585488999444697,0.5268229008054828
1.3015710016583038,0.6087893813206453
1.4622490880091454,0.6867476878389531
1.6427627787184707,0.7575824287432265
1.8455607661325835,0.8190315488200767
2.0733940320616497,0.8698979077223754
2.329353165215711,0.9100567128608644
2.6169102854537,0.9402828974537034
2.9399661435534976,0.9619640751496336
3.3029030354176987,0.9767807841234528
3.710644248503383,0.9864255423039177
4.168720846874621,0.9924046168771967
4.683346700825936,0.9959343798307871
5.261502778863538,0.9979187782668631
5.911031845476362,0.9989812753252589
6.64074484928479,0.999523190750566
7.4605404447366075,0.9997865693446213
8.381539268677866,0.9999086006665958
9.416234793278331,0.9999625346572987
10.578662801651687,0.999985289773862
11.884591785129816,0.9999944628424846
13.351736844955687,0.9999979998113308
15.0,0.9999993058411001
