SA(0.6s) [g],Loss_ratio
0.05000000000000001,1.700386200682815e-05
0.056172467201025755,2.727464201757801e-05
0.06310692142900626,4.3260965550901144e-05
0.07089742948257126,6.786626870057354e-05
0.07964967064493539,0.00010533912717871335
0.08948237023750269,0.0001618667722985324
0.10052891014472326,0.0002464643584363943
0.11293913815718663,0.00037236468487676004
0.1268814006769336,0.0005592803520332309
0.14254482635890514,0.0008371870652564011
0.16014189166643014,0.0012526877121789431
0.17991130314285533,0.0018795407631927684
0.2021212354977168,0.0028354497917327665
0.2270729694325259,0.004307421954437568
0.2551049785537617,0.0065874172800194485
0.28659752081259104,0.010117990382767512
0.3219777967548112,0.01554362305378502
0.36172574455336326,0.02375742769608915
0.4063805504338082,0.035925881189886634
0.45654796280755766,0.053468648096345175
0.5129085093300529,0.07796999685847956
0.5762267283493882,0.11100652643951461
0.6473615399712076,0.15389475460842833
0.7272778974247632,0.20738938694469544
0.8170598767824696,0.2713914582253767
0.9179253825967483,0.34474378431664615
1.0312426689380967,0.42518816807921567
1.1585488999444697,0.509529174617042
1.3015710016583038,0.5939978419730001
1.4622490880091454,0.6747508084895827
1.6427627787184707,0.7483968843370167
1.8455607661325835,0.8124315394273977
2.0733940320616497,0.865485816360733
2.329353165215711,0.9073504895673383
2.6169102854537,0.938798542789166
2.9399661435534976,0.9612771124882029
3.3029030354176987,0.9765596291057123
3.710644248503383,0.9864384801075116
4.168720846874621,0.9925079171159709
4.683346700825936,0.996050959134896
5.261502778863538,0.9980154750444997
5.911031845476362,0.9990498095078666
6.64074484928479,0.9995667926539337
7.4605404447366075,0.9998120340942428
8.381539268677866,0.9999224199517074
9.416234793278331,0.9999695548438994
10.578662801651687,0.9999886443807848
11.884591785129816,0.9999959758793249
13.351736844955687,0.9999986455717981
15.0,0.9999995671516896
