SA(1.0s) [g],Complete_damage
0.05000000000000001,6.0952957061655155e-05
0.056172467201025755,0.00010857946919218264
0.06310692142900626,0.0001896520579646177
0.07089742948257126,0.00032482749863838034
0.07964967064493539,0.0005455873298003677
0.08948237023750269,0.0008987223871105288
0.10052891014472326,0.001452021726259356
0.11293913815718663,0.002301159224327831
0.1268814006769336,0.0035775817292093004
0.14254482635890514,0.005456939496557678
0.16014189166643014,0.008167275060082635
0.17991130314285533,0.011995833369921383
0.2021212354977168,0.017293029838573615
0.2270729694325259,0.02447189041896536
0.2551049785537617,0.03400124726343834
0.28659752081259104,0.046391218651995914
0.3219777967548112,0.062170080267150096
0.36172574455336326,0.08185255440553862
0.4063805504338082,0.10590074344151534
0.45654796280755766,0.13468027606147803
0.5129085093300529,0.16841551372105057
0.5762267283493882,0.20714863487196744
0.6473615399712076,0.2507078355556689
0.7272778974247632,0.29868957637518145
0.8170598767824696,0.3504586976629538
0.9179253825967483,0.4051683913437466
1.0312426689380967,0.4617996835464647
1.1585488999444697,0.5192175907744465
1.3015710016583038,0.5762388688279074
1.4622490880091454,0.6317046629106107
1.6427627787184707,0.6845506752415091
1.8455607661325835,0.7338678178404261
2.0733940320616497,0.7789476494641296
2.329353165215711,0.8193089690571682
2.6169102854537,0.8547043928945832
2.9399661435534976,0.885108171525131
3.3029030354176987,0.9106885335186172
3.710644248503383,0.9317692071265725
4.168720846874621,0.9487853432046094
4.683346700825936,0.962238867785681
5.261502778863538,0.9726574795852256
5.911031845476362,0.9805603030593962
6.64074484928479,0.9864318608809081
7.4605404447366075,0.9907047638367935
8.381539268677866,0.9937504933604518
9.416234793278331,0.9958769583768214
10.578662801651687,0.9973311570544349
11.884591785129816,0.9983052218113739
13.351736844955687,0.9989442948326829
15.0,0.9993549825301498
