SA(1.0s) [g],Loss_ratio
0.05000000000000001,1.2185822408542933e-13
0.056172467201025755,6.102694571737943e-13
0.06310692142900626,2.9146732705713154e-12
0.07089742948257126,1.3273527544196148e-11
0.07964967064493539,5.764427765184033e-11
0.08948237023750269,2.3874687969095135e-10
0.10052891014472326,9.431598105418724e-10
0.11293913815718663,3.5545413754774503e-09
0.1268814006769336,1.2784067699676525e-08
0.14254482635890514,4.39002054144593e-08
0.16014189166643014,1.440593050805787e-07
0.17991130314285533,4.5234181202139504e-07
0.2021212354977168,1.3617467891309208e-06
0.2270729694325259,3.941056769590145e-06
0.2551049785537617,1.1002816216488331e-05
0.28659752081259104,2.9744608402875394e-05
0.3219777967548112,7.8125447167603e-05
0.36172574455336326,0.00019976127436787286
0.4063805504338082,0.0004970592281715013
0.45654796280755766,0.0011999363462791323
0.5129085093300529,0.0027954337164803646
0.5762267283493882,0.0062432359753706096
0.6473615399712076,0.013276537688881576
0.7272778974247632,0.026717486124115286
0.8170598767824696,0.050621395869533396
0.9179253825967483,0.08995633490776822
1.0312426689380967,0.1495438844708218
1.1585488999444697,0.23226330477883592
1.3015710016583038,0.33704922581472263
1.4622490880091454,0.4577090329870467
1.6427627787184707,0.5835679796032095
1.8455607661325835,0.7021421659827214
2.0733940320616497,0.8028107042272455
2.329353165215711,0.8797195596496443
2.6169102854537,0.932573913083901
2.9399661435534976,0.9652793655989812
3.3029030354176987,0.9835476075207921
3.710644248503383,0.9927989533328542
4.168720846874621,0.9970731940685702
4.683346700825936,0.9988889119354816
5.261502778863538,0.9996041028204695
5.911031845476362,0.9998672528385881
6.64074484928479,0.9999581280286892
7.4605404447366075,0.9999876121905832
8.381539268677866,0.9999965777979655
9.416234793278331,0.9999991213738869
10.578662801651687,0.9999997912196869
11.884591785129816,0.9999999542308876
13.351736844955687,0.9999999907642135
15.0,0.9999999982870426
