SA(0.6s) [g],Complete_damage
0.05000000000000001,1.1991924120380304e-09
0.056172467201025755,2.908435048354363e-09
0.06310692142900626,6.908284833073708e-09
0.07089742948257126,1.6070597519401986e-08
0.07964967064493539,3.661473912952573e-08
0.08948237023750269,8.170600040990905e-08
0.10052891014472326,1.7858246570412462e-07
0.11293913815718663,3.8231750665307374e-07
0.1268814006769336,8.017236101665048e-07
0.14254482635890514,1.6468571867322979e-06
0.16014189166643014,3.3138648040109686e-06
0.17991130314285533,6.532497759392797e-06
0.2021212354977168,1.2615626208800634e-05
0.2270729694325259,2.3869556119993085e-05
0.2551049785537617,4.424950696102492e-05
0.28659752081259104,8.037583204068e-05
0.3219777967548112,0.00014306120097673514
0.36172574455336326,0.0002495319607609403
0.4063805504338082,0.0004265495023105803
0.45654796280755766,0.0007146367662012043
0.5129085093300529,0.0011735743577352409
0.5762267283493882,0.001889231551203907
0.6473615399712076,0.0029816230225558904
0.7272778974247632,0.004613823221518487
0.8170598767824696,0.007001032160331988
0.9179253825967483,0.010418695900241803
1.0312426689380967,0.01520819543375218
1.1585488999444697,0.02177830871245412
1.3015710016583038,0.030600521093516186
1.4622490880091454,0.042196411408251366
1.6427627787184707,0.05711585537555086
1.8455607661325835,0.07590569764379207
2.0733940320616497,0.09906980648962982
2.329353165215711,0.12702291000396393
2.6169102854537,0.16004210252542506
2.9399661435534976,0.198221128982208
3.3029030354176987,0.2414332160368342
3.710644248503383,0.2893080885033982
4.168720846874621,0.3412277696566013
4.683346700825936,0.39634386023840396
5.261502778863538,0.45361644684615077
5.911031845476362,0.5118719818911361
6.64074484928479,0.5698748673672784
7.4605404447366075,0.6264055211795547
8.381539268677866,0.6803367632640631
9.416234793278331,0.7307006037763464
10.578662801651687,0.776738901604286
11.884591785129816,0.8179336328425597
13.351736844955687,0.8540152573908055
15.0,0.884950425564478
