SA(0.6s) [g],Loss_ratio
0.05000000000000001,5.2944337564785165e-18
0.056172467201025755,5.911188545559575e-17
0.06310692142900626,6.033300081985595e-16
0.07089742948257126,5.718781621768574e-15
0.07964967064493539,4.865893609162656e-14
0.08948237023750269,3.802428018495852e-13
0.10052891014472326,2.71859564337495e-12
0.11293913815718663,1.7788484510624248e-11
0.1268814006769336,1.065688380228091e-10
0.14254482635890514,5.847838215216887e-10
0.16014189166643014,2.940805066710862e-09
0.17991130314285533,1.3562469137030834e-08
0.2021212354977168,5.7410980998382333e-08
0.2270729694325259,2.2332310559888816e-07
0.2551049785537617,7.994871784690351e-07
0.28659752081259104,2.6393483434886834e-06
0.3219777967548112,8.056298978332413e-06
0.36172574455336326,2.2815364224710126e-05
0.4063805504338082,6.0213498926363454e-05
0.45654796280755766,0.00014890625386410799
0.5129085093300529,0.00034727194540936854
0.5762267283493882,0.0007690756483638974
0.6473615399712076,0.0016281169649026892
0.7272778974247632,0.003312143037180849
0.8170598767824696,0.006494535590642665
0.9179253825967483,0.012279621680440542
1.0312426689380967,0.02234940403457015
1.1585488999444697,0.039041758303153595
1.3015710016583038,0.06526356164117496
1.4622490880091454,0.10415397684225812
1.6427627787184707,0.1584736320340329
1.8455607661325835,0.2297841331679854
2.0733940320616497,0.3175719026919692
2.329353165215711,0.418567602608591
2.6169102854537,0.5266257225528822
2.9399661435534976,0.6335453797243054
3.3029030354176987,0.7309026273667294
3.710644248503383,0.8123071924833579
4.168720846874621,0.8749843321892252
4.683346700825936,0.9198434322735126
5.261502778863538,0.9501681698363889
5.911031845476362,0.9698913559103698
6.64074484928479,0.9823973357714352
7.4605404447366075,0.9901361897457013
8.381539268677866,0.9947602168393974
9.416234793278331,0.997386633765856
10.578662801651687,0.9987849553456917
11.884591785129816,0.9994759560530678
13.351736844955687,0.9997910140686372
15.0,0.9999231087602949
