SA(1.0s) [g],Loss_ratio
0.05000000000000001,7.657725514382227e-07
0.056172467201025755,2.03456446206669e-06
0.06310692142900626,5.202895944301675e-06
0.07089742948257126,1.2807611023258336e-05
0.07964967064493539,3.0352377465924992e-05
0.08948237023750269,6.92591068137068e-05
0.10052891014472326,0.00015218965128974688
0.11293913815718663,0.00032209894473265435
0.1268814006769336,0.000656704180021542
0.14254482635890514,0.0012900799698796564
0.16014189166643014,0.00244248051909804
0.17991130314285533,0.004457869402570453
0.2021212354977168,0.007845747635924943
0.2270729694325259,0.013319818052298234
0.2551049785537617,0.021821536883285843
0.28659752081259104,0.03451315465625904
0.3219777967548112,0.0527244668934349
0.36172574455336326,0.07784215377222536
0.4063805504338082,0.11114124275853343
0.45654796280755766,0.15357383679958705
0.5129085093300529,0.20554729650447712
0.5762267283493882,0.2667370788601868
0.6473615399712076,0.33598265527622445
0.7272778974247632,0.4113046605360469
0.8170598767824696,0.4900581158641296
0.9179253825967483,0.5692055462696926
1.0312426689380967,0.6456639682599526
1.1585488999444697,0.7166604851088478
1.3015710016583038,0.7800289633063199
1.4622490880091454,0.8343957419770784
1.6427627787184707,0.8792303910502136
1.8455607661325835,0.9147691728137088
2.0733940320616497,0.9418446986112935
2.329353165215711,0.9616689034014594
2.6169102854537,0.9756162610230444
2.9399661435534976,0.9850430251761548
3.3029030354176987,0.9911617321280092
3.710644248503383,0.9949739678241254
4.168720846874621,0.9972525097187939
4.683346700825936,0.9985579542394323
5.261502778863538,0.999274235262967
5.911031845476362,0.9996502185785868
6.64074484928479,0.9998387988107803
7.4605404447366075,0.9999290612266332
8.381539268677866,0.9999702344350153
9.416234793278331,0.9999881084279802
10.578662801651687,0.9999954829285739
11.884591785129816,0.9999983707370922
13.351736844955687,0.9999994426885989
15.0,0.9999998194201775
