SA(1.0s) [g],Complete_damage
0.05000000000000001,0.0
0.056172467201025755,0.0
0.06310692142900626,0.0
0.07089742948257126,2.220446049250313e-16
0.07964967064493539,1.3322676295501878e-15
0.08948237023750269,7.327471962526033e-15
0.10052891014472326,3.9745984281580604e-14
0.11293913815718663,2.0505819264826641e-13
0.1268814006769336,1.0091927293842673e-12
0.14254482635890514,4.737987779890318e-12
0.16014189166643014,2.1221913115709867e-11
0.17991130314285533,9.069289763630195e-11
0.2021212354977168,3.698205075508554e-10
0.2270729694325259,1.4390133529218474e-09
0.2551049785537617,5.343501197074829e-09
0.28659752081259104,1.8936879397912776e-08
0.3219777967548112,6.405452734892236e-08
0.36172574455336326,2.0681949530754196e-07
0.4063805504338082,6.374982185475275e-07
0.45654796280755766,1.876129789191161e-06
0.5129085093300529,5.272290418467662e-06
0.5762267283493882,1.414981781300284e-05
0.6473615399712076,3.627332091848956e-05
0.7272778974247632,8.883559993411172e-05
0.8170598767824696,0.00020789213008154395
0.9179253825967483,0.0004649857540561797
1.0312426689380967,0.0009942697167848458
1.1585488999444697,0.002033102829274047
1.3015710016583038,0.003976952666629785
1.4622490880091454,0.007444638644704127
1.6427627787184707,0.013342263693200795
1.8455607661325835,0.022904844250373202
2.0733940320616497,0.03768686465567972
2.329353165215711,0.059471655825620195
2.6169102854537,0.09007959365177276
2.9399661435534976,0.13107884626006971
3.3029030354176987,0.18343637320631112
3.710644248503383,0.24718102052563795
4.168720846874621,0.3211704726083905
4.683346700825936,0.40304662958738735
5.261502778863538,0.4894253326927558
5.911031845476362,0.5763048741961565
6.64074484928479,0.6596135009167655
7.4605404447366075,0.7357729910878094
8.381539268677866,0.8021503001918879
9.416234793278331,0.8573042682965706
10.578662801651687,0.9009956036301766
11.884591785129816,0.93399266113919
13.351736844955687,0.9577510145821381
15.0,0.9740596852930142
