SA(0.3s) [g],Loss_ratio
0.05000000000000001,1.7556051092805018e-09
0.056172467201025755,4.44857762532945e-09
0.06310692142900626,1.1011573644053488e-08
0.07089742948257126,2.6630024022092464e-08
0.07964967064493539,6.292996920511873e-08
0.08948237023750269,1.4533996955285652e-07
0.10052891014472326,3.2812274540403144e-07
0.11293913815718663,7.242562329466317e-07
0.1268814006769336,1.5632379536099049e-06
0.14254482635890514,3.2998190131015287e-06
0.16014189166643014,6.812665069185446e-06
0.17991130314285533,1.3756346765469153e-05
0.2021212354977168,2.7164984995685757e-05
0.2270729694325259,5.245198953693183e-05
0.2551049785537617,9.900510142175246e-05
0.28659752081259104,0.00018263173538794216
0.3219777967548112,0.0003291527986206654
0.36172574455336326,0.0005794561795628327
0.4063805504338082,0.0009962891900111956
0.45654796280755766,0.0016729918690975357
0.5129085093300529,0.0027442760279524883
0.5762267283493882,0.004399093319136848
0.6473615399712076,0.006895672667679698
0.7272778974247632,0.010578954713685003
0.8170598767824696,0.01590076836031665
0.9179253825967483,0.02344277950556528
1.0312426689380967,0.0339407909068725
1.1585488999444697,0.048305554437482606
1.3015710016583038,0.06762945296862165
1.4622490880091454,0.09316112468523192
1.6427627787184707,0.1262245118379323
1.8455607661325835,0.16806047028973395
2.0733940320616497,0.21958407954704381
2.329353165215711,0.28108162705077927
2.6169102854537,0.3519117570285343
2.9399661435534976,0.43030863547603065
3.3029030354176987,0.5133886617823389
3.710644248503383,0.5974205593982173
4.168720846874621,0.6783366202430625
4.683346700825936,0.7523707661501818
5.261502778863538,0.81665054002074
5.911031845476362,0.8695777287750104
6.64074484928479,0.9109063339374917
7.4605404447366075,0.9415327353323337
8.381539268677866,0.963101906234888
9.416234793278331,0.9775695661053193
10.578662801651687,0.9868383106367965
11.884591785129816,0.9925289945238192
13.351736844955687,0.9958895053573585
15.0,0.9978048892808772
