SA(0.6s) [g],Complete_damage
0.05000000000000001,8.110465764987751e-06
0.056172467201025755,1.378977983990115e-05
0.06310692142900626,2.3131401451825795e-05
0.07089742948257126,3.828174922992922e-05
0.07964967064493539,6.25085954272242e-05
0.08948237023750269,0.0001007069905388791
0.10052891014472326,0.00016009069825217992
0.11293913815718663,0.00025111628072926884
0.1268814006769336,0.00038868940212588576
0.14254482635890514,0.0005937006491555374
0.16014189166643014,0.0008949289412463202
0.17991130314285533,0.0013313320254680905
0.2021212354977168,0.001954713434864974
0.2270729694325259,0.002832712126725423
0.2551049785537617,0.004052004568531942
0.28659752081259104,0.005721540953860793
0.3219777967548112,0.007975561612033166
0.36172574455336326,0.010976063440705452
0.4063805504338082,0.014914319070084447
0.45654796280755766,0.020011005501137102
0.5129085093300529,0.026514487395853936
0.5762267283493882,0.034696835785112956
0.6473615399712076,0.04484725575993753
0.7272778974247632,0.05726275167908901
0.8170598767824696,0.0722360731483459
0.9179253825967483,0.09004124809606606
1.0312426689380967,0.11091729975100084
1.1585488999444697,0.135051032710661
1.3015710016583038,0.1625600240895395
1.4622490880091454,0.1934771316534405
1.6427627787184707,0.22773789801605848
1.8455607661325835,0.26517216360668394
2.0733940320616497,0.3055009905630187
2.329353165215711,0.34833965196763417
2.6169102854537,0.3932069817334012
2.9399661435534976,0.4395408528205955
3.3029030354176987,0.4867190106652558
3.710644248503383,0.5340839955533675
4.168720846874621,0.5809705002469545
4.683346700825936,0.6267332744276608
5.261502778863538,0.6707736344283509
5.911031845476362,0.7125627718713404
6.64074484928479,0.7516603614634959
7.4605404447366075,0.7877274087253525
8.381539268677866,0.8205328000420028
9.416234793278331,0.8499535597823664
10.578662801651687,0.8759693229541438
11.884591785129816,0.8986519463574489
13.351736844955687,0.9181514707014051
15.0,0.9346797930776145
