SA(0.6s) [g],Complete_damage
0.05000000000000001,3.571033982152638e-05
0.056172467201025755,5.834873026244747e-05
0.06310692142900626,9.407359806357096e-05
0.07089742948257126,0.00014966404050609228
0.07964967064493539,0.00023496109827114697
0.08948237023750269,0.00036401537330255085
0.10052891014472326,0.000556552802406074
0.11293913815718663,0.0008397978817906715
0.1268814006769336,0.001250676948450824
0.14254482635890514,0.0018383964438374312
0.16014189166643014,0.0026673508074626096
0.17991130314285533,0.0038202613058504475
0.2021212354977168,0.005401381974640351
0.2270729694325259,0.007539535528096053
0.2551049785537617,0.01039066686127832
0.28659752081259104,0.014139533694649709
0.3219777967548112,0.01900010441633926
0.36172574455336326,0.02521421509033195
0.4063805504338082,0.03304806358445622
0.45654796280755766,0.042786199273709524
0.5129085093300529,0.05472280768130022
0.5762267283493882,0.06915028981401372
0.6473615399712076,0.08634538637710543
0.7272778974247632,0.10655337878777504
0.8170598767824696,0.12997118457657697
0.9179253825967483,0.1567304205915514
1.0312426689380967,0.1868816969742606
1.1585488999444697,0.2203814940367883
1.3015710016583038,0.25708293657905235
1.4622490880091454,0.2967316023647457
1.6427627787184707,0.3389671866011783
1.8455607661325835,0.3833314138075252
2.0733940320616497,0.4292820810639679
2.329353165215711,0.4762125842417586
2.6169102854537,0.5234757802879229
2.9399661435534976,0.5704106319073889
3.3029030354176987,0.6163698148643826
3.710644248503383,0.6607463751881824
4.168720846874621,0.7029976152987586
4.683346700825936,0.74266465313119
5.261502778863538,0.779386504286152
5.911031845476362,0.8129080353384538
6.64074484928479,0.8430816688009974
7.4605404447366075,0.8698632279804297
8.381539268677866,0.8933027410734776
9.416234793278331,0.9135313395795541
10.578662801651687,0.9307455648612062
11.884591785129816,0.9451904351718172
13.351736844955687,0.9571425370719806
15.0,0.9668942161579134
