SA(0.6s) [g],Complete_damage
0.05000000000000001,2.1712699337372854e-06
0.056172467201025755,3.8121845160610235e-06
0.06310692142900626,6.603040679897809e-06
0.07089742948257126,1.1283257101868394e-05
0.07964967064493539,1.902201794101721e-05
0.08948237023750269,3.163895471636202e-05
0.10052891014472326,5.192107926987877e-05
0.11293913815718663,8.406878512479121e-05
0.1268814006769336,0.00013431039571054626
0.14254482635890514,0.00021173057115042582
0.16014189166643014,0.00032936156993135235
0.17991130314285533,0.0005055861391013439
0.2021212354977168,0.0007658945338633316
0.2270729694325259,0.00114502347512202
0.2551049785537617,0.0016894794315669426
0.28659752081259104,0.0024604106343402155
0.3219777967548112,0.0035367408998858707
0.36172574455336326,0.0050184145005307546
0.4063805504338082,0.007029528080667147
0.45654796280755766,0.009721048768798313
0.5129085093300529,0.013272745839748357
0.5762267283493882,0.017893907758095517
0.6473615399712076,0.023822390104760505
0.7272778974247632,0.03132155589945962
0.8170598767824696,0.040674739531659565
0.9179253825967483,0.05217699609151616
1.0312426689380967,0.0661240900148592
1.1585488999444697,0.08279892283705603
1.3015710016583038,0.102455882249893
1.4622490880091454,0.1253038872232971
1.6427627787184707,0.15148917318499278
1.8455607661325835,0.18107907006308843
2.0733940320616497,0.21404813861674654
2.329353165215711,0.25026801802215504
2.6169102854537,0.2895021835331555
2.9399661435534976,0.33140651707762814
3.3029030354176987,0.37553617438826636
3.710644248503383,0.42135872624654047
4.168720846874621,0.4682730097170563
4.683346700825936,0.5156326073535088
5.261502778863538,0.562772438275486
5.911031845476362,0.6090366468345239
6.64074484928479,0.6538058488723856
7.4605404447366075,0.6965218579117602
8.381539268677866,0.736708256268199
9.416234793278331,0.7739855691320714
10.578662801651687,0.8080802955639895
11.884591785129816,0.8388275908281616
13.351736844955687,0.8661679189494897
15.0,0.8901384480874522
