SA(1.0s) [g],Loss_ratio
0.05000000000000001,1.943988290557803e-09
0.056172467201025755,7.783512731895623e-09
0.06310692142900626,2.9044867485084596e-08
0.07089742948257126,1.0104476972667753e-07
0.07964967064493539,3.2785108276669e-07
0.08948237023750269,9.92574528883402e-07
0.10052891014472326,2.8056217730860378e-06
0.11293913815718663,7.409673770018859e-06
0.1268814006769336,1.83017703283789e-05
0.14254482635890514,4.233182799669852e-05
0.16014189166643014,9.184869938178485e-05
0.17991130314285533,0.00018739176914369084
0.2021212354977168,0.0003607116503345658
0.2270729694325259,0.0006582190577446054
0.2551049785537617,0.0011462737556322317
0.28659752081259104,0.0019225243185207754
0.3219777967548112,0.003141641677186165
0.36172574455336326,0.005067738083796169
0.4063805504338082,0.008166115881856225
0.45654796280755766,0.013238721713254149
0.5129085093300529,0.02158611999768874
0.5762267283493882,0.035143924396779755
0.6473615399712076,0.056503711808066945
0.7272778974247632,0.08871080522085338
0.8170598767824696,0.13476351282403798
0.9179253825967483,0.19683682904723782
1.0312426689380967,0.2753979592794102
1.1585488999444697,0.3685073929138837
1.3015710016583038,0.4716262375417062
1.4622490880091454,0.5781300372581036
1.6427627787184707,0.6804865875594099
1.8455607661325835,0.7717865490926298
2.0733940320616497,0.8471446433418459
2.329353165215711,0.9045090195347717
2.6169102854537,0.9446395395192404
2.9399661435534976,0.9703497973155277
3.3029030354176987,0.9853857236591045
3.710644248503383,0.9933906005041224
4.168720846874621,0.9972623310772021
4.683346700825936,0.9989618764797279
5.261502778863538,0.9996391219995778
5.911031845476362,0.9998845811743866
6.64074484928479,0.9999658263981795
7.4605404447366075,0.9999905497371934
8.381539268677866,0.9999975328395249
9.416234793278331,0.9999993853904591
10.578662801651687,0.9999998527426404
11.884591785129816,0.9999999659723384
13.351736844955687,0.9999999924370182
15.0,0.9999999983934296
