SA(1.0s) [g],Loss_ratio
0.05000000000000001,7.285018831973291e-16
0.056172467201025755,6.866438566930186e-15
0.06310692142900626,5.6597954365683594e-14
0.07089742948257126,4.331604847171068e-13
0.07964967064493539,3.0859149821379654e-12
0.08948237023750269,2.0446289390706944e-11
0.10052891014472326,1.259284749610917e-10
0.11293913815718663,7.207922429182859e-10
0.1268814006769336,3.833768974534864e-09
0.14254482635890514,1.8948080493701873e-08
0.16014189166643014,8.702669487773251e-08
0.17991130314285533,3.714816865850742e-07
0.2021212354977168,1.4739814310936718e-06
0.2270729694325259,5.437632271771062e-06
0.2551049785537617,1.8655484880145228e-05
0.28659752081259104,5.954178816308758e-05
0.3219777967548112,0.00017685722887305602
0.36172574455336326,0.0004891116704022574
0.4063805504338082,0.0012601247759603963
0.45654796280755766,0.0030263548881404386
0.5129085093300529,0.0067804730444214435
0.5762267283493882,0.014184974628241273
0.6473615399712076,0.027738995711958248
0.7272778974247632,0.050768057802842936
0.8170598767824696,0.08708793501512296
0.9179253825967483,0.14025407660928602
1.0312426689380967,0.21246470814302115
1.1585488999444697,0.30339885423872115
1.3015710016583038,0.409439490106738
1.4622490880091454,0.5237353085393144
1.6427627787184707,0.6373190675680939
1.8455607661325835,0.7410702205537851
2.0733940320616497,0.8278724856359461
2.329353165215711,0.8941384376136285
2.6169102854537,0.9401223658866411
2.9399661435534976,0.9690200853744692
3.3029030354176987,0.9854091904816014
3.710644248503383,0.9937712688329478
4.168720846874621,0.9975988939725716
4.683346700825936,0.999166892102605
5.261502778863538,0.9997405516217797
5.911031845476362,0.9999276540091407
6.64074484928479,0.9999819741502941
7.4605404447366075,0.9999959938451907
8.381539268677866,0.9999992070361766
9.416234793278331,0.9999998603924175
10.578662801651687,0.9999999781621476
11.884591785129816,0.9999999969679374
13.351736844955687,0.9999999996266363
15.0,0.9999999999592547
