SA(0.6s) [g],Complete_damage
0.05000000000000001,0.0005114376864077119
0.056172467201025755,0.0007900585984000896
0.06310692142900626,0.0012028913771564564
0.07089742948257126,0.001805173788485881
0.07964967064493539,0.0026703244368802004
0.08948237023750269,0.0038939508666272493
0.10052891014472326,0.005597958434533368
0.11293913815718663,0.0079344259800187
0.1268814006769336,0.011088802665212727
0.14254482635890514,0.015281880527068803
0.16014189166643014,0.02076992819978496
0.17991130314285533,0.027842354047219575
0.2021212354977168,0.03681632196540541
0.2270729694325259,0.04802788616790887
0.2551049785537617,0.06181944932541161
0.28659752081259104,0.07852367576002406
0.3219777967548112,0.09844438691770763
0.36172574455336326,0.12183539316181835
0.4063805504338082,0.1488786236707158
0.45654796280755766,0.17966324640602083
0.5129085093300529,0.21416766419900535
0.5762267283493882,0.25224628200324406
0.6473615399712076,0.29362273452836063
0.7272778974247632,0.3378908400616506
0.8170598767824696,0.38452393370091453
0.9179253825967483,0.4328924901768125
1.0312426689380967,0.4822891557546398
1.1585488999444697,0.531959566327916
1.3015710016583038,0.5811367297684624
1.4622490880091454,0.6290763741963292
1.6427627787184707,0.6750905609247895
1.8455607661325835,0.7185770454450918
2.0733940320616497,0.7590423168206157
2.329353165215711,0.7961168951491275
2.6169102854537,0.8295622330538375
2.9399661435534976,0.8592693536600525
3.3029030354176987,0.8852500706784675
3.710644248503383,0.9076221992166691
4.168720846874621,0.9265905283683628
4.683346700825936,0.9424254691791506
5.261502778863538,0.9554412253709489
5.911031845476362,0.965975095414603
6.64074484928479,0.974369155919484
7.4605404447366075,0.9809551573281342
8.381539268677866,0.9860430404331927
9.416234793278331,0.9899131031967682
10.578662801651687,0.9928115442094383
11.884591785129816,0.9949488983888317
13.351736844955687,0.9965007639291986
15.0,0.9976101871369788
