SA(0.6s) [g],Loss_ratio
0.05000000000000001,2.4646990435770453e-14
0.056172467201025755,1.0158585541256698e-13
0.06310692142900626,4.0357084209987055e-13
0.07089742948257126,1.5498076158121793e-12
0.07964967064493539,5.7507257784001615e-12
0.08948237023750269,2.0622595780714082e-11
0.10052891014472326,7.147805942098915e-11
0.11293913815718663,2.3949406269686885e-10
0.1268814006769336,7.759770389152129e-10
0.14254482635890514,2.4326538407063916e-09
0.16014189166643014,7.385956028602135e-09
0.17991130314285533,2.1752549104671863e-08
0.2021212354977168,6.229352477426721e-08
0.2270729694325259,1.740657320401659e-07
0.2551049785537617,4.767413098122303e-07
0.28659752081259104,1.286406153526108e-06
0.3219777967548112,3.435960205297423e-06
0.36172574455336326,9.11014642580446e-06
0.4063805504338082,2.3968698565179133e-05
0.45654796280755766,6.232264004832744e-05
0.5129085093300529,0.0001590379491288372
0.5762267283493882,0.00039497673858926766
0.6473615399712076,0.0009468289164439835
0.7272778974247632,0.0021752003977188747
0.8170598767824696,0.004762256563556328
0.9179253825967483,0.009895174060677654
1.0312426689380967,0.01945826776177472
1.1585488999444697,0.03614743824200949
1.3015710016583038,0.0633748908010638
1.4622490880091454,0.10482794518487892
1.6427627787184707,0.16362537729068757
1.8455607661325835,0.24119126792506584
2.0733940320616497,0.3361874961396304
2.329353165215711,0.4439882157361272
2.6169102854537,0.5571037667308311
2.9399661435534976,0.6666201234855551
3.3029030354176987,0.7642424912567306
3.710644248503383,0.8441893673327541
4.168720846874621,0.9042148277452936
4.683346700825936,0.945453092901592
5.261502778863538,0.9713296278008363
5.911031845476362,0.9861353751291234
6.64074484928479,0.9938483278994019
7.4605404447366075,0.997501698389728
8.381539268677866,0.9990732604504483
9.416234793278331,0.9996865658318831
10.578662801651687,0.9999034995228819
11.884591785129816,0.9999729905705178
13.351736844955687,0.9999931358041602
15.0,0.9999984176449098
