SA(0.6s) [g],Loss_ratio
0.05000000000000001,1.9718360409407752e-14
0.056172467201025755,8.127582951385563e-14
0.06310692142900626,3.229187231179755e-13
0.07089742948257126,1.2403492295429315e-12
0.07964967064493539,4.60439115347809e-12
0.08948237023750269,1.652503991920068e-11
0.10052891014472326,5.7360765776694444e-11
0.11293913815718663,1.9269783158590122e-10
0.1268814006769336,6.27158146307255e-10
0.14254482635890514,1.980628517023623e-09
0.16014189166643014,6.083549611642917e-09
0.17991130314285533,1.8231157738477423e-08
0.2021212354977168,5.351962482526676e-08
0.2270729694325259,1.546017996749135e-07
0.2551049785537617,4.4134711195198797e-07
0.28659752081259104,1.2488074094297497e-06
0.3219777967548112,3.504198837430163e-06
0.36172574455336326,9.726981760865392e-06
0.4063805504338082,2.656998109095235e-05
0.45654796280755766,7.09254202721117e-05
0.5129085093300529,0.00018363983429940214
0.5762267283493882,0.0004579932843560159
0.6473615399712076,0.0010937341446137878
0.7272778974247632,0.0024894025787786664
0.8170598767824696,0.005381334146618993
0.9179253825967483,0.011020866140734912
1.0312426689380967,0.021347669730361007
1.1585488999444697,0.039071536581674254
1.3015710016583038,0.06753784882038802
1.4622490880091454,0.110258950328175
1.6427627787184707,0.1700796590309991
1.8455607661325835,0.24811409980274934
2.0733940320616497,0.34278687743378605
2.329353165215711,0.4494204589981473
2.6169102854537,0.5607159347162257
2.9399661435534976,0.6681496994073822
3.3029030354176987,0.7638822322697805
3.710644248503383,0.8424880355742017
4.168720846874621,0.9018664527747235
4.683346700825936,0.9430765579403764
5.261502778863538,0.9693284649734821
5.911031845476362,0.984670478454187
6.64074484928479,0.9928967005188988
7.4605404447366075,0.9969466836570751
8.381539268677866,0.9987804652712317
9.416234793278331,0.9995460999416196
10.578662801651687,0.9998419610776919
11.884591785129816,0.9999482838604421
13.351736844955687,0.9999840176373267
15.0,0.9999953158598619
