SA(0.6s) [g],Complete_damage
0.05000000000000001,8.685208108261122e-11
0.056172467201025755,2.416856714759774e-10
0.06310692142900626,6.562222987227528e-10
0.07089742948257126,1.7385670680880594e-09
0.07964967064493539,4.494532523935391e-09
0.08948237023750269,1.1338174843444904e-08
0.10052891014472326,2.7911371436317722e-08
0.11293913815718663,6.705226718306534e-08
0.1268814006769336,1.5720124024731774e-07
0.14254482635890514,3.596878899170264e-07
0.16014189166643014,8.03232839907686e-07
0.17991130314285533,1.7507444913800185e-06
0.2021212354977168,3.72469925991048e-06
0.2270729694325259,7.735172222966824e-06
0.2551049785537617,1.5681377605214486e-05
0.28659752081259104,3.10356702568626e-05
0.3219777967548112,5.9969486146727036e-05
0.36172574455336326,0.00011314204005352657
0.4063805504338082,0.00020843817080340443
0.45654796280755766,0.0003749975097285807
0.5129085093300529,0.0006588996810368286
0.5762267283493882,0.0011308263000255891
0.6473615399712076,0.001895870096684793
0.7272778974247632,0.003105365472402033
0.8170598767824696,0.004970148221565718
0.9179253825967483,0.007774021712152135
1.0312426689380967,0.011885469224369172
1.1585488999444697,0.01776492694766063
1.3015710016583038,0.025964401071158383
1.4622490880091454,0.03711609785768222
1.6427627787184707,0.05190725489598558
1.8455607661325835,0.07103966151512986
2.0733940320616497,0.09517444072258785
2.329353165215711,0.12486533952059875
2.6169102854537,0.16048663073657665
2.9399661435534976,0.20216419023851473
3.3029030354176987,0.249719741525808
3.710644248503383,0.30263811495246884
4.168720846874621,0.3600653734954973
4.683346700825936,0.42084192002539367
5.261502778863538,0.4835697542115438
5.911031845476362,0.5467077669577665
6.64074484928479,0.6086843838809839
7.4605404447366075,0.6680139489193175
8.381539268677866,0.7234026016057857
9.416234793278331,0.7738311854572888
10.578662801651687,0.8186065440385484
11.884591785129816,0.857377605840786
13.351736844955687,0.8901179040883669
15.0,0.9170806346530694
