SA(1.0s) [g],Loss_ratio
0.05000000000000001,4.9960065820961095e-15
0.056172467201025755,2.953198786049038e-14
0.06310692142900626,1.66645413630713e-13
0.07089742948257126,8.925226913939048e-13
0.07964967064493539,4.5377933162838255e-12
0.08948237023750269,2.190668646315614e-11
0.10052891014472326,1.0043221969939522e-10
0.11293913815718663,4.3734005608500386e-10
0.1268814006769336,1.8095172284964467e-09
0.14254482635890514,7.11802634340085e-09
0.16014189166643014,2.6647026376288754e-08
0.17991130314285533,9.509349038560955e-08
0.2021212354977168,3.2432172782401e-07
0.2270729694325259,1.0609497785645337e-06
0.2551049785537617,3.344135662864114e-06
0.28659752081259104,1.0205795092970198e-05
0.3219777967548112,3.0274056458823743e-05
0.36172574455336326,8.740906711856426e-05
0.4063805504338082,0.0002451033430047975
0.45654796280755766,0.0006636850362201979
0.5129085093300529,0.0017214694775566687
0.5762267283493882,0.0042401411924336855
0.6473615399712076,0.009838577598808048
0.7272778974247632,0.0213652704237334
0.8170598767824696,0.04320828157425082
0.9179253825967483,0.08110073682430628
1.0312426689380967,0.14098867638677923
1.1585488999444697,0.22682937918530643
1.3015710016583038,0.3379151197375674
1.4622490880091454,0.46711911306619425
1.6427627787184707,0.6015821483594673
1.8455607661325835,0.7262493730585657
2.0733940320616497,0.8288001248226975
2.329353165215711,0.9033619174252829
2.6169102854537,0.9511149287398095
2.9399661435534976,0.977973265167459
3.3029030354176987,0.9912046811214252
3.710644248503383,0.9969009988167471
4.168720846874621,0.9990399250959434
4.683346700825936,0.9997392647658249
5.261502778863538,0.9999380824318858
5.911031845476362,0.9999871699060454
6.64074484928479,0.9999976843478282
7.4605404447366075,0.9999996365131959
8.381539268677866,0.9999999504415051
9.416234793278331,0.9999999941374679
10.578662801651687,0.9999999993988524
11.884591785129816,0.9999999999466108
13.351736844955687,0.9999999999958961
15.0,0.9999999999997271
