SA(0.6s) [g],Loss_ratio
0.05000000000000001,8.871329450111976e-08
0.056172467201025755,2.2835100712004689e-07
0.06310692142900626,5.625762694385387e-07
0.07089742948257126,1.3268684918481096e-06
0.07964967064493539,2.9968614371586724e-06
0.08948237023750269,6.484083656642525e-06
0.10052891014472326,1.3444958981366702e-05
0.11293913815718663,2.673201948007858e-05
0.1268814006769336,5.099897930112823e-05
0.14254482635890514,9.34398399494721e-05
0.16014189166643014,0.00016460703597321287
0.17991130314285533,0.0002792440795626386
0.2021212354977168,0.0004571358827993057
0.2270729694325259,0.0007241923118080708
0.2551049785537617,0.0011143983367307964
0.28659752081259104,0.0016739021085125831
0.3219777967548112,0.002469287781326815
0.36172574455336326,0.0036027627797221755
0.4063805504338082,0.005237174163845951
0.45654796280755766,0.007632900858170632
0.5129085093300529,0.011196162377356626
0.5762267283493882,0.0165337747395252
0.6473615399712076,0.02450310518158353
0.7272778974247632,0.03623917661013894
0.8170598767824696,0.05313601906482497
0.9179253825967483,0.07675982107360114
1.0312426689380967,0.1086803462814265
1.1585488999444697,0.15022561148221902
1.3015710016583038,0.20219038279236373
1.4622490880091454,0.264554643543809
1.6427627787184707,0.3362838551334647
1.8455607661325835,0.41527926466474274
2.0733940320616497,0.49851966986024376
2.329353165215711,0.5823904886908415
2.6169102854537,0.6631447568425874
2.9399661435534976,0.7374011245131584
3.3029030354176987,0.8025707586752802
3.710644248503383,0.8571239238243029
4.168720846874621,0.9006516995426543
4.683346700825936,0.9337331229769196
5.261502778863538,0.9576644311596043
5.911031845476362,0.9741310868777708
6.64074484928479,0.9849006443020651
7.4605404447366075,0.9915910353486146
8.381539268677866,0.9955364409995763
9.416234793278331,0.9977437753184868
10.578662801651687,0.9989147894687819
11.884591785129816,0.9995036248123202
13.351736844955687,0.9997841876534108
15.0,0.9999108341897197
