SA(0.6s) [g],Loss_ratio
0.05000000000000001,5.266751907754765e-11
0.056172467201025755,1.2953909857126156e-10
0.06310692142900626,3.1904825733171056e-10
0.07089742948257126,7.941666709259554e-10
0.07964967064493539,2.0179191284906605e-09
0.08948237023750269,5.2752691887594574e-09
0.10052891014472326,1.4221173775381376e-08
0.11293913815718663,3.933908240213358e-08
0.1268814006769336,1.1046273955780024e-07
0.14254482635890514,3.107143987977407e-07
0.16014189166643014,8.64640094289516e-07
0.17991130314285533,2.3564296507842227e-06
0.2021212354977168,6.243175081908614e-06
0.2270729694325259,1.5998221428018257e-05
0.2551049785537617,3.951678322227143e-05
0.28659752081259104,9.388264775888546e-05
0.3219777967548112,0.00021423327792532518
0.36172574455336326,0.00046916794950671527
0.4063805504338082,0.0009856277029094817
0.45654796280755766,0.0019858946379170146
0.5129085093300529,0.0038375587662331507
0.5762267283493882,0.007113255643890085
0.6473615399712076,0.012650463193797482
0.7272778974247632,0.021593567527307997
0.8170598767824696,0.03539327218915455
0.9179253825967483,0.05573619245090059
1.0312426689380967,0.08438439858108021
1.1585488999444697,0.1229231663190076
1.3015710016583038,0.17244348737754392
1.4622490880091454,0.23321679290553973
1.6427627787184707,0.30444142535994606
1.8455607661325835,0.38414198468362437
2.0733940320616497,0.4692773610447763
2.329353165215711,0.5560643508319058
2.6169102854537,0.64046493340184
2.9399661435534976,0.7187363961312442
3.3029030354176987,0.7879226635113994
3.710644248503383,0.8461809274751899
4.168720846874621,0.8928848224979798
4.683346700825936,0.9285070468115372
5.261502778863538,0.9543390527732426
5.911031845476362,0.972136133425145
6.64074484928479,0.9837765986305785
7.4605404447366075,0.9909992818441008
8.381539268677866,0.9952475548547106
9.416234793278331,0.9976145553287149
10.578662801651687,0.9988629554579516
11.884591785129816,0.9994858147835588
13.351736844955687,0.9997796025178741
15.0,0.9999105293159647
