SA(0.6s) [g],Loss_ratio
0.05000000000000001,1.2715618819618593e-07
0.056172467201025755,2.3129340925613276e-07
0.06310692142900626,4.18124651406748e-07
0.07089742948257126,7.535146736451858e-07
0.07964967064493539,1.3590986293249477e-06
0.08948237023750269,2.4650291746173967e-06
0.10052891014472326,4.517306288558324e-06
0.11293913815718663,8.396156937839625e-06
0.1268814006769336,1.5854408115255987e-05
0.14254482635890514,3.0376110701439364e-05
0.16014189166643014,5.880336116539009e-05
0.17991130314285533,0.00011429790961832361
0.2021212354977168,0.00022149276394395952
0.2270729694325259,0.00042501040923853566
0.2551049785537617,0.0008027789567551668
0.28659752081259104,0.0014855820844683883
0.3219777967548112,0.002683767397136711
0.36172574455336326,0.0047207127893091
0.4063805504338082,0.008070298583378457
0.45654796280755766,0.013392307543098635
0.5129085093300529,0.021555890356518555
0.5762267283493882,0.033638081773322004
0.6473615399712076,0.05088340508675729
0.7272778974247632,0.07461351879508343
0.8170598767824696,0.10608370223449583
0.9179253825967483,0.1462954339089459
1.0312426689380967,0.19578916259642673
1.1585488999444697,0.25445456411296424
1.3015710016583038,0.32140220329940455
1.4622490880091454,0.39493647951314326
1.6427627787184707,0.47265360411041785
1.8455607661325835,0.5516626502372158
2.0733940320616497,0.6288987615755764
2.329353165215711,0.7014738402294001
2.6169102854537,0.7669991148416334
2.9399661435534976,0.8238198796674213
3.3029030354176987,0.871123952694789
3.710644248503383,0.9089155417316658
4.168720846874621,0.937876065797285
4.683346700825936,0.9591545836095242
5.261502778863538,0.9741379882814637
5.911031845476362,0.9842451091808263
6.64074484928479,0.9907735655844361
7.4605404447366075,0.9948098691641218
8.381539268677866,0.9971975620129618
9.416234793278331,0.9985484927813949
10.578662801651687,0.999279286048457
11.884591785129816,0.9996571348376219
13.351736844955687,0.9998438017649678
15.0,0.9999318893855972
