SA(1.0s) [g],Loss_ratio
0.05000000000000001,5.365272461062629e-09
0.056172467201025755,1.5447300286703784e-08
0.06310692142900626,4.305784207797421e-08
0.07089742948257126,1.1620213889554982e-07
0.07964967064493539,3.036431568415452e-07
0.08948237023750269,7.682948677976754e-07
0.10052891014472326,1.882510642685578e-06
0.11293913815718663,4.467090955531499e-06
0.1268814006769336,1.0266581389676854e-05
0.14254482635890514,2.285493182057761e-05
0.16014189166643014,4.9286754059676844e-05
0.17991130314285533,0.00010297321756563482
0.2021212354977168,0.0002084561118303784
0.2270729694325259,0.00040893978494234374
0.2551049785537617,0.0007775403430914302
0.28659752081259104,0.0014331018143523976
0.3219777967548112,0.0025609537643146493
0.36172574455336326,0.0044379932919887954
0.4063805504338082,0.007459892173688753
0.45654796280755766,0.012166154620281483
0.5129085093300529,0.01925654200786673
0.5762267283493882,0.029590694713937618
0.6473615399712076,0.04416249387491643
0.7272778974247632,0.0640426788855663
0.8170598767824696,0.09028793533888006
0.9179253825967483,0.1238217290918114
1.0312426689380967,0.16530010572356177
1.1585488999444697,0.21498204076225613
1.3015710016583038,0.2726260598661055
1.4622490880091454,0.3374312802886174
1.6427627787184707,0.4080328393710214
1.8455607661325835,0.4825527231007001
2.0733940320616497,0.5587019645700012
2.329353165215711,0.6339308601002873
2.6169102854537,0.7056263355818728
2.9399661435534976,0.7713516975389528
3.3029030354176987,0.8291079582749628
3.710644248503383,0.8775720159164662
4.168720846874621,0.9162505309649148
4.683346700825936,0.9454963659565245
5.261502778863538,0.9663714771431466
5.911031845476362,0.9803913820742277
6.64074484928479,0.9892255725459704
7.4605404447366075,0.994435367938578
8.381539268677866,0.9973047927624568
9.416234793278331,0.9987781942090077
10.578662801651687,0.9994824905031285
11.884591785129816,0.9997955010636762
13.351736844955687,0.9999247065429415
15.0,0.999974199465141
