SA(1.0s) [g],Loss_ratio
0.05000000000000001,2.3489613402773838e-18
0.056172467201025755,1.4278653683215892e-16
0.06310692142900626,9.476816312343829e-16
0.07089742948257126,7.876237970280829e-15
0.07964967064493539,6.621856926099017e-14
0.08948237023750269,5.491613952276288e-13
0.10052891014472326,4.364337187769539e-12
0.11293913815718663,3.270341964319784e-11
0.1268814006769336,2.2844280758558327e-10
0.14254482635890514,1.4769444520267644e-09
0.16014189166643014,8.800126234399378e-09
0.17991130314285533,4.8201833688392e-08
0.2021212354977168,2.423677947170215e-07
0.2270729694325259,1.1178972821927942e-06
0.2551049785537617,4.728338528113772e-06
0.28659752081259104,1.833930072918847e-05
0.3219777967548112,6.523827179204478e-05
0.36172574455336326,0.00021292099064984646
0.4063805504338082,0.0006378936368301389
0.45654796280755766,0.0017554016718026163
0.5129085093300529,0.004440799869514469
0.5762267283493882,0.01033817418879668
0.6473615399712076,0.02217495796038818
0.7272778974247632,0.043890365889944744
0.8170598767824696,0.08030542079209717
0.9179253825967483,0.13612028441350296
1.0312426689380967,0.21429539450728818
1.1585488999444697,0.31429392983784266
1.3015710016583038,0.43099798179546145
1.4622490880091454,0.5550655264793787
1.6427627787184707,0.6749453939588299
1.8455607661325835,0.7799273337488902
2.0733940320616497,0.862969625726429
2.329353165215711,0.9220823259640389
2.6169102854537,0.9598021761052988
2.9399661435534976,0.9812949102584291
3.3029030354176987,0.992190538401084
3.710644248503383,0.9970881648083694
4.168720846874621,0.9990343219326592
4.683346700825936,0.9997161494873823
5.261502778863538,0.9999262734443638
5.911031845476362,0.9999831224690808
6.64074484928479,0.9999966023215875
7.4605404447366075,0.9999993996251321
8.381539268677866,0.999999907033178
9.416234793278331,0.9999999874020875
10.578662801651687,0.9999999985078247
11.884591785129816,0.9999999998456703
13.351736844955687,0.9999999999860747
15.0,0.9999999999989047
