SA(1.0s) [g],Complete_damage
0.05000000000000001,0.0
0.056172467201025755,0.0
0.06310692142900626,1.1102230246251565e-16
0.07089742948257126,5.551115123125783e-16
0.07964967064493539,3.3306690738754696e-15
0.08948237023750269,2.0539125955565396e-14
0.10052891014472326,1.1901590823981678e-13
0.11293913815718663,6.540323838066797e-13
0.1268814006769336,3.4094949086238557e-12
0.14254482635890514,1.6859180718142852e-11
0.16014189166643014,7.908040888793266e-11
0.17991130314285533,3.5189773317512163e-10
0.2021212354977168,1.4856376129301907e-09
0.2270729694325259,5.951069081966409e-09
0.2551049785537617,2.262057430257869e-08
0.28659752081259104,8.159882813885133e-08
0.3219777967548112,2.793739490858371e-07
0.36172574455336326,9.07956851481373e-07
0.4063805504338082,2.801456432499627e-06
0.45654796280755766,8.20750786634239e-06
0.5129085093300529,2.28362837633167e-05
0.5762267283493882,6.0355104013476435e-05
0.6473615399712076,0.00015155707628711212
0.7272778974247632,0.0003616800928838426
0.8170598767824696,0.000820516436660923
0.9179253825967483,0.0017701525033860799
1.0312426689380967,0.003632978076037241
1.1585488999444697,0.007096382038559668
1.3015710016583038,0.01319948104031643
1.4622490880091454,0.023392769147208448
1.6427627787184707,0.03952873947667057
1.8455607661325835,0.06373864148200226
2.0733940320616497,0.09816636925860656
2.329353165215711,0.144568857541987
2.6169102854537,0.20384663708652884
2.9399661435534976,0.2756195331372169
3.3029030354176987,0.3579853494523568
3.710644248503383,0.4475737152421958
4.168720846874621,0.5399316771261614
4.683346700825936,0.6301750257454938
5.261502778863538,0.7137496025668569
5.911031845476362,0.7871082388886017
6.64074484928479,0.8481386532475357
7.4605404447366075,0.8962623841489181
8.381539268677866,0.932228209350645
9.416234793278331,0.9577046278264064
10.578662801651687,0.9748088815839197
11.884591785129816,0.9856928451248971
13.351736844955687,0.992257123113574
15.0,0.9960094745801353
