SA(1.0s) [g],Complete_damage
0.05000000000000001,3.1086244689504383e-15
0.056172467201025755,1.9206858326015208e-14
0.06310692142900626,1.1124434706744069e-13
0.07089742948257126,6.129541318955489e-13
0.07964967064493539,3.201772180716489e-12
0.08948237023750269,1.5864642932683637e-11
0.10052891014472326,7.456701922592401e-11
0.11293913815718663,3.324901465262542e-10
0.1268814006769336,1.406558869376795e-09
0.14254482635890514,5.645744205473591e-09
0.16014189166643014,2.1503510083675792e-08
0.17991130314285533,7.772618282331223e-08
0.2021212354977168,2.6665208274767593e-07
0.2270729694325259,8.683557305433354e-07
0.2551049785537617,2.6846470677632794e-06
0.28659752081259104,7.881024257638813e-06
0.3219777967548112,2.1971597342629323e-05
0.36172574455336326,5.818505555610365e-05
0.4063805504338082,0.00014639655277293162
0.45654796280755766,0.00035005138055232976
0.5129085093300529,0.0007956860758981943
0.5762267283493882,0.0017199126957008204
0.6473615399712076,0.003536655864909588
0.7272778974247632,0.006921389933649547
0.8170598767824696,0.012898233157591643
0.9179253825967483,0.02290136016807165
1.0312426689380967,0.03876915565052985
1.1585488999444697,0.06262608551814153
1.3015710016583038,0.09662224743888181
1.4622490880091454,0.1425381153586398
1.6427627787184707,0.2013159318893889
1.8455607661325835,0.27263111158296593
2.0733940320616497,0.35464143083119093
2.329353165215711,0.44402816963812
2.6169102854537,0.5363694304632973
2.9399661435534976,0.6267836302637997
3.3029030354176987,0.7106901309918087
3.710644248503383,0.7844929001634235
4.168720846874621,0.8460201799089455
4.683346700825936,0.894636342754188
5.261502778863538,0.9310455661791702
5.911031845476362,0.9568895681718045
6.64074484928479,0.9742766034812498
7.4605404447366075,0.9853634620036577
8.381539268677866,0.9920639807163122
9.416234793278331,0.9959021578501722
10.578662801651687,0.9979859671255226
11.884591785129816,0.9990582440219602
13.351736844955687,0.9995812077851416
15.0,0.9998229494578876
