SA(0.3s) [g],Loss_ratio
0.05000000000000001,1.7290241253406032e-09
0.056172467201025755,4.231126171438955e-09
0.06310692142900626,1.0131799645124957e-08
0.07089742948257126,2.374130875452694e-08
0.07964967064493539,5.4440600447655367e-08
0.08948237023750269,1.2216740716055237e-07
0.10052891014472326,2.68298152753461e-07
0.11293913815718663,5.766706595455908e-07
0.1268814006769336,1.2131293503188603e-06
0.14254482635890514,2.497936629109348e-06
0.16014189166643014,5.03481658898579e-06
0.17991130314285533,9.934745144051706e-06
0.2021212354977168,1.9193663607661525e-05
0.2270729694325259,3.631318486109272e-05
0.2551049785537617,6.729463910509134e-05
0.28659752081259104,0.0001221929129354288
0.3219777967548112,0.00021749281107078653
0.36172574455336326,0.00037967590855433165
0.4063805504338082,0.0006504934969995346
0.45654796280755766,0.0010946673358173742
0.5129085093300529,0.0018110124202223798
0.5762267283493882,0.002948287133279382
0.6473615399712076,0.004727312078004325
0.7272778974247632,0.007470791159709977
0.8170598767824696,0.011641339097713605
0.9179253825967483,0.01788580994014804
1.0312426689380967,0.027079509539996653
1.1585488999444697,0.04035716906211293
1.3015710016583038,0.05910982180436259
1.4622490880091454,0.08492104068577086
1.6427627787184707,0.1194173038016614
1.8455607661325835,0.1640208812531024
2.0733940320616497,0.2196220796264566
2.329353165215711,0.28622670878210454
2.6169102854537,0.36267115316286824
2.9399661435534976,0.4465121433346551
3.3029030354176987,0.5341743404300157
3.710644248503383,0.6213731439079271
4.168720846874621,0.7037408343753254
4.683346700825936,0.7775066240228846
5.261502778863538,0.8400519224170687
5.911031845476362,0.8901985208202754
6.64074484928479,0.9281760956386633
7.4605404447366075,0.9553180723418986
8.381539268677866,0.9736085081083289
9.416234793278331,0.9852218853738685
10.578662801651687,0.9921651945735105
11.884591785129816,0.9960718274499343
13.351736844955687,0.9981393496815845
15.0,0.9991681181258701
