SA(1.0s) [g],Complete_damage
0.05000000000000001,7.390235234883136e-08
0.056172467201025755,1.4777315671121727e-07
0.06310692142900626,2.907579509381364e-07
0.07089742948257126,5.629582932042965e-07
0.07964967064493539,1.0726050622134053e-06
0.08948237023750269,2.0110994713995467e-06
0.10052891014472326,3.710813740842589e-06
0.11293913815718663,6.7384380031398905e-06
0.1268814006769336,1.2042515592614045e-05
0.14254482635890514,2.1181535098224735e-05
0.16014189166643014,3.666867399010343e-05
0.17991130314285533,6.248085154925143e-05
0.2021212354977168,0.00010479250185424505
0.2270729694325259,0.00017300707465073284
0.2551049785537617,0.00028116945806089255
0.28659752081259104,0.0004498469858150722
0.3219777967548112,0.0007085610905184225
0.36172574455336326,0.0010988308436380434
0.4063805504338082,0.0016778482179009568
0.45654796280755766,0.0025227383126544822
0.5129085093300529,0.003735263500574737
0.5762267283493882,0.005446709705741348
0.6473615399712076,0.007822552362667268
0.7272778974247632,0.011066352163840554
0.8170598767824696,0.015422196586861614
0.9179253825967483,0.021174908570850248
1.0312426689380967,0.02864721823839489
1.1585488999444697,0.03819316604721512
1.3015710016583038,0.05018719843025621
1.4622490880091454,0.06500873909376559
1.6427627787184707,0.08302246114949985
1.8455607661325835,0.10455501505734621
2.0733940320616497,0.12986952998358603
2.329353165215711,0.15913972799160114
2.6169102854537,0.19242588803605232
2.9399661435534976,0.2296550895739975
3.3029030354176987,0.27060809104726324
3.710644248503383,0.31491482565361406
4.168720846874621,0.36205983690575205
4.683346700825936,0.41139808650513876
5.261502778863538,0.46218054550671706
5.911031845476362,0.5135879539552282
6.64074484928479,0.5647702412773152
7.4605404447366075,0.6148884644506969
8.381539268677866,0.6631558344993531
9.416234793278331,0.7088745058612855
10.578662801651687,0.7514652824733365
11.884591785129816,0.7904881796868366
13.351736844955687,0.8256527610706188
15.0,0.8568182096784077
