SA(0.6s) [g],Complete_damage
0.05000000000000001,4.02065900617643e-06
0.056172467201025755,7.280252052876968e-06
0.06310692142900626,1.297426212920616e-05
0.07089742948257126,2.2757282740926144e-05
0.07964967064493539,3.928936673069927e-05
0.08948237023750269,6.676717844333879e-05
0.10052891014472326,0.00011168685263074352
0.11293913815718663,0.00018391242195059387
0.1268814006769336,0.00029813324358995974
0.14254482635890514,0.0004757972793345555
0.16014189166643014,0.0007475999444256365
0.17991130314285533,0.0011565853867628872
0.2021212354977168,0.0017618732233535273
0.2270729694325259,0.002642954572554368
0.2551049785537617,0.0039044045697986807
0.28659752081259104,0.0056807361978140625
0.3219777967548112,0.008140979392078362
0.36172574455336326,0.011492423777553773
0.4063805504338082,0.015982833685191933
0.45654796280755766,0.021900356692809875
0.5129085093300529,0.02957033127507791
0.5762267283493882,0.03934828326242612
0.6473615399712076,0.051608605538003616
0.7272778974247632,0.066728748096477
0.8170598767824696,0.08506919453045647
0.9179253825967483,0.1069500320043868
1.0312426689380967,0.13262547829074622
1.1585488999444697,0.1622582372311191
1.3015710016583038,0.19589593029646024
1.4622490880091454,0.23345201840768248
1.6427627787184707,0.27469352551269444
1.8455607661325835,0.3192374768959576
2.0733940320616497,0.3665572863163681
2.329353165215711,0.4159994274830471
2.6169102854537,0.4668097077634199
2.9399661435534976,0.518167452955024
3.3029030354176987,0.5692250466992542
3.710644248503383,0.6191496676267655
4.168720846874621,0.6671638177094059
4.683346700825936,0.7125813728053695
5.261502778863538,0.7548363910193392
5.911031845476362,0.7935027135352815
6.64074484928479,0.8283033733140096
7.4605404447366075,0.8591098561175319
8.381539268677866,0.8859322037097253
9.416234793278331,0.9089017005496827
10.578662801651687,0.9282483695580824
11.884591785129816,0.9442756908378033
13.351736844955687,0.95733486465036
15.0,0.9678006175466505
