SA(0.6s) [g],Complete_damage
0.05000000000000001,1.9559892372456034e-08
0.056172467201025755,4.940589848345667e-08
0.06310692142900626,1.2150433725821586e-07
0.07089742948257126,2.9095415787772083e-07
0.07964967064493539,6.784187688291254e-07
0.08948237023750269,1.5404017815745519e-06
0.10052891014472326,3.40609900317812e-06
0.11293913815718663,7.334894929100777e-06
0.1268814006769336,1.5384112728500376e-05
0.14254482635890514,3.1428526038879134e-05
0.16014189166643014,6.254354051138389e-05
0.17991130314285533,0.0001212508565541226
0.2021212354977168,0.0002290190352450816
0.2270729694325259,0.00042148990271762
0.2551049785537617,0.0007559279275761721
0.28659752081259104,0.001321310636655193
0.3219777967548112,0.0022512307905364626
0.36172574455336326,0.0037393067472493158
0.4063805504338082,0.006056065838904723
0.45654796280755766,0.009565305441622263
0.5129085093300529,0.014736865446821845
0.5762267283493882,0.022151786710043697
0.6473615399712076,0.03249529758926817
0.7272778974247632,0.04653331861272758
0.8170598767824696,0.0650695014808107
0.9179253825967483,0.08888234438657816
1.0312426689380967,0.11864548334999825
1.1585488999444697,0.1548383329009173
1.3015710016583038,0.1976580109834154
1.4622490880091454,0.24694594405278658
1.6427627787184707,0.3021428091051306
1.8455607661325835,0.3622830032023978
2.0733940320616497,0.4260347151754321
2.329353165215711,0.4917846755765921
2.6169102854537,0.5577591226989995
2.9399661435534976,0.6221660593387368
3.3029030354176987,0.6833399561109148
3.710644248503383,0.7398696017200272
4.168720846874621,0.790692916648408
4.683346700825936,0.8351485000858796
5.261502778863538,0.8729811037549979
5.911031845476362,0.904305501195624
6.64074484928479,0.9295389019143361
7.4605404447366075,0.9493152178447614
8.381539268677866,0.9643948770885625
9.416234793278331,0.9755818908833251
10.578662801651687,0.9836563475159277
11.884591785129816,0.9893264237965608
13.351736844955687,0.9932002571407046
15.0,0.9957752105315558
