SA(1.0s) [g],Complete_damage
0.05000000000000001,3.823786642409566e-05
0.056172467201025755,7.022093844233357e-05
0.06310692142900626,0.0001263078757041125
0.07089742948257126,0.00022254303585600432
0.07964967064493539,0.00038410396443155914
0.08948237023750269,0.0006494847320566155
0.10052891014472326,0.0010759985519980253
0.11293913815718663,0.001746697065253211
0.1268814006769336,0.0027786316558833235
0.14254482635890514,0.00433211858630167
0.16014189166643014,0.006620316890786904
0.17991130314285533,0.009918010871699745
0.2021212354977168,0.014568061632926232
0.2270729694325259,0.020983638296610208
0.2551049785537617,0.029644166477527545
0.28659752081259104,0.04108305284168323
0.3219777967548112,0.055865754385589494
0.36172574455336326,0.07455770298909359
0.4063805504338082,0.09768293308716003
0.45654796280755766,0.12567585742570087
0.5129085093300529,0.15883026012485757
0.5762267283493882,0.19725092558310053
0.6473615399712076,0.24081407797926535
0.7272778974247632,0.2891427056377931
0.8170598767824696,0.34160175032559525
0.9179253825967483,0.39731609748208974
1.0312426689380967,0.45521155237002053
1.1585488999444697,0.5140759430384767
1.3015710016583038,0.5726346654852167
1.4622490880091454,0.6296328853045292
1.6427627787184707,0.6839156236001939
1.8455607661325835,0.7344972696697722
2.0733940320616497,0.7806136191617619
2.329353165215711,0.8217520416751298
2.6169102854537,0.8576583777569946
2.9399661435534976,0.888322129378197
3.3029030354176987,0.9139439637265333
3.710644248503383,0.9348911587728692
4.168720846874621,0.9516472321494555
4.683346700825936,0.9647616597966739
5.261502778863538,0.9748045133816005
5.911031845476362,0.9823293246654545
6.64074484928479,0.9878458393062552
7.4605404447366075,0.9918028261559526
8.381539268677866,0.9945799490311487
9.416234793278331,0.996486973336566
10.578662801651687,0.9977682649704611
11.884591785129816,0.9986105718883199
13.351736844955687,0.9991523523562607
15.0,0.9994933150812434
