SA(1.0s) [g],Complete_damage
0.05000000000000001,8.562834419079124e-06
0.056172467201025755,1.650719756562946e-05
0.06310692142900626,3.1164551886009306e-05
0.07089742948257126,5.762410680532071e-05
0.07964967064493539,0.00010435886007176265
0.08948237023750269,0.00018512472832488136
0.10052891014472326,0.00032169189230835116
0.11293913815718663,0.0005476329966719318
0.1268814006769336,0.0009133749282150827
0.14254482635890514,0.0014926499863110454
0.16014189166643014,0.0023903381318707284
0.17991130314285533,0.0037514591881705472
0.2021212354977168,0.005770748897330313
0.2270729694325259,0.008701852325053605
0.2551049785537617,0.01286473623983575
0.28659752081259104,0.018649533147011232
0.3219777967548112,0.026514784450647366
0.36172574455336326,0.03697806266190884
0.4063805504338082,0.05059732658691929
0.45654796280755766,0.06794216276509235
0.5129085093300529,0.08955528356368281
0.5762267283493882,0.11590618520079254
0.6473615399712076,0.14734051511539503
0.7272778974247632,0.1840301735470502
0.8170598767824696,0.22593015886675816
0.9179253825967483,0.27274837028167687
1.0312426689380967,0.32393381909417795
1.1585488999444697,0.3786869509841466
1.3015710016583038,0.4359932249575089
1.4622490880091454,0.49467809332989143
1.6427627787184707,0.5534785712595585
1.8455607661325835,0.6111241940380099
2.0733940320616497,0.6664187751525046
2.329353165215711,0.718314258974463
2.6169102854537,0.7659691314368422
2.9399661435534976,0.8087860893730893
3.3029030354176987,0.8464265605480362
3.710644248503383,0.8788026980279011
4.168720846874621,0.9060501412108266
4.683346700825936,0.9284867494570354
5.261502778863538,0.9465634588554076
5.911031845476362,0.9608133734521621
6.64074484928479,0.9718043391281691
7.4605404447366075,0.9800988377027782
8.381539268677866,0.9862234007081001
9.416234793278331,0.9906481712065671
10.578662801651687,0.9937759573702424
11.884591785129816,0.995939243703288
13.351736844955687,0.9974031780267123
15.0,0.9983724815694578
