SA(1.0s) [g],Complete_damage
0.05000000000000001,2.1370907579143505e-06
0.056172467201025755,4.2977401395472015e-06
0.06310692142900626,8.463418746496032e-06
0.07089742948257126,1.6321520100337494e-05
0.07964967064493539,3.0825257205324696e-05
0.08948237023750269,5.7017498417466506e-05
0.10052891014472326,0.00010329776748740915
0.11293913815718663,0.0001833087458389393
0.1268814006769336,0.0003186511225314881
0.14254482635890514,0.0005426513957573764
0.16014189166643014,0.0009053900585265229
0.17991130314285533,0.0014801277976834726
0.2021212354977168,0.0023711246463204994
0.2270729694325259,0.0037226158459530145
0.2551049785537617,0.005728384745533832
0.28659752081259104,0.008640973683039399
0.3219777967548112,0.012779141927892201
0.36172574455336326,0.018531789261822973
0.4063805504338082,0.02635631508220926
0.45654796280755766,0.036769389882740144
0.5129085093300529,0.050328482938011065
0.5762267283493882,0.06760328172570507
0.6473615399712076,0.08913734902077342
0.7272778974247632,0.11540189239449461
0.8170598767824696,0.14674516726975995
0.9179253825967483,0.18334251585100425
1.0312426689380967,0.2251530402066222
1.1585488999444697,0.2718891275346109
1.3015710016583038,0.3230043008452712
1.4622490880091454,0.3777031359062706
1.6427627787184707,0.43497443997167784
1.8455607661325835,0.49364589035639195
2.0733940320616497,0.5524553697228816
2.329353165215711,0.6101318305665788
2.6169102854537,0.6654771157142985
2.9399661435534976,0.7174400193923185
3.3029030354176987,0.7651750215997754
3.710644248503383,0.8080803502490044
4.168720846874621,0.8458129097259408
4.683346700825936,0.8782806482026748
5.261502778863538,0.9056156148812593
5.911031845476362,0.9281328876038759
6.64074484928479,0.9462815135250588
7.4605404447366075,0.9605935826203295
8.381539268677866,0.9716367029514446
9.416234793278331,0.9799737428529658
10.578662801651687,0.9861320683605087
11.884591785129816,0.9905829297993901
13.351736844955687,0.9937303604482656
15.0,0.9959080647708056
