SA(0.6s) [g],Loss_ratio
0.05000000000000001,1.5543256763742406e-14
0.056172467201025755,7.736172114318784e-14
0.06310692142900626,3.6745260655171327e-13
0.07089742948257126,1.6710473952123458e-12
0.07964967064493539,7.274086971018148e-12
0.08948237023750269,3.0311609071433626e-11
0.10052891014472326,1.2092680637336316e-10
0.11293913815718663,4.6191658156195425e-10
0.1268814006769336,1.689641261344933e-09
0.14254482635890514,5.91966610463512e-09
0.16014189166643014,1.986917774965971e-08
0.17991130314285533,6.391244601557561e-08
0.2021212354977168,1.97106624086739e-07
0.2270729694325259,5.831365012534644e-07
0.2551049785537617,1.6561609753213464e-06
0.28659752081259104,4.519445556422207e-06
0.3219777967548112,1.1862776098405601e-05
0.36172574455336326,2.998810208341854e-05
0.4063805504338082,7.310816589371446e-05
0.45654796280755766,0.00017211964478619642
0.5129085093300529,0.00039179672925185923
0.5762267283493882,0.0008629872017238175
0.6473615399712076,0.0018396699987603027
0.7272778974247632,0.0037931760652979533
0.8170598767824696,0.0075536528837430875
0.9179253825967483,0.014495117425936687
1.0312426689380967,0.026727153481092805
1.1585488999444697,0.047201334731314964
1.3015710016583038,0.07958049215653834
1.4622490880091454,0.12770086165603767
1.6427627787184707,0.19454865156803758
1.8455607661325835,0.28091223966957635
2.0733940320616497,0.3841902755520872
2.329353165215711,0.49802553648524367
2.6169102854537,0.6132525126685523
2.9399661435534976,0.7200508764355406
3.3029030354176987,0.810497447761037
3.710644248503383,0.8804078255891054
4.168720846874621,0.929727130414167
4.683346700825936,0.9615264522589951
5.261502778863538,0.9803217772811148
5.911031845476362,0.9905550646290933
6.64074484928479,0.9957218319465432
7.4605404447366075,0.9981606879956924
8.381539268677866,0.9992461071008123
9.416234793278331,0.9997048492569272
10.578662801651687,0.999889741832531
11.884591785129816,0.9999608313941172
13.351736844955687,0.9999868286396195
15.0,0.9999958268368586
