PGA [g],Loss_ratio
0.05000000000000001,8.304159938242721e-08
0.056172467201025755,1.6505176228323715e-07
0.06310692142900626,3.2308292348286375e-07
0.07089742948257126,6.229979344173715e-07
0.07964967064493539,1.1836851979373883e-06
0.08948237023750269,2.2163953407584203e-06
0.10052891014472326,4.0906077028224695e-06
0.11293913815718663,7.442317257600155e-06
0.1268814006769336,1.3348707823864101e-05
0.14254482635890514,2.3604366375566095e-05
0.16014189166643014,4.114904473425784e-05
0.17991130314285533,7.071568526502347e-05
0.2021212354977168,0.00011978947182121532
0.2270729694325259,0.00019999231275217395
0.2551049785537617,0.0003290289106666511
0.28659752081259104,0.0005333446532217348
0.3219777967548112,0.0008516436717423046
0.36172574455336326,0.0013393870014492635
0.4063805504338082,0.0020743241164543434
0.45654796280755766,0.0031629954845660644
0.5129085093300529,0.004747972752537911
0.5762267283493882,0.007015378658346731
0.6473615399712076,0.010201965174029999
0.7272778974247632,0.014600755453611114
0.8170598767824696,0.020564018049183813
0.9179253825967483,0.02850219697629383
1.0312426689380967,0.03887742723749177
1.1585488999444697,0.05219047036698553
1.3015710016583038,0.06896033177134012
1.4622490880091454,0.08969645917784613
1.6427627787184707,0.11486421989447497
1.8455607661325835,0.1448452357034658
2.0733940320616497,0.17989502947118416
2.329353165215711,0.22010122770380192
2.6169102854537,0.2653462078997256
2.9399661435534976,0.31527852632219205
3.3029030354176987,0.36929763565339946
3.710644248503383,0.4265561706242599
4.168720846874621,0.4859832463611624
4.683346700825936,0.5463305679760938
5.261502778863538,0.6062405820132166
5.911031845476362,0.6643325522983603
6.64074484928479,0.7192988127744135
7.4605404447366075,0.7700003718942058
8.381539268677866,0.8155494910394364
9.416234793278331,0.855367612654075
10.578662801651687,0.8892103065659483
11.884591785129816,0.917156222115249
13.351736844955687,0.9395631875901431
15.0,0.957000065221196
