SA(1.0s) [g],Complete_damage
0.05000000000000001,3.3084646133829665e-14
0.056172467201025755,1.3555823130673161e-13
0.06310692142900626,5.369038547087257e-13
0.07089742948257126,2.0548007739762397e-12
0.07964967064493539,7.598033313627184e-12
0.08948237023750269,2.7145397041294927e-11
0.10052891014472326,9.370426656829522e-11
0.11293913815718663,3.1254265842051154e-10
0.1268814006769336,1.0073091250006883e-09
0.14254482635890514,3.1371760744747235e-09
0.16014189166643014,9.44188027762749e-09
0.17991130314285533,2.7462746077233646e-08
0.2021212354977168,7.720041739212036e-08
0.2270729694325259,2.0975484715801684e-07
0.2551049785537617,5.508709240986676e-07
0.28659752081259104,1.398506962901891e-06
0.3219777967548112,3.432343543496863e-06
0.36172574455336326,8.144527540498991e-06
0.4063805504338082,1.868665092585875e-05
0.45654796280755766,4.14603584336648e-05
0.5129085093300529,8.896535443236875e-05
0.5762267283493882,0.0001846505716394109
0.6473615399712076,0.0003707523518510225
0.7272778974247632,0.000720259793978606
0.8170598767824696,0.0013540749837267496
0.9179253825967483,0.0024639377048905065
1.0312426689380967,0.004340557861115424
1.1585488999444697,0.007404524699924364
1.3015710016583038,0.012235028092462574
1.4622490880091454,0.019588652415486574
1.6427627787184707,0.03039829335952382
1.8455607661325835,0.04574170508923936
2.0733940320616497,0.06677142581567042
2.329353165215711,0.0946035283608333
2.6169102854537,0.1301715340150843
2.9399661435534976,0.1740623888167787
3.3029030354176987,0.22636093576650818
3.710644248503383,0.28653457703318197
4.168720846874621,0.3533880649868725
4.683346700825936,0.4251085096320134
5.261502778863538,0.4994040954983602
5.911031845476362,0.5737204146614278
6.64074484928479,0.6455009200664228
7.4605404447366075,0.712447742470756
8.381539268677866,0.7727390287723651
9.416234793278331,0.8251690748388635
10.578662801651687,0.8691948504458422
11.884591785129816,0.9048921079082051
13.351736844955687,0.932840943187777
15.0,0.9539706545885216
