SA(1.0s) [g],Complete_damage
0.05000000000000001,1.63202784619898e-14
0.056172467201025755,7.638334409421077e-14
0.06310692142900626,3.419486915845482e-13
0.07089742948257126,1.4712675522332574e-12
0.07964967064493539,6.081246617384295e-12
0.08948237023750269,2.4148794075529167e-11
0.10052891014472326,9.213152463161123e-11
0.11293913815718663,3.377162993700722e-10
0.1268814006769336,1.189458198602722e-09
0.14254482635890514,4.025540789598381e-09
0.16014189166643014,1.3091926653885366e-08
0.17991130314285533,4.091814620466039e-08
0.2021212354977168,1.2291159978694566e-07
0.2270729694325259,3.5486959659714046e-07
0.2551049785537617,9.848759868757995e-07
0.28659752081259104,2.627681770728252e-06
0.3219777967548112,6.740441850450196e-06
0.36172574455336326,1.6625668318615006e-05
0.4063805504338082,3.94367652952754e-05
0.45654796280755766,8.997408597399836e-05
0.5129085093300529,0.00019746826267075246
0.5762267283493882,0.0004169834245795201
0.6473615399712076,0.0008473624882774367
0.7272778974247632,0.001657474255290281
0.8170598767824696,0.0031214911407276835
0.9179253825967483,0.005661613951455813
1.0312426689380967,0.009892886103376908
1.1585488999444697,0.016659866909475407
1.3015710016583038,0.027050135717545887
1.4622490880091454,0.04236688418167556
1.6427627787184707,0.06404464549587308
1.8455607661325835,0.09350041805560472
2.0733940320616497,0.13192725331765853
2.329353165215711,0.18005628206314006
2.6169102854537,0.23793086980391687
2.9399661435534976,0.3047463512933214
3.3029030354176987,0.37880481675590105
3.710644248503383,0.4576147129576744
4.168720846874621,0.5381331354052139
4.683346700825936,0.617113333732085
5.261502778863538,0.6914922144058696
5.911031845476362,0.758741782253971
6.64074484928479,0.8171182446852704
7.4605404447366075,0.8657695425633571
8.381539268677866,0.9046973034417574
9.416234793278331,0.9346015385674815
10.578662801651687,0.9566569005689614
11.884591785129816,0.9722741240165043
13.351736844955687,0.9828911166373606
15.0,0.9898207007442819
