PGA [g],Loss_ratio
0.05000000000000001,9.92950265008978e-10
0.056172467201025755,3.4528999396611613e-09
0.06310692142900626,1.1380149688935612e-08
0.07089742948257126,3.5559702936569776e-08
0.07964967064493539,1.0538816642110947e-07
0.08948237023750269,2.964012655041601e-07
0.10052891014472326,7.916405802518033e-07
0.11293913815718663,2.009762835342958e-06
0.1268814006769336,4.8560504245732386e-06
0.14254482635890514,1.1186476479434892e-05
0.16014189166643014,2.462575933937854e-05
0.17991130314285533,5.196688695891127e-05
0.2021212354977168,0.00010555243977620456
0.2270729694325259,0.00020740370420061063
0.2551049785537617,0.0003965956602826279
0.28659752081259104,0.0007426709877657301
0.3219777967548112,0.0013698060930567174
0.36172574455336326,0.00249860369717296
0.4063805504338082,0.004513546027892955
0.45654796280755766,0.008061884161122822
0.5129085093300529,0.01418067241538273
0.5762267283493882,0.024429667226533877
0.6473615399712076,0.04097883308276007
0.7272778974247632,0.06656743415395179
0.8170598767824696,0.10423555584644523
0.9179253825967483,0.15675699276572835
1.0312426689380967,0.225800340841688
1.1585488999444697,0.3110073013929565
1.3015710016583038,0.40933842999695236
1.4622490880091454,0.5150784599400657
1.6427627787184707,0.6207149561047076
1.8455607661325835,0.7185282235354391
2.0733940320616497,0.8023476880294302
2.329353165215711,0.8687960788513046
2.6169102854537,0.9175776427821661
2.9399661435534976,0.95083422549111
3.3029030354176987,0.9719951898613574
3.710644248503383,0.9846576139696532
4.168720846874621,0.9918546350201639
4.683346700825936,0.995784369676215
5.261502778863538,0.9978674498589447
5.911031845476362,0.9989468494522873
6.64074484928479,0.9994944225989776
7.4605404447366075,0.999765394250046
8.381539268677866,0.9998953475599395
9.416234793278331,0.9999553252092402
10.578662801651687,0.9999818089897672
11.884591785129816,0.999992950152457
13.351736844955687,0.9999974032920342
15.0,0.9999990917517956
