PGA [g],Loss_ratio
0.05000000000000001,1.1281133868790916e-12
0.056172467201025755,5.619147352498848e-12
0.06310692142900626,2.668023787008559e-11
0.07089742948257126,1.207583347643668e-10
0.07964967064493539,5.210162859632248e-10
0.08948237023750269,2.1427764747416475e-09
0.10052891014472326,8.399768679931488e-09
0.11293913815718663,3.138244863580237e-08
0.1268814006769336,1.1173565996723139e-07
0.14254482635890514,3.7908212609488925e-07
0.16014189166643014,1.225348541034678e-06
0.17991130314285533,3.773280911422205e-06
0.2021212354977168,1.1067847495900323e-05
0.2270729694325259,3.092067435614832e-05
0.2551049785537617,8.2270127252004e-05
0.28659752081259104,0.00020845806672672513
0.3219777967548112,0.0005029967817838953
0.36172574455336326,0.0011557858345357217
0.4063805504338082,0.0025290366149179127
0.45654796280755766,0.005269796820308507
0.5129085093300529,0.010456152686054855
0.5762267283493882,0.019753115844280654
0.6473615399712076,0.03552110024277169
0.7272778974247632,0.06078215301005378
0.8170598767824696,0.09892766412704192
0.9179253825967483,0.1530804277480693
1.0312426689380967,0.22513610033303894
1.1585488999444697,0.3147004658108147
1.3015710016583038,0.41833302850256504
1.4622490880091454,0.5295612110613358
1.6427627787184707,0.639918547383994
1.8455607661325835,0.7408103125098687
2.0733940320616497,0.8255520395805278
2.329353165215711,0.8907715368271815
2.6169102854537,0.9366577959765922
2.9399661435534976,0.9661107647134488
3.3029030354176987,0.983327556115422
3.710644248503383,0.9924790991336074
4.168720846874621,0.9968967476424577
4.683346700825936,0.9988312051868318
5.261502778863538,0.999598891763752
5.911031845476362,0.9998747649359067
6.64074484928479,0.999964472568816
7.4605404447366075,0.9999908528358104
8.381539268677866,0.9999978646367249
9.416234793278331,0.9999995484002411
10.578662801651687,0.9999999135402783
11.884591785129816,0.9999999850247503
13.351736844955687,0.9999999976547419
15.0,0.999999999668068
