PGA [g],Loss_ratio
0.05000000000000001,2.0864174941012339e-07
0.056172467201025755,4.1067753696139423e-07
0.06310692142900626,7.961734906451743e-07
0.07089742948257126,1.5204141121101463e-06
0.07964967064493539,2.8601611169623134e-06
0.08948237023750269,5.300378217646414e-06
0.10052891014472326,9.676332610576026e-06
0.11293913815718663,1.740160134463904e-05
0.1268814006769336,3.082600794903553e-05
0.14254482635890514,5.378483300644485e-05
0.16014189166643014,9.242151862223639e-05
0.17991130314285533,0.0001563892165483585
0.2021212354977168,0.0002605590329921469
0.2270729694325259,0.00042737971648039224
0.2551049785537617,0.000690037380481676
0.28659752081259104,0.0010965448277233977
0.3219777967548112,0.001714836728036019
0.36172574455336326,0.0026388480488403936
0.4063805504338082,0.003995400562711235
0.45654796280755766,0.005951514700818825
0.5129085093300529,0.008721511424632475
0.5762267283493882,0.012572995933141567
0.6473615399712076,0.0178305630962343
0.7272778974247632,0.024875889008063378
0.8170598767824696,0.03414283685530217
0.9179253825967483,0.04610636664906633
1.0312426689380967,0.06126443537190948
1.1585488999444697,0.0801127089704424
1.3015710016583038,0.10311273582426643
1.4622490880091454,0.13065516060415666
1.6427627787184707,0.16302046034447543
1.8455607661325835,0.20034042340213237
2.0733940320616497,0.24256404978639645
2.329353165215711,0.2894316576183191
2.6169102854537,0.3404607198690636
2.9399661435534976,0.39494635349498747
3.3029030354176987,0.45197847435319616
3.710644248503383,0.5104764298092969
4.168720846874621,0.5692404160785753
4.683346700825936,0.6270171821259
5.261502778863538,0.6825755061640905
5.911031845476362,0.7347849521099159
6.64074484928479,0.7826898936220416
7.4605404447366075,0.8255702488988663
8.381539268677866,0.862981237626742
9.416234793278331,0.89476690204082
10.578662801651687,0.9210458416336269
11.884591785129816,0.9421718771996231
13.351736844955687,0.9586762132800314
15.0,0.9712001873362733
