SA(1.0s) [g],Loss_ratio
0.05000000000000001,2.006810446058401e-09
0.056172467201025755,7.073802618214541e-09
0.06310692142900626,2.3533287623029623e-08
0.07089742948257126,7.391136205391053e-08
0.07964967064493539,2.1921928958985748e-07
0.08948237023750269,6.142668003178163e-07
0.10052891014472326,1.6268975038507027e-06
0.11293913815718663,4.0753033451519504e-06
0.1268814006769336,9.662897805719527e-06
0.14254482635890514,2.1710229682874205e-05
0.16014189166643014,4.62859040646585e-05
0.17991130314285533,9.382040947230553e-05
0.2021212354977168,0.00018128095562718185
0.2270729694325259,0.00033509544663122705
0.2551049785537617,0.0005954317280910821
0.28659752081259104,0.0010234006624087713
0.3219777967548112,0.001714383508643406
0.36172574455336326,0.0028227202036291265
0.4063805504338082,0.004604455696893903
0.45654796280755766,0.007483877859631881
0.5129085093300529,0.012143827950519069
0.5762267283493882,0.019627518784108622
0.6473615399712076,0.03142177440240619
0.7272778974247632,0.04947366872825722
0.8170598767824696,0.07608462839334279
0.9179253825967483,0.11363951102823888
1.0312426689380967,0.1641684762919048
1.1585488999444697,0.2287995612302674
1.3015710016583038,0.3072199684781649
1.4622490880091454,0.39730083133992844
1.6427627787184707,0.49503819854176745
1.8455607661325835,0.5949164477494551
2.0733940320616497,0.6907056508861613
2.329353165215711,0.7765632164108036
2.6169102854537,0.8481561757778618
2.9399661435534976,0.9034383495606428
3.3029030354176987,0.9427983797413055
3.710644248503383,0.9685440247999996
4.168720846874621,0.9839746578748501
4.683346700825936,0.9924376897542906
5.261502778863538,0.9966869624822985
5.911031845476362,0.9986454380399369
6.64074484928479,0.999478687558734
7.4605404447366075,0.9998089526180547
8.381539268677866,0.9999324727122059
9.416234793278331,0.9999767300108776
10.578662801651687,0.9999921400305066
11.884591785129816,0.9999974014448101
13.351736844955687,0.9999991646308792
15.0,0.9999997410641431
