SA(1.0s) [g],Complete_damage
0.05000000000000001,1.96327480939118e-08
0.056172467201025755,3.969752138122118e-08
0.06310692142900626,7.904797105773298e-08
0.07089742948257126,1.5501409988960546e-07
0.07964967064493539,2.9937352807873907e-07
0.08948237023750269,5.694117131138654e-07
0.10052891014472326,1.0666448767571168e-06
0.11293913815718663,1.9679044278575475e-06
0.1268814006769336,3.575935991317891e-06
0.14254482635890514,6.400127620764806e-06
0.16014189166643014,1.1282699720838174e-05
0.17991130314285533,1.959187820188557e-05
0.2021212354977168,3.3511339779357385e-05
0.2270729694325259,5.64644593366026e-05
0.2551049785537617,9.37221507676389e-05
0.28659752081259104,0.00015325341581562402
0.3219777967548112,0.00024688647979365097
0.36172574455336326,0.00039185320185641803
0.4063805504338082,0.000612787106910373
0.45654796280755766,0.000944232045161475
0.5129085093300529,0.001433689999616794
0.5762267283493882,0.0021451891307294746
0.6473615399712076,0.0031632842273853212
0.7272778974247632,0.004597311170595142
0.8170598767824696,0.0065856082515369785
0.9179253825967483,0.009299298298103942
1.0312426689380967,0.012945109843819913
1.1585488999444697,0.01776662128620632
1.3015710016583038,0.024043261039817354
1.4622490880091454,0.03208641207050067
1.6427627787184707,0.04223207120573569
1.8455607661325835,0.054829715360543596
2.0733940320616497,0.07022732961388067
2.329353165215711,0.08875294169889214
2.6169102854537,0.1106934523452654
2.9399661435534976,0.13627200304776765
3.3029030354176987,0.16562552214599724
3.710644248503383,0.1987843719399367
4.168720846874621,0.23565612469012276
4.683346700825936,0.27601538078858967
5.261502778863538,0.3195011912132384
5.911031845476362,0.3656230742881401
6.64074484928479,0.4137758736902555
7.4605404447366075,0.46326287043306213
8.381539268677866,0.513325736005483
9.416234793278331,0.5631792023003428
10.578662801651687,0.6120478210429019
11.884591785129816,0.6592019597131951
13.351736844955687,0.7039902636333578
15.0,0.7458661935116304
