SA(0.3s) [g],Complete_damage
0.05000000000000001,2.654849067718068e-05
0.056172467201025755,4.462295586449283e-05
0.06310692142900626,7.392259762450948e-05
0.07089742948257126,0.00012070138678410558
0.07964967064493539,0.00019425863247013453
0.08948237023750269,0.0003081764784138574
0.10052891014472326,0.00048193571425225734
0.11293913815718663,0.0007429677828775239
0.1268814006769336,0.0011291832575409666
0.14254482635890514,0.0016919848534150406
0.16014189166643014,0.002499723417491717
0.17991130314285533,0.0036414869527583438
0.2021212354977168,0.0052310266439332676
0.2270729694325259,0.007410524501527016
0.2551049785537617,0.010353803161629038
0.28659752081259104,0.01426848243297174
0.3219777967548112,0.019396516052929136
0.36172574455336326,0.026012514853915758
0.4063805504338082,0.03441929812931721
0.45654796280755766,0.04494022902496986
0.5129085093300529,0.057908090723327255
0.5762267283493882,0.07365054572198193
0.6473615399712076,0.09247257486956384
0.7272778974247632,0.11463668583401698
0.8170598767824696,0.14034206918941994
0.9179253825967483,0.16970421232026234
1.0312426689380967,0.2027367026412228
1.1585488999444697,0.23933701414424058
1.3015710016583038,0.27927794189380806
1.4622490880091454,0.3222060172725968
1.6427627787184707,0.36764771944356045
1.8455607661325835,0.4150236407116409
2.0733940320616497,0.4636700344379101
2.329353165215711,0.5128664586713132
2.6169102854537,0.5618676152220832
2.9399661435534976,0.6099370514443172
3.3029030354176987,0.656380197548033
3.710644248503383,0.7005742817906524
4.168720846874621,0.741992990096814
4.683346700825936,0.7802242724567051
5.261502778863538,0.8149803759876177
5.911031845476362,0.8460999182185353
6.64074484928479,0.873542515790486
7.4605404447366075,0.8973770754058388
8.381539268677866,0.9177652781214262
9.416234793278331,0.9349420144130749
10.578662801651687,0.9491945536440978
11.884591785129816,0.9608420807969216
13.351736844955687,0.9702169475756169
15.0,0.9776486166456057
