SA(0.3s) [g],Complete_damage
0.05000000000000001,0.00010033237571194231
0.056172467201025755,0.00016188122006066674
0.06310692142900626,0.0002574982159073702
0.07089742948257126,0.00040382467893229634
0.07964967064493539,0.0006244133728675605
0.08948237023750269,0.0009519925008500962
0.10052891014472326,0.0014311980067908125
0.11293913815718663,0.0021217557263972786
0.1268814006769336,0.0031020371718688544
0.14254482635890514,0.004472837493127657
0.16014189166643014,0.006361134191325335
0.17991130314285533,0.008923486809969794
0.2021212354977168,0.01234864145952086
0.2270729694325259,0.016858823877630824
0.2551049785537617,0.022709157943382463
0.28659752081259104,0.03018465135463433
0.3219777967548112,0.0395942630568169
0.36172574455336326,0.051261719440910514
0.4063805504338082,0.065512981211033
0.45654796280755766,0.08266057151084572
0.5129085093300529,0.10298533646419206
0.5762267283493882,0.12671658673546293
0.6473615399712076,0.1540119176079131
0.7272778974247632,0.1849382745991186
0.8170598767824696,0.2194559726808767
0.9179253825967483,0.2574073504998736
1.0312426689380967,0.2985115250530155
1.1585488999444697,0.3423663092052823
1.3015710016583038,0.38845779287259363
1.4622490880091454,0.4361774223353193
1.6427627787184707,0.48484571400969334
1.8455607661325835,0.533741091856364
2.0733940320616497,0.582131822110517
2.329353165215711,0.6293087015182047
2.6169102854537,0.6746160773975823
2.9399661435534976,0.71747894990605
3.3029030354176987,0.7574243061796315
3.710644248503383,0.7940954104583096
4.168720846874621,0.8272584507592922
4.683346700825936,0.8568016381752672
5.261502778863538,0.8827274890874504
5.911031845476362,0.9051395268847406
6.64074484928479,0.9242249735598298
7.4605404447366075,0.9402351443371249
8.381539268677866,0.9534652176760977
9.416234793278331,0.9642348577137686
10.578662801651687,0.9728708604312981
11.884591785129816,0.9796926292339831
13.351736844955687,0.9850009097330428
15.0,0.9890698692459411
