SA(0.6s) [g],Loss_ratio
0.05000000000000001,4.7423048047728044e-05
0.056172467201025755,7.88298768126737e-05
0.06310692142900626,0.00012912504397201132
0.07089742948257126,0.00020844864564605677
0.07964967064493539,0.0003316958878123233
0.08948237023750269,0.0005204434795625247
0.10052891014472326,0.0008056235314313382
0.11293913815718663,0.0012313738118291241
0.1268814006769336,0.0018608873895373333
0.14254482635890514,0.002785779687573646
0.16014189166643014,0.004141537712216952
0.17991130314285533,0.006132851733918678
0.2021212354977168,0.009073433799269249
0.2270729694325259,0.0134440034545737
0.2551049785537617,0.019967568835897453
0.28659752081259104,0.02969119030042628
0.3219777967548112,0.04404809689045909
0.36172574455336326,0.06485723800585785
0.4063805504338082,0.09420808797908459
0.45654796280755766,0.13418903983225106
0.5129085093300529,0.1864573528222767
0.5762267283493882,0.2517146939151029
0.6473615399712076,0.32922372846291936
0.7272778974247632,0.4165417736897071
0.8170598767824696,0.509622420683889
0.9179253825967483,0.603335276804618
1.0312426689380967,0.69230774271533
1.1585488999444697,0.771863874967274
1.3015710016583038,0.8387880771531111
1.4622490880091454,0.8917031918709442
1.6427627787184707,0.9309957738542513
1.8455607661325835,0.9583777582329757
2.0733940320616497,0.9762742044950145
2.329353165215711,0.9872382197958889
2.6169102854537,0.9935311386272765
2.9399661435534976,0.9969134614312871
3.3029030354176987,0.9986151440773277
3.710644248503383,0.9994162317464506
4.168720846874621,0.999768985935037
4.683346700825936,0.9999142376822362
5.261502778863538,0.9999701498438813
5.911031845476362,0.9999902646862971
6.64074484928479,0.999997026326008
7.4605404447366075,0.9999991496729946
8.381539268677866,0.9999997724606478
9.416234793278331,0.9999999430425051
10.578662801651687,0.9999999866669327
11.884591785129816,0.9999999970821132
13.351736844955687,0.999999999403168
15.0,0.9999999998859284
