SA(0.3s) [g],Complete_damage
0.05000000000000001,5.9457154422126735e-08
0.056172467201025755,1.3540379117937817e-07
0.06310692142900626,3.0149433460913144e-07
0.07089742948257126,6.563950163407384e-07
0.07964967064493539,1.397354330801015e-06
0.08948237023750269,2.908852141936258e-06
0.10052891014472326,5.921485961013495e-06
0.11293913815718663,1.1788415405167285e-05
0.1268814006769336,2.2951934173121025e-05
0.14254482635890514,4.370666473085816e-05
0.16014189166643014,8.140818570956387e-05
0.17991130314285533,0.00014832364261030406
0.2021212354977168,0.00026436688490372173
0.2270729694325259,0.00046099205732907933
0.2551049785537617,0.0007865169891118073
0.28659752081259104,0.0013130860006121958
0.3219777967548112,0.002145333042752662
0.36172574455336326,0.003430546208677887
0.4063805504338082,0.005369752598378907
0.45654796280755766,0.008228652051496366
0.5129085093300529,0.012346778973387873
0.5762267283493882,0.01814275509870722
0.6473615399712076,0.026113143362776037
0.7272778974247632,0.036822377454171384
0.8170598767824696,0.05088166790797577
0.9179253825967483,0.06891576752089512
1.0312426689380967,0.09151801397329296
1.1585488999444697,0.11919602252172101
1.3015710016583038,0.15231250280091013
1.4622490880091454,0.19102753404818906
1.6427627787184707,0.23524981824963032
1.8455607661325835,0.28460455616252633
2.0733940320616497,0.33842442750568735
2.329353165215711,0.3957677154543433
2.6169102854537,0.4554641866748066
2.9399661435534976,0.5161854591367785
3.3029030354176987,0.5765329481009465
3.710644248503383,0.6351337662792812
4.168720846874621,0.6907337020114994
4.683346700825936,0.7422768609142513
5.261502778863538,0.7889636387882728
5.911031845476362,0.8302819817424356
6.64074484928479,0.8660107470882636
7.4605404447366075,0.896197696952134
8.381539268677866,0.9211176122750153
9.416234793278331,0.9412177941266915
10.578662801651687,0.957058681155752
11.884591785129816,0.9692565815297136
13.351736844955687,0.9784339196007371
15.0,0.9851803559794711
