SA(0.6s) [g],Complete_damage
0.05000000000000001,0.00015010236351331585
0.056172467201025755,0.0002220935623908904
0.06310692142900626,0.0003253538099894371
0.07089742948257126,0.0004719094224195919
0.07964967064493539,0.0006777292856120498
0.08948237023750269,0.0009637435249113535
0.10052891014472326,0.0013570250686049112
0.11293913815718663,0.0018921251521436533
0.1268814006769336,0.0026125389383597764
0.14254482635890514,0.003572258962275199
0.16014189166643014,0.004837352516987026
0.17991130314285533,0.006487475363171846
0.2021212354977168,0.00861720983043246
0.2270729694325259,0.011337092633268875
0.2551049785537617,0.014774179220580885
0.28659752081259104,0.01907198025767165
0.3219777967548112,0.024389605066446496
0.36172574455336326,0.030899959467617144
0.4063805504338082,0.03878687379980439
0.45654796280755766,0.04824108219937284
0.5129085093300529,0.05945503631105564
0.5762267283493882,0.07261661347571136
0.6473615399712076,0.0879018671651498
0.7272778974247632,0.10546706014724128
0.8170598767824696,0.12544031108301823
0.9179253825967483,0.147913264415233
1.0312426689380967,0.1729332526333731
1.1585488999444697,0.200496451058774
1.3015710016583038,0.23054252159642996
1.4622490880091454,0.26295119945628465
1.6427627787184707,0.29754119502362364
1.8455607661325835,0.33407166502799446
2.0733940320616497,0.3722463599381358
2.329353165215711,0.4117203885389339
2.6169102854537,0.4521093689378539
2.9399661435534976,0.49300057216345317
3.3029030354176987,0.5339655243124704
3.710644248503383,0.5745734285089217
4.168720846874621,0.6144047083862082
4.683346700825936,0.6530639659341111
5.261502778863538,0.6901916891960177
5.911031845476362,0.7254741354794325
6.64074484928479,0.7586509451206538
7.4605404447366075,0.7895201976708166
8.381539268677866,0.8179407927758164
9.416234793278331,0.8438322075118133
10.578662801651687,0.8671718368860627
11.884591785129816,0.8879902531831563
13.351736844955687,0.9063648145743494
15.0,0.9224121094100637
