SA(1.0s) [g],Loss_ratio
0.05000000000000001,3.3716088300666715e-11
0.056172467201025755,1.555526361782976e-10
0.06310692142900626,6.713145846211788e-10
0.07089742948257126,2.7105825265093113e-09
0.07964967064493539,1.0241864207924185e-08
0.08948237023750269,3.622287644682115e-08
0.10052891014472326,1.199504748532925e-07
0.11293913815718663,3.720395916976197e-07
0.1268814006769336,1.0812614308788318e-06
0.14254482635890514,2.9461639299273327e-06
0.16014189166643014,7.531087654784171e-06
0.17991130314285533,1.8076134080078916e-05
0.2021212354977168,4.078395618145996e-05
0.2270729694325259,8.662941206603345e-05
0.2551049785537617,0.0001735936716991167
0.28659752081259104,0.00032911889878065644
0.3219777967548112,0.0005927878892618247
0.36172574455336326,0.001020187604950169
0.4063805504338082,0.0016910423235816034
0.45654796280755766,0.002728069754760217
0.5129085093300529,0.004336859919920957
0.5762267283493882,0.006879381567887329
0.6473615399712076,0.010991092967519081
0.7272778974247632,0.017739890533888344
0.8170598767824696,0.028800972251414408
0.9179253825967483,0.04658558868506343
1.0312426689380967,0.07422142540650684
1.1585488999444697,0.11525670674927772
1.3015710016583038,0.17298077133416007
1.4622490880091454,0.2493607123638772
1.6427627787184707,0.34380787636931953
1.8455607661325835,0.45225408266451894
2.0733940320616497,0.567155935934295
2.329353165215711,0.6788231138019608
2.6169102854537,0.7778302537427477
2.9399661435534976,0.8575571870010166
3.3029030354176987,0.9156787225902111
3.710644248503383,0.9539753611415241
4.168720846874621,0.9767939883022845
4.683346700825936,0.9891293715245221
5.261502778863538,0.9952216694904186
5.911031845476362,0.9980024934573106
6.64074484928479,0.9991945717342419
7.4605404447366075,0.9996834670286234
8.381539268677866,0.9998783956730947
9.416234793278331,0.9999545482919421
10.578662801651687,0.9999836231641981
11.884591785129816,0.9999943660556142
13.351736844955687,0.9999981635478439
15.0,0.9999994357096182
