SA(1.0s) [g],Loss_ratio
0.05000000000000001,9.595741819108875e-08
0.056172467201025755,3.6013838746477494e-07
0.06310692142900626,1.2406820895636206e-06
0.07089742948257126,3.92601625393028e-06
0.07964967064493539,1.142604426711194e-05
0.08948237023750269,3.064344044813293e-05
0.10052891014472326,7.594778230090108e-05
0.11293913815718663,0.00017467176771620394
0.1268814006769336,0.00037501100454492023
0.14254482635890514,0.0007579312258087396
0.16014189166643014,0.0014584940608755176
0.17991130314285533,0.0027097674593754215
0.2021212354977168,0.004932427502718965
0.2270729694325259,0.008897032976984277
0.2551049785537617,0.015967971721326406
0.28659752081259104,0.02838170865736152
0.3219777967548112,0.04941839694330975
0.36172574455336326,0.08323755443329828
0.4063805504338082,0.13415322520337722
0.45654796280755766,0.2053093519106401
0.5129085093300529,0.2970750908986889
0.5762267283493882,0.4058389863075498
0.6473615399712076,0.5239553365254382
0.7272778974247632,0.6411978891314365
0.8170598767824696,0.7473328087221189
0.9179253825967483,0.8347766623377013
1.0312426689380967,0.9002134847346307
1.1585488999444697,0.9446030142807879
1.3015710016583038,0.9718474802762612
1.4622490880091454,0.9869496629809619
1.6427627787184707,0.9944982189239701
1.8455607661325835,0.9978956609630019
2.0733940320616497,0.9992710885933171
2.329353165215711,0.9997716076549159
2.6169102854537,0.9999352919375314
2.9399661435534976,0.9999834156819154
3.3029030354176987,0.9999961494710525
3.710644248503383,0.9999991880396
4.168720846874621,0.9999998439119934
4.683346700825936,0.9999999725120977
5.261502778863538,0.9999999955402721
5.911031845476362,0.999999999329549
6.64074484928479,0.9999999999061508
7.4605404447366075,0.9999999999877313
8.381539268677866,0.9999999999985013
9.416234793278331,0.9999999999998292
10.578662801651687,0.999999999999982
11.884591785129816,0.9999999999999982
13.351736844955687,0.9999999999999999
15.0,1.0
