SA(0.6s) [g],Complete_damage
0.05000000000000001,5.104228151253665e-11
0.056172467201025755,1.2223544398892727e-10
0.06310692142900626,2.87676771293377e-10
0.07089742948257126,6.653640971521213e-10
0.07964967064493539,1.512404534942391e-09
0.08948237023750269,3.3786071718111543e-09
0.10052891014472326,7.417817582400232e-09
0.11293913815718663,1.6006315384231584e-08
0.1268814006769336,3.394625547326058e-08
0.14254482635890514,7.075981756088368e-08
0.16014189166643014,1.4497244049671565e-07
0.17991130314285533,2.9194315953606775e-07
0.2021212354977168,5.778779293974523e-07
0.2270729694325259,1.1243729940435543e-06
0.2551049785537617,2.150470560624562e-06
0.28659752081259104,4.04313761193098e-06
0.3219777967548112,7.472733489333194e-06
0.36172574455336326,1.3577862555957942e-05
0.4063805504338082,2.4254387936406552e-05
0.45654796280755766,4.259645263504641e-05
0.5129085093300529,7.35528001257757e-05
0.5762267283493882,0.00012487844602215858
0.6473615399712076,0.00020847769232756885
0.7272778974247632,0.0003422460942832384
0.8170598767824696,0.0005525212499899457
0.9179253825967483,0.0008772387122671921
1.0312426689380967,0.0013698525311658383
1.1585488999444697,0.002104012686646617
1.3015710016583038,0.0031788885542909373
1.4622490880091454,0.004724887181058901
1.6427627787184707,0.006909342630106452
1.8455607661325835,0.009941561762929818
2.0733940320616497,0.014076426298569533
2.329353165215711,0.019615604089140204
2.6169102854537,0.026905354287508843
2.9399661435534976,0.036329962732113086
3.3029030354176987,0.04830005006598492
3.710644248503383,0.06323537447292249
4.168720846874621,0.0815422970226577
4.683346700825936,0.10358675246122406
5.261502778863538,0.1296643006359426
5.911031845476362,0.15996952417465826
6.64074484928479,0.194567571178755
7.4605404447366075,0.23337090470750677
8.381539268677866,0.2761242252737761
9.416234793278331,0.32240003532468675
10.578662801651687,0.3716064332130308
11.884591785129816,0.4230075417560074
13.351736844955687,0.47575563490503536
15.0,0.5289327058203688
