SA(0.6s) [g],Complete_damage
0.05000000000000001,3.2329994126278905e-08
0.056172467201025755,6.746716973982103e-08
0.06310692142900626,1.3838296364365732e-07
0.07089742948257126,2.7898842380746913e-07
0.07964967064493539,5.528584571257156e-07
0.08948237023750269,1.0769051296266596e-06
0.10052891014472326,2.062001135283431e-06
0.11293913815718663,3.881158622598413e-06
0.1268814006769336,7.181396164512854e-06
0.14254482635890514,1.3063101674259947e-05
0.16014189166643014,2.3360903670721633e-05
0.17991130314285533,4.107296039401742e-05
0.2021212354977168,7.100088897626922e-05
0.2270729694325259,0.00012067928221204394
0.2551049785537617,0.00020168984525603673
0.28659752081259104,0.0003314672239773664
0.3219777967548112,0.0005357066550982781
0.36172574455336326,0.000851471256726799
0.4063805504338082,0.001331061740919126
0.45654796280755766,0.0020466462751596026
0.5129085093300529,0.003095547554668121
0.5762267283493882,0.004605946152014928
0.6473615399712076,0.006742588483264256
0.7272778974247632,0.009711897427525873
0.8170598767824696,0.013765696831847807
0.9179253825967483,0.019202610523532004
1.0312426689380967,0.026366121742253834
1.1585488999444697,0.03563832150678947
1.3015710016583038,0.04742856969051201
1.4622490880091454,0.06215666046844759
1.6427627787184707,0.08023061976980805
1.8455607661325835,0.1020199306018077
2.0733940320616497,0.12782571348079097
2.329353165215711,0.1578500858347862
2.6169102854537,0.1921674712957926
2.9399661435534976,0.23070091362986778
3.3029030354176987,0.2732063799283808
3.710644248503383,0.31926756696286596
4.168720846874621,0.36830286649479227
4.683346700825936,0.4195849788753291
5.261502778863538,0.4722723278891763
5.911031845476362,0.5254501022737221
6.64074484928479,0.5781776210963052
7.4605404447366075,0.6295379601487512
8.381539268677866,0.6786855014755695
9.416234793278331,0.7248873208569412
10.578662801651687,0.7675550692168114
11.884591785129816,0.8062651195750166
13.351736844955687,0.8407660740103137
15.0,0.8709740649659334
