SA(1.0s) [g],Complete_damage
0.05000000000000001,0.0
0.056172467201025755,2.220446049250313e-16
0.06310692142900626,1.1102230246251565e-15
0.07089742948257126,5.773159728050814e-15
0.07964967064493539,2.7755575615628914e-14
0.08948237023750269,1.2934098236883074e-13
0.10052891014472326,5.774269951075439e-13
0.11293913815718663,2.476019389519024e-12
0.1268814006769336,1.019329065599095e-11
0.14254482635890514,4.029032663055432e-11
0.16014189166643014,1.5291146127083266e-10
0.17991130314285533,5.572545758170122e-10
0.2021212354977168,1.9501379400210794e-09
0.2270729694325259,6.553914633222746e-09
0.2551049785537617,2.1153777951532504e-08
0.28659752081259104,6.557787890493216e-08
0.3219777967548112,1.9527313521727763e-07
0.36172574455336326,5.585731139845507e-07
0.4063805504338082,1.5350067568142833e-06
0.45654796280755766,4.053010752569364e-06
0.5129085093300529,1.0283277506628608e-05
0.5762267283493882,2.50741445932956e-05
0.6473615399712076,5.8765431785623434e-05
0.7272778974247632,0.00013239949250964944
0.8170598767824696,0.00028681014913756187
0.9179253825967483,0.0005974901820142708
1.0312426689380967,0.0011972635022723388
1.1585488999444697,0.00230822456038271
1.3015710016583038,0.004282685634171668
1.4622490880091454,0.007649634399850447
1.6427627787184707,0.013158507474124503
1.8455607661325835,0.021806742352014408
2.0733940320616497,0.03483333258895749
2.329353165215711,0.05365996742475132
2.6169102854537,0.07976675351584595
2.9399661435534976,0.11450220683987289
3.3029030354176987,0.15884585844994625
3.710644248503383,0.2131620011690889
4.168720846874621,0.2769979657619712
4.683346700825936,0.34898279990399517
5.261502778863538,0.4268681365357817
5.911031845476362,0.5077236286033632
6.64074484928479,0.5882619340117012
7.4605404447366075,0.6652342562386824
8.381539268677866,0.735818183422098
9.416234793278331,0.7979216941771571
10.578662801651687,0.8503499677807067
11.884591785129816,0.8928172032800197
13.351736844955687,0.9258223294740865
15.0,0.9504343752163469
