PGA [g],Loss_ratio
0.05000000000000001,6.809435743952828e-07
0.056172467201025755,1.3321087642814097e-06
0.06310692142900626,2.562595425559351e-06
0.07089742948257126,4.847446874867618e-06
0.07964967064493539,9.01610710108069e-06
0.08948237023750269,1.6488397377491388e-05
0.10052891014472326,2.9646415339602745e-05
0.11293913815718663,5.240616699538814e-05
0.1268814006769336,9.107366557101666e-05
0.14254482635890514,0.00015559274417129075
0.16014189166643014,0.0002613126828125592
0.17991130314285533,0.0004314176276051375
0.2021212354977168,0.0007001590901343944
0.2270729694325259,0.001117007958751724
0.2551049785537617,0.0017517828138885385
0.28659752081259104,0.0027007072045068335
0.3219777967548112,0.004093193993232649
0.36172574455336326,0.006098951391937519
0.4063805504338082,0.00893476544185957
0.45654796280755766,0.012870063771992282
0.5129085093300529,0.01823014597599782
0.5762267283493882,0.025395828245394957
0.6473615399712076,0.034798248541197695
0.7272778974247632,0.04690775956818348
0.8170598767824696,0.06221622376426616
0.9179253825967483,0.08121260664959423
1.0312426689380967,0.1043524915743531
1.1585488999444697,0.13202292519524605
1.3015710016583038,0.1645047473124212
1.4622490880091454,0.2019351687614676
1.6427627787184707,0.24427377822055252
1.8455607661325835,0.2912753673115094
2.0733940320616497,0.3424729746611245
2.329353165215711,0.39717436267210554
2.6169102854537,0.45447469699318754
2.9399661435534976,0.5132873625908627
3.3029030354176987,0.5723934475669847
3.710644248503383,0.6305083468173223
4.168720846874621,0.6863612750872001
4.683346700825936,0.7387806304530677
5.261502778863538,0.7867758047091398
5.911031845476362,0.8296050097560668
6.64074484928479,0.866819622077256
7.4605404447366075,0.898278608697134
8.381539268677866,0.9241313095291704
9.416234793278331,0.944772158599469
10.578662801651687,0.9607755129199027
11.884591785129816,0.9728214819880737
13.351736844955687,0.9816239329020918
15.0,0.9878698350179242
