PGA [g],Loss_ratio
0.05000000000000001,3.83657435504778e-07
0.056172467201025755,7.7930820549685e-07
0.06310692142900626,1.5533473568000894e-06
0.07089742948257126,3.038340443653625e-06
0.07964967064493539,5.832150384264565e-06
0.08948237023750269,1.0986580360840143e-05
0.10052891014472326,2.0312171385765593e-05
0.11293913815718663,3.6857857568999804e-05
0.1268814006769336,6.56455530253278e-05
0.14254482635890514,0.00011476393338784409
0.16014189166643014,0.00019694995113066804
0.17991130314285533,0.0003318061404877343
0.2021212354977168,0.0005488092056799337
0.2270729694325259,0.0008912510264423919
0.2551049785537617,0.001421205726421037
0.28659752081259104,0.002225524648209417
0.3219777967548112,0.0034227167614409933
0.36172574455336326,0.00517037371177217
0.4063805504338082,0.0076725556668294555
0.45654796280755766,0.011186289633454534
0.5129085093300529,0.01602608444718205
0.5762267283493882,0.022565187184745587
0.6473615399712076,0.031232250712472185
0.7272778974247632,0.042502201572505546
0.8170598767824696,0.05688042117144916
0.9179253825967483,0.07487987808385195
1.0312426689380967,0.09699153329829079
1.1585488999444697,0.12364910840827051
1.3015710016583038,0.1551900693496585
1.4622490880091454,0.19181535719598056
1.6427627787184707,0.2335509490747533
1.8455607661325835,0.28021475150395914
2.0733940320616497,0.33139262394225305
2.329353165215711,0.3864274727866368
2.6169102854537,0.4444252241807292
2.9399661435534976,0.5042808477086863
3.3029030354176987,0.5647261813322706
3.710644248503383,0.6243989101270124
4.168720846874621,0.6819287598342961
4.683346700825936,0.7360332710081345
5.261502778863538,0.785612304562139
5.911031845476362,0.8298287569689966
6.64074484928479,0.8681636981294089
7.4605404447366075,0.9004375614362115
8.381539268677866,0.9267945725467565
9.416234793278331,0.9476540221434437
10.578662801651687,0.9636376382821538
11.884591785129816,0.9754857635006723
13.351736844955687,0.9839755405527151
15.0,0.9898520081876063
