SA(0.6s) [g],Complete_damage
0.05000000000000001,0.00031809569171059593
0.056172467201025755,0.00048575906223846665
0.06310692142900626,0.0007323230587833462
0.07089742948257126,0.001089989216138454
0.07964967064493539,0.0016017685677142124
0.08948237023750269,0.0023241131117858194
0.10052891014472326,0.003329799943244671
0.11293913815718663,0.0047109404497855945
0.1268814006769336,0.006581922827925801
0.14254482635890514,0.009082027950062299
0.16014189166643014,0.012377393396103997
0.17991130314285533,0.01666194759224937
0.2021212354977168,0.02215690643241841
0.2270729694325259,0.029108429927093282
0.2551049785537617,0.03778308662602792
0.28659752081259104,0.04846087601648885
0.3219777967548112,0.0614257159403524
0.36172574455336326,0.07695350860418837
0.4063805504338082,0.09529814236799239
0.45654796280755766,0.11667604661827524
0.5129085093300529,0.14125016635969279
0.5762267283493882,0.16911443026695427
0.6473615399712076,0.2002799190583291
0.7272778974247632,0.23466397263344374
0.8170598767824696,0.27208338579112357
0.9179253825967483,0.3122526277043337
1.0312426689380967,0.35478768926968973
1.1585488999444697,0.3992157404003891
1.3015710016583038,0.4449903056140836
1.4622490880091454,0.49151118982107356
1.6427627787184707,0.5381479595267529
1.8455607661325835,0.5842654567433125
2.0733940320616497,0.6292496324656536
2.329353165215711,0.6725319564417684
2.6169102854537,0.7136107937932707
2.9399661435534976,0.7520684207165589
3.3029030354176987,0.7875827475401834
3.710644248503383,0.8199332818132875
4.168720846874621,0.8490013448029177
4.683346700825936,0.87476500078231
5.261502778863538,0.8972895263757699
5.911031845476362,0.9167145061528139
6.64074484928479,0.9332387752125985
7.4605404447366075,0.947104440069207
8.381539268677866,0.958581110131175
9.416234793278331,0.967951288307582
10.578662801651687,0.9754976315505127
11.884591785129816,0.9814925325024267
13.351736844955687,0.986190221028257
15.0,0.9898213625097037
