SA(0.6s) [g],Complete_damage
0.05000000000000001,0.0021490170393151375
0.056172467201025755,0.003095584395296558
0.06310692142900626,0.004402358005648921
0.07089742948257126,0.006181520383804706
0.07964967064493539,0.008570416249520818
0.08948237023750269,0.011733751751597965
0.10052891014472326,0.015864794594294684
0.11293913815718663,0.02118514886727929
0.1268814006769336,0.027942676297869173
0.14254482635890514,0.03640717995064435
0.16014189166643014,0.04686356560738436
0.17991130314285533,0.059602353522308804
0.2021212354977168,0.07490762517179217
0.2270729694325259,0.09304274374246635
0.2551049785537617,0.11423446244624946
0.28659752081259104,0.13865630275430374
0.3219777967548112,0.16641231180622307
0.36172574455336326,0.19752246013984542
0.4063805504338082,0.2319109870400733
0.45654796280755766,0.2693989198637685
0.5129085093300529,0.3097017778864394
0.5762267283493882,0.35243312929750603
0.6473615399712076,0.39711422796132734
0.7272778974247632,0.4431894558197179
0.8170598767824696,0.4900467895502414
0.9179253825967483,0.5370420528431342
1.0312426689380967,0.5835253616313223
1.1585488999444697,0.6288679611711828
1.3015710016583038,0.6724876163823721
1.4622490880091454,0.7138708549035544
1.6427627787184707,0.7525906590482723
1.8455607661325835,0.7883186224481895
2.0733940320616497,0.8208310801576415
2.329353165215711,0.8500092312826188
2.6169102854537,0.8758337458632777
2.9399661435534976,0.8983747361471357
3.3029030354176987,0.9177782436425239
3.710644248503383,0.9342505313147685
4.168720846874621,0.9480414760032839
4.683346700825936,0.9594282456847939
5.261502778863538,0.9687002468043755
5.911031845476362,0.9761460719263968
6.64074484928479,0.9820429018707991
7.4605404447366075,0.9866485503543841
8.381539268677866,0.9901961073661095
9.416234793278331,0.9928909560654161
10.578662801651687,0.9949098141708311
11.884591785129816,0.9964013840590485
13.351736844955687,0.9974881795262148
15.0,0.9982691208893327
