SA(0.3s) [g],Complete_damage
0.05000000000000001,2.40503122439506e-06
0.056172467201025755,4.68877340165097e-06
0.06310692142900626,8.966153343004102e-06
0.07089742948257126,1.681821264110095e-05
0.07964967064493539,3.0945680138061427e-05
0.08948237023750269,5.5858339143122215e-05
0.10052891014472326,9.891604508305285e-05
0.11293913815718663,0.0001718545310390729
0.1268814006769336,0.00029295272569040964
0.14254482635890514,0.0004900105465571736
0.16014189166643014,0.0008042963614648402
0.17991130314285533,0.0012955785217164673
0.2021212354977168,0.0020482619103155963
0.2270729694325259,0.003178497046894102
0.2551049785537617,0.00484191132467382
0.28659752081259104,0.0072413364600613095
0.3219777967548112,0.010633596625326258
0.36172574455336326,0.015334120691449793
0.4063805504338082,0.021717910772259374
0.45654796280755766,0.030215311755583785
0.5129085093300529,0.041301157570967084
0.5762267283493882,0.055476278402125545
0.6473615399712076,0.07324106220538806
0.7272778974247632,0.0950617437637864
0.8170598767824696,0.12133125124540478
0.9179253825967483,0.15232761785670146
1.0312426689380967,0.18817396380056706
1.1585488999444697,0.22880465806203298
1.3015710016583038,0.2739422979169184
1.4622490880091454,0.32308948953681615
1.6427627787184707,0.3755380802835704
1.8455607661325835,0.4303966146552506
2.0733940320616497,0.48663461095572313
2.329353165215711,0.5431401131399671
2.6169102854537,0.5987852098087381
2.9399661435534976,0.6524931287818371
3.3029030354176987,0.7033002992952795
3.710644248503383,0.750407462600845
4.168720846874621,0.7932153851997962
4.683346700825936,0.8313427339206757
5.261502778863538,0.8646258753868292
5.911031845476362,0.8931024181311844
6.64074484928479,0.9169819305185636
7.4605404447366075,0.9366082508876172
8.381539268677866,0.9524180934091857
9.416234793278331,0.9649003018013896
10.578662801651687,0.974559265445926
11.884591785129816,0.981884893157788
13.351736844955687,0.9873303504802939
15.0,0.9912976872437486
