SA(0.3s) [g],Complete_damage
0.05000000000000001,2.220446049250313e-16
0.056172467201025755,1.4432899320127035e-15
0.06310692142900626,1.0658141036401503e-14
0.07089742948257126,7.405187574249794e-14
0.07964967064493539,4.837241718291807e-13
0.08948237023750269,2.9665159217984183e-12
0.10052891014472326,1.7077672609389083e-11
0.11293913815718663,9.230038955365671e-11
0.1268814006769336,4.683875509670088e-10
0.14254482635890514,2.2319226467004682e-09
0.16014189166643014,9.987913163200801e-09
0.17991130314285533,4.1980483644898925e-08
0.2021212354977168,1.657520433129278e-07
0.2270729694325259,6.148629395630323e-07
0.2551049785537617,2.1433030049644586e-06
0.28659752081259104,7.022028471692643e-06
0.3219777967548112,2.162793448823308e-05
0.36172574455336326,6.264038710868114e-05
0.4063805504338082,0.00017065164338581074
0.45654796280755766,0.0004374537153429836
0.5129085093300529,0.001055579844879806
0.5762267283493882,0.0023987576258649446
0.6473615399712076,0.005136288982632964
0.7272778974247632,0.01036933524123318
0.8170598767824696,0.01975187727411465
0.9179253825967483,0.03553007834792499
1.0312426689380967,0.0604167013172876
1.1585488999444697,0.0972335318004226
1.3015710016583038,0.14831920830446832
1.4622490880091454,0.2148043402939478
1.6427627787184707,0.2959607470557454
1.8455607661325835,0.3888775302048111
2.0733940320616497,0.4886564349881437
2.329353165215711,0.5891542407412371
2.6169102854537,0.6840939098076761
2.9399661435534976,0.7682163921398972
3.3029030354176987,0.838128043558362
3.710644248503383,0.8926234604397434
4.168720846874621,0.9324656405910581
4.683346700825936,0.9597867674307047
5.261502778863538,0.9773589682056603
5.911031845476362,0.9879594431175276
6.64074484928479,0.9939572934758
7.4605404447366075,0.9971402926909735
8.381539268677866,0.9987246292555382
9.416234793278331,0.9994642817374918
10.578662801651687,0.9997881561582149
11.884591785129816,0.9999211689718305
13.351736844955687,0.9999724052298393
15.0,0.9999909161310276
