SA(0.6s) [g],Complete_damage
0.05000000000000001,0.0019772928917576316
0.056172467201025755,0.0027652424739176285
0.06310692142900626,0.003826311385731973
0.07089742948257126,0.0052388064959774105
0.07964967064493539,0.007097588757145723
0.08948237023750269,0.009515655535896839
0.10052891014472326,0.012625267997535827
0.11293913815718663,0.016578410349531447
0.1268814006769336,0.02154635613853162
0.14254482635890514,0.027718122160233283
0.16014189166643014,0.03529761714230517
0.17991130314285533,0.04449934318557314
0.2021212354977168,0.05554258399163947
0.2270729694325259,0.06864411353291577
0.2551049785537617,0.08400957734960113
0.28659752081259104,0.1018238282501911
0.3219777967548112,0.12224062816487113
0.36172574455336326,0.14537224548455385
0.4063805504338082,0.17127956874075134
0.45654796280755766,0.19996340988740535
0.5129085093300529,0.2313576729801916
0.5762267283493882,0.2653250098895976
0.6473615399712076,0.30165547227963063
0.7272778974247632,0.34006850296449187
0.8170598767824696,0.380218400640159
0.9179253825967483,0.42170315609789166
1.0312426689380967,0.4640763156278225
1.1585488999444697,0.5068613006357218
1.3015710016583038,0.5495674232366383
1.4622490880091454,0.5917067044281172
1.6427627787184707,0.6328105377741927
1.8455607661325835,0.6724452538192435
2.0733940320616497,0.7102257274462345
2.329353165215711,0.7458263232785847
2.6169102854537,0.7789886777025448
2.9399661435534976,0.8095260502464441
3.3029030354176987,0.8373242197395838
3.710644248503383,0.8623391300348562
4.168720846874621,0.8845916869442751
4.683346700825936,0.9041602578234376
5.261502778863538,0.9211715191770782
5.911031845476362,0.9357903332098537
6.64074484928479,0.948209314772276
7.4605404447366075,0.9586386838980749
8.381539268677866,0.9672968977733374
9.416234793278331,0.974402432951814
10.578662801651687,0.9801669574696235
11.884591785129816,0.9847900054274082
13.351736844955687,0.988455153430684
15.0,0.9913276058492381
