SA(0.6s) [g],Complete_damage
0.05000000000000001,0.005093079870409967
0.056172467201025755,0.006904190401413657
0.06310692142900626,0.009261975034912884
0.07089742948257126,0.01229638309629233
0.07964967064493539,0.01615698045196534
0.08948237023750269,0.021012611843353568
0.10052891014472326,0.027049979022295667
0.11293913815718663,0.03447093998621931
0.1268814006769336,0.04348838254417953
0.14254482635890514,0.05432059832572578
0.16014189166643014,0.06718417983649061
0.17991130314285533,0.08228557894936983
0.2021212354977168,0.09981159286258234
0.2270729694325259,0.11991917276258979
0.2551049785537617,0.14272506875197433
0.28659752081259104,0.16829591856361203
0.3219777967548112,0.19663944414691392
0.36172574455336326,0.22769742843574325
0.4063805504338082,0.2613410972643371
0.45654796280755766,0.29736942633849095
0.5129085093300529,0.3355107341891199
0.5762267283493882,0.37542771906038463
0.6473615399712076,0.41672586618407037
0.7272778974247632,0.4589649115220702
0.8170598767824696,0.5016728206664598
0.9179253825967483,0.5443615488054705
1.0312426689380967,0.5865437084126046
1.1585488999444697,0.6277491995394774
1.3015710016583038,0.6675408605603907
1.4622490880091454,0.7055282746265139
1.6427627787184707,0.7413790111043885
1.8455607661325835,0.7748267774936255
2.0733940320616497,0.8056761865242137
2.329353165215711,0.8338040835834075
2.6169102854537,0.8591576095570925
2.9399661435534976,0.8817493741971645
3.3029030354176987,0.9016502701696625
3.710644248503383,0.9189805585404901
4.168720846874621,0.9338998993030467
4.683346700825936,0.9465969882296948
5.261502778863538,0.9572794014078922
5.911031845476362,0.9661641524698147
6.64074484928479,0.9734693478700955
7.4605404447366075,0.9794071960551783
8.381539268677866,0.9841784993154628
9.416234793278331,0.9879686426071385
10.578662801651687,0.9909449988699149
11.884591785129816,0.9932555994251643
13.351736844955687,0.9950288720355805
15.0,0.9963742267680158
