SA(0.3s) [g],Complete_damage
0.05000000000000001,2.192065640116425e-09
0.056172467201025755,5.550992110414654e-09
0.06310692142900626,1.372745772609818e-08
0.07089742948257126,3.3153201850488756e-08
0.07964967064493539,7.81971745134058e-08
0.08948237023750269,1.8013672753447452e-07
0.10052891014472326,4.052991020575547e-07
0.11293913815718663,8.906948983922192e-07
0.1268814006769336,1.91197139176591e-06
0.14254482635890514,4.009161652440696e-06
0.16014189166643014,8.212356623849004e-06
0.17991130314285533,1.643418641694705e-05
0.2021212354977168,3.21307543491578e-05
0.2270729694325259,6.137821967744372e-05
0.2551049785537617,0.0001145668866385785
0.28659752081259104,0.0002089723977337643
0.3219777967548112,0.0003725120196635956
0.36172574455336326,0.000649012607471855
0.4063805504338082,0.0011052770061694694
0.45654796280755766,0.0018401031299857262
0.5129085093300529,0.0029951513009246478
0.5762267283493882,0.004767148919592068
0.6473615399712076,0.007420371722244967
0.7272778974247632,0.011297693809279141
0.8170598767824696,0.016827852929411358
0.9179253825967483,0.024526084742471754
1.0312426689380967,0.03498512820388433
1.1585488999444697,0.0488539827195511
1.3015710016583038,0.06680284286364313
1.4622490880091454,0.08947437259400193
1.6427627787184707,0.11742377055103104
1.8455607661325835,0.1510526025125568
2.0733940320616497,0.19054366435467351
2.329353165215711,0.23580564454945208
2.6169102854537,0.2864365864991085
2.9399661435534976,0.3417138057976482
3.3029030354176987,0.4006149995794712
3.710644248503383,0.46187115524230027
4.168720846874621,0.5240472029549635
4.683346700825936,0.5856420273183938
5.261502778863538,0.6451963190713441
5.911031845476362,0.7013954551518811
6.64074484928479,0.7531554165694865
7.4605404447366075,0.7996825154167527
8.381539268677866,0.8405018313318553
9.416234793278331,0.8754539240301604
10.578662801651687,0.9046637082901514
11.884591785129816,0.9284886150827626
13.351736844955687,0.9474548775244355
15.0,0.9621908897725817
