SA(0.3s) [g],Complete_damage
0.05000000000000001,4.643867573816962e-07
0.056172467201025755,1.0180129139669702e-06
0.06310692142900626,2.1796607641011434e-06
0.07089742948257126,4.5583507105595444e-06
0.07964967064493539,9.311775963749547e-06
0.08948237023750269,1.858180350444716e-05
0.10052891014472326,3.622433644667744e-05
0.11293913815718663,6.899207273758368e-05
0.1268814006769336,0.00012838538757287132
0.14254482635890514,0.00023344464864416548
0.16014189166643014,0.0004148026834083218
0.17991130314285533,0.0007203264293886846
0.2021212354977168,0.001222621454061601
0.2270729694325259,0.0020285166100877383
0.2551049785537617,0.0032903557713929166
0.28659752081259104,0.005218481139172337
0.3219777967548112,0.008093709662602255
0.36172574455336326,0.012277937469652667
0.4063805504338082,0.01822036846964603
0.45654796280755766,0.026456416402555027
0.5129085093300529,0.03759627022271195
0.5762267283493882,0.05230062738108565
0.6473615399712076,0.07124230901413253
0.7272778974247632,0.0950543693946384
0.8170598767824696,0.12426772073149117
0.9179253825967483,0.15924385147161768
1.0312426689380967,0.20011041601086932
1.1585488999444697,0.24670876069322367
1.3015710016583038,0.2985623529788116
1.4622490880091454,0.3548733495144736
1.6427627787184707,0.41455125707674345
1.8455607661325835,0.47627325485126915
2.0733940320616497,0.5385710069649555
2.329353165215711,0.5999346017192331
2.6169102854537,0.658921454388996
2.9399661435534976,0.7142571874662156
3.3029030354176987,0.7649168298882265
3.710644248503383,0.810177874848077
4.168720846874621,0.8496411414213315
4.683346700825936,0.883220119644741
5.261502778863538,0.9111036593575681
5.911031845476362,0.9336998019091916
6.64074484928479,0.9515698889726892
7.4605404447366075,0.9653618169385015
8.381539268677866,0.975749752038805
9.416234793278331,0.9833852856972998
10.578662801651687,0.9888624462144668
11.884591785129816,0.9926966697526065
13.351736844955687,0.9953160904677657
15.0,0.9970624712160406
