SA(1.0s) [g],Complete_damage
0.05000000000000001,9.772516129658015e-12
0.056172467201025755,2.2842061575545358e-11
0.06310692142900626,5.257916324552525e-11
0.07089742948257126,1.1919198961152233e-10
0.07964967064493539,2.660976994306452e-10
0.08948237023750269,5.850600004464468e-10
0.10052891014472326,1.2668661675263593e-09
0.11293913815718663,2.701704859831011e-09
0.1268814006769336,5.674506309283345e-09
0.14254482635890514,1.1738369387614966e-08
0.16014189166643014,2.3915740943181163e-08
0.17991130314285533,4.7991411622483326e-08
0.2021212354977168,9.485374685702652e-08
0.2270729694325259,1.8465660489574987e-07
0.2551049785537617,3.540814502711598e-07
0.28659752081259104,6.687727627241458e-07
0.3219777967548112,1.2442301036141856e-06
0.36172574455336326,2.2802360503115793e-06
0.4063805504338082,4.116487293814863e-06
0.45654796280755766,7.320710091240912e-06
0.5129085093300529,1.2825415285910857e-05
0.5762267283493882,2.213576915000015e-05
0.6473615399712076,3.763888815633276e-05
0.7272778974247632,6.305404248463375e-05
0.8170598767824696,0.00010407324433903131
0.9179253825967483,0.00016925145756729876
1.0312426689380967,0.00027121349206715717
1.1585488999444697,0.00042824808656050095
1.3015710016583038,0.0006663555404133881
1.4622490880091454,0.0010217997626459363
1.6427627787184707,0.0015441848219337473
1.8455607661325835,0.0023000265429836686
2.0733940320616497,0.0033767193309627297
2.329353165215711,0.004886707632506537
2.6169102854537,0.006971564291106458
2.9399661435534976,0.009805563101058179
3.3029030354176987,0.013598223652109942
3.710644248503383,0.01859522121524282
4.168720846874621,0.025077014208837456
4.683346700825936,0.03335456846620066
5.261502778863538,0.043761669680378534
5.911031845476362,0.056643524097729325
6.64074484928479,0.07234165203909004
7.4605404447366075,0.09117546329426252
8.381539268677866,0.11342133548090416
9.416234793278331,0.139290448501721
10.578662801651687,0.16890700197640052
11.884591785129816,0.20228869642312097
13.351736844955687,0.23933143783233812
15.0,0.27980009053180876
