SA(1.0s) [g],Complete_damage
0.05000000000000001,1.1374678976494579e-11
0.056172467201025755,5.3284598955372076e-11
0.06310692142900626,2.370297291776069e-10
0.07089742948257126,1.0013186946267183e-09
0.07964967064493539,4.017403520961693e-09
0.08948237023750269,1.5309492340520592e-08
0.10052891014472326,5.541928671526364e-08
0.11293913815718663,1.9058687872330893e-07
0.1268814006769336,6.227436225580973e-07
0.14254482635890514,1.93360613665039e-06
0.16014189166643014,5.706031568575298e-06
0.17991130314285533,1.600591642680893e-05
0.2021212354977168,4.268634224169343e-05
0.2270729694325259,0.00010825590642171701
0.2551049785537617,0.0002611396967319157
0.28659752081259104,0.00059933737034501
0.3219777967548112,0.0013091279380593734
0.36172574455336326,0.0027224483901241436
0.4063805504338082,0.005392392862366813
0.45654796280755766,0.010177760511863587
0.5129085093300529,0.018315057872436258
0.5762267283493882,0.03144301465436983
0.6473615399712076,0.05153701543521372
0.7272778974247632,0.08071721380450603
0.8170598767824696,0.12092061636401774
0.9179253825967483,0.17347274310021865
1.0312426689380967,0.23864621226849103
1.1585488999444697,0.31533017603531566
1.3015710016583038,0.4009336768333498
1.4622490880091454,0.4915970378451442
1.6427627787184707,0.5826985218365215
1.8455607661325835,0.6695490448145649
2.0733940320616497,0.7481038487286792
2.329353165215711,0.8155141597304884
2.6169102854537,0.8703965606678498
2.9399661435534976,0.9127894437861472
3.3029030354176987,0.9438569038267463
3.710644248503383,0.9654577777311498
4.168720846874621,0.9797069449068321
4.683346700825936,0.9886247917557456
5.261502778863538,0.99391999531269
5.911031845476362,0.9969030221458595
6.64074484928479,0.9984973704787483
7.4605404447366075,0.9993058341173865
8.381539268677866,0.999694779527197
9.416234793278331,0.9998723077124426
10.578662801651687,0.9999491846514431
11.884591785129816,0.9999807691899457
13.351736844955687,0.9999930804420961
15.0,0.9999976332432887
