SA(0.6s) [g],Loss_ratio
0.05000000000000001,3.812792738055928e-11
0.056172467201025755,1.8146082595737676e-10
0.06310692142900626,8.051767217413907e-10
0.07089742948257126,3.331576700841363e-09
0.07964967064493539,1.285738481182718e-08
0.08948237023750269,4.6292311371155635e-08
0.10052891014472326,1.5554161263161997e-07
0.11293913815718663,4.87885453693866e-07
0.1268814006769336,1.4292409558050462e-06
0.14254482635890514,3.912301446844019e-06
0.16014189166643014,1.0013247853142335e-05
0.17991130314285533,2.398185472456745e-05
0.2021212354977168,5.380296489286759e-05
0.2270729694325259,0.00011322422232719553
0.2551049785537617,0.00022391554055788476
0.28659752081259104,0.000417204822251915
0.3219777967548112,0.0007350179376597144
0.36172574455336326,0.001230731635923018
0.4063805504338082,0.0019730152102273397
0.45654796280755766,0.003059314993481591
0.5129085093300529,0.004649545905589072
0.5762267283493882,0.0070328938989100654
0.6473615399712076,0.01073836890232813
0.7272778974247632,0.01668887078256308
0.8170598767824696,0.026375230480805742
0.9179253825967483,0.04199072860897039
1.0312426689380967,0.06642695379315122
1.1585488999444697,0.10301139477025426
1.3015710016583038,0.15489940654352424
1.4622490880091454,0.22414494078349761
1.6427627787184707,0.3106558316660429
1.8455607661325835,0.41141878936519516
2.0733940320616497,0.520432968968833
2.329353165215711,0.6296114178162935
2.6169102854537,0.7305089709474394
2.9399661435534976,0.8163004402962135
3.3029030354176987,0.8832427326538517
3.710644248503383,0.9310733571465696
4.168720846874621,0.9623157680960638
4.683346700825936,0.9809530089887724
5.261502778863538,0.9911045455700387
5.911031845476362,0.9961575103009574
6.64074484928479,0.9984606740939121
7.4605404447366075,0.9994254896744139
8.381539268677866,0.9997989739941735
9.416234793278331,0.9999335579993289
10.578662801651687,0.9999791018872456
11.884591785129816,0.9999937084749748
13.351736844955687,0.9999981822285111
15.0,0.9999994964623652
