SA(0.6s) [g],Loss_ratio
0.05000000000000001,4.108878666421892e-15
0.056172467201025755,1.999499713665959e-14
0.06310692142900626,9.358740952963123e-14
0.07089742948257126,4.2151669070637714e-13
0.07964967064493539,1.825111836718427e-12
0.08948237023750269,7.60090211196571e-12
0.10052891014472326,3.048613239749854e-11
0.11293913815718663,1.1798673121403772e-10
0.1268814006769336,4.417957255520759e-10
0.14254482635890514,1.6061523236249419e-09
0.16014189166643014,5.692605951547217e-09
0.17991130314285533,1.975101155257024e-08
0.2021212354977168,6.730046782197958e-08
0.2270729694325259,2.2549410204981863e-07
0.2551049785537617,7.418365152007935e-07
0.28659752081259104,2.386399748201422e-06
0.3219777967548112,7.461350546914936e-06
0.36172574455336326,2.2520040193222524e-05
0.4063805504338082,6.518391290261107e-05
0.45654796280755766,0.00017991137438859087
0.5129085093300529,0.00047135720463936204
0.5762267283493882,0.0011682558596956762
0.6473615399712076,0.0027326276288169977
0.7272778974247632,0.006022710007267916
0.8170598767824696,0.012495866343325753
0.9179253825967483,0.024395668119704447
1.0312426689380967,0.04481314990475613
1.1585488999444697,0.07747316788565999
1.3015710016583038,0.1261171967562515
1.4622490880091454,0.19347400426612227
1.6427627787184707,0.2800267862595061
1.8455607661325835,0.38301829846312674
2.0733940320616497,0.4962312068287025
2.329353165215711,0.6108957131820839
2.6169102854537,0.7176085878577178
2.9399661435534976,0.8086145768657842
3.3029030354176987,0.8795448806245237
3.710644248503383,0.9299423405516635
4.168720846874621,0.962510267630871
4.683346700825936,0.9816114546528913
5.261502778863538,0.991759943085861
5.911031845476362,0.9966362462949031
6.64074484928479,0.998752148304392
7.4605404447366075,0.9995802136935338
8.381539268677866,0.9998721709936925
9.416234793278331,0.9999648208640073
10.578662801651687,0.9999912620866385
11.884591785129816,0.9999980434591651
13.351736844955687,0.9999996054625097
15.0,0.9999999284148328
