SA(0.6s) [g],Complete_damage
0.05000000000000001,1.1585178927298045e-08
0.056172467201025755,2.555731537512429e-08
0.06310692142900626,5.5330223180938276e-08
0.07089742948257126,1.1755875040098118e-07
0.07964967064493539,2.4513435814554896e-07
0.08948237023750269,5.016746831287833e-07
0.10052891014472326,1.007678187447958e-06
0.11293913815718663,1.9866299997284287e-06
0.1268814006769336,3.844344743209049e-06
0.14254482635890514,7.30219896583062e-06
0.16014189166643014,1.3615322499105353e-05
0.17991130314285533,2.492087693017897e-05
0.2021212354977168,4.4779513512338553e-05
0.2270729694325259,7.899454868054434e-05
0.2551049785537617,0.0001368167427245881
0.28659752081259104,0.00023266454734738318
0.3219777967548112,0.00038850486076003055
0.36172574455336326,0.0006370398330046712
0.4063805504338082,0.001025821044325248
0.45654796280755766,0.0016223521638795146
0.5129085093300529,0.002520134441064914
0.5762267283493882,0.0038454492440240795
0.6473615399712076,0.005764458977248643
0.7272778974247632,0.008489954189995208
0.8170598767824696,0.012286807302507086
0.9179253825967483,0.017474954671503173
1.0312426689380967,0.024428574683835746
1.1585488999444697,0.033570122941200764
1.3015710016583038,0.04535808463351254
1.4622490880091454,0.06026774807215851
1.6427627787184707,0.0787649967397297
1.8455607661325835,0.10127401773970512
2.0733940320616497,0.12814083733567105
2.329353165215711,0.15959557721558637
2.6169102854537,0.19571710636509532
2.9399661435534976,0.2364041701935291
3.3029030354176987,0.28135697248809155
3.710644248503383,0.3300724977748506
4.168720846874621,0.3818556174611073
4.683346700825936,0.43584635194669274
5.261502778863538,0.49106178269701206
5.911031845476362,0.5464492999705047
6.64074484928479,0.6009464181709689
7.4605404447366075,0.6535415297828384
8.381539268677866,0.7033298447592
9.416234793278331,0.7495593960274333
10.578662801651687,0.7916632768604946
11.884591785129816,0.8292759998572956
13.351736844955687,0.8622337546511813
15.0,0.8905601069609062
