SA(1.0s) [g],Loss_ratio
0.05000000000000001,6.999879085852501e-19
0.056172467201025755,8.241513189314649e-18
0.06310692142900626,3.117922981579656e-16
0.07089742948257126,2.9023998624118996e-15
0.07964967064493539,2.141268940648445e-14
0.08948237023750269,1.5509464526878787e-13
0.10052891014472326,1.0721805961630374e-12
0.11293913815718663,7.054473524833388e-12
0.1268814006769336,4.3991276627239667e-11
0.14254482635890514,2.58883419831168e-10
0.16014189166643014,1.4323057264884733e-09
0.17991130314285533,7.426761054006005e-09
0.2021212354977168,3.600099005445315e-08
0.2270729694325259,1.6283757731715044e-07
0.2551049785537617,6.862969422741435e-07
0.28659752081259104,2.692523970916821e-06
0.3219777967548112,9.826937937669896e-06
0.36172574455336326,3.335271584013026e-05
0.4063805504338082,0.00010525544865979334
0.45654796280755766,0.00030888262609855003
0.5129085093300529,0.00084312611148062
0.5762267283493882,0.0021415520900607467
0.6473615399712076,0.005064696852627364
0.7272778974247632,0.011160236453245872
0.8170598767824696,0.022931652385136655
0.9179253825967483,0.043975317889686345
1.0312426689380967,0.07877184514011794
1.1585488999444697,0.1319174881274513
1.3015710016583038,0.2067347992110069
1.4622490880091454,0.3035380149223145
1.6427627787184707,0.4182396523767735
1.8455607661325835,0.5421874021095141
2.0733940320616497,0.6637928673141977
2.329353165215711,0.7716223341611819
2.6169102854537,0.8576584266978609
2.9399661435534976,0.9191770579605789
3.3029030354176987,0.9584520391345096
3.710644248503383,0.9807673181303906
4.168720846874621,0.9920198542876968
4.683346700825936,0.9970435408303888
5.261502778863538,0.9990252461213756
5.911031845476362,0.9997147827593799
6.64074484928479,0.9999261078136175
7.4605404447366075,0.9999830837087531
8.381539268677866,0.9999965835973484
9.416234793278331,0.9999993921829717
10.578662801651687,0.9999999048540884
11.884591785129816,0.9999999869090832
13.351736844955687,0.9999999984182968
15.0,0.999999999832305
