SA(1.0s) [g],Complete_damage
0.05000000000000001,7.861489237370733e-13
0.056172467201025755,3.3162361745553426e-12
0.06310692142900626,1.343658517782842e-11
0.07089742948257126,5.2296056374245836e-11
0.07964967064493539,1.9552270913436587e-10
0.08948237023750269,7.022580295057423e-10
0.10052891014472326,2.423209854995889e-09
0.11293913815718663,8.033516629701865e-09
0.1268814006769336,2.5589903862588415e-08
0.14254482635890514,7.832680615216248e-08
0.16014189166643014,2.3039040042416303e-07
0.17991130314285533,6.512791302926146e-07
0.2021212354977168,1.769534488493818e-06
0.2270729694325259,4.621514985592157e-06
0.2551049785537617,1.160358509999515e-05
0.28659752081259104,2.8011528955040887e-05
0.3219777967548112,6.502472774727597e-05
0.36172574455336326,0.00014517255883550462
0.4063805504338082,0.0003117667326564266
0.45654796280755766,0.0006441666442951188
0.5129085093300529,0.001280808536219702
0.5762267283493882,0.002451285590966079
0.6473615399712076,0.004516970723871694
0.7272778974247632,0.008016414408197337
0.8170598767824696,0.013707140581635469
0.9179253825967483,0.022590357814277096
1.0312426689380967,0.03590124185990429
1.1585488999444697,0.055047223644857035
1.3015710016583038,0.08148242338110379
1.4622490880091454,0.11651901446491841
1.6427627787184707,0.16109443575150428
1.8455607661325835,0.2155326025478882
2.0733940320616497,0.27935101563838094
2.329353165215711,0.3511673150479395
2.6169102854537,0.4287446020108887
2.9399661435534976,0.5091862045262827
3.3029030354176987,0.5892546526556331
3.710644248503383,0.6657573377564945
4.168720846874621,0.735923302984186
4.683346700825936,0.7976980344521609
5.261502778863538,0.849905154143697
5.911031845476362,0.892258045455829
6.64074484928479,0.9252395759315053
7.4605404447366075,0.9498938883139688
8.381539268677866,0.9675847611316266
9.416234793278331,0.9797701619786265
10.578662801651687,0.987826997204588
11.884591785129816,0.9929405546959281
13.351736844955687,0.9960559681573741
15.0,0.9978779414535642
