SA(0.3s) [g],Complete_damage
0.05000000000000001,2.435987715121435e-05
0.056172467201025755,4.279046465893721e-05
0.06310692142900626,7.39014376706093e-05
0.07089742948257126,0.00012549101426284626
0.07964967064493539,0.00020953067640427925
0.08948237023750269,0.00034401776953352226
0.10052891014472326,0.0005554401213682114
0.11293913815718663,0.0008819491430490656
0.1268814006769336,0.0013773006330533022
0.14254482635890514,0.002115554570697009
0.16014189166643014,0.003196421150718609
0.17991130314285533,0.004750998844111343
0.2021212354977168,0.006947476593212709
0.2270729694325259,0.009996180343250116
0.2551049785537617,0.01415315798777994
0.28659752081259104,0.019721350043696573
0.3219777967548112,0.02704832628306597
0.36172574455336326,0.03651962261843722
0.4063805504338082,0.04854692242493153
0.45654796280755766,0.06355071058934236
0.5129085093300529,0.08193757994636042
0.5762267283493882,0.10407304957913277
0.6473615399712076,0.13025149050140927
0.7272778974247632,0.16066544604832633
0.8170598767824696,0.19537716568839847
0.9179253825967483,0.23429542869532805
1.0312426689380967,0.27716062993327595
1.1585488999444697,0.3235405916885512
1.3015710016583038,0.37283867200434895
1.4622490880091454,0.42431454654444933
1.6427627787184707,0.4771166913927376
1.8455607661325835,0.5303242705503239
2.0733940320616497,0.5829950252066072
2.329353165215711,0.6342150385374768
2.6169102854537,0.6831460212505471
2.9399661435534976,0.7290660649481269
3.3029030354176987,0.7714005956381886
3.710644248503383,0.8097414077300636
4.168720846874621,0.8438529977856535
4.683346700825936,0.8736667554144497
5.261502778863538,0.8992647276010421
5.911031845476362,0.9208555159249916
6.64074484928479,0.9387453174887728
7.4605404447366075,0.9533071700735863
8.381539268677866,0.9649511598653248
9.416234793278331,0.9740977891257431
10.578662801651687,0.9811559963674855
11.884591785129816,0.9865065879223192
13.351736844955687,0.9904911743575977
15.0,0.9934061756869037
