SA(0.6s) [g],Loss_ratio
0.05000000000000001,9.205406426461632e-11
0.056172467201025755,4.0223533207010823e-10
0.06310692142900626,1.6457854123769715e-09
0.07089742948257126,6.306624370017252e-09
0.07964967064493539,2.2637899154738753e-08
0.08948237023750269,7.613546079455412e-08
0.10052891014472326,2.399714920934095e-07
0.11293913815718663,7.090565019669043e-07
0.1268814006769336,1.96470540799469e-06
0.14254482635890514,5.10718010734278e-06
0.16014189166643014,1.2460482240430029e-05
0.17991130314285533,2.8549653418445745e-05
0.2021212354977168,6.147137226221261e-05
0.2270729694325259,0.00012448387769433553
0.2551049785537617,0.00023734302902455993
0.28659752081259104,0.00042662664338346623
0.3219777967548112,0.0007242670803700861
0.36172574455336326,0.0011640542915801436
0.4063805504338082,0.0017771511194441942
0.45654796280755766,0.002589525527989732
0.5129085093300529,0.003626135799976114
0.5762267283493882,0.004928077421441236
0.6473615399712076,0.006589370466242186
0.7272778974247632,0.008819683994620155
0.8170598767824696,0.01203789043852629
0.9179253825967483,0.016997287047117313
1.0312426689380967,0.02493268717143806
1.1585488999444697,0.03769750340534886
1.3015710016583038,0.05782454471776513
1.4622490880091454,0.08840834267977196
1.6427627787184707,0.13269738074091159
1.8455607661325835,0.19334077239544084
2.0733940320616497,0.27138013668519806
2.329353165215711,0.36528266760574823
2.6169102854537,0.4704653653587544
2.9399661435534976,0.5797132692886215
3.3029030354176987,0.6845723212921709
3.710644248503383,0.7773164758692559
4.168720846874621,0.8527371970853614
4.683346700825936,0.9090449334294476
5.261502778863538,0.9476141476194149
5.911031845476362,0.9718626240867912
6.64074484928479,0.9858790513404885
7.4605404447366075,0.9933527125857462
8.381539268677866,0.997047868280913
9.416234793278331,0.9987542643306057
10.578662801651687,0.999496887885138
11.884591785129816,0.999804412449092
13.351736844955687,0.999926612165451
15.0,0.9999734471698685
