SA(0.6s) [g],Loss_ratio
0.05000000000000001,1.6653421863789338e-15
0.056172467201025755,8.548802565115919e-15
0.06310692142900626,4.141220792875308e-14
0.07089742948257126,1.936315659629175e-13
0.07964967064493539,8.679404254377735e-13
0.08948237023750269,3.732689484650953e-12
0.10052891014472326,1.540151462417705e-11
0.11293913815718663,6.09753604180803e-11
0.1268814006769336,2.3166273030182266e-10
0.14254482635890514,8.44819084565267e-10
0.16014189166643014,2.958105858477703e-09
0.17991130314285533,9.949478094326041e-09
0.2021212354977168,3.2165722572743094e-08
0.2270729694325259,1.0003591065821125e-07
0.2551049785537617,2.9961027090388156e-07
0.28659752081259104,8.65303746083809e-07
0.3219777967548112,2.4134928247869238e-06
0.36172574455336326,6.511360693881221e-06
0.4063805504338082,1.7016545956325905e-05
0.45654796280755766,4.3122542572066016e-05
0.5129085093300529,0.00010601163788283316
0.5762267283493882,0.00025272320832346026
0.6473615399712076,0.0005834786878665433
0.7272778974247632,0.001301971266353588
0.8170598767824696,0.002800527023415043
0.9179253825967483,0.005790022785193468
1.0312426689380967,0.011472224656675472
1.1585488999444697,0.021723720915747785
1.3015710016583038,0.03921503071043181
1.4622490880091454,0.06733891727601517
1.6427627787184707,0.1098024525341119
1.8455607661325835,0.16979690915576165
2.0733940320616497,0.24883144528815848
2.329353165215711,0.3455678887466464
2.6169102854537,0.45519285547260757
2.9399661435534976,0.569824367443305
3.3029030354176987,0.6800749217354006
3.710644248503383,0.7773153969014367
4.168720846874621,0.8557531203175157
4.683346700825936,0.9134772986983998
5.261502778863538,0.9521504264589276
5.911031845476362,0.9756932440731372
6.64074484928479,0.9886946415423357
7.4605404447366075,0.9951986981497898
8.381539268677866,0.9981424806282727
9.416234793278331,0.9993466624569007
10.578662801651687,0.9997914416862642
11.884591785129816,0.9999396656319275
13.351736844955687,0.999984202054066
15.0,0.9999962600844833
