SA(1.0s) [g],Complete_damage
0.05000000000000001,2.886579864025407e-15
0.056172467201025755,1.6431300764452317e-14
0.06310692142900626,8.959499808725013e-14
0.07089742948257126,4.642952688982405e-13
0.07964967064493539,2.2927215681534108e-12
0.08948237023750269,1.078248601515952e-11
0.10052891014472326,4.829969757480512e-11
0.11293913815718663,2.0609047801656288e-10
0.1268814006769336,8.37699132283376e-10
0.14254482635890514,3.2438938202261625e-09
0.16014189166643014,1.1968184776556257e-08
0.17991130314285533,4.207374393327967e-08
0.2021212354977168,1.409474776892239e-07
0.2270729694325259,4.500007301233566e-07
0.2551049785537617,1.3694003182518344e-06
0.28659752081259104,3.972521186001998e-06
0.3219777967548112,1.0987135999118713e-05
0.36172574455336326,2.8977220118742153e-05
0.4063805504338082,7.288917996473021e-05
0.45654796280755766,0.00017490160665833976
0.5129085093300529,0.0004004523804095328
0.5762267283493882,0.0008750842351690213
0.6473615399712076,0.0018256694987668354
0.7272778974247632,0.0036376236413345753
0.8170598767824696,0.006924819138070082
0.9179253825967483,0.012600609248516026
1.0312426689380967,0.021927777680082694
1.1585488999444697,0.03651579352183365
1.3015710016583038,0.05823108896607343
1.4622490880091454,0.08899620390475582
1.6427627787184707,0.13047964529488032
1.8455607661325835,0.18371676864364628
2.0733940320616497,0.2487414242690308
2.329353165215711,0.3243315916170252
2.6169102854537,0.4079643430766331
2.9399661435534976,0.49603096544725
3.3029030354176987,0.5842922400713276
3.710644248503383,0.6684807747682465
4.168720846874621,0.7449100227137859
4.683346700825936,0.8109474368165354
5.261502778863538,0.8652529977353933
5.911031845476362,0.9077562570831756
6.64074484928479,0.9394171926837179
7.4605404447366075,0.9618636962861437
8.381539268677866,0.9770096616088235
9.416234793278331,0.9867364247335707
10.578662801651687,0.9926815725052232
11.884591785129816,0.9961400080563328
13.351736844955687,0.9980547894754148
15.0,0.9990637657447576
