SA(1.0s) [g],Complete_damage
0.05000000000000001,7.012168623532489e-13
0.056172467201025755,3.1081803797405883e-12
0.06310692142900626,1.3198109272138936e-11
0.07089742948257126,5.368905320324302e-11
0.07964967064493539,2.0924406651801064e-10
0.08948237023750269,7.813344415907864e-10
0.10052891014472326,2.7955248116384723e-09
0.11293913815718663,9.584311344568164e-09
0.1268814006769336,3.148913807482501e-08
0.14254482635890514,9.91509829795234e-08
0.16014189166643014,2.9923136513065884e-07
0.17991130314285533,8.65629923185729e-07
0.2021212354977168,2.400589764639527e-06
0.2270729694325259,6.382848042996159e-06
0.2551049785537617,1.627337945053764e-05
0.28659752081259104,3.9789619460495196e-05
0.3219777967548112,9.331680935920073e-05
0.36172574455336326,0.00020995466945317176
0.4063805504338082,0.0004532666009908759
0.45654796280755766,0.0009391658717613494
0.5129085093300529,0.0018681071634650825
0.5762267283493882,0.003568266630552319
0.6473615399712076,0.006547130083349617
0.7272778974247632,0.011543691705983572
0.8170598767824696,0.019566968348274205
0.9179253825967483,0.03190063749510097
1.0312426689380967,0.0500513199252236
1.1585488999444697,0.07562268278728446
1.3015710016583038,0.11011124958314333
1.4622490880091454,0.1546416771527358
1.6427627787184707,0.2096842981494167
1.8455607661325835,0.2748174257975746
2.0733940320616497,0.34860196992023806
2.329353165215711,0.42862031017372104
2.6169102854537,0.511696081011332
2.9399661435534976,0.5942656336919208
3.3029030354176987,0.6728301052255575
3.710644248503383,0.7443938651001141
4.168720846874621,0.806799064081446
4.683346700825936,0.8588956207577807
5.261502778863538,0.9005305505771096
5.911031845476362,0.9323847838976769
6.64074484928479,0.9557159743231673
7.4605404447366075,0.9720753591240793
8.381539268677866,0.9830567476884838
9.416234793278331,0.9901135451343496
10.578662801651687,0.9944548273081008
11.884591785129816,0.9970115769478637
13.351736844955687,0.9984530882782978
15.0,0.9992311381158223
