SA(1.0s) [g],Complete_damage
0.05000000000000001,1.1102230246251565e-16
0.056172467201025755,5.551115123125783e-16
0.06310692142900626,4.218847493575595e-15
0.07089742948257126,2.930988785010413e-14
0.07964967064493539,1.9051427102567686e-13
0.08948237023750269,1.1647349751342517e-12
0.10052891014472326,6.700862087427595e-12
0.11293913815718663,3.6277980619559e-11
0.1268814006769336,1.8483892194609552e-10
0.14254482635890514,8.863921818758058e-10
0.16014189166643014,4.001143305565336e-09
0.17991130314285533,1.7002661278908704e-08
0.2021212354977168,6.802658014670726e-08
0.2270729694325259,2.562889895862952e-07
0.2551049785537617,9.093660802150794e-07
0.28659752081259104,3.0393546353035816e-06
0.3219777967548112,9.57070506701907e-06
0.36172574455336326,2.8400364772140918e-05
0.4063805504338082,7.943870711157874e-05
0.45654796280755766,0.0002095053847965822
0.5129085093300529,0.0005211442988944937
0.5762267283493882,0.0012231718791864132
0.6473615399712076,0.0027100459457158887
0.7272778974247632,0.005670868204636137
0.8170598767824696,0.01121417858659568
0.9179253825967483,0.020971829747445048
1.0312426689380967,0.037120660618754964
1.1585488999444697,0.06224860812424027
1.3015710016583038,0.09901012748078553
1.4622490880091454,0.1495752098569496
1.6427627787184707,0.2149678825656236
1.8455607661325835,0.2944791689204088
2.0733940320616497,0.3853762550982368
2.329353165215711,0.4830758468358771
2.6169102854537,0.5818076806966797
2.9399661435534976,0.6756164276907887
3.3029030354176987,0.7594177939094382
3.710644248503383,0.8298028398526383
4.168720846874621,0.8853844448557492
4.683346700825936,0.9266514499857599
5.261502778863538,0.9554582985261679
5.911031845476362,0.9743647127632368
6.64074484928479,0.986031273703741
7.4605404447366075,0.9927998354649086
8.381539268677866,0.9964919004598014
9.416234793278331,0.998385382421376
10.578662801651687,0.9992983836133341
11.884591785129816,0.9997122872602151
13.351736844955687,0.9998887058106957
15.0,0.9999594035686125
