SA(1.0s) [g],Complete_damage
0.05000000000000001,2.674527266322002e-13
0.056172467201025755,1.616928813064078e-12
0.06310692142900626,9.198308781321884e-12
0.07089742948257126,4.924283203422419e-11
0.07964967064493539,2.480995409115394e-10
0.08948237023750269,1.1765169949384813e-09
0.10052891014472326,5.251759471747164e-09
0.11293913815718663,2.2069661653745243e-08
0.1268814006769336,8.73225006747802e-08
0.14254482635890514,3.2535553728951783e-07
0.16014189166643014,1.1417241061462136e-06
0.17991130314285533,3.774097358077988e-06
0.2021212354977168,1.1754443388301006e-05
0.2270729694325259,3.4500698371631167e-05
0.2551049785537617,9.545618982753634e-05
0.28659752081259104,0.00024903500417594593
0.3219777967548112,0.0006128378288089431
0.36172574455336326,0.0014230855266458287
0.4063805504338082,0.0031197156858377983
0.45654796280755766,0.006459933645645899
0.5129085093300529,0.012642677298376759
0.5762267283493882,0.0234025466314971
0.6473615399712076,0.04100821607341654
0.7272778974247632,0.06809255839973016
0.8170598767824696,0.10726716242604173
0.9179253825967483,0.16054073485664855
1.0312426689380967,0.22865532899773822
1.1585488999444697,0.3105376007456889
1.3015710016583038,0.40308433728141635
1.4622490880091454,0.5014297156126533
1.6427627787184707,0.5996878411900818
1.8455607661325835,0.6919884715731354
2.0733940320616497,0.7735081537446515
2.329353165215711,0.8412008480477231
2.6169102854537,0.8940505417819485
2.9399661435534976,0.93284451751361
3.3029030354176987,0.9596181304614839
3.710644248503383,0.9769909469435397
4.168720846874621,0.9875896732352479
4.683346700825936,0.9936690197447877
5.261502778863538,0.9969475517569587
5.911031845476362,0.9986098951934176
6.64074484928479,0.9994023605901019
7.4605404447366075,0.9997575479336043
8.381539268677866,0.9999072237445027
9.416234793278331,0.9999665247448438
10.578662801651687,0.9999886143491643
11.884591785129816,0.9999963505651128
13.351736844955687,0.9999988978829333
15.0,0.9999996864719392
