SA(1.0s) [g],Complete_damage
0.05000000000000001,7.66053886991358e-15
0.056172467201025755,5.206945985491984e-14
0.06310692142900626,3.319566843629218e-13
0.07089742948257126,1.992184195387381e-12
0.07964967064493539,1.1252221376878424e-11
0.08948237023750269,5.980727024734733e-11
0.10052891014472326,2.9917379684718526e-10
0.11293913815718663,1.4085999033852659e-09
0.1268814006769336,6.242978467518867e-09
0.14254482635890514,2.6048725731975253e-08
0.16014189166643014,1.0233583436214388e-07
0.17991130314285533,3.7859801127471115e-07
0.2021212354977168,1.319193802529206e-06
0.2270729694325259,4.330097720384174e-06
0.2551049785537617,1.339167767722138e-05
0.28659752081259104,3.903208874467268e-05
0.3219777967548112,0.00010724410529838746
0.36172574455336326,0.0002778572247585931
0.4063805504338082,0.0006790751487286695
0.45654796280755766,0.001566160263451577
0.5129085093300529,0.0034101902102676718
0.5762267283493882,0.007014224908448163
0.6473615399712076,0.013636829563943187
0.7272778974247632,0.02507846426426963
0.8170598767824696,0.04366366115663933
0.9179253825967483,0.07204719761426581
1.0312426689380967,0.11280271912120976
1.1585488999444697,0.1678235724982784
1.3015710016583038,0.23766118178828133
1.4622490880091454,0.32100488334896515
1.6427627787184707,0.41451912077955777
1.8455607661325835,0.5131707627955652
2.0733940320616497,0.6110189030612496
2.329353165215711,0.7022667239913656
2.6169102854537,0.7822711542707421
2.9399661435534976,0.8482230172041274
3.3029030354176987,0.8993395546854981
3.710644248503383,0.9365887504271289
4.168720846874621,0.9621094875337293
4.683346700825936,0.9785490421364269
5.261502778863538,0.9885055496777114
5.911031845476362,0.9941750362461254
6.64074484928479,0.9972103227126242
7.4605404447366075,0.9987381503784166
8.381539268677866,0.9994611985210374
9.416234793278331,0.9997829181833524
10.578662801651687,0.9999175057298909
11.884591785129816,0.9999704413889616
13.351736844955687,0.9999900166336525
15.0,0.999996822457572
