SA(0.6s) [g],Loss_ratio
0.05000000000000001,1.2536921160869565e-07
0.056172467201025755,3.530151164733604e-07
0.06310692142900626,9.95651888420138e-07
0.07089742948257126,2.7711712633684537e-06
0.07964967064493539,7.525052314073992e-06
0.08948237023750269,1.9779017524681215e-05
0.10052891014472326,5.006014986079547e-05
0.11293913815718663,0.00012160341029769851
0.1268814006769336,0.0002829382746829491
0.14254482635890514,0.0006298193523899041
0.16014189166643014,0.0013404171314542715
0.17991130314285533,0.0027267312794254507
0.2021212354977168,0.005301658148295797
0.2270729694325259,0.009854131334044683
0.2551049785537617,0.017514514232891208
0.28659752081259104,0.029781356424174708
0.3219777967548112,0.04847367273934034
0.36172574455336326,0.07557653545868608
0.4063805504338082,0.11296718070182811
0.45654796280755766,0.1620440568253666
0.5129085093300529,0.22332421078005346
0.5762267283493882,0.29610940838464744
0.6473615399712076,0.37833033235407293
0.7272778974247632,0.46664932894969885
0.8170598767824696,0.5568379778082712
0.9179253825967483,0.6443652166345541
1.0312426689380967,0.7250641520362375
1.1585488999444697,0.795718077680681
1.3015710016583038,0.8544306008817416
1.4622490880091454,0.9007119699881128
1.6427627787184707,0.9352974355446019
1.8455607661325835,0.9597826494947335
2.0733940320616497,0.9761935558017056
2.329353165215711,0.9865991050029034
2.6169102854537,0.9928361912476719
2.9399661435534976,0.9963677260279674
3.3029030354176987,0.9982552637675415
3.710644248503383,0.9992069028334444
4.168720846874621,0.9996591742651433
4.683346700825936,0.9998616608613383
5.261502778863538,0.9999470100442945
5.911031845476362,0.9999808602185235
6.64074484928479,0.9999934857757679
7.4605404447366075,0.9999979122208555
8.381539268677866,0.9999993702895011
9.416234793278331,0.9999998213541166
10.578662801651687,0.9999999523543844
11.884591785129816,0.9999999880592358
13.351736844955687,0.9999999971891378
15.0,0.9999999993787301
