PGA [g],Complete_damage
0.05000000000000001,5.150080472859919e-06
0.056172467201025755,1.1036303362743638e-05
0.06310692142900626,2.301997643783249e-05
0.07089742948257126,4.67403089754459e-05
0.07964967064493539,9.238909351527713e-05
0.08948237023750269,0.00017780039498671574
0.10052891014472326,0.00033317469536597866
0.11293913815718663,0.0006079772749881807
0.1268814006769336,0.001080519086645526
0.14254482635890514,0.0018705380924999293
0.16014189166643014,0.003154679169693808
0.17991130314285533,0.005184070859728829
0.2021212354977168,0.008302220791233883
0.2270729694325259,0.012960291974083882
0.2551049785537617,0.01972568905261085
0.28659752081259104,0.029279101666614404
0.3219777967548112,0.042395115932987726
0.36172574455336326,0.05990258436512175
0.4063805504338082,0.08262335059822101
0.45654796280755766,0.11129157305427995
0.5129085093300529,0.14646030810879962
0.5762267283493882,0.1884063451829684
0.6473615399712076,0.23704744043081982
0.7272778974247632,0.2918870036236779
0.8170598767824696,0.35199923795891364
0.9179253825967483,0.41606264095369905
1.0312426689380967,0.4824423573810416
1.1585488999444697,0.5493135454303356
1.3015710016583038,0.6148104753802556
1.4622490880091454,0.6771812452910227
1.6427627787184707,0.7349269278544343
1.8455607661325835,0.7869069164296533
2.0733940320616497,0.8323985024362055
2.329353165215711,0.871106811845781
2.6169102854537,0.9031293346471401
2.9399661435534976,0.9288857299519805
3.3029030354176987,0.9490272759002755
3.710644248503383,0.964340924673995
4.168720846874621,0.9756608275821927
4.683346700825936,0.9837963385779794
5.261502778863538,0.9894810059662055
5.911031845476362,0.9933429265704576
6.64074484928479,0.995893745618227
7.4605404447366075,0.9975318212763526
8.381539268677866,0.9985545635842076
9.416234793278331,0.9991753988935661
10.578662801651687,0.9995418064980857
11.884591785129816,0.9997520537793524
13.351736844955687,0.9998693473197077
15.0,0.9999329675961648
