PGA [g],Complete_damage
0.05000000000000001,7.583805432531676e-07
0.056172467201025755,1.7312475005804018e-06
0.06310692142900626,3.846488353942412e-06
0.07089742948257126,8.318221366931944e-06
0.07964967064493539,1.7510043907487116e-05
0.08948237023750269,3.588122919229164e-05
0.10052891014472326,7.158240815219319e-05
0.11293913815718663,0.0001390410860063751
0.1268814006769336,0.0002629786705918846
0.14254482635890514,0.0004843789753420369
0.16014189166643014,0.000868938373741468
0.17991130314285533,0.0015184078089818254
0.2021212354977168,0.002584915812708366
0.2270729694325259,0.004287778672427134
0.2551049785537617,0.006931437563177156
0.28659752081259104,0.010922066863330082
0.3219777967548112,0.01677923395524883
0.36172574455336326,0.025138037698011706
0.4063805504338082,0.036736781611341196
0.45654796280755766,0.052385837219160014
0.5129085093300529,0.07291520969073206
0.5762267283493882,0.09910147738558095
0.6473615399712076,0.13157892866721288
0.7272778974247632,0.17074416051913666
0.8170598767824696,0.21666712377572472
0.9179253825967483,0.26902349747643783
1.0312426689380967,0.3270624649182319
1.1585488999444697,0.3896200921290244
1.3015710016583038,0.4551819626691712
1.4622490880091454,0.521990641838429
1.6427627787184707,0.5881856010075341
1.8455607661325835,0.6519572187126149
2.0733940320616497,0.7116938088408074
2.329353165215711,0.7661019511176642
2.6169102854537,0.8142853944749353
2.9399661435534976,0.8557752789199438
3.3029030354176987,0.8905126591465289
3.710644248503383,0.9187915472842185
4.168720846874621,0.9411755634923442
4.683346700825936,0.958403136082063
5.261502778863538,0.9712951432919118
5.911031845476362,0.9806756725422431
6.64074484928479,0.9873122546212834
7.4605404447366075,0.991877581683087
8.381539268677866,0.9949311637070548
9.416234793278331,0.9969170643705173
10.578662801651687,0.9981728504183944
11.884591785129816,0.9989449689074812
13.351736844955687,0.9994065652702592
15.0,0.9996748839391519
