SA(1.0s) [g],Complete_damage
0.05000000000000001,1.7824941522803783e-10
0.056172467201025755,3.669325954192004e-10
0.06310692142900626,7.45917883016034e-10
0.07089742948257126,1.4974302908754566e-09
0.07964967064493539,2.968639001288409e-09
0.08948237023750269,5.812032299878922e-09
0.10052891014472326,1.1237336283720367e-08
0.11293913815718663,2.1456978083200795e-08
0.1268814006769336,4.04621488536705e-08
0.14254482635890514,7.535467094754722e-08
0.16014189166643014,1.38598396981493e-07
0.17991130314285533,2.5176728135622994e-07
0.2021212354977168,4.516895294459644e-07
0.2270729694325259,8.003636615683263e-07
0.2551049785537617,1.400711352128603e-06
0.28659752081259104,2.4212054052785703e-06
0.3219777967548112,4.1337529367302395e-06
0.36172574455336326,6.971014116508023e-06
0.4063805504338082,1.1611682416146074e-05
0.45654796280755766,1.910520934855775e-05
0.5129085093300529,3.1051045525698484e-05
0.5762267283493882,4.985163114334945e-05
0.6473615399712076,7.906292165815731e-05
0.7272778974247632,0.00012387082862264087
0.8170598767824696,0.00019172602668593441
0.9179253825967483,0.00029317231008718636
1.0312426689380967,0.0004429039964409798
1.1585488999444697,0.0006610844552267237
1.3015710016583038,0.0009749492088282352
1.4622490880091454,0.0014207017325829074
1.6427627787184707,0.00204568680068018
1.8455607661325835,0.002910794232295899
2.0733940320616497,0.0040930052900477465
2.329353165215711,0.005687946087077234
2.6169102854537,0.00781226000541102
2.9399661435534976,0.010605558852105457
3.3029030354176987,0.014231666489399442
3.710644248503383,0.018878836544496402
4.168720846874621,0.024758615836946052
4.683346700825936,0.03210304542361042
5.261502778863538,0.0411599482461652
5.911031845476362,0.05218615001553217
6.64074484928479,0.06543861774543203
7.4605404447366075,0.08116367260649393
8.381539268677866,0.09958462916567179
9.416234793278331,0.12088841482488899
10.578662801651687,0.14521191032711966
11.884591785129816,0.1726289012802229
13.351736844955687,0.2031386190284663
15.0,0.23665685787740753
