SA(0.6s) [g],Complete_damage
0.05000000000000001,1.3113443664281021e-10
0.056172467201025755,4.1792691529707326e-10
0.06310692142900626,1.289701123674547e-09
0.07089742948257126,3.853901087147449e-09
0.07964967064493539,1.1152030299221849e-08
0.08948237023750269,3.1251432219825404e-08
0.10052891014472326,8.481466406973226e-08
0.11293913815718663,2.2293657575556125e-07
0.1268814006769336,5.675805351268437e-07
0.14254482635890514,1.3997104884033718e-06
0.16014189166643014,3.3438352914361147e-06
0.17991130314285533,7.73894512584583e-06
0.2021212354977168,1.7353474496717425e-05
0.2270729694325259,3.770510135436833e-05
0.2551049785537617,7.939042026616772e-05
0.28659752081259104,0.00016200945391831034
0.3219777967548112,0.00032045869546015737
0.36172574455336326,0.000614503405851452
0.4063805504338082,0.0011425227198407217
0.45654796280755766,0.0020600089406023203
0.5129085093300529,0.003602642117163435
0.5762267283493882,0.006112442751505354
0.6473615399712076,0.010063645224400286
0.7272778974247632,0.01608276389667984
0.8170598767824696,0.02495534834208779
0.9179253825967483,0.03761089884938096
1.0312426689380967,0.05507819370385947
1.1585488999444697,0.07840654318534823
1.3015710016583038,0.108554380507761
1.4622490880091454,0.14625444867029302
1.6427627787184707,0.19187304925502924
1.8455607661325835,0.24528711753073618
2.0733940320616497,0.3058049342671305
2.329353165215711,0.3721524641434901
2.6169102854537,0.4425374762442811
2.9399661435534976,0.5147894228503005
3.3029030354176987,0.5865577544317803
3.710644248503383,0.6555388491642253
4.168720846874621,0.71969543489027
4.683346700825936,0.7774340449301029
5.261502778863538,0.8277152076497798
5.911031845476362,0.870085180646154
6.64074484928479,0.904633341143032
7.4605404447366075,0.931892064326154
8.381539268677866,0.9527033973612778
9.416234793278331,0.9680781473718469
10.578662801651687,0.9790689639957723
11.884591785129816,0.986671623716426
13.351736844955687,0.9917604167519727
15.0,0.9950563439990605
