SA(1.0s) [g],Complete_damage
0.05000000000000001,1.1102230246251565e-16
0.056172467201025755,4.440892098500626e-16
0.06310692142900626,2.4424906541753444e-15
0.07089742948257126,1.354472090042691e-14
0.07964967064493539,7.283063041541027e-14
0.08948237023750269,3.7203573555188996e-13
0.10052891014472326,1.8135493107251932e-12
0.11293913815718663,8.429590359071426e-12
0.1268814006769336,3.7365444072179343e-11
0.14254482635890514,1.579562036724269e-10
0.16014189166643014,6.368436888948281e-10
0.17991130314285533,2.4489978933672774e-09
0.2021212354977168,8.983306543086655e-09
0.2270729694325259,3.1434910674477123e-08
0.2551049785537617,1.0494362079338515e-07
0.28659752081259104,3.3428074563968124e-07
0.3219777967548112,1.0160767944800142e-06
0.36172574455336326,2.947509406658888e-06
0.4063805504338082,8.161256930816485e-06
0.45654796280755766,2.1572411471049158e-05
0.5129085093300529,5.444458593439894e-05
0.5762267283493882,0.00013122264709719555
0.6473615399712076,0.00030210319168755273
0.7272778974247632,0.0006645090265133824
0.8170598767824696,0.0013969036069430008
0.9179253825967483,0.002807304971053748
1.0312426689380967,0.005395447765064287
1.1585488999444697,0.009921107596774559
1.3015710016583038,0.017462021187026555
1.4622490880091454,0.02943534174982898
1.6427627787184707,0.047550996337993756
1.8455607661325835,0.07366914539839775
2.0733940320616497,0.109551410714126
2.329353165215711,0.15652638290537912
2.6169102854537,0.21512704757780743
2.9399661435534976,0.28478777008124956
3.3029030354176987,0.3636961088098749
3.710644248503383,0.4488701728962644
4.168720846874621,0.5364776987971291
4.683346700825936,0.6223444533630978
5.261502778863538,0.7025414788092081
5.911031845476362,0.7739156409447866
6.64074484928479,0.834446005410227
7.4605404447366075,0.883362462015234
8.381539268677866,0.9210316310374026
9.416234793278331,0.9486734317105431
10.578662801651687,0.9680018242589568
11.884591785129816,0.9808805861383972
13.351736844955687,0.9890577235272949
15.0,0.99400512435445
