SA(0.6s) [g],Loss_ratio
0.05000000000000001,1.7193765663165182e-12
0.056172467201025755,5.55136223284361e-12
0.06310692142900626,1.7439264617352232e-11
0.07089742948257126,5.331322218438761e-11
0.07964967064493539,1.5865744066335358e-10
0.08948237023750269,4.5985564238555225e-10
0.10052891014472326,1.2991225279034142e-09
0.11293913815718663,3.5812397048925225e-09
0.1268814006769336,9.648354212544288e-09
0.14254482635890514,2.5457374688209966e-08
0.16014189166643014,6.595345289771451e-08
0.17991130314285533,1.6827218197615045e-07
0.2021212354977168,4.2409753728709976e-07
0.2270729694325259,1.0587002397914477e-06
0.2551049785537617,2.6225565550938285e-06
0.28659752081259104,6.44938053581183e-06
0.3219777967548112,1.5726705773953906e-05
0.36172574455336326,3.792063102143537e-05
0.4063805504338082,9.004749554144467e-05
0.45654796280755766,0.0002095703465061755
0.5129085093300529,0.00047559722676719695
0.5762267283493882,0.0010472651066216069
0.6473615399712076,0.002227559172505772
0.7272778974247632,0.00455893669570724
0.8170598767824696,0.008948508389681904
0.9179253825967483,0.016802140091863794
1.0312426689380967,0.030119381945881745
1.1585488999444697,0.05147310766110723
1.3015710016583038,0.083787122432672
1.4622490880091454,0.12985430238163173
1.6427627787184707,0.1916205877525457
1.8455607661325835,0.2693831611254881
2.0733940320616497,0.3611649492869857
2.329353165215711,0.46255976185004344
2.6169102854537,0.5672374450772788
2.9399661435534976,0.668066060764468
3.3029030354176987,0.7585425789748812
3.710644248503383,0.8340650492349908
4.168720846874621,0.8926280686343303
4.683346700825936,0.9347655465446407
5.261502778863538,0.9628712604783101
5.911031845476362,0.9802372319003587
6.64074484928479,0.9901733760420162
7.4605404447366075,0.9954378373200057
8.381539268677866,0.998021944013593
9.416234793278331,0.9991982740646272
10.578662801651687,0.9996957033258769
11.884591785129816,0.9998915668679441
13.351736844955687,0.9999636056774829
15.0,0.9999884514869166
