SA(0.6s) [g],Loss_ratio
0.05000000000000001,1.2571179130091601e-08
0.056172467201025755,3.799004933015843e-08
0.06310692142900626,1.1072080705983914e-07
0.07089742948257126,3.1073790057501604e-07
0.07964967064493539,8.392357828349779e-07
0.08948237023750269,2.1814769155546685e-06
0.10052891014472326,5.461690044712845e-06
0.11293913815718663,1.31876383191241e-05
0.1268814006769336,3.0759002289320136e-05
0.14254482635890514,6.942301166852803e-05
0.16014189166643014,0.00015187218760611987
0.17991130314285533,0.0003224531880352314
0.2021212354977168,0.000664971459678484
0.2270729694325259,0.001332090457890167
0.2551049785537617,0.0025906834298038417
0.28659752081259104,0.004886011080376951
0.3219777967548112,0.00892270099208689
0.36172574455336326,0.015750940443292158
0.4063805504338082,0.02683243137681189
0.45654796280755766,0.04404600191184393
0.5129085093300529,0.06958467562162649
0.5762267283493882,0.10570423399362636
0.6473615399712076,0.15431570701234887
0.7272778974247632,0.21647031803877873
0.8170598767824696,0.2918510493414762
0.9179253825967483,0.378432539081298
1.0312426689380967,0.4724685000669885
1.1585488999444697,0.5688941678278436
1.3015710016583038,0.6621016323962814
1.4622490880091454,0.7469048164622177
1.6427627787184707,0.819423502741994
1.8455607661325835,0.877631446916699
2.0733940320616497,0.9214331088978557
2.329353165215711,0.9523032182040623
2.6169102854537,0.9726637868153601
2.9399661435534976,0.9852250782911428
3.3029030354176987,0.9924729210307649
3.710644248503383,0.996385198842594
4.168720846874621,0.9983622951698425
4.683346700825936,0.9992989685651239
5.261502778863538,0.9997158283346256
5.911031845476362,0.9998905863371665
6.64074484928479,0.9999598429831147
7.4605404447366075,0.9999858970720807
8.381539268677866,0.9999952436196148
9.416234793278331,0.9999984551316754
10.578662801651687,0.9999995159967989
11.884591785129816,0.9999998537103261
13.351736844955687,0.9999999573935905
15.0,0.9999999880682611
