SA(0.6s) [g],Complete_damage
0.05000000000000001,3.4417192928515306e-05
0.056172467201025755,5.672567638348447e-05
0.06310692142900626,9.221399236458705e-05
0.07089742948257126,0.00014785702642017284
0.07964967064493539,0.00023384669733206298
0.08948237023750269,0.0003648227351366051
0.10052891014472326,0.0005614516994506547
0.11293913815718663,0.0008523982559414112
0.1268814006769336,0.001276713897857551
0.14254482635890514,0.0018866368223052765
0.16014189166643014,0.00275075068180175
0.17991130314285533,0.0039573889290864805
0.2021212354977168,0.0056180970513851625
0.2270729694325259,0.007870881512970662
0.2551049785537617,0.010882889278174157
0.28659752081259104,0.014852086224708794
0.3219777967548112,0.02000745016154326
0.36172574455336326,0.02660717960428871
0.4063805504338082,0.034934457526060725
0.45654796280755766,0.04529041156407909
0.5129085093300529,0.05798408434642777
0.5762267283493882,0.07331946694154112
0.6473615399712076,0.09157994176039885
0.7272778974247632,0.11301080440177991
0.8170598767824696,0.13780085294119648
0.9179253825967483,0.16606430734179844
1.0312426689380967,0.19782450857001888
1.1585488999444697,0.23300090864226974
1.3015710016583038,0.2714007722524481
1.4622490880091454,0.3127167577041229
1.6427627787184707,0.3565311401519994
1.8455607661325835,0.40232691583233393
2.0733940320616497,0.44950543336504645
2.329353165215711,0.4974096019803328
2.6169102854537,0.5453511961346766
2.9399661435534976,0.5926403759330888
3.3029030354176987,0.6386153230535132
3.710644248503383,0.6826698803552635
4.168720846874621,0.7242772815147644
4.683346700825936,0.7630084396987689
5.261502778863538,0.7985437835376452
5.911031845476362,0.8306782211287879
6.64074484928479,0.8593194090629164
7.4605404447366075,0.8844800379197371
8.381539268677866,0.9062652652195347
9.416234793278331,0.9248566970091071
10.578662801651687,0.9404944272022313
11.884591785129816,0.9534585975257003
13.351736844955687,0.9640517658401061
15.0,0.972583103820964
