SA(1.0s) [g],Loss_ratio
0.05000000000000001,3.0996941501217634e-11
0.056172467201025755,1.1891341482906537e-10
0.06310692142900626,4.3778850984413785e-10
0.07089742948257126,1.5468538731290455e-09
0.07964967064493539,5.245944088023329e-09
0.08948237023750269,1.7078044533429328e-08
0.10052891014472326,5.3378249075514866e-08
0.11293913815718663,1.6021642786736168e-07
0.1268814006769336,4.6197926035083493e-07
0.14254482635890514,1.280390665035029e-06
0.16014189166643014,3.413535666702876e-06
0.17991130314285533,8.763594854346418e-06
0.2021212354977168,2.1697534540303784e-05
0.2270729694325259,5.1902116505404417e-05
0.2551049785537617,0.00012020568638157308
0.28659752081259104,0.0002701302813054385
0.3219777967548112,0.000590116924056538
0.36172574455336326,0.0012545761928953532
0.4063805504338082,0.002595490250673463
0.45654796280755766,0.005217605707383428
0.5129085093300529,0.010163535892690782
0.5762267283493882,0.019111862002802113
0.6473615399712076,0.03454527281299673
0.7272778974247632,0.059763835104167426
0.8170598767824696,0.0985740211592786
0.9179253825967483,0.1545178141723053
1.0312426689380967,0.22967430481733037
1.1585488999444697,0.3233536402681161
1.3015710016583038,0.4312674176323432
1.4622490880091454,0.545770105908156
1.6427627787184707,0.6573776538188345
1.8455607661325835,0.7571164018169904
2.0733940320616497,0.8387460900428851
2.329353165215711,0.8999243689450837
2.6169102854537,0.941955036409431
2.9399661435534976,0.9684884661159593
3.3029030354176987,0.9839395940714648
3.710644248503383,0.9922838338226818
4.168720846874621,0.9964900709360216
4.683346700825936,0.9984829059254052
5.261502778863538,0.9993757319852867
5.911031845476362,0.9997555131914897
6.64074484928479,0.9999090743920955
7.4605404447366075,0.9999680010072033
8.381539268677866,0.9999893852775885
9.416234793278331,0.9999966930055646
10.578662801651687,0.9999990352237157
11.884591785129816,0.999999737017814
13.351736844955687,0.9999999331260699
15.0,0.9999999841524021
