SA(1.0s) [g],Loss_ratio
0.05000000000000001,3.87460969858386e-11
0.056172467201025755,1.4864105233259258e-10
0.06310692142900626,5.472296673664433e-10
0.07089742948257126,1.933521068456588e-09
0.07964967064493539,6.5570965737282604e-09
0.08948237023750269,2.1345319750134816e-08
0.10052891014472326,6.67088699243149e-08
0.11293913815718663,2.0018967285797113e-07
0.1268814006769336,5.770377403731846e-07
0.14254482635890514,1.598297579966001e-06
0.16014189166643014,4.256683606564689e-06
0.17991130314285533,1.0909978892250683e-05
0.2021212354977168,2.6941699772003837e-05
0.2270729694325259,6.419826546503126e-05
0.2551049785537617,0.0001478717491219769
0.28659752081259104,0.0003298601133430038
0.3219777967548112,0.0007138592942969675
0.36172574455336326,0.00150061334878464
0.4063805504338082,0.0030651361085521577
0.45654796280755766,0.006078603494998613
0.5129085093300529,0.011680072970451183
0.5762267283493882,0.021678461085119328
0.6473615399712076,0.038716673721606934
0.7272778974247632,0.0662646474347736
0.8170598767824696,0.10826196459060641
0.9179253825967483,0.16826952943012669
1.0312426689380967,0.24817549130723415
1.1585488999444697,0.3468164409630231
1.3015710016583038,0.45916072331532365
1.4622490880091454,0.5766969302268833
1.6427627787184707,0.6892172285951249
1.8455607661325835,0.787445119996286
2.0733940320616497,0.865405560336785
2.329353165215711,0.9215117535039318
2.6169102854537,0.9580426709151599
2.9399661435534976,0.9795198538318823
3.3029030354176987,0.9909022872992729
3.710644248503383,0.9963324427430564
4.168720846874621,0.9986614792465629
4.683346700825936,0.9995586410941805
5.261502778863538,0.9998687425257765
5.911031845476362,0.9999648456876901
6.64074484928479,0.999991531530789
7.4605404447366075,0.9999981671387718
8.381539268677866,0.9999996439228435
9.416234793278331,0.9999999379567456
10.578662801651687,0.999999990311131
11.884591785129816,0.999999998644777
13.351736844955687,0.9999999998303039
15.0,0.9999999999809871
