SA(0.6s) [g],Complete_damage
0.05000000000000001,1.1078024280353205e-05
0.056172467201025755,1.9894215679050475e-05
0.06310692142900626,3.512556427698321e-05
0.07089742948257126,6.0977517656546354e-05
0.07964967064493539,0.00010408434292830115
0.08948237023750269,0.00017469925022028931
0.10052891014472326,0.0002883427071996847
0.11293913815718663,0.0004680187514640721
0.1268814006769336,0.0007471019080477204
0.14254482635890514,0.0011729696956510605
0.16014189166643014,0.0018114002761542292
0.17991130314285533,0.002751665348714849
0.2021212354977168,0.004112121871162611
0.2270729694325259,0.006045945125277674
0.2551049785537617,0.00874646043984606
0.28659752081259104,0.012451341519724823
0.3219777967548112,0.017444779595653825
0.36172574455336326,0.02405662725617741
0.4063805504338082,0.03265752508513786
0.45654796280755766,0.043649165789602984
0.5129085093300529,0.057449164593496915
0.5762267283493882,0.07447048976435822
0.6473615399712076,0.09509603732909255
0.7272778974247632,0.11964965043054843
0.8170598767824696,0.1483655969476877
0.9179253825967483,0.18135911853656772
1.0312426689380967,0.2186010350329004
1.1585488999444697,0.25989943118677206
1.3015710016583038,0.304891106680409
1.4622490880091454,0.3530447294109157
1.6427627787184707,0.4036765548076855
1.8455607661325835,0.45597828127666484
2.0733940320616497,0.5090552713618024
2.329353165215711,0.561972168436897
2.6169102854537,0.6138020570577416
2.9399661435534976,0.6636748858674187
3.3029030354176987,0.7108209616167581
3.710644248503383,0.7546059175004296
4.168720846874621,0.794554566915395
4.683346700825936,0.8303623226407844
5.261502778863538,0.8618942064073924
5.911031845476362,0.8891727100274928
6.64074484928479,0.9123567425670036
7.4605404447366075,0.9317145077463934
8.381539268677866,0.9475933655072558
9.416234793278331,0.9603895677949408
10.578662801651687,0.9705202975091879
11.884591785129816,0.9783997882342664
13.351736844955687,0.9844205764644678
15.0,0.9889402423735542
