SA(0.6s) [g],Complete_damage
0.05000000000000001,2.1642213787753661e-07
0.056172467201025755,4.312997863298307e-07
0.06310692142900626,8.448940171934538e-07
0.07089742948257126,1.626981417590656e-06
0.07964967064493539,3.0798746684101985e-06
0.08948237023750269,5.7314852001111305e-06
0.10052891014472326,1.0485750229549673e-05
0.11293913815718663,1.8860169036183372e-05
0.1268814006769336,3.335201172383062e-05
0.14254482635890514,5.7989146720838214e-05
0.16014189166643014,9.913768982749982e-05
0.17991130314285533,0.00016665519736147605
0.2021212354977168,0.00027549206340637955
0.2270729694325259,0.0004478508196393838
0.2551049785537617,0.0007160073525505073
0.28659752081259104,0.0011258726299104849
0.3219777967548112,0.0017413209596943702
0.36172574455336326,0.002649224687462648
0.4063805504338082,0.003965012141153412
0.45654796280755766,0.005838407457061212
0.5129085093300529,0.00845882726387559
0.5762267283493882,0.012059719115157574
0.6473615399712076,0.016920958973676625
0.7272778974247632,0.023368317122707705
0.8170598767824696,0.03176899478156969
0.9179253825967483,0.04252236580051194
1.0312426689380967,0.05604535588137849
1.1585488999444697,0.0727523616602388
1.3015710016583038,0.0930302307341151
1.4622490880091454,0.11720953547618018
1.6427627787184707,0.14553409136155115
1.8455607661325835,0.1781312854554158
2.0733940320616497,0.21498617719023216
2.329353165215711,0.25592241016170614
2.6169102854537,0.3005926647881517
2.9399661435534976,0.34848067574205566
3.3029030354176987,0.39891578772543224
3.710644248503383,0.4510997439145077
4.168720846874621,0.504144057506297
4.683346700825936,0.5571150961718857
5.261502778863538,0.6090830916494386
5.911031845476362,0.6591708117156682
6.64074484928479,0.7065976728327072
7.4605404447366075,0.7507156224957652
8.381539268677866,0.7910340956713289
9.416234793278331,0.8272326019845362
10.578662801651687,0.8591608462448778
11.884591785129816,0.8868275382777713
13.351736844955687,0.9103800507850361
15.0,0.9300777297853893
