PGA [g],Complete_damage
0.05000000000000001,2.9309887850104133e-13
0.056172467201025755,8.424372310855688e-13
0.06310692142900626,2.371769447506722e-12
0.07089742948257126,6.540656904974185e-12
0.07964967064493539,1.766764512467489e-11
0.08948237023750269,4.674660658565699e-11
0.10052891014472326,1.2115553005287438e-10
0.11293913815718663,3.075858456824676e-10
0.1268814006769336,7.649407773868688e-10
0.14254482635890514,1.8635301080038857e-09
0.16014189166643014,4.4473538185485495e-09
0.17991130314285533,1.0397610661350143e-08
0.2021212354977168,2.3814565874857863e-08
0.2270729694325259,5.343679043701144e-08
0.2551049785537617,1.1747317929522438e-07
0.28659752081259104,2.530175504666943e-07
0.3219777967548112,5.339369004708772e-07
0.36172574455336326,1.1040058164324407e-06
0.4063805504338082,2.2367155394498184e-06
0.45654796280755766,4.440430803720474e-06
0.5129085093300529,8.638387332560171e-06
0.5762267283493882,1.646846412217684e-05
0.6473615399712076,3.076858646466896e-05
0.7272778974247632,5.63402600628482e-05
0.8170598767824696,0.00010111408929835974
0.9179253825967483,0.00017787410063008213
1.0312426689380967,0.00030672621374372433
1.1585488999444697,0.0005185105327513151
1.3015710016583038,0.0008593436712498459
1.4622490880091454,0.0013964194907019056
1.6427627787184707,0.00222507719827314
1.8455607661325835,0.0034769510019391214
2.0733940320616497,0.0053287410502822485
2.329353165215711,0.008010802784956583
2.6169102854537,0.011814374741768385
2.9399661435534976,0.01709591211992112
3.3029030354176987,0.02427674705864913
3.710644248503383,0.0338362520878549
4.168720846874621,0.046296932383691924
4.683346700825936,0.062200479331840475
5.261502778863538,0.0820747929969341
5.911031845476362,0.1063932600129387
6.64074484928479,0.13552900761521136
7.4605404447366075,0.1697082208259707
8.381539268677866,0.20896764133503787
9.416234793278331,0.25312180284176033
10.578662801651687,0.3017452042437201
11.884591785129816,0.3541734071050402
13.351736844955687,0.40952505428626584
15.0,0.46674429263505945
