PGA [g],Complete_damage
0.05000000000000001,5.069722419648315e-12
0.056172467201025755,1.3766210393839629e-11
0.06310692142900626,3.661493330753274e-11
0.07089742948257126,9.539424805637964e-11
0.07964967064493539,2.4345259141966835e-10
0.08948237023750269,6.086154913376163e-10
0.10052891014472326,1.4904467660059595e-09
0.11293913815718663,3.575560514335052e-09
0.1268814006769336,8.40302827320727e-09
0.14254482635890514,1.9346482416082722e-08
0.16014189166643014,4.363689498632084e-08
0.17991130314285533,9.642800824494202e-08
0.2021212354977168,2.0876744277753545e-07
0.2270729694325259,4.428392749167287e-07
0.2551049785537617,9.203813119418314e-07
0.28659752081259104,1.8743181415814547e-06
0.3219777967548112,3.740153003861657e-06
0.36172574455336326,7.313476958148435e-06
0.4063805504338082,1.4014131063055935e-05
0.45654796280755766,2.6317035517919862e-05
0.5129085093300529,4.843492915906911e-05
0.5762267283493882,8.736861869396151e-05
0.6473615399712076,0.00015447333710172373
0.7272778974247632,0.00026772022444954136
0.8170598767824696,0.0004548510037208908
0.9179253825967483,0.0007576189753623064
1.0312426689380967,0.0012372645101011992
1.1585488999444697,0.0019812708987707595
1.3015710016583038,0.003111271626419221
1.4622490880091454,0.004791725495212895
1.6427627787184707,0.00723864843991795
1.8455607661325835,0.010727317962206828
2.0733940320616497,0.015597500288917376
2.329353165215711,0.022254468332321697
2.6169102854537,0.031163973767137865
2.9399661435534976,0.042839503793633216
3.3029030354176987,0.0578206659632412
3.710644248503383,0.07664242920043862
4.168720846874621,0.09979616189898755
4.683346700825936,0.12768482139138626
5.261502778863538,0.16057605680226095
5.911031845476362,0.19855812941816975
6.64074484928479,0.24150416361822835
7.4605404447366075,0.2890501003251844
8.381539268677866,0.3405907264391417
9.416234793278331,0.39529634270839287
10.578662801651687,0.4521502195275928
11.884591785129816,0.5100043272085064
13.351736844955687,0.5676483473833509
15.0,0.6238851045825593
