SA(0.6s) [g],Complete_damage
0.05000000000000001,1.0824081631000126e-09
0.056172467201025755,2.572003943157597e-09
0.06310692142900626,5.991790397175123e-09
0.07089742948257126,1.3685341748725932e-08
0.07964967064493539,3.064636466820758e-08
0.08948237023750269,6.728797596888825e-08
0.10052891014472326,1.448580938534505e-07
0.11293913815718663,3.057787250071442e-07
0.1268814006769336,6.329132719029573e-07
0.14254482635890514,1.284599467021863e-06
0.16014189166643014,2.556778052942299e-06
0.17991130314285533,4.990411181182708e-06
0.2021212354977168,9.552456795125508e-06
0.2270729694325259,1.7932796882780266e-05
0.2551049785537617,3.30183482057933e-05
0.28659752081259104,5.96291690235784e-05
0.3219777967548112,0.00010562864794216864
0.36172574455336326,0.0001835479631170367
0.4063805504338082,0.00031288858089506544
0.45654796280755766,0.0005232772465496582
0.5129085093300529,0.000858634238964151
0.5762267283493882,0.0013824638270042433
0.6473615399712076,0.0021842717266714606
0.7272778974247632,0.00338694675743223
0.8170598767824696,0.00515470930636619
0.9179253825967483,0.0077009370472975736
1.0312426689380967,0.011294855801945669
1.1585488999444697,0.01626577802606588
1.3015710016583038,0.02300334964056816
1.4622490880091454,0.03195220611919414
1.6427627787184707,0.04359961770198706
1.8455607661325835,0.0584551781387177
2.0733940320616497,0.07702237768114362
2.329353165215711,0.09976295688271186
2.6169102854537,0.12705615313710306
2.9399661435534976,0.15915615359620694
3.3029030354176987,0.19615204096109995
3.710644248503383,0.23793504223554096
4.168720846874621,0.28417778584149467
4.683346700825936,0.3343294483676835
5.261502778863538,0.38762915991337477
5.911031845476362,0.443138001940549
6.64074484928479,0.4997876560435217
7.4605404447366075,0.5564415993821851
8.381539268677866,0.6119630509412183
9.416234793278331,0.6652829435159442
10.578662801651687,0.7154611927603635
11.884591785129816,0.7617354573952831
13.351736844955687,0.8035532715163605
15.0,0.84058559037408
