SA(1.0s) [g],Complete_damage
0.05000000000000001,0.0
0.056172467201025755,0.0
0.06310692142900626,0.0
0.07089742948257126,1.1102230246251565e-16
0.07964967064493539,1.1102230246251565e-15
0.08948237023750269,7.771561172376096e-15
0.10052891014472326,5.062616992290714e-14
0.11293913815718663,3.090860900556436e-13
0.1268814006769336,1.7824630660356888e-12
0.14254482635890514,9.700129588452455e-12
0.16014189166643014,4.981848267249234e-11
0.17991130314285533,2.414937139150197e-10
0.2021212354977168,1.104995761558314e-09
0.2270729694325259,4.773055284346128e-09
0.2551049785537617,1.9465227651949135e-08
0.28659752081259104,7.495502341026139e-08
0.3219777967548112,2.72569421699842e-07
0.36172574455336326,9.361645945116237e-07
0.4063805504338082,3.0373667190275455e-06
0.45654796280755766,9.310914295235229e-06
0.5129085093300529,2.6972921296719576e-05
0.5762267283493882,7.385956103922453e-05
0.6473615399712076,0.00019122521920833524
0.7272778974247632,0.00046824863498950986
0.8170598767824696,0.001084809614152693
0.9179253825967483,0.002378767886620392
1.0312426689380967,0.004939414901425909
1.1585488999444697,0.009717620754181255
1.3015710016583038,0.018125106579191974
1.4622490880091454,0.032074457132287626
1.6427627787184707,0.05389817602057778
1.8455607661325835,0.08609335047614941
2.0733940320616497,0.13087915145364581
2.329353165215711,0.18962506901237253
2.6169102854537,0.26228634504148496
2.9399661435534976,0.34703181454318044
3.3029030354176987,0.44023230865166796
3.710644248503383,0.5368837344754105
4.168720846874621,0.6313956724267055
4.683346700825936,0.7185428663412958
5.261502778863538,0.7943148091350168
5.911031845476362,0.8564376931922837
6.64074484928479,0.904464401456222
7.4605404447366075,0.9394751879523757
8.381539268677866,0.9635414429362459
9.416234793278331,0.9791406486640344
10.578662801651687,0.988674831261079
11.884591785129816,0.9941696211821178
13.351736844955687,0.9971557254545507
15.0,0.9986859129638763
