SA(0.3s) [g],Loss_ratio
0.05000000000000001,6.337582547410457e-11
0.056172467201025755,1.8786498958396107e-10
0.06310692142900626,5.500921035172439e-10
0.07089742948257126,1.5871082592707164e-09
0.07964967064493539,4.500408928386392e-09
0.08948237023750269,1.2511734396014385e-08
0.10052891014472326,3.402911907629216e-08
0.11293913815718663,9.03701379588555e-08
0.1268814006769336,2.3396183798250018e-07
0.14254482635890514,5.897129116356394e-07
0.16014189166643014,1.4456177691419235e-06
0.17991130314285533,3.4436732812123974e-06
0.2021212354977168,7.966469402567537e-06
0.2270729694325259,1.788845620985086e-05
0.2551049785537617,3.897500778614109e-05
0.28659752081259104,8.237498965299322e-05
0.3219777967548112,0.0001688604884002865
0.36172574455336326,0.00033569434988296596
0.4063805504338082,0.0006471881557181097
0.45654796280755766,0.0012100369771438136
0.5129085093300529,0.0021942209472357085
0.5762267283493882,0.003859461933914278
0.6473615399712076,0.006585765212778126
0.7272778974247632,0.010904434792395215
0.8170598767824696,0.017523330814468344
0.9179253825967483,0.027337553798361985
1.0312426689380967,0.04141502727100558
1.1585488999444697,0.06094664442614203
1.3015710016583038,0.08715372947174639
1.4622490880091454,0.12115209991544687
1.6427627787184707,0.16378173275553706
1.8455607661325835,0.21542252265124123
2.0733940320616497,0.27582725070277386
2.329353165215711,0.3440091647957546
2.6169102854537,0.4182199909594511
2.9399661435534976,0.4960425120602118
3.3029030354176987,0.5746005176840948
3.710644248503383,0.650861975187664
4.168720846874621,0.7219859265389662
4.683346700825936,0.7856482994381792
5.261502778863538,0.8402829329255124
5.911031845476362,0.885192950122418
6.64074484928479,0.9205190673020394
7.4605404447366075,0.9470855537339484
8.381539268677866,0.9661704434311946
9.416234793278331,0.9792568365526644
10.578662801651687,0.9878155594138661
11.884591785129816,0.9931509588832188
13.351736844955687,0.9963192842540937
15.0,0.9981105404426955
