SA(1.0s) [g],Complete_damage
0.05000000000000001,2.220446049250313e-16
0.056172467201025755,1.7763568394002505e-15
0.06310692142900626,1.2545520178264269e-14
0.07089742948257126,8.58202398035246e-14
0.07964967064493539,5.497824417943775e-13
0.08948237023750269,3.3089087025928166e-12
0.10052891014472326,1.871269805775455e-11
0.11293913815718663,9.945499979124861e-11
0.1268814006769336,4.968082611966906e-10
0.14254482635890514,2.3327416664997713e-09
0.16014189166643014,1.0296954622290855e-08
0.17991130314285533,4.273358167328212e-08
0.2021212354977168,1.667663717119794e-07
0.2270729694325259,6.120599290726503e-07
0.2551049785537617,2.1130106006017613e-06
0.28659752081259104,6.863053501393601e-06
0.3219777967548112,2.0976747743040036e-05
0.36172574455336326,6.034959755596425e-05
0.4063805504338082,0.00016347528051552374
0.45654796280755766,0.00041707658942569115
0.5129085093300529,0.0010026098719625454
0.5762267283493882,0.0022719203120256104
0.6473615399712076,0.004855375710316467
0.7272778974247632,0.009792244244208215
0.8170598767824696,0.018649928827654483
0.9179253825967483,0.033571255499606045
1.0312426689380967,0.057171348458016746
1.1585488999444697,0.09221742875442618
1.3015710016583038,0.14108097832568178
1.4622490880091454,0.20504719987329867
1.6427627787184707,0.283667872635714
1.8455607661325835,0.37439629826929965
2.0733940320616497,0.47270018441735784
2.329353165215711,0.5727045053396256
2.6169102854537,0.6682230343983606
2.9399661435534976,0.753882868075426
3.3029030354176987,0.8260081406865333
3.710644248503383,0.8830269561164954
4.168720846874621,0.9253492482044815
4.683346700825936,0.9548436888322286
5.261502778863538,0.9741425114015785
5.911031845476362,0.9859985810829432
6.64074484928479,0.9928372174815877
7.4605404447366075,0.9965407539888834
8.381539268677866,0.9984238893778121
9.416234793278331,0.999322897588077
10.578662801651687,0.9997258579403452
11.884591785129816,0.999895438795806
13.351736844955687,0.9999624436736901
15.0,0.9999873007653657
