SA(0.6s) [g],Loss_ratio
0.05000000000000001,1.7065554846807544e-05
0.056172467201025755,3.097233711059802e-05
0.06310692142900626,5.515102400914942e-05
0.07089742948257126,9.622884509095944e-05
0.07964967064493539,0.00016436866984185104
0.08948237023750269,0.0002746972774157599
0.10052891014472326,0.0004491154416738307
0.11293913815718663,0.0007185815625865814
0.1268814006769336,0.0011260584197087683
0.14254482635890514,0.0017304969114368646
0.16014189166643014,0.0026125114424271475
0.17991130314285533,0.0038827471400672007
0.2021212354977168,0.005694247247438402
0.2270729694325259,0.008260204797385146
0.2551049785537617,0.011878037118873964
0.28659752081259104,0.01695941558309347
0.3219777967548112,0.02406343858328118
0.36172574455336326,0.03392652987782368
0.4063805504338082,0.04747835817502982
0.45654796280755766,0.06582930947211266
0.5129085093300529,0.0902137425273555
0.5762267283493882,0.12187671769811001
0.6473615399712076,0.16190186351149646
0.7272778974247632,0.2109944616316154
0.8170598767824696,0.26925364702754656
0.9179253825967483,0.33598462580827254
1.0312426689380967,0.4096080946727845
1.1585488999444697,0.4877131415975492
1.3015710016583038,0.5672705705658727
1.4622490880091454,0.6449821696188625
1.6427627787184707,0.7177009589660375
1.8455607661325835,0.7828329675050655
2.0733940320616497,0.8386330253111332
2.329353165215711,0.8843359666200066
2.6169102854537,0.9201103283477612
2.9399661435534976,0.9468675722661193
3.3029030354176987,0.9659905518382756
3.710644248503383,0.9790523747213353
4.168720846874621,0.9875827948951119
4.683346700825936,0.9929130063980031
5.261502778863538,0.9961025516722152
5.911031845476362,0.9979325351862033
6.64074484928479,0.9989407327209876
7.4605404447366075,0.9994750313278691
8.381539268677866,0.9997479378202637
9.416234793278331,0.9998825666202183
10.578662801651687,0.9999468430884272
11.884591785129816,0.9999765988877919
13.351736844955687,0.999989975809628
15.0,0.9999958216130056
