SA(1.0s) [g],Loss_ratio
0.05000000000000001,5.575910459745364e-06
0.056172467201025755,1.2247785876183219e-05
0.06310692142900626,2.5959583404901815e-05
0.07089742948257126,5.3223166088600686e-05
0.07964967064493539,0.00010584502902060334
0.08948237023750269,0.00020478503866510107
0.10052891014472326,0.00038660805945420445
0.11293913815718663,0.000714075613255205
0.1268814006769336,0.001293007070091025
0.14254482635890514,0.0022978932191222243
0.16014189166643014,0.004008332595178143
0.17991130314285533,0.006856432637081525
0.2021212354977168,0.011481168591948775
0.2270729694325259,0.018779181676378702
0.2551049785537617,0.02993370580778147
0.28659752081259104,0.04639699063839593
0.3219777967548112,0.06980088421560865
0.36172574455336326,0.10177930829777262
0.4063805504338082,0.14370701476364175
0.45654796280755766,0.19638832694367303
0.5129085093300529,0.25975898705645334
0.5762267283493882,0.332681499609167
0.6473615399712076,0.412908383363441
0.7272778974247632,0.49725452081610255
0.8170598767824696,0.5819663048846779
0.9179253825967483,0.6632185157352781
1.0312426689380967,0.7376304905354375
1.1585488999444697,0.8026864982278525
1.3015710016583038,0.856974102213982
1.4622490880091454,0.900207568746
1.6427627787184707,0.9330612018407486
1.8455607661325835,0.9568802038242263
2.0733940320616497,0.9733528273164134
2.329353165215711,0.9842172542584586
2.6169102854537,0.9910491186832926
2.9399661435534976,0.9951437601491695
3.3029030354176987,0.9974818460863063
3.710644248503383,0.9987531857544365
4.168720846874621,0.9994111036696333
4.683346700825936,0.9997349272416449
5.261502778863538,0.9998864083635948
5.911031845476362,0.9999537035183395
6.64074484928479,0.9999820715860679
7.4605404447366075,0.9999934095543254
8.381539268677866,0.9999977023819828
9.416234793278331,0.9999992409390464
10.578662801651687,0.9999997625334367
11.884591785129816,0.9999999296921196
13.351736844955687,0.999999980307503
15.0,0.9999999947832718
