SA(1.0s) [g],Complete_damage
0.05000000000000001,2.220446049250313e-14
0.056172467201025755,9.71445146547012e-14
0.06310692142900626,4.0967229608668276e-13
0.07089742948257126,1.6652235146352723e-12
0.07964967064493539,6.520561868228469e-12
0.08948237023750269,2.459998871273683e-11
0.10052891014472326,8.942047102777906e-11
0.11293913815718663,3.1318891924314585e-10
0.1268814006769336,1.0569715103159183e-09
0.14254482635890514,3.437393591987359e-09
0.16014189166643014,1.0772777558898383e-08
0.17991130314285533,3.253748903642162e-08
0.2021212354977168,9.471657580473192e-08
0.2270729694325259,2.657564294183956e-07
0.2551049785537617,7.187708551681382e-07
0.28659752081259104,1.8740546047224527e-06
0.3219777967548112,4.71084590991655e-06
0.36172574455336326,1.1417846839889556e-05
0.4063805504338082,2.668618476731055e-05
0.45654796280755766,6.015325785024839e-05
0.5129085093300529,0.00013078605748317873
0.5762267283493882,0.00027432110917846586
0.6473615399712076,0.0005551698723792464
0.7272778974247632,0.0010842850087390277
0.8170598767824696,0.0020441078948807423
0.9179253825967483,0.0037205763148492332
1.0312426689380967,0.006540018027920369
1.1585488999444697,0.01110558200864753
1.3015710016583038,0.018224097067583434
1.4622490880091454,0.028910908142239622
1.6427627787184707,0.04435885205015999
1.8455607661325835,0.0658597766518122
2.0733940320616497,0.09467404217684527
2.329353165215711,0.13185512164776259
2.6169102854537,0.17805071055641863
2.9399661435534976,0.23331481508132623
3.3029030354176987,0.2969723647956952
3.710644248503383,0.3675749945501733
4.168720846874621,0.4429723367522509
4.683346700825936,0.5204997705918275
5.261502778863538,0.5972569485625998
5.911031845476362,0.6704292652948148
6.64074484928479,0.7375936156890566
7.4605404447366075,0.796953770033658
8.381539268677866,0.8474681922251575
9.416234793278331,0.888858617753985
10.578662801651687,0.921513527455225
11.884591785129816,0.9463197782665399
13.351736844955687,0.9644639758740289
15.0,0.9772424305156402
