SA(0.3s) [g],Complete_damage
0.05000000000000001,2.5878188480987774e-12
0.056172467201025755,8.876788193390439e-12
0.06310692142900626,2.952516009457895e-11
0.07089742948257126,9.522727051347601e-11
0.07964967064493539,2.9783631116941933e-10
0.08948237023750269,9.033487291532083e-10
0.10052891014472326,2.6571186362289723e-09
0.11293913815718663,7.57986795552057e-09
0.1268814006769336,2.0971341108122488e-08
0.14254482635890514,5.6276215021355824e-08
0.16014189166643014,1.4648041257725453e-07
0.17991130314285533,3.6984005058471325e-07
0.2021212354977168,9.058447660859059e-07
0.2270729694325259,2.1524202460376785e-06
0.2551049785537617,4.962086243121e-06
0.28659752081259104,1.1099381874379866e-05
0.3219777967548112,2.4091671926851355e-05
0.36172574455336326,5.0746799672318765e-05
0.4063805504338082,0.0001037451440585313
0.45654796280755766,0.00020586974816039216
0.5129085093300529,0.0003965848519322801
0.5762267283493882,0.0007417496351624919
0.6473615399712076,0.0013471666484485834
0.7272778974247632,0.002376295082489377
0.8170598767824696,0.004071692065827026
0.9179253825967483,0.006778516957863134
1.0312426689380967,0.010966798769827313
1.1585488999444697,0.017247362936843036
1.3015710016583038,0.026374792499229027
1.4622490880091454,0.03923018782744725
1.6427627787184707,0.0567774568528554
1.8455607661325835,0.07998989815706836
2.0733940320616497,0.10974896576223503
2.329353165215711,0.14672370046391814
2.6169102854537,0.19124605078328516
2.9399661435534976,0.24320237146776225
3.3029030354176987,0.30196294179237637
3.710644248503383,0.36636814240707705
4.168720846874621,0.4347818621044923
4.683346700825936,0.5052110707967519
5.261502778863538,0.5754778027783881
5.911031845476362,0.6434191326623502
6.64074484928479,0.707084854741666
7.4605404447366075,0.7649030624539311
8.381539268677866,0.8157905372617231
9.416234793278331,0.8591960090391247
10.578662801651687,0.8950770760111819
11.884591785129816,0.9238228153316578
13.351736844955687,0.9461415134562838
15.0,0.9629354089505744
