SA(1.0s) [g],Loss_ratio
0.05000000000000001,1.4773719914168727e-10
0.056172467201025755,7.530428213964346e-10
0.06310692142900626,3.533425338976028e-09
0.07089742948257126,1.5266166946772366e-08
0.07964967064493539,6.075106400263933e-08
0.08948237023750269,2.2275320878240414e-07
0.10052891014472326,7.52881911999378e-07
0.11293913815718663,2.3468617264420455e-06
0.1268814006769336,6.751195043016777e-06
0.14254482635890514,1.7936905991761274e-05
0.16014189166643014,4.405752653375243e-05
0.17991130314285533,0.0001001745445522826
0.2021212354977168,0.00021120299918088055
0.2270729694325259,0.00041386084062803913
0.2551049785537617,0.000756169971081838
0.28659752081259104,0.0012941389156515192
0.3219777967548112,0.002088291167761645
0.36172574455336326,0.0032073017920535335
0.4063805504338082,0.00475052885032522
0.45654796280755766,0.006903661226573999
0.5129085093300529,0.010040933748941896
0.5762267283493882,0.014882788506046987
0.6473615399712076,0.022706122980921832
0.7272778974247632,0.03557581801154578
0.8170598767824696,0.05650950754061885
0.9179253825967483,0.08940764838411397
1.0312426689380967,0.13852695719848873
1.1585488999444697,0.2073458078296067
1.3015710016583038,0.2969530498916642
1.4622490880091454,0.40453442807228346
1.6427627787184707,0.5228488746676287
1.8455607661325835,0.6413921521225892
2.0733940320616497,0.7491225850135534
2.329353165215711,0.8376255937194554
2.6169102854537,0.903202278578369
2.9399661435534976,0.9469807111673527
3.3029030354176987,0.9733237873957541
3.710644248503383,0.9876427611216068
4.168720846874621,0.9947039653020688
4.683346700825936,0.9978847875173915
5.261502778863538,0.9992059649748141
5.911031845476362,0.999717608259091
6.64074484928479,0.999904373727376
7.4605404447366075,0.9999691479871192
8.381539268677866,0.9999905507502374
9.416234793278331,0.9999972696008894
10.578662801651687,0.9999992606673109
11.884591785129816,0.9999998134959411
13.351736844955687,0.9999999563641062
15.0,0.9999999905597832
