SA(1.0s) [g],Complete_damage
0.05000000000000001,2.7423174842056142e-11
0.056172467201025755,9.375644705045261e-11
0.06310692142900626,3.0988345223192937e-10
0.07089742948257126,9.9020669441785e-10
0.07964967064493539,3.0591628119580605e-09
0.08948237023750269,9.137949730231298e-09
0.10052891014472326,2.6392847796152807e-08
0.11293913815718663,7.371209720385963e-08
0.1268814006769336,1.990820333030996e-07
0.14254482635890514,5.199890464879786e-07
0.16014189166643014,1.3135775881467637e-06
0.17991130314285533,3.2095939115350802e-06
0.2021212354977168,7.5860178128106526e-06
0.2270729694325259,1.7345514802924455e-05
0.2551049785537617,3.837198372413919e-05
0.28659752081259104,8.213792003552989e-05
0.3219777967548112,0.0001701489644467813
0.36172574455336326,0.00034113840762572956
0.4063805504338082,0.0006620849415197583
0.45654796280755766,0.0012440909137694245
0.5129085093300529,0.002263746818576995
0.5762267283493882,0.003989629869163069
0.6473615399712076,0.006811913737479469
0.7272778974247632,0.011270751800479761
0.8170598767824696,0.018076477640890154
0.9179253825967483,0.028112439602678285
1.0312426689380967,0.04241044400706295
1.1585488999444697,0.062090383655041825
1.3015710016583038,0.08826040405370994
1.4622490880091454,0.12188184833189308
1.6427627787184707,0.16361303289378837
1.8455607661325835,0.21365531818279615
2.0733940320616497,0.27163097242877476
2.329353165215711,0.3365222472160586
2.6169102854537,0.40669347804479894
2.9399661435534976,0.48000361569509375
3.3029030354176987,0.5539984044246609
3.710644248503383,0.626154062906942
4.168720846874621,0.6941325994401469
4.683346700825936,0.7560061979128184
5.261502778863538,0.8104152390322239
5.911031845476362,0.8566393837364426
6.64074484928479,0.8945795112370302
7.4605404447366075,0.9246652547462881
8.381539268677866,0.94771439536702
9.416234793278331,0.9647744616007267
10.578662801651687,0.9769738660651546
11.884591785129816,0.9854019420045904
13.351736844955687,0.991027298983485
15.0,0.9946547663407476
