PGA [g],Complete_damage
0.05000000000000001,4.164446565368962e-13
0.056172467201025755,3.660849401398991e-12
0.06310692142900626,2.938205234670477e-11
0.07089742948257126,2.1536294969592973e-10
0.07964967064493539,1.4418667371174365e-09
0.08948237023750269,8.819138086479938e-09
0.10052891014472326,4.929098396111442e-08
0.11293913815718663,2.518001019913285e-07
0.1268814006769336,1.1760177366371138e-06
0.14254482635890514,5.023225706612955e-06
0.16014189166643014,1.963026900342335e-05
0.17991130314285533,7.021594330136605e-05
0.2021212354977168,0.00023000407018713975
0.2270729694325259,0.0006903837866164553
0.2551049785537617,0.0019002722967111918
0.28659752081259104,0.0048005167048120745
0.3219777967548112,0.011141933264956494
0.36172574455336326,0.023789370894643835
0.4063805504338082,0.046797711601678116
0.45654796280755766,0.08497773705951461
0.5129085093300529,0.14276827189260666
0.5762267283493882,0.22255818184253195
0.6473615399712076,0.3230454214855685
0.7272778974247632,0.4384827315395561
0.8170598767824696,0.5594461963664144
0.9179253825967483,0.6750667675456998
1.0312426689380967,0.7758733161404471
1.1585488999444697,0.8560438416091443
1.3015710016583038,0.9142022360410291
1.4622490880091454,0.9526862945312459
1.6427627787184707,0.9759146750680029
1.8455607661325835,0.9887033393142316
2.0733940320616497,0.9951257483109496
2.329353165215711,0.9980676987175972
2.6169102854537,0.9992969345544954
2.9399661435534976,0.9997654190212374
3.3029030354176987,0.9999282783801171
3.710644248503383,0.9999799182344403
4.168720846874621,0.9999948533670996
4.683346700825936,0.99999879323618
5.261502778863538,0.9999997412175352
5.911031845476362,0.9999999492636484
6.64074484928479,0.9999999909081415
7.4605404447366075,0.9999999985112281
8.381539268677866,0.9999999997772837
9.416234793278331,0.9999999999695672
10.578662801651687,0.9999999999962023
11.884591785129816,0.9999999999995672
13.351736844955687,0.9999999999999549
15.0,0.9999999999999957
