SA(1.0s) [g],Complete_damage
0.05000000000000001,7.330809292938056e-10
0.056172467201025755,2.887033501153269e-09
0.06310692142900626,1.0822963081302817e-08
0.07089742948257126,3.862547837130137e-08
0.07964967064493539,1.3124349940163427e-07
0.08948237023750269,4.246248720418677e-07
0.10052891014472326,1.308306221914357e-06
0.11293913815718663,3.839267060712359e-06
0.1268814006769336,1.0732170516503103e-05
0.14254482635890514,2.8582508055707834e-05
0.16014189166643014,7.253854715061347e-05
0.17991130314285533,0.0001754630897029541
0.2021212354977168,0.00040462793277951103
0.2270729694325259,0.0008898114584018346
0.2551049785537617,0.0018665840016868218
0.28659752081259104,0.003736450059729002
0.3219777967548112,0.007140198888322846
0.36172574455336326,0.013031818987770505
0.4063805504338082,0.022728931608805625
0.45654796280755766,0.03790575381345451
0.5129085093300529,0.06049231747825623
0.5762267283493882,0.09245554086478935
0.6473615399712076,0.135466807382562
0.7272778974247632,0.1905026072888163
0.8170598767824696,0.2574663687404969
0.9179253825967483,0.3349421555276795
1.0312426689380967,0.42017830359399466
1.1585488999444697,0.5093471903670345
1.3015710016583038,0.5980494340322687
1.4622490880091454,0.6819543861674855
1.6427627787184707,0.7574240273557189
1.8455607661325835,0.8219728951919907
2.0733940320616497,0.8744701451087793
2.329353165215711,0.9150692034923138
2.6169102854537,0.9449248673832337
2.9399661435534976,0.9658018979065556
3.3029030354176987,0.9796835698042508
3.710644248503383,0.9884605615946533
4.168720846874621,0.9937374786245178
4.683346700825936,0.9967542698974678
5.261502778863538,0.998394256986861
5.911031845476362,0.9992420024753192
6.64074484928479,0.9996586992503361
7.4605404447366075,0.9998534611788676
8.381539268677866,0.999940021115232
9.416234793278331,0.999976602350451
10.578662801651687,0.9999913027114185
11.884591785129816,0.9999969199830884
13.351736844955687,0.9999989610170719
15.0,0.9999996662003167
