SA(1.0s) [g],Complete_damage
0.05000000000000001,4.260070074479927e-11
0.056172467201025755,1.8492440911899166e-10
0.06310692142900626,7.64010188447628e-10
0.07089742948257126,3.0044449150778973e-09
0.07964967064493539,1.1246694908706445e-08
0.08948237023750269,4.007930076710409e-08
0.10052891014472326,1.3598560244520996e-07
0.11293913815718663,4.393300414573531e-07
0.1268814006769336,1.3516581597317057e-06
0.14254482635890514,3.960769901723005e-06
0.16014189166643014,1.1055916047997272e-05
0.17991130314285533,2.9402596260275082e-05
0.2021212354977168,7.451350022424919e-05
0.2270729694325259,0.00017998469271196527
0.2551049785537617,0.00041446957358171055
0.28659752081259104,0.0009101763463118528
0.3219777967548112,0.0019066463101612419
0.36172574455336326,0.00381137550801125
0.4063805504338082,0.007273416659150156
0.45654796280755766,0.013257001368906396
0.5129085093300529,0.023090796196551078
0.5762267283493882,0.038458590932924475
0.6473615399712076,0.06129526606630764
0.7272778974247632,0.09356425022705728
0.8170598767824696,0.13692222331134452
0.9179253825967483,0.19231894234621172
1.0312426689380967,0.259621353682547
1.1585488999444697,0.337372858808209
1.3015710016583038,0.4227848117436508
1.4622490880091454,0.5120043990319929
1.6427627787184707,0.6006247567895415
1.8455607661325835,0.6843272734239254
2.0733940320616497,0.7595025845306036
2.329353165215711,0.8237038521909406
2.6169102854537,0.8758405535209642
2.9399661435534976,0.9161006653797314
3.3029030354176987,0.9456629343830069
3.710644248503383,0.9663039835724522
4.168720846874621,0.9800082825161045
4.683346700825936,0.9886602074006923
5.261502778863538,0.9938541758484414
5.911031845476362,0.996819118450651
6.64074484928479,0.998428516366149
7.4605404447366075,0.9992592091965218
8.381539268677866,0.9996669151700479
9.416234793278331,0.9998571907052525
10.578662801651687,0.9999416306138722
11.884591785129816,0.9999772626894957
13.351736844955687,0.999991560274002
15.0,0.9999970154907036
