SA(0.6s) [g],Loss_ratio
0.05000000000000001,8.685212649502619e-11
0.056172467201025755,2.4168604107651917e-10
0.06310692142900626,6.562251237785204e-10
0.07089742948257126,1.7385873487143569e-09
0.07964967064493539,4.49466927200893e-09
0.08948237023750269,1.1339040956467661e-08
0.10052891014472326,2.79165245777835e-08
0.11293913815718663,6.708107082186521e-08
0.1268814006769336,1.5735250490997845e-07
0.14254482635890514,3.60434310015568e-07
0.16014189166643014,8.066940671503669e-07
0.17991130314285533,1.76582889080607e-06
0.2021212354977168,3.786491344846838e-06
0.2270729694325259,7.973133756115389e-06
0.2551049785537617,1.6543004284952703e-05
0.28659752081259104,3.3969585082603656e-05
0.3219777967548112,6.93662527216727e-05
0.36172574455336326,0.00014145651811906312
0.4063805504338082,0.00028872519849180246
0.45654796280755766,0.0005892905445808098
0.5129085093300529,0.0011974520364794964
0.5762267283493882,0.0024056462221951763
0.6473615399712076,0.00473920000798596
0.7272778974247632,0.009083041577203094
0.8170598767824696,0.016820921369302386
0.9179253825967483,0.029939002522968015
1.0312426689380967,0.051015446249811414
1.1585488999444697,0.08300473196806098
1.3015710016583038,0.12875415650826627
1.4622490880091454,0.19027530531538264
1.6427627787184707,0.26792181132836773
1.8455607661325835,0.3597440249556302
2.0733940320616497,0.46132466738553973
2.329353165215711,0.5662896346696382
2.6169102854537,0.6674473226211982
2.9399661435534976,0.7582384872023656
3.3029030354176987,0.8340210323054039
3.710644248503383,0.8927689964043138
4.168720846874621,0.9350127630879604
4.683346700825936,0.9631551882321842
5.261502778863538,0.9805055908998942
5.911031845476362,0.990394881716559
6.64074484928479,0.9956011303921276
7.4605404447366075,0.9981305600295538
8.381539268677866,0.9992638142394865
9.416234793278331,0.9997317015704626
10.578662801651687,0.9999096102304758
11.884591785129816,0.9999718768390534
13.351736844955687,0.9999919262338148
15.0,0.9999978629111923
