SA(1.0s) [g],Loss_ratio
0.05000000000000001,7.310235135222395e-08
0.056172467201025755,2.32149207570442e-07
0.06310692142900626,6.909384508501742e-07
0.07089742948257126,1.9281189169167063e-06
0.07964967064493539,5.047562183180815e-06
0.08948237023750269,1.2404327681643894e-05
0.10052891014472326,2.864035009860685e-05
0.11293913815718663,6.219796133098782e-05
0.1268814006769336,0.00012723280491761126
0.14254482635890514,0.00024563919255890634
0.16014189166643014,0.00044878262919481225
0.17991130314285533,0.0007788068587631556
0.2021212354977168,0.0012904234571300343
0.2270729694325259,0.002056155436552534
0.2551049785537617,0.0031809492202906084
0.28659752081259104,0.004835097535336047
0.3219777967548112,0.007315917238223587
0.36172574455336326,0.01114610483320907
0.4063805504338082,0.017206974037400905
0.45654796280755766,0.026885083887714347
0.5129085093300529,0.04218144991068884
0.5762267283493882,0.06570136142370174
0.6473615399712076,0.1004281487124167
0.7272778974247632,0.14921184507940596
0.8170598767824696,0.21399290273482902
0.9179253825967483,0.2949225388101928
1.0312426689380967,0.3896799960089704
1.1585488999444697,0.4933327375950556
1.3015710016583038,0.598961797276915
1.4622490880091454,0.6989869568703359
1.6427627787184707,0.7867977412109521
1.8455607661325835,0.8581150445503932
2.0733940320616497,0.9116042744199703
2.329353165215711,0.9485971532020927
2.6169102854537,0.9721623494446443
2.9399661435534976,0.9859802388414955
3.3029030354176987,0.9934375474267754
3.710644248503383,0.9971437650680709
4.168720846874621,0.9988423112471692
4.683346700825936,0.9995618179223418
5.261502778863538,0.9998445084470622
5.911031845476362,0.9999480100798309
6.64074484928479,0.9999835300445427
7.4605404447366075,0.9999950306772
8.381539268677866,0.9999985663651443
9.416234793278331,0.9999996038142241
10.578662801651687,0.9999998951857305
11.884591785129816,0.9999999735223832
13.351736844955687,0.9999999936371902
15.0,0.9999999985512609
