SA(0.6s) [g],Complete_damage
0.05000000000000001,3.2437527056727866e-05
0.056172467201025755,7.03242207104049e-05
0.06310692142900626,0.00014746579393920545
0.07089742948257126,0.0002991344719819322
0.07964967064493539,0.0005870791377763362
0.08948237023750269,0.0011149503730009114
0.10052891014472326,0.0020493934951778536
0.11293913815718663,0.0036466834072673704
0.1268814006769336,0.006283140513242524
0.14254482635890514,0.010485215826343541
0.16014189166643014,0.01695236958214441
0.17991130314285533,0.02656337538886555
0.2021212354977168,0.04035548985500592
0.2270729694325259,0.05946718819732766
0.2551049785537617,0.08503974649386292
0.28659752081259104,0.1180809291855025
0.3219777967548112,0.15930430395319362
0.36172574455336326,0.20896789129937576
0.4063805504338082,0.26674279704877035
0.45654796280755766,0.33164314766809233
0.5129085093300529,0.4020413382871333
0.5762267283493882,0.4757778554080393
0.6473615399712076,0.5503558017482628
0.7272778974247632,0.6231916023020366
0.8170598767824696,0.6918804214958119
0.9179253825967483,0.754431365548534
1.0312426689380967,0.8094346137715998
1.1585488999444697,0.8561381147403251
1.3015710016583038,0.8944309163809414
1.4622490880091454,0.9247482792100646
1.6427627787184707,0.9479260806746712
1.8455607661325835,0.9650364566238772
2.0733940320616497,0.9772334647918037
2.329353165215711,0.9856290983370976
2.6169102854537,0.9912094294991288
2.9399661435534976,0.9947909937570285
3.3029030354176987,0.997010680713146
3.710644248503383,0.9983390439476486
4.168720846874621,0.9991066670203452
4.683346700825936,0.9995350036008067
5.261502778863538,0.9997657995563872
5.911031845476362,0.9998858813075664
6.64074484928479,0.9999462110571224
7.4605404447366075,0.9999754789609807
8.381539268677866,0.9999891895841995
9.416234793278331,0.999995391532455
10.578662801651687,0.9999981005032859
11.884591785129816,0.9999992430807251
13.351736844955687,0.9999997084224103
15.0,0.9999998914274875
