SA(0.6s) [g],Complete_damage
0.05000000000000001,1.4204247829940897e-05
0.056172467201025755,2.948724419848947e-05
0.06310692142900626,5.956946757346149e-05
0.07089742948257126,0.00011711854976792502
0.07964967064493539,0.0002241210616407141
0.08948237023750269,0.00041748553985687664
0.10052891014472326,0.0007571003480070226
0.11293913815718663,0.0013368276954058844
0.1268814006769336,0.0022986353909280055
0.14254482635890514,0.0038495219769385525
0.16014189166643014,0.006280042001916564
0.17991130314285533,0.00998212180672442
0.2021212354977168,0.015462616902080506
0.2270729694325259,0.02334797257172816
0.2551049785537617,0.03437479262914189
0.28659752081259104,0.04936152055516008
0.3219777967548112,0.06915813473874022
0.36172574455336326,0.09457386538708223
0.4063805504338082,0.1262871981246898
0.45654796280755766,0.1647471549704076
0.5129085093300529,0.21007899428150334
0.5762267283493882,0.2620098575553148
0.6473615399712076,0.31982950091861784
0.7272778974247632,0.3823975983169059
0.8170598767824696,0.44820248867980206
0.9179253825967483,0.5154677874725423
1.0312426689380967,0.582294741763637
1.1585488999444697,0.6468215148051634
1.3015710016583038,0.7073773374771415
1.4622490880091454,0.762610453903592
1.6427627787184707,0.8115737739094603
1.8455607661325835,0.8537599175996045
2.0733940320616497,0.8890860786609012
2.329353165215711,0.9178369290201813
2.6169102854537,0.9405791334504671
2.9399661435534976,0.9580631826326325
3.3029030354176987,0.9711272693158863
3.710644248503383,0.9806145912204135
4.168720846874621,0.9873109041675184
4.683346700825936,0.9919045270726651
5.261502778863538,0.9949672125656489
5.911031845476362,0.9969518304030426
6.64074484928479,0.9982017404863092
7.4605404447366075,0.9989668225255517
8.381539268677866,0.9994219830144981
9.416234793278331,0.999685160282546
10.578662801651687,0.9998330573010076
11.884591785129816,0.9999138361464613
13.351736844955687,0.9999567169577147
15.0,0.9999788405385523
