PGA [g],Complete_damage
0.05000000000000001,2.3457990305786325e-07
0.056172467201025755,6.38747378434168e-07
0.06310692142900626,1.676390457450161e-06
0.07089742948257126,4.24100267537586e-06
0.07964967064493539,1.0343149759783898e-05
0.08948237023750269,2.4320699660407286e-05
0.10052891014472326,5.514313882015731e-05
0.11293913815718663,0.00012057521192565535
0.1268814006769336,0.0002542970153511792
0.14254482635890514,0.0005173854612948725
0.16014189166643014,0.0010156838272927793
0.17991130314285533,0.0019242685109582824
0.2021212354977168,0.0035191548496316116
0.2270729694325259,0.006214302439807473
0.2551049785537617,0.010598841654671731
0.28659752081259104,0.017465636171632992
0.3219777967548112,0.027818796041509275
0.36172574455336326,0.04284608528675371
0.4063805504338082,0.06384405486295197
0.45654796280755766,0.09209044516980458
0.5129085093300529,0.1286699368486961
0.5762267283493882,0.17427378431064722
0.6473615399712076,0.2290074398623767
0.7272778974247632,0.29224813191826693
0.8170598767824696,0.3625922826185555
0.9179253825967483,0.4379189244140287
1.0312426689380967,0.5155719665833176
1.1585488999444697,0.5926370409082872
1.3015710016583038,0.6662655465131013
1.4622490880091454,0.7339865864174024
1.6427627787184707,0.7939505707692285
1.8455607661325835,0.8450653574730869
2.0733940320616497,0.8870114778218784
2.329353165215711,0.920149469128535
2.6169102854537,0.945352318808642
2.9399661435534976,0.9638051136097432
3.3029030354176987,0.9768117089038497
3.710644248503383,0.9856375073284859
4.168720846874621,0.9914029572808167
4.683346700825936,0.9950287347836195
5.261502778863538,0.9972238521361944
5.911031845476362,0.9985032419443851
6.64074484928479,0.9992210965244426
7.4605404447366075,0.9996088524083198
8.381539268677866,0.9998104886201897
9.416234793278331,0.999911429421565
10.578662801651687,0.9999600760693369
11.884591785129816,0.9999826458272084
13.351736844955687,0.9999927264774254
15.0,0.9999970609643968
