SA(0.6s) [g],Loss_ratio
0.05000000000000001,3.730762580599612e-13
0.056172467201025755,1.208637211154006e-12
0.06310692142900626,3.930449461912027e-12
0.07089742948257126,1.2988389785901131e-11
0.07964967064493539,4.410461046722279e-11
0.08948237023750269,1.5465659303837167e-10
0.10052891014472326,5.575454838182016e-10
0.11293913815718663,2.0404598490532766e-09
0.1268814006769336,7.458886261399879e-09
0.14254482635890514,2.6822012979108304e-08
0.16014189166643014,9.374547132223443e-08
0.17991130314285533,3.157479799546288e-07
0.2021212354977168,1.0190431321484799e-06
0.2270729694325259,3.1399609636813677e-06
0.2551049785537617,9.216135082559202e-06
0.28659752081259104,2.573164463259909e-05
0.3219777967548112,6.82862775315285e-05
0.36172574455336326,0.00017217308134420543
0.4063805504338082,0.00041237676668309293
0.45654796280755766,0.000938278335583086
0.5129085093300529,0.0020283854829226287
0.5762267283493882,0.004167486809052517
0.6473615399712076,0.008140903260259342
0.7272778974247632,0.015127260755426662
0.8170598767824696,0.02675462234787081
0.9179253825967483,0.0450713284780908
1.0312426689380967,0.07238248665498809
1.1585488999444697,0.11092535115836234
1.3015710016583038,0.16240454834091975
1.4622490880091454,0.22747106682340856
1.6427627787184707,0.3052834991299131
1.8455607661325835,0.393306990345442
2.0733940320616497,0.4874646106179436
2.329353165215711,0.5826604341405212
2.6169102854537,0.6735738337653547
2.9399661435534976,0.7555276051137161
3.3029030354176987,0.8252010256678625
3.710644248503383,0.8810089881026327
4.168720846874621,0.9230802638225423
4.683346700825936,0.9528950783893356
5.261502778863538,0.972733677288154
5.911031845476362,0.9851127901175233
6.64074484928479,0.992347785897699
7.4605404447366075,0.9963036509603628
8.381539268677866,0.9983248310877533
9.416234793278331,0.9992887990245156
10.578662801651687,0.999717524634092
11.884591785129816,0.9998951702159431
13.351736844955687,0.9999636907237907
15.0,0.9999882742665328
