SA(0.6s) [g],Loss_ratio
0.05000000000000001,1.0768133518500664e-11
0.056172467201025755,4.4569015263060516e-11
0.06310692142900626,1.7533447813802684e-10
0.07089742948257126,6.553925782899597e-10
0.07964967064493539,2.3278030885640203e-09
0.08948237023750269,7.858319581388333e-09
0.10052891014472326,2.522814825965882e-08
0.11293913815718663,7.708165456930105e-08
0.1268814006769336,2.2437572343657785e-07
0.14254482635890514,6.230635775430046e-07
0.16014189166643014,1.6532126132106313e-06
0.17991130314285533,4.19968551480715e-06
0.2021212354977168,1.0237374618504232e-05
0.2270729694325259,2.400783365995545e-05
0.2551049785537617,5.431051473801604e-05
0.28659752081259104,0.00011883304834031768
0.3219777967548112,0.0002520812799894613
0.36172574455336326,0.0005193681597992867
0.4063805504338082,0.001040348237335392
0.45654796280755766,0.002026265880358711
0.5129085093300529,0.003834431329388637
0.5762267283493882,0.007039985436888994
0.6473615399712076,0.01251734620526697
0.7272778974247632,0.021511646735450148
0.8170598767824696,0.0356665109674413
0.9179253825967483,0.056964876480644924
1.0312426689380967,0.08754310775059249
1.1585488999444697,0.1293629672474161
1.3015710016583038,0.18377168285527518
1.4622490880091454,0.25103618645803316
1.6427627787184707,0.3299812988907484
1.8455607661325835,0.41786793604764455
2.0733940320616497,0.5106013787618722
2.329353165215711,0.6032681189127651
2.6169102854537,0.690893080949661
2.9399661435534976,0.7692296667367733
3.3029030354176987,0.8353781065901676
3.710644248503383,0.8880825912005617
4.168720846874621,0.9276628293842175
4.683346700825936,0.9556479161112761
5.261502778863538,0.9742561102610022
5.911031845476362,0.9858795566694548
6.64074484928479,0.9926930522878095
7.4605404447366075,0.9964376410260386
8.381539268677866,0.9983655735724002
9.416234793278331,0.9992948915553467
10.578662801651687,0.9997141173625602
11.884591785129816,0.9998910814232536
13.351736844955687,0.999960994396865
15.0,0.9999868596386386
