SA(0.6s) [g],Loss_ratio
0.05000000000000001,1.2862872272090286e-08
0.056172467201025755,3.03202699525025e-08
0.06310692142900626,6.991694557291455e-08
0.07089742948257126,1.5775464836198222e-07
0.07964967064493539,3.4837237510257074e-07
0.08948237023750269,7.531643158897868e-07
0.10052891014472326,1.5945808111800895e-06
0.11293913815718663,3.3069947704672494e-06
0.1268814006769336,6.719714845125889e-06
0.14254482635890514,1.3380352703884818e-05
0.16014189166643014,2.611036459087464e-05
0.17991130314285533,4.993147998264852e-05
0.2021212354977168,9.356312202844572e-05
0.2270729694325259,0.0001717665278333727
0.2551049785537617,0.0003089006911009812
0.28659752081259104,0.0005441623532831048
0.3219777967548112,0.0009391220326861445
0.36172574455336326,0.001588370204928128
0.4063805504338082,0.002634383583675414
0.45654796280755766,0.004288094140109748
0.5129085093300529,0.006856926462420644
0.5762267283493882,0.010781809013449922
0.6473615399712076,0.016683031007134766
0.7272778974247632,0.02541072139924072
0.8170598767824696,0.03808836286626358
0.9179253825967483,0.056127639438906266
1.0312426689380967,0.08118316070948903
1.1585488999444697,0.11501252014099843
1.3015710016583038,0.15921888111497
1.4622490880091454,0.2148855743826077
1.6427627787184707,0.2821620932236796
1.8455607661325835,0.3599121851639644
2.0733940320616497,0.4455603443094029
2.329353165215711,0.5352470565238024
2.6169102854537,0.6243190116741987
2.9399661435534976,0.7080629795154139
3.3029030354176987,0.7824917834062319
3.710644248503383,0.8449590442583069
4.168720846874621,0.8944369182552852
4.683346700825936,0.93141300666043
5.261502778863538,0.9574913762935009
5.911031845476362,0.9748613739613685
6.64074484928479,0.9858014980364298
7.4605404447366075,0.9923289288901022
8.381539268677866,0.99602730816724
9.416234793278331,0.9980231195015064
10.578662801651687,0.9990524022718607
11.884591785129816,0.999561489864965
13.351736844955687,0.9998037792845825
15.0,0.9999150351822672
