SA(0.6s) [g],Loss_ratio
0.05000000000000001,1.6050499137421214e-08
0.056172467201025755,3.7794230493026004e-08
0.06310692142900626,8.701438705521718e-08
0.07089742948257126,1.9588440224408177e-07
0.07964967064493539,4.3118910831692043e-07
0.08948237023750269,9.281375162209717e-07
0.10052891014472326,1.9536783703123698e-06
0.11293913815718663,4.021726426192711e-06
0.1268814006769336,8.096877247077001e-06
0.14254482635890514,1.594415805506035e-05
0.16014189166643014,3.071200116306371e-05
0.17991130314285533,5.787564850812987e-05
0.2021212354977168,0.00010672011544323113
0.2270729694325259,0.0001926076398911448
0.2551049785537617,0.00034035880581087546
0.28659752081259104,0.0005891906052130034
0.3219777967548112,0.0009998218343117457
0.36172574455336326,0.0016646125624807239
0.4063805504338082,0.0027219839066412277
0.45654796280755766,0.00437684831141426
0.5129085093300529,0.006929194406286183
0.5762267283493882,0.010812836027420432
0.6473615399712076,0.016644752368481654
0.7272778974247632,0.02528118102400645
0.8170598767824696,0.03786864860107158
0.9179253825967483,0.05586676289169543
1.0312426689380967,0.0810080508441802
1.1585488999444697,0.1151554034622942
1.3015710016583038,0.16002927915080034
1.4622490880091454,0.21681195422530997
1.6427627787184707,0.2856923458357056
1.8455607661325835,0.36547430152390015
2.0733940320616497,0.4534024227096001
2.329353165215711,0.5453317714236594
2.6169102854537,0.6362724773262867
2.9399661435534976,0.7212055436176994
3.3029030354176987,0.7959510926289008
3.710644248503383,0.8578350009913981
4.168720846874621,0.9059685212301879
4.683346700825936,0.9410980956642783
5.261502778863538,0.9651307973965843
5.911031845476362,0.980528151440949
6.64074484928479,0.9897594735558863
7.4605404447366075,0.994935066414973
8.381539268677866,0.9976469807408446
9.416234793278331,0.9989743281148866
10.578662801651687,0.9995809058045109
11.884591785129816,0.9998396111710995
13.351736844955687,0.9999425515742936
15.0,0.9999807538753459
