SA(0.3s) [g],Loss_ratio
0.05000000000000001,6.475020946277938e-10
0.056172467201025755,2.3127336103844437e-09
0.06310692142900626,7.909229503350873e-09
0.07089742948257126,2.590319417125278e-08
0.07964967064493539,8.125998267827446e-08
0.08948237023750269,2.442333474955094e-07
0.10052891014472326,7.034694326423246e-07
0.11293913815718663,1.9422772778812214e-06
0.1268814006769336,5.141894991099168e-06
0.14254482635890514,1.3055943590615932e-05
0.16014189166643014,3.18054141740046e-05
0.17991130314285533,7.436093175012328e-05
0.2021212354977168,0.00016691408819377804
0.2270729694325259,0.0003598415199361389
0.2551049785537617,0.0007453842988582832
0.28659752081259104,0.0014842202092653258
0.3219777967548112,0.0028423981639209206
0.36172574455336326,0.0052382074331383775
0.4063805504338082,0.009295200829982826
0.45654796280755766,0.015892884718250015
0.5129085093300529,0.026201142390690546
0.5762267283493882,0.0416793516582177
0.6473615399712076,0.064017808475722
0.7272778974247632,0.09499933424683304
0.8170598767824696,0.13626571935559037
0.9179253825967483,0.18899131281057271
1.0312426689380967,0.2534987456064647
1.1585488999444697,0.3288975888389547
1.3015710016583038,0.41286993601344196
1.4622490880091454,0.5017364064193913
1.6427627787184707,0.590880432009814
1.8455607661325835,0.6754851932441471
2.0733940320616497,0.7513934004319802
2.329353165215711,0.8158172653039568
2.6169102854537,0.8676674380434399
2.9399661435534976,0.9074257061841301
3.3029030354176987,0.9366717167398922
3.710644248503383,0.9574863001010301
4.168720846874621,0.971944811321573
4.683346700825936,0.9818145057572676
5.261502778863538,0.9884552049357888
5.911031845476362,0.992852807843121
6.64074484928479,0.9957049687176648
7.4605404447366075,0.9975050743250925
8.381539268677866,0.9986038388671
9.416234793278331,0.9992492464697598
10.578662801651687,0.9996127801498672
11.884591785129816,0.9998086762903333
13.351736844955687,0.9999095211156036
15.0,0.9999590724798586
