SA(1.0s) [g],Loss_ratio
0.05000000000000001,3.290291646522075e-05
0.056172467201025755,6.240347580306592e-05
0.06310692142900626,0.0001136934526499216
0.07089742948257126,0.00019927612310603507
0.07964967064493539,0.00033668369661322885
0.08948237023750269,0.0005497627797321063
0.10052891014472326,0.0008706090879121963
0.11293913815718663,0.0013431347541480153
0.1268814006769336,0.002030003780986515
0.14254482635890514,0.0030254594077579904
0.16014189166643014,0.004477034012420767
0.17991130314285533,0.006618725662072586
0.2021212354977168,0.009816287650591483
0.2270729694325259,0.014621274692894247
0.2551049785537617,0.021824400985247343
0.28659752081259104,0.03249155488884679
0.3219777967548112,0.04795976427978196
0.36172574455336326,0.06976895544464498
0.4063805504338082,0.09951211459783847
0.45654796280755766,0.13860343479836174
0.5129085093300529,0.18798953108186783
0.5762267283493882,0.24785635627362715
0.6473615399712076,0.31740379049791545
0.7272778974247632,0.39476053721710425
0.8170598767824696,0.47708830656061535
0.9179253825967483,0.5608796169104182
1.0312426689380967,0.6424006937962932
1.1585488999444697,0.718188006083333
1.3015710016583038,0.7854899574414731
1.4622490880091454,0.8425608767713325
1.6427627787184707,0.888757016318096
1.8455607661325835,0.9244381698165496
2.0733940320616497,0.9507251831939159
2.329353165215711,0.9691891801465091
2.6169102854537,0.9815483979487579
2.9399661435534976,0.9894283262866279
3.3029030354176987,0.9942112484470236
3.710644248503383,0.9969735390520927
4.168720846874621,0.9984906276867547
4.683346700825936,0.9992825421470507
5.261502778863538,0.9996752196151555
5.911031845476362,0.9998600861339882
6.64074484928479,0.9999426773828088
7.4605404447366075,0.9999776777243667
8.381539268677866,0.9999917416832605
9.416234793278331,0.9999970984890829
10.578662801651687,0.9999990321076597
11.884591785129816,0.9999996934867188
13.351736844955687,0.9999999078474952
15.0,0.9999999736916672
