SA(1.0s) [g],Complete_damage
0.05000000000000001,2.3314683517128287e-15
0.056172467201025755,9.43689570931383e-15
0.06310692142900626,3.752553823233029e-14
0.07089742948257126,1.4455103780619538e-13
0.07964967064493539,5.397904345727511e-13
0.08948237023750269,1.9528823003156504e-12
0.10052891014472326,6.845080058326403e-12
0.11293913815718663,2.324773706874339e-11
0.1268814006769336,7.650546862691954e-11
0.14254482635890514,2.439639601448107e-10
0.16014189166643014,7.538678570284674e-10
0.17991130314285533,2.2574487834603474e-09
0.2021212354977168,6.5510596947149224e-09
0.2270729694325259,1.8424484937717978e-08
0.2551049785537617,5.022154248024435e-08
0.28659752081259104,1.326838596771296e-07
0.3219777967548112,3.3978473445994695e-07
0.36172574455336326,8.434781035848715e-07
0.4063805504338082,2.0298163599941077e-06
0.45654796280755766,4.7356988779334586e-06
0.5129085093300529,1.0712482475749852e-05
0.5762267283493882,2.3497002002437206e-05
0.6473615399712076,4.9979543542910676e-05
0.7272778974247632,0.00010310386180945041
0.8170598767824696,0.00020630526795506476
0.9179253825967483,0.00040045485627882016
1.0312426689380967,0.0007541637839511006
1.1585488999444697,0.0013782065136292987
1.3015710016583038,0.002444413341818108
1.4622490880091454,0.0042085307260074645
1.6427627787184707,0.007035183401431722
1.8455607661325835,0.011421262101650509
2.0733940320616497,0.01801208206192717
2.329353165215711,0.027603031050880467
2.6169102854537,0.0411188654902479
2.9399661435534976,0.059564064095730895
3.3029030354176987,0.08394122005191895
3.710644248503383,0.11514031507044442
4.168720846874621,0.15380907530585874
4.683346700825936,0.20022188031068167
5.261502778863538,0.2541698025060406
5.911031845476362,0.31489528653791654
6.64074484928479,0.38109050481206674
7.4605404447366075,0.4509686925235613
8.381539268677866,0.5224045126652025
9.416234793278331,0.5931257462673154
10.578662801651687,0.6609278249951087
11.884591785129816,0.7238778018044674
13.351736844955687,0.7804766397938747
15.0,0.8297575610178426
