SA(0.6s) [g],Complete_damage
0.05000000000000001,1.462955312447889e-10
0.056172467201025755,8.701023235246907e-10
0.06310692142900626,4.787718554943865e-09
0.07089742948257126,2.4376850094043334e-08
0.07964967064493539,1.1486774809110756e-07
0.08948237023750269,5.010509498415416e-07
0.10052891014472326,2.0236406030882392e-06
0.11293913815718663,7.569585496747244e-06
0.1268814006769336,2.623224272979563e-05
0.14254482635890514,8.425236502518363e-05
0.16014189166643014,0.0002508976018409381
0.17991130314285533,0.0006930968925266123
0.2021212354977168,0.0017771628466480838
0.2270729694325259,0.004232479076044959
0.2551049785537617,0.009370248938666781
0.28659752081259104,0.019302750352800158
0.3219777967548112,0.03704303422418931
0.36172574455336326,0.06631699372222877
0.4063805504338082,0.11094651634654484
0.45654796280755766,0.17380785811617205
0.5129085093300529,0.25561030679240604
0.5762267283493882,0.3539594752543589
0.6473615399712076,0.4632033630683867
0.7272778974247632,0.5753137526580775
0.8170598767824696,0.6816097429297163
0.9179253825967483,0.7747226983946808
1.0312426689380967,0.8500799946763737
1.1585488999444697,0.9064258643272998
1.3015710016583038,0.9453500842624368
1.4622490880091454,0.9701927464452643
1.6427627787184707,0.9848413398960296
1.8455607661325835,0.992821513693973
2.0733940320616497,0.9968380003338272
2.329353165215711,0.9987056553013894
2.6169102854537,0.9995080018247844
2.9399661435534976,0.9998264515292626
3.3029030354176987,0.9999432216402927
3.710644248503383,0.9999827795021681
4.168720846874621,0.9999951601222028
4.683346700825936,0.9999987399203536
5.261502778863538,0.9999996961874918
5.911031845476362,0.9999999321822551
6.64074484928479,0.9999999859876405
7.4605404447366075,0.9999999973206981
8.381539268677866,0.9999999995259796
9.416234793278331,0.9999999999224166
10.578662801651687,0.9999999999882544
11.884591785129816,0.9999999999983554
13.351736844955687,0.9999999999997871
15.0,0.9999999999999745
