SA(0.6s) [g],Complete_damage
0.05000000000000001,1.4119749813801263e-10
0.056172467201025755,3.5830349798260386e-10
0.06310692142900626,8.905497450584221e-10
0.07089742948257126,2.1679902317828237e-09
0.07964967064493539,5.169614514244358e-09
0.08948237023750269,1.207454747298442e-08
0.10052891014472326,2.7625254195307036e-08
0.11293913815718663,6.191216472828387e-08
0.1268814006769336,1.35922805233335e-07
0.14254482635890514,2.9232670550882744e-07
0.16014189166643014,6.159118906001737e-07
0.17991130314285533,1.2713283434884204e-06
0.2021212354977168,2.571000246920363e-06
0.2270729694325259,5.094119783555229e-06
0.2551049785537617,9.889572899934862e-06
0.28659752081259104,1.881253854829623e-05
0.3219777967548112,3.506714886125639e-05
0.36172574455336326,6.40560459919115e-05
0.4063805504338082,0.00011467050897617792
0.45654796280755766,0.00020118829588200438
0.5129085093300529,0.0003459734446243923
0.5762267283493882,0.0005831820801254217
0.6473615399712076,0.0009636559666412747
0.7272778974247632,0.001561113595450414
0.8170598767824696,0.0024796096166272985
0.9179253825967483,0.003862014867281993
1.0312426689380967,0.005898969755639305
1.1585488999444697,0.008837400108580251
1.3015710016583038,0.012987297501226847
1.4622490880091454,0.01872512245364688
1.6427627787184707,0.026491977870388594
1.8455607661325835,0.03678472129197696
2.0733940320616497,0.05013852791439666
2.329353165215711,0.06710013653811542
2.6169102854537,0.08819210048437232
2.9399661435534976,0.11386973644189324
3.3029030354176987,0.14447394099675304
3.710644248503383,0.18018438108777612
4.168720846874621,0.22097848161443845
4.683346700825936,0.2666018744282571
5.261502778863538,0.31655536691382724
5.911031845476362,0.37010200393817483
6.64074484928479,0.42629557220823633
7.4605404447366075,0.484029232092672
8.381539268677866,0.5421002766469127
9.416234793278331,0.5992847672035768
10.578662801651687,0.6544143802540805
11.884591785129816,0.7064474801632585
13.351736844955687,0.7545272657208184
15.0,0.7980216720342159
