SA(0.6s) [g],Complete_damage
0.05000000000000001,9.381384558082573e-14
0.056172467201025755,2.76667577736589e-13
0.06310692142900626,7.986944439153376e-13
0.07089742948257126,2.258304654390031e-12
0.07964967064493539,6.253886297713507e-12
0.08948237023750269,1.6961210214105904e-11
0.10052891014472326,4.505307238389378e-11
0.11293913815718663,1.1720757697730733e-10
0.1268814006769336,2.986482172673277e-10
0.14254482635890514,7.453250239208842e-10
0.16014189166643014,1.8218879738185478e-09
0.17991130314285533,4.362117556055978e-09
0.2021212354977168,1.0230170377489856e-08
0.2270729694325259,2.3501137813575212e-08
0.2551049785537617,5.2884312040646364e-08
0.28659752081259104,1.1657594911618219e-07
0.3219777967548112,2.517376718191855e-07
0.36172574455336326,5.325477268058876e-07
0.4063805504338082,1.1037096460109197e-06
0.45654796280755766,2.241058020491238e-06
0.5129085093300529,4.4583121810992665e-06
0.5762267283493882,8.69011251536378e-06
0.6473615399712076,1.659731031644629e-05
0.7272778974247632,3.106195609658968e-05
0.8170598767824696,5.696678859790083e-05
0.9179253825967483,0.00010238620814639887
1.0312426689380967,0.0001803495049081949
1.1585488999444697,0.0003113662041923648
1.3015710016583038,0.0005269176663018627
1.4622490880091454,0.000874104437968648
1.6427627787184707,0.0014215781363402513
1.8455607661325835,0.002266762121157395
2.0733940320616497,0.0035441629176075073
2.329353165215711,0.005434290171631884
2.6169102854537,0.008172349521909372
2.9399661435534976,0.012055485827992207
3.3029030354176987,0.01744699551196327
3.710644248503383,0.024775681796488813
4.168720846874621,0.034528494222359374
4.683346700825936,0.0472348678012765
5.261502778863538,0.06344182127436071
5.911031845476362,0.08367989513286733
6.64074484928479,0.10842133674138799
7.4605404447366075,0.13803341345945297
8.381539268677866,0.17273112060690532
9.416234793278331,0.21253457280533872
10.578662801651687,0.25723675874497476
11.884591785129816,0.30638690806695135
13.351736844955687,0.3592934025379316
15.0,0.4150480659340594
