SA(0.3s) [g],Complete_damage
0.05000000000000001,0.0007700602419574709
0.056172467201025755,0.0011022586165601034
0.06310692142900626,0.0015613977140173096
0.07089742948257126,0.0021889252660929337
0.07964967064493539,0.003037056529019977
0.08948237023750269,0.004170591956068281
0.10052891014472326,0.005668719806976141
0.11293913815718663,0.007626682502721804
0.1268814006769336,0.010157155487310998
0.14254482635890514,0.013391160994818962
0.16014189166643014,0.017478320290185034
0.17991130314285533,0.022586240849084116
0.2021212354977168,0.02889884367818596
0.2270729694325259,0.036613464047753896
0.2551049785537617,0.045936608588237005
0.28659752081259104,0.057078323445054924
0.3219777967548112,0.07024522011853551
0.36172574455336326,0.08563231322553744
0.4063805504338082,0.10341394051867647
0.45654796280755766,0.12373415054328851
0.5129085093300529,0.14669704608824752
0.5762267283493882,0.1723576502511146
0.6473615399712076,0.20071390531675293
0.7272778974247632,0.23170041365804073
0.8170598767824696,0.2651844788756602
0.9179253825967483,0.30096490332190795
1.0312426689380967,0.33877384912946873
1.1585488999444697,0.37828188329166
1.3015710016583038,0.41910611729689906
1.4622490880091454,0.4608211358354881
1.6427627787184707,0.5029722063935962
1.8455607661325835,0.5450900909714363
2.0733940320616497,0.5867066590456165
2.329353165215711,0.6273704391624185
2.6169102854537,0.6666612512920822
2.9399661435534976,0.7042031328244167
3.3029030354176987,0.7396749008678355
3.710644248503383,0.7728178696834755
4.168720846874621,0.8034404478312804
4.683346700825936,0.8314195558981075
5.261502778863538,0.8566990134145811
5.911031845476362,0.8792852256087176
6.64074484928479,0.8992406435074467
7.4605404447366075,0.9166755659025418
8.381539268677866,0.9317388954686997
9.416234793278331,0.9446084556306178
10.578662801651687,0.955481425815598
11.884591785129816,0.9645653699621795
13.351736844955687,0.9720702279368392
15.0,0.9782015236684257
