SA(1.0s) [g],Complete_damage
0.05000000000000001,0.0
0.056172467201025755,1.1102230246251565e-16
0.06310692142900626,3.3306690738754696e-16
0.07089742948257126,1.7763568394002505e-15
0.07964967064493539,8.770761894538737e-15
0.08948237023750269,4.107825191113079e-14
0.10052891014472326,1.857403120197887e-13
0.11293913815718663,8.069100942975638e-13
0.1268814006769336,3.3683056344102624e-12
0.14254482635890514,1.351385670034233e-11
0.16014189166643014,5.21089837945965e-11
0.17991130314285533,1.9312285104433613e-10
0.2021212354977168,6.879591341046876e-10
0.2270729694325259,2.3557163997267594e-09
0.2551049785537617,7.75425057497614e-09
0.28659752081259104,2.4538068799095925e-08
0.3219777967548112,7.465423756958245e-08
0.36172574455336326,2.183809100220202e-07
0.4063805504338082,6.142663460106945e-07
0.45654796280755766,1.661574655531517e-06
0.5129085093300529,4.322622362051831e-06
0.5762267283493882,1.0816499500521104e-05
0.6473615399712076,2.603700134040654e-05
0.7272778974247632,6.0300173334804086e-05
0.8170598767824696,0.0001343800133569717
0.9179253825967483,0.0002882119674885164
1.0312426689380967,0.0005950204042494134
1.1585488999444697,0.001182729508157787
1.3015710016583038,0.002263994317700857
1.4622490880091454,0.004174623434496372
1.6427627787184707,0.007417239427931599
1.8455607661325835,0.012702782043872873
2.0733940320616497,0.02097760445467456
2.329353165215711,0.033419969414672845
2.6169102854537,0.051388908534787725
2.9399661435534976,0.0763128816011156
3.3029030354176987,0.10951666115310188
3.710644248503383,0.15200142918172288
4.168720846874621,0.20421152865193193
4.683346700825936,0.26583574067765525
5.261502778863538,0.33569498225468875
5.911031845476362,0.41175773045087616
6.64074484928479,0.49129960803979333
7.4605404447366075,0.5711901475472752
8.381539268677866,0.6482575215044433
9.416234793278331,0.7196613420965925
10.578662801651687,0.7832014581342281
11.884591785129816,0.8375077554914288
13.351736844955687,0.8820865152392907
15.0,0.9172329535771155
