SA(1.0s) [g],Complete_damage
0.05000000000000001,4.107825191113079e-15
0.056172467201025755,1.965094753586527e-14
0.06310692142900626,9.070522111187529e-14
0.07089742948257126,4.014566457044566e-13
0.07964967064493539,1.7079671010833408e-12
0.08948237023750269,6.983857936404547e-12
0.10052891014472326,2.7445823391758495e-11
0.11293913815718663,1.0366540958983705e-10
0.1268814006769336,3.7634817484644145e-10
0.14254482635890514,1.3133060194903123e-09
0.16014189166643014,4.405409037566699e-09
0.17991130314285533,1.4206166687458222e-08
0.2021212354977168,4.4041947089290545e-08
0.2270729694325259,1.312762825111946e-07
0.2551049785537617,3.76244672195547e-07
0.28659752081259104,1.036946337129585e-06
0.3219777967548112,2.7484338674943487e-06
0.36172574455336326,7.006528159325676e-06
0.4063805504338082,1.718142959838964e-05
0.45654796280755766,4.053314271523778e-05
0.5129085093300529,9.200633100969746e-05
0.5762267283493882,0.0002009789430507114
0.6473615399712076,0.000422557532098633
0.7272778974247632,0.0008552830718376869
0.8170598767824696,0.0016669385480319043
0.9179253825967483,0.003129134319030169
1.0312426689380967,0.005659096718862333
1.1585488999444697,0.009863433348198725
1.3015710016583038,0.01657394889855346
1.4622490880091454,0.026860964391642095
1.6427627787184707,0.042006969641571024
1.8455607661325835,0.06342512705883419
2.0733940320616497,0.09251497732262848
2.329353165215711,0.13046187836648127
2.6169102854537,0.17800488646863233
2.9399661435534976,0.23521496779665174
3.3029030354176987,0.3013351565613338
3.710644248503383,0.3747309635816981
4.168720846874621,0.45298091673911767
4.683346700825936,0.5331067591439559
5.261502778863538,0.6119086834030109
5.911031845476362,0.6863436031687933
6.64074484928479,0.7538729113741731
7.4605404447366075,0.812714383226016
8.381539268677866,0.861958048687261
9.416234793278331,0.9015395982366248
10.578662801651687,0.932096599688711
11.884591785129816,0.9547536901532265
13.351736844955687,0.970888837375401
15.0,0.981924973158354
