SA(0.6s) [g],Loss_ratio
0.05000000000000001,2.1603026163437353e-09
0.056172467201025755,5.7705427557582605e-09
0.06310692142900626,1.503044061239014e-08
0.07089742948257126,3.820279233684766e-08
0.07964967064493539,9.48360680477322e-08
0.08948237023750269,2.3016835104474886e-07
0.10052891014472326,5.467176574684466e-07
0.11293913815718663,1.2721436695713182e-06
0.1268814006769336,2.901843053356281e-06
0.14254482635890514,6.491414944097242e-06
0.16014189166643014,1.4240914532639607e-05
0.17991130314285533,3.063019969050172e-05
0.2021212354977168,6.456561469970096e-05
0.2270729694325259,0.00013333656033372764
0.2551049785537617,0.0002697413273557249
0.28659752081259104,0.0005346392533399888
0.3219777967548112,0.0010385072045899827
0.36172574455336326,0.00197719658259849
0.4063805504338082,0.0036882951213084887
0.45654796280755766,0.006733538163767318
0.5129085093300529,0.01200661001316311
0.5762267283493882,0.020851116776203566
0.6473615399712076,0.03514952194941815
0.7272778974247632,0.05731595601742093
0.8170598767824696,0.09010939513114266
0.9179253825967483,0.13620175469980872
1.0312426689380967,0.1975068737988664
1.1585488999444697,0.27439635140864277
1.3015710016583038,0.3650525314729681
1.4622490880091454,0.4652611862605489
1.6427627787184707,0.5688584085662571
1.8455607661325835,0.6688152975418165
2.0733940320616497,0.7586634682761252
2.329353165215711,0.8337862080360586
2.6169102854537,0.8921390215619682
2.9399661435534976,0.9342098981497909
3.3029030354176987,0.9623474003350491
3.710644248503383,0.9798017292107406
4.168720846874621,0.9898470977242408
4.683346700825936,0.9952154532004576
5.261502778863538,0.997883365319254
5.911031845476362,0.999119058184923
6.64074484928479,0.9996540504643788
7.4605404447366075,0.9998713691869301
8.381539268677866,0.9999545514782978
9.416234793278331,0.9999846903617897
10.578662801651687,0.9999950713892832
11.884591785129816,0.9999984819745692
13.351736844955687,0.9999995528144401
15.0,0.9999998742026182
