SA(1.0s) [g],Complete_damage
0.05000000000000001,4.2234660213580355e-11
0.056172467201025755,1.718178932463843e-10
0.06310692142900626,6.68171296069886e-10
0.07089742948257126,2.4840187684560533e-09
0.07964967064493539,8.82876827201784e-09
0.08948237023750269,3.000246684425889e-08
0.10052891014472326,9.749045681850532e-08
0.11293913815718663,3.029395115872191e-07
0.1268814006769336,9.002911308675365e-07
0.14254482635890514,2.559131262791503e-06
0.16014189166643014,6.9588807140030795e-06
0.17991130314285533,1.8104407571217784e-05
0.2021212354977168,4.507079762994248e-05
0.2270729694325259,0.00010738612322480634
0.2551049785537617,0.0002449223332985362
0.28659752081259104,0.0005348499810725604
0.3219777967548112,0.0011185811173333171
0.36172574455336326,0.0022410827282824952
0.4063805504338082,0.004302719716143599
0.45654796280755766,0.007919221982130464
0.5129085093300529,0.013978443080422731
0.5762267283493882,0.023674531155034706
0.6473615399712076,0.038493847215810395
0.7272778974247632,0.06012659937737008
0.8170598767824696,0.09028772370185079
0.9179253825967483,0.13045159193032752
1.0312426689380967,0.18153453327005786
1.1585488999444697,0.24358837855658977
1.3015710016583038,0.31558531390418865
1.4622490880091454,0.39536859341624864
1.6427627787184707,0.4798113410143465
1.8455607661325835,0.5651735108603207
2.0733940320616497,0.6475913375400167
2.329353165215711,0.7235941178909803
2.6169102854537,0.7905348384446
2.9399661435534976,0.8468472105020038
3.3029030354176987,0.8920921211868182
3.710644248503383,0.9268127871366374
4.168720846874621,0.9522610804588754
4.683346700825936,0.9700759018399754
5.261502778863538,0.9819871247568485
5.911031845476362,0.9895935948417652
6.64074484928479,0.9942329940406713
7.4605404447366075,0.9969356572223678
8.381539268677866,0.9984393998835429
9.416234793278331,0.9992385094458175
10.578662801651687,0.9996441021443897
11.884591785129816,0.9998407207859719
13.351736844955687,0.9999317560739315
15.0,0.9999720134166508
