SA(1.0s) [g],Loss_ratio
0.05000000000000001,2.3519863179222266e-07
0.056172467201025755,5.653197069984789e-07
0.06310692142900626,1.3061569848315976e-06
0.07089742948257126,2.9027997346394824e-06
0.07964967064493539,6.210297160288371e-06
0.08948237023750269,1.2803560629029765e-05
0.10052891014472326,2.547089293593363e-05
0.11293913815718663,4.8975250751789576e-05
0.1268814006769336,9.120826395887177e-05
0.14254482635890514,0.00016494059853191655
0.16014189166643014,0.00029052074730070727
0.17991130314285533,0.0005001298443636392
0.2021212354977168,0.0008445820017561492
0.2270729694325259,0.0014041276437343764
0.2551049785537617,0.0023051159761180644
0.28659752081259104,0.0037443868497642973
0.3219777967548112,0.006022426854108394
0.36172574455336326,0.009584142926160381
0.4063805504338082,0.015062309192713699
0.45654796280755766,0.023313649121314832
0.5129085093300529,0.03543236130184921
0.5762267283493882,0.052722881292707816
0.6473615399712076,0.07661546388983104
0.7272778974247632,0.10851679633292552
0.8170598767824696,0.14960323860789942
0.9179253825967483,0.2005831974766219
1.0312426689380967,0.2614714905529234
1.1585488999444697,0.3314256392289954
1.3015710016583038,0.4086879890799911
1.4622490880091454,0.4906599381929294
1.6427627787184707,0.5741114731380565
1.8455607661325835,0.6555068974389254
2.0733940320616497,0.73140791772791
2.329353165215711,0.7988961581293015
2.6169102854537,0.8559395876240622
2.9399661435534976,0.9016209534312564
3.3029030354176987,0.9361656783145441
3.710644248503383,0.9607571058731994
4.168720846874621,0.9771928085728576
4.683346700825936,0.9874853104015656
5.261502778863538,0.9935175642577723
5.911031845476362,0.9968261075366834
6.64074484928479,0.9985265727004955
7.4605404447366075,0.9993480743465009
8.381539268677866,0.9997230704961239
9.416234793278331,0.9998860524913122
10.578662801651687,0.9999541665987723
11.884591785129816,0.9999818442501475
13.351736844955687,0.9999928908945068
15.0,0.9999972503384359
