SA(0.3s) [g],Complete_damage
0.05000000000000001,5.5933035980615387e-11
0.056172467201025755,1.8971690884939107e-10
0.06310692142900626,6.21700246838941e-10
0.07089742948257126,1.968394336415713e-09
0.07964967064493539,6.021700915681549e-09
0.08948237023750269,1.780016900543302e-08
0.10052891014472326,5.084527576748599e-08
0.11293913815718663,1.4035385098587483e-07
0.1268814006769336,3.7443229128353295e-07
0.14254482635890514,9.654460783048435e-07
0.16014189166643014,2.406145469646681e-06
0.17991130314285533,5.7968412758846455e-06
0.2021212354977168,1.3501335062948705e-05
0.2270729694325259,3.0403383282862073e-05
0.2551049785537617,6.620269103252419e-05
0.28659752081259104,0.00013940926796329745
0.3219777967548112,0.00028394188256253283
0.36172574455336326,0.0005594421403822825
0.4063805504338082,0.0010664546212919568
0.45654796280755766,0.0019673116574659977
0.5129085093300529,0.00351268626591017
0.5762267283493882,0.006072170304246227
0.6473615399712076,0.010164889167237012
0.7272778974247632,0.01648336469907985
0.8170598767824696,0.02590125609457883
0.9179253825967483,0.03945427628494036
1.0312426689380967,0.05828467808643367
1.1585488999444697,0.08354414814223998
1.3015710016583038,0.11625787888023664
1.4622490880091454,0.1571629495748823
1.6427627787184707,0.20654458723844282
1.8455607661325835,0.26410118671620675
2.0733940320616497,0.3288700221188747
2.329353165215711,0.3992385376969515
2.6169102854537,0.4730513997296977
2.9399661435534976,0.5478041304051204
3.3029030354176987,0.6208950526868401
3.710644248503383,0.6898937961625853
4.168720846874621,0.752780708595999
4.683346700825936,0.8081183569625394
5.261502778863538,0.8551318415656429
5.911031845476362,0.8936943676025056
6.64074484928479,0.9242330127841667
7.4605404447366075,0.9475823888297641
8.381539268677866,0.9648186066169795
9.416234793278331,0.9771028892052055
10.578662801651687,0.9855556524106942
11.884591785129816,0.991171154948293
13.351736844955687,0.9947729542488627
15.0,0.9970033980154812
