SA(0.3s) [g],Complete_damage
0.05000000000000001,7.644326283084979e-10
0.056172467201025755,2.4056082681411795e-09
0.06310692142900626,7.3145974832655725e-09
0.07089742948257126,2.1491061374945275e-08
0.07964967064493539,6.101705340988417e-08
0.08948237023750269,1.6741587194335494e-07
0.10052891014472326,4.439381607879156e-07
0.11293913815718663,1.1377839086446073e-06
0.1268814006769336,2.8186584777323276e-06
0.14254482635890514,6.750059994509172e-06
0.16014189166643014,1.5627737019796584e-05
0.17991130314285533,3.498265118118127e-05
0.2021212354977168,7.57228593571968e-05
0.2270729694325259,0.00015851620577744807
0.2551049785537617,0.0003209617995570957
0.28659752081259104,0.0006286854278587661
0.3219777967548112,0.0011914856500592208
0.36172574455336326,0.0021852611279651324
0.4063805504338082,0.0038794545046771933
0.45654796280755766,0.00666800461652628
0.5129085093300529,0.011099341573832522
0.5762267283493882,0.01789813766495474
0.6473615399712076,0.027969083116930027
0.7272778974247632,0.04237196898290363
0.8170598767824696,0.062258997598226284
0.9179253825967483,0.08877032253474315
1.0312426689380967,0.12289229801206025
1.1585488999444697,0.1652934972422252
1.3015710016583038,0.21616369044232187
1.4622490880091454,0.2750873805408922
1.6427627787184707,0.34098319227320006
1.8455607661325835,0.41213190240004594
2.0733940320616497,0.4863000795719411
2.329353165215711,0.5609465954912973
2.6169102854537,0.6334807982321299
2.9399661435534976,0.7015291327395978
3.3029030354176987,0.7631649994272784
3.710644248503383,0.8170652577917361
4.168720846874621,0.8625734410589779
4.683346700825936,0.8996696419495627
5.261502778863538,0.9288647860971452
5.911031845476362,0.9510484372898115
6.64074484928479,0.967322523180781
7.4605404447366075,0.9788491253127009
8.381539268677866,0.986731318422849
9.416234793278331,0.9919352772064737
10.578662801651687,0.9952524001673649
11.884591785129816,0.9972938098359654
13.351736844955687,0.9985067505205394
15.0,0.9992025589377093
