SA(1.0s) [g],Loss_ratio
0.05000000000000001,8.762828888276335e-13
0.056172467201025755,4.03657298672591e-12
0.06310692142900626,1.77585994359795e-11
0.07089742948257126,7.462143301110658e-11
0.07964967064493539,2.995114532270004e-10
0.08948237023750269,1.1484500435061703e-09
0.10052891014472326,4.207653330009821e-09
0.11293913815718663,1.4733953558427474e-08
0.1268814006769336,4.9333217063098246e-08
0.14254482635890514,1.5804836092050887e-07
0.16014189166643014,4.849554734687642e-07
0.17991130314285533,1.4272136970242634e-06
0.2021212354977168,4.036237166564017e-06
0.2270729694325259,1.0994928078938528e-05
0.2551049785537617,2.8926135578492007e-05
0.28659752081259104,7.368663753289117e-05
0.3219777967548112,0.00018210758319199799
0.36172574455336326,0.0004369288979800544
0.4063805504338082,0.0010167550771009205
0.45654796280755766,0.0022886323013329305
0.5129085093300529,0.0049627583006984066
0.5762267283493882,0.010317028568450352
0.6473615399712076,0.02046004625251135
0.7272778974247632,0.03852754432726538
0.8170598767824696,0.06861753429924593
0.9179253825967483,0.11522740393606226
1.0312426689380967,0.18205940242033453
1.1585488999444697,0.2703711535511744
1.3015710016583038,0.37747708998286944
1.4622490880091454,0.4962676043174837
1.6427627787184707,0.6163708357360317
1.8455607661325835,0.7267883222936709
2.0733940320616497,0.8189344865656023
2.329353165215711,0.8886836369109878
2.6169102854537,0.9365911524825519
2.9399661435534976,0.9665051866170096
3.3029030354176987,0.9835457673536657
3.710644248503383,0.9924490693981581
4.168720846874621,0.9967456023088334
4.683346700825936,0.9986760859549476
5.261502778863538,0.9994899584471635
5.911031845476362,0.9998137850877381
6.64074484928479,0.9999356953848852
7.4605404447366075,0.9999790764390686
8.381539268677866,0.9999936140059874
9.416234793278331,0.9999981796266679
10.578662801651687,0.9999995170418342
11.884591785129816,0.999999881053552
13.351736844955687,0.9999999728534585
15.0,0.9999999942655208
