SA(0.3s) [g],Complete_damage
0.05000000000000001,3.018533379361976e-06
0.056172467201025755,5.790114036341443e-06
0.06310692142900626,1.0900350686293692e-05
0.07089742948257126,2.014067424627175e-05
0.07964967064493539,3.652641338158791e-05
0.08948237023750269,6.502199991331725e-05
0.10052891014472326,0.0001136203903234767
0.11293913815718663,0.00019490323709236979
0.1268814006769336,0.00032822734117177177
0.14254482635890514,0.0005426897620399718
0.16014189166643014,0.0008810088553846684
0.17991130314285533,0.0014044099165391177
0.2021212354977168,0.002198510448902069
0.2270729694325259,0.0033800525045586394
0.2551049785537617,0.005104125705672757
0.28659752081259104,0.0075712728238002125
0.3219777967548112,0.011033593052278245
0.36172574455336326,0.015798695769173143
0.4063805504338082,0.02223016442060821
0.45654796280755766,0.030743130682280406
0.5129085093300529,0.04179369710928704
0.5762267283493882,0.05586133063710952
0.6473615399712076,0.07342399648351494
0.7272778974247632,0.09492668294139817
0.8170598767824696,0.12074499842476571
0.9179253825967483,0.1511465666237033
1.0312426689380967,0.18625382986887518
1.1585488999444697,0.22601241083229584
1.3015710016583038,0.270169220574059
1.4622490880091454,0.31826394255274604
1.6427627787184707,0.3696363675868679
1.8455607661325835,0.4234504124071219
2.0733940320616497,0.478733733748101
2.329353165215711,0.5344299305145981
2.6169102854537,0.5894587094682605
2.9399661435534976,0.6427783403998496
3.3029030354176987,0.6934444215712493
3.710644248503383,0.7406594672983188
4.168720846874621,0.7838090334000525
4.683346700825936,0.8224818111341068
5.261502778863538,0.8564730672712324
5.911031845476362,0.8857726861042636
6.64074484928479,0.9105406115863482
7.4605404447366075,0.9310735070027525
8.381539268677866,0.947766862944982
9.416234793278331,0.9610766161461388
10.578662801651687,0.9714837043564383
11.884591785129816,0.9794640434677053
13.351736844955687,0.9854653571516383
15.0,0.9898912833890533
