SA(0.3s) [g],Complete_damage
0.05000000000000001,7.194388441655875e-07
0.056172467201025755,1.439536531977481e-06
0.06310692142900626,2.8262913592813632e-06
0.07089742948257126,5.444929746745153e-06
0.07964967064493539,1.0293558857954466e-05
0.08948237023750269,1.909654476572875e-05
0.10052891014472326,3.476797638035656e-05
0.11293913815718663,6.21241263546457e-05
0.1268814006769336,0.00010894817193807249
0.14254482635890514,0.00018753514476954614
0.16014189166643014,0.00031686532075247964
0.17991130314285533,0.000525562641053523
0.2021212354977168,0.0008557812819169897
0.2270729694325259,0.001368116274817699
0.2551049785537617,0.0021475410145096463
0.28659752081259104,0.00331022609083087
0.3219777967548112,0.005010887139697884
0.36172574455336326,0.007450052240089877
0.4063805504338082,0.010880354627838762
0.45654796280755766,0.015610684184632517
0.5129085093300529,0.022006827485663405
0.5762267283493882,0.030487157900662365
0.6473615399712076,0.041512070924572764
0.7272778974247632,0.055566246896045834
0.8170598767824696,0.07313348248522522
0.9179253825967483,0.09466473496895289
1.0312426689380967,0.12054108379734041
1.1585488999444697,0.15103439181703737
1.3015710016583038,0.18626936368744473
1.4622490880091454,0.22619126036515314
1.6427627787184707,0.2705435715503077
1.8455607661325835,0.31885937436985534
2.0733940320616497,0.37046891603226484
2.329353165215711,0.42452426351020955
2.6169102854537,0.48003988233805595
2.9399661435534976,0.5359460301360084
3.3029030354176987,0.5911501910203365
3.710644248503383,0.6446007090454438
4.168720846874621,0.6953464834656238
4.683346700825936,0.7425871165789595
5.261502778863538,0.7857091658001951
5.911031845476362,0.8243059326879247
6.64074484928479,0.8581802314940594
7.4605404447366075,0.8873315061336322
8.381539268677866,0.9119302328406488
9.416234793278331,0.9322835661544312
10.578662801651687,0.9487965781288707
11.884591785129816,0.9619332355580835
13.351736844955687,0.9721805786085211
15.0,0.9800185827882477
