SA(1.0s) [g],Complete_damage
0.05000000000000001,5.295143212791231e-10
0.056172467201025755,1.7342621783100753e-09
0.06310692142900626,5.478379416778978e-09
0.07089742948257126,1.669218152589025e-08
0.07964967064493539,4.90594990187887e-08
0.08948237023750269,1.390944384116466e-07
0.10052891014472326,3.8045492312122065e-07
0.11293913815718663,1.0040061723115556e-06
0.1268814006769336,2.5564975334457785e-06
0.14254482635890514,6.281593302737143e-06
0.16014189166643014,1.4895438377626746e-05
0.17991130314285533,3.4091325160856556e-05
0.2021212354977168,7.531730181165042e-05
0.2270729694325259,0.0001606441119574864
0.2551049785537617,0.0003308411431615088
0.28659752081259104,0.0006580088917550464
0.3219777967548112,0.0012641045067789403
0.36172574455336326,0.0023461961926961594
0.4063805504338082,0.0042080232781038784
0.45654796280755766,0.007295239808923104
0.5129085093300529,0.012228651884839126
0.5762267283493882,0.019826320258302665
0.6473615399712076,0.031102603908180204
0.7272778974247632,0.04723149241445945
0.8170598767824696,0.06946437336489752
0.9179253825967483,0.09899957625533262
1.0312426689380967,0.1368122284462694
1.1585488999444697,0.18346606161398027
1.3015710016583038,0.23894020097653001
1.4622490880091454,0.3025094228493673
1.6427627787184707,0.3727125283005728
1.8455607661325835,0.44742943371870403
2.0733940320616497,0.5240657400247639
2.329353165215711,0.5998193604250412
2.6169102854537,0.671984151809969
2.9399661435534976,0.7382363751158655
3.3029030354176987,0.7968540607082555
3.710644248503383,0.8468356392882693
4.168720846874621,0.8879074955603158
4.683346700825936,0.9204335751566677
5.261502778863538,0.9452575940071537
5.911031845476362,0.9635161067021973
6.64074484928479,0.9764584102236267
7.4605404447366075,0.9852995972565742
8.381539268677866,0.9911201244245041
9.416234793278331,0.9948130174949823
10.578662801651687,0.9970710164230976
11.884591785129816,0.9984015726391245
13.351736844955687,0.9991571781692172
15.0,0.9995707103659336
