SA(0.6s) [g],Complete_damage
0.05000000000000001,2.2068266714025953e-07
0.056172467201025755,4.901826493597383e-07
0.06310692142900626,1.0639277717716666e-06
0.07089742948257126,2.256575313497322e-06
0.07964967064493539,4.6772593613741975e-06
0.08948237023750269,9.474560850764036e-06
0.10052891014472326,1.8757571822347607e-05
0.11293913815718663,3.629692981876875e-05
0.1268814006769336,6.865417426282772e-05
0.14254482635890514,0.00012693992637080598
0.16014189166643014,0.0002294546738249581
0.17991130314285533,0.00040550765389657517
0.2021212354977168,0.0007007193330926809
0.2270729694325259,0.0011840638919693447
0.2551049785537617,0.0019567681429331074
0.28659752081259104,0.0031629226954151823
0.3219777967548112,0.0050012626756661405
0.36172574455336326,0.007737047511614303
0.4063805504338082,0.011712360217014717
0.45654796280755766,0.01735255271901659
0.5129085093300529,0.025166128805713672
0.5762267283493882,0.035735254645296255
0.6473615399712076,0.04969448941564103
0.7272778974247632,0.06769635385945516
0.8170598767824696,0.09036401482440726
0.9179253825967483,0.11823352184542346
1.0312426689380967,0.1516903859262022
1.1585488999444697,0.1909074026678017
1.3015710016583038,0.23579199232859427
1.4622490880091454,0.28595151043253053
1.6427627787184707,0.3406837032057546
1.8455607661325835,0.39899675100231746
2.0733940320616497,0.4596594930956631
2.329353165215711,0.5212780807485609
2.6169102854537,0.5823912559144451
2.9399661435534976,0.6415734910087124
3.3029030354176987,0.6975339517774304
3.710644248503383,0.7491999235392154
4.168720846874621,0.7957758304843285
4.683346700825936,0.8367727694252111
5.261502778863538,0.8720078223356484
5.911031845476362,0.9015764932366271
6.64074484928479,0.9258047434049625
7.4605404447366075,0.9451888440143462
8.381539268677866,0.960331519329851
9.416234793278331,0.971881809708965
10.578662801651687,0.9804841480265245
11.884591785129816,0.9867398124567709
13.351736844955687,0.9911816601500749
15.0,0.9942612094333264
