SA(0.6s) [g],Loss_ratio
0.05000000000000001,7.0423241412699505e-15
0.056172467201025755,3.445025518471401e-14
0.06310692142900626,1.6173579299115057e-13
0.07089742948257126,7.317038120774021e-13
0.07964967064493539,3.1871135606997817e-12
0.08948237023750269,1.3382936807946584e-11
0.10052891014472326,5.424280247129118e-11
0.11293913815718663,2.1249204341668932e-10
0.1268814006769336,8.055610810720874e-10
0.14254482635890514,2.9583452154034653e-09
0.16014189166643014,1.0530542487515123e-08
0.17991130314285533,3.6334097613439e-08
0.2021212354977168,1.2144198421267854e-07
0.2270729694325259,3.9270737155777683e-07
0.2551049785537617,1.2264301866717959e-06
0.28659752081259104,3.691188690625973e-06
0.3219777967548112,1.0681904115600935e-05
0.36172574455336326,2.965589079413307e-05
0.4063805504338082,7.882172246658486e-05
0.45654796280755766,0.00020019685595869518
0.5129085093300529,0.00048515314514712327
0.5762267283493882,0.0011204132212213423
0.6473615399712076,0.002463478642234282
0.7272778974247632,0.0051534119261587965
0.8170598767824696,0.010252082419664875
0.9179253825967483,0.019389493578845757
1.0312426689380967,0.034855752123566015
1.1585488999444697,0.059550935876664234
1.3015710016583038,0.09669260885107012
1.4622490880091454,0.14921623644528048
1.6427627787184707,0.21890640240411863
1.8455607661325835,0.3054551524663197
2.0733940320616497,0.40579414312272694
2.329353165215711,0.5140829189831004
2.6169102854537,0.6225677982226505
2.9399661435534976,0.7231723826125351
3.3029030354176987,0.809306905085104
3.710644248503383,0.8772237053240132
4.168720846874621,0.9264325133212127
4.683346700825936,0.9591289575837904
5.261502778863538,0.979016310105316
5.911031845476362,0.9900722055981093
6.64074484928479,0.9956821721114406
7.4605404447366075,0.9982773250248894
8.381539268677866,0.9993706711641838
9.416234793278331,0.9997898119789324
10.578662801651687,0.9999359074995734
11.884591785129816,0.9999821775411991
13.351736844955687,0.9999954850916157
15.0,0.9999989589575514
