SA(0.6s) [g],Loss_ratio
0.05000000000000001,4.4538914514744685e-07
0.056172467201025755,1.0791831496626309e-06
0.06310692142900626,2.72544281458575e-06
0.07089742948257126,7.038906521302085e-06
0.07964967064493539,1.820407537265962e-05
0.08948237023750269,4.632067584321928e-05
0.10052891014472326,0.00011451273684313335
0.11293913815718663,0.0002727988577437158
0.1268814006769336,0.000623084497083947
0.14254482635890514,0.0013604114893700156
0.16014189166643014,0.002834548257751406
0.17991130314285533,0.005631419150154322
0.2021212354977168,0.010664372080342628
0.2270729694325259,0.019251219518046384
0.2551049785537617,0.033138008426561186
0.28659752081259104,0.05442210979150448
0.3219777967548112,0.08533506471322982
0.36172574455336326,0.12787657872390942
0.4063805504338082,0.18334308569386384
0.45654796280755766,0.25185247582262776
0.5129085093300529,0.3320055734921431
0.5762267283493882,0.42081946553791405
0.6473615399712076,0.5140070562941046
0.7272778974247632,0.6065753084189702
0.8170598767824696,0.6936084801227899
0.9179253825967483,0.7710365521665647
1.0312426689380967,0.8361925456463065
1.1585488999444697,0.8880347225615135
1.3015710016583038,0.9270195590196004
1.4622490880091454,0.9547134654797299
1.6427627787184707,0.9732883104309099
1.8455607661325835,0.9850449205997919
2.0733940320616497,0.9920628471282745
2.329353165215711,0.996011536984727
2.6169102854537,0.9981044919515986
2.9399661435534976,0.9991489122320488
3.3029030354176987,0.999639310504424
3.710644248503383,0.9998558498555997
4.168720846874621,0.9999457175379789
4.683346700825936,0.9999807542842379
5.261502778863538,0.9999935800576515
5.911031845476362,0.9999979864290136
6.64074484928479,0.9999994065555635
7.4605404447366075,0.9999998357407202
8.381539268677866,0.99999995732285
9.416234793278331,0.9999999895966417
10.578662801651687,0.9999999976216372
11.884591785129816,0.9999999994902722
13.351736844955687,0.9999999998976241
15.0,0.9999999999807375
