SA(1.0s) [g],Complete_damage
0.05000000000000001,1.1102230246251565e-16
0.056172467201025755,6.661338147750939e-16
0.06310692142900626,4.6629367034256575e-15
0.07089742948257126,3.042011087472929e-14
0.07964967064493539,1.8895995879120164e-13
0.08948237023750269,1.1075584893660562e-12
0.10052891014472326,6.125211449159451e-12
0.11293913815718663,3.196842790487153e-11
0.1268814006769336,1.5747469994664698e-10
0.14254482635890514,7.32188309982007e-10
0.16014189166643014,3.213644350630318e-09
0.17991130314285533,1.3316210134561857e-08
0.2021212354977168,5.2097989255983634e-08
0.2270729694325259,1.9247486104934097e-07
0.2551049785537617,6.715857326922148e-07
0.28659752081259104,2.2134634684034538e-06
0.3219777967548112,6.892302203076461e-06
0.36172574455336326,2.0279854902494066e-05
0.4063805504338082,5.639921145572657e-05
0.45654796280755766,0.00014828644891684561
0.5129085093300529,0.0003687046288366469
0.5762267283493882,0.0008672644422215159
0.6473615399712076,0.0019305877723425624
0.7272778974247632,0.004069003655861825
0.8170598767824696,0.008124072725560816
0.9179253825967483,0.015374841517790894
1.0312426689380967,0.027599873261581198
1.1585488999444697,0.04703540613309709
1.3015710016583038,0.07617099275343686
1.4622490880091454,0.11735534463725728
1.6427627787184707,0.17224899543385308
1.8455607661325835,0.24124018244802958
2.0733940320616497,0.3230013173518449
2.329353165215711,0.4143667937993507
2.6169102854537,0.5106386479496972
2.9399661435534976,0.6062916464707014
3.3029030354176987,0.6959064746174778
3.710644248503383,0.7750732854560143
4.168720846874621,0.8410192641900256
4.683346700825936,0.8928175329656769
5.261502778863538,0.931181521369046
5.911031845476362,0.9579740445419616
6.64074484928479,0.9756175376524722
7.4605404447366075,0.9865731414013711
8.381539268677866,0.9929877254196395
9.416234793278331,0.9965291722719286
10.578662801651687,0.9983727972269099
11.884591785129816,0.9992777868021182
13.351736844955687,0.9996966702649971
15.0,0.9998794891041569
