SA(1.0s) [g],Complete_damage
0.05000000000000001,0.0
0.056172467201025755,0.0
0.06310692142900626,0.0
0.07089742948257126,0.0
0.07964967064493539,1.1102230246251565e-16
0.08948237023750269,9.992007221626409e-16
0.10052891014472326,6.5503158452884236e-15
0.11293913815718663,4.2521541843143495e-14
0.1268814006769336,2.6123547769429933e-13
0.14254482635890514,1.5152323840084136e-12
0.16014189166643014,8.292144748622832e-12
0.17991130314285533,4.282840748714989e-11
0.2021212354977168,2.087785500037853e-10
0.2270729694325259,9.606603290635007e-10
0.2551049785537617,4.172772016808324e-09
0.28659752081259104,1.7111806416281183e-08
0.3219777967548112,6.625735637921792e-08
0.36172574455336326,2.422678152536051e-07
0.4063805504338082,8.3664965833119e-07
0.45654796280755766,2.7292816759949545e-06
0.5129085093300529,8.4118046049797e-06
0.5762267283493882,2.4499406860445383e-05
0.6473615399712076,6.74448674414796e-05
0.7272778974247632,0.00017554337735858905
0.8170598767824696,0.00043210948803007465
0.9179253825967483,0.0010063008053204925
1.0312426689380967,0.002217992881600961
1.1585488999444697,0.004629045915451546
1.3015710016583038,0.009152816793258078
1.4622490880091454,0.01715621145547863
1.6427627787184707,0.030507650447451518
1.8455607661325835,0.05150973973870632
2.0733940320616497,0.08266115913588812
2.329353165215711,0.1262298372261239
2.6169102854537,0.18368808508459655
2.9399661435534976,0.2551396968730215
3.3029030354176987,0.3389222324342016
3.710644248503383,0.4315576162895809
4.168720846874621,0.5281365313590944
4.683346700825936,0.623081024726564
5.261502778863538,0.7110924937063945
5.911031845476362,0.788021607779503
6.64074484928479,0.8514266893014667
7.4605404447366075,0.9007031071086837
8.381539268677866,0.9368137928033333
9.416234793278331,0.9617662692643532
10.578662801651687,0.9780244749974637
11.884591785129816,0.9880132516347991
13.351736844955687,0.9937999701797685
15.0,0.9969610276480013
