SA(1.0s) [g],Loss_ratio
0.05000000000000001,1.3196871830776522e-06
0.056172467201025755,4.073648572164144e-06
0.06310692142900626,1.1920914223339555e-05
0.07089742948257126,3.3077374741210924e-05
0.07964967064493539,8.704472741841362e-05
0.08948237023750269,0.00021729614980999697
0.10052891014472326,0.000514734646007176
0.11293913815718663,0.0011573860338228532
0.1268814006769336,0.0024711507552336674
0.14254482635890514,0.005012263584208086
0.16014189166643014,0.00966271223983799
0.17991130314285533,0.017715210720539835
0.2021212354977168,0.03090784949535257
0.2270729694325259,0.05135808084866231
0.2551049785537617,0.08135181974302841
0.28659752081259104,0.12297440788250369
0.3219777967548112,0.1776248762599318
0.36172574455336326,0.2455179114586785
0.4063805504338082,0.3253216491595551
0.45654796280755766,0.414075657113905
0.5129085093300529,0.507469745872847
0.5762267283493882,0.6004556746500955
0.6473615399712076,0.6880510110675611
0.7272778974247632,0.7661256004971713
0.8170598767824696,0.8319674265984822
0.9179253825967483,0.8845031909677017
1.0312426689380967,0.9241643728234964
1.1585488999444697,0.9524931845518327
1.3015710016583038,0.9716373138116988
1.4622490880091454,0.9838771862246147
1.6427627787184707,0.9912806981778851
1.8455607661325835,0.9955171182963217
2.0733940320616497,0.9978102833217646
2.329353165215711,0.9989844075367863
2.6169102854537,0.999552990698931
2.9399661435534976,0.9998133804851077
3.3029030354176987,0.99992613694252
3.710644248503383,0.9999722975543381
4.168720846874621,0.9999901593933328
4.683346700825936,0.999996690746811
5.261502778863538,0.9999989469926285
5.911031845476362,0.999999683107736
6.64074484928479,0.9999999098527477
7.4605404447366075,0.9999999757711738
8.381539268677866,0.9999999938506818
9.416234793278331,0.9999999985269743
10.578662801651687,0.9999999996671441
11.884591785129816,0.9999999999290847
13.351736844955687,0.9999999999857624
15.0,0.9999999999973076
