SA(1.0s) [g],Complete_damage
0.05000000000000001,2.2999158133529818e-10
0.056172467201025755,8.190855771417205e-10
0.06310692142900626,2.8031104104542237e-09
0.07089742948257126,9.218714680514495e-09
0.07964967064493539,2.9137197432582695e-08
0.08948237023750269,8.851216659611083e-08
0.10052891014472326,2.584457650112171e-07
0.11293913815718663,7.254104734677469e-07
0.1268814006769336,1.9574312811743155e-06
0.14254482635890514,5.078342580566719e-06
0.16014189166643014,1.2668913139668447e-05
0.17991130314285533,3.0394361785424096e-05
0.2021212354977168,7.013639360931023e-05
0.2270729694325259,0.00015568897175433083
0.2551049785537617,0.0003325151338567922
0.28659752081259104,0.0006834208930381891
0.3219777967548112,0.0013520190720407443
0.36172574455336326,0.0025751438227037404
0.4063805504338082,0.00472350519729936
0.45654796280755766,0.008346561373509975
0.5129085093300529,0.014212993863549905
0.5762267283493882,0.023333196336758455
0.6473615399712076,0.03694658936403794
0.7272778974247632,0.056456706808889145
0.8170598767824696,0.08330304579151215
0.9179253825967483,0.11877148017620498
1.0312426689380967,0.16376301398146786
1.1585488999444697,0.21855934350755368
1.3015710016583038,0.2826366247022605
1.4622490880091454,0.3545796439807386
1.6427627787184707,0.4321338308496323
1.8455607661325835,0.5124039412961475
2.0733940320616497,0.5921730067366657
2.329353165215711,0.6682839628300988
2.6169102854537,0.7380095001350051
2.9399661435534976,0.7993388779435036
3.3029030354176987,0.8511326109130737
3.710644248503383,0.8931295648612079
4.168720846874621,0.9258252350060043
4.683346700825936,0.9502648582061347
5.261502778863538,0.9678048953460313
5.911031845476362,0.9798913289519037
6.64074484928479,0.9878877821813294
7.4605404447366075,0.9929673656438918
8.381539268677866,0.9960654280257808
9.416234793278331,0.997879620894255
10.578662801651687,0.9988996389584598
11.884591785129816,0.9994502732361515
13.351736844955687,0.9997356702659308
15.0,0.9998776957649267
