SA(1.0s) [g],Complete_damage
0.05000000000000001,2.3273050153704844e-11
0.056172467201025755,8.880851609660567e-11
0.06310692142900626,3.256189762268491e-10
0.07089742948257126,1.1472047756200254e-09
0.07964967064493539,3.883939170279405e-09
0.08948237023750269,1.2636606872007405e-08
0.10052891014472326,3.951334248686322e-08
0.11293913815718663,1.1875273275840925e-07
0.1268814006769336,3.430554365024818e-07
0.14254482635890514,9.526722032360269e-07
0.16014189166643014,2.543446395386617e-06
0.17991130314285533,6.529008934164082e-06
0.2021212354977168,1.6116398827925593e-05
0.2270729694325259,3.825963149139966e-05
0.2551049785537617,8.736304963508079e-05
0.28659752081259104,0.0001919103157238533
0.3219777967548112,0.00040562977553570967
0.36172574455336326,0.0008251047494883812
0.4063805504338082,0.0016155991616904064
0.45654796280755766,0.003045883768531321
0.5129085093300529,0.005530602182431288
0.5762267283493882,0.009675015671030462
0.6473615399712076,0.01631214511807977
0.7272778974247632,0.026517519015539115
0.8170598767824696,0.04158390471117901
0.9179253825967483,0.0629399515004343
1.0312426689380967,0.0920045517156356
1.1585488999444697,0.1299832107156882
1.3015710016583038,0.1776314378652719
1.4622490880091454,0.2350279854700572
1.6427627787184707,0.3014109653449667
1.8455607661325835,0.3751266157528427
2.0733940320616497,0.4537215709287359
2.329353165215711,0.5341781690860771
2.6169102854537,0.6132570825362467
2.9399661435534976,0.6878833549206991
3.3029030354176987,0.7555001867584471
3.710644248503383,0.8143235534025015
4.168720846874621,0.8634569616373982
4.683346700825936,0.9028605538493717
5.261502778863538,0.9332013238251032
5.911031845476362,0.9556323515942673
6.64074484928479,0.9715545659853414
7.4605404447366075,0.9824060565574222
8.381539268677866,0.9895068498446828
9.416234793278331,0.993968091844863
10.578662801651687,0.9966592301728522
11.884591785129816,0.9982178760907265
13.351736844955687,0.9990846183773245
15.0,0.9995473865028891
