SA(0.6s) [g],Complete_damage
0.05000000000000001,6.661338147750939e-16
0.056172467201025755,4.107825191113079e-15
0.06310692142900626,2.353672812205332e-14
0.07089742948257126,1.268984917146554e-13
0.07964967064493539,6.519229600598919e-13
0.08948237023750269,3.188449504420987e-12
0.10052891014472326,1.4852896690342732e-11
0.11293913815718663,6.59007293180025e-11
0.1268814006769336,2.7851065897976923e-10
0.14254482635890514,1.121233550449574e-09
0.16014189166643014,4.300169220705641e-09
0.17991130314285533,1.5712512069221418e-08
0.2021212354977168,5.470352426595326e-08
0.2270729694325259,1.8148369140824627e-07
0.2551049785537617,5.737994113186318e-07
0.28659752081259104,1.729161559937964e-06
0.3219777967548112,4.967326990734655e-06
0.36172574455336326,1.3604643251285964e-05
0.4063805504338082,3.553056744265426e-05
0.45654796280755766,8.850138519278516e-05
0.5129085093300529,0.0002102924698039743
0.5762267283493882,0.00047679093974450915
0.6473615399712076,0.0010317675427061745
0.7272778974247632,0.002131673801227918
0.8170598767824696,0.004206291169876697
0.9179253825967483,0.007930396501635295
1.0312426689380967,0.0142926030674152
1.1585488999444697,0.024636773574002513
1.3015710016583038,0.040642886733254
1.4622490880091454,0.06421391852029534
1.6427627787184707,0.097248892741288
1.8455607661325835,0.14131170048681618
2.0733940320616497,0.1972453692979632
2.329353165215711,0.2648190374573398
2.6169102854537,0.3425125606103817
2.9399661435534976,0.42752751604770745
3.3029030354176987,0.5160613113138652
3.710644248503383,0.6038070602377241
4.168720846874621,0.6865719873595282
4.683346700825936,0.7608687365082636
5.261502778863538,0.8243428232788267
5.911031845476362,0.8759519150001563
6.64074484928479,0.915887401933112
7.4605404447366075,0.945297376752592
8.381539268677866,0.9659099915145515
9.416234793278331,0.9796590870526453
10.578662801651687,0.9883871446707541
11.884591785129816,0.9936602119506397
13.351736844955687,0.996692085153291
15.0,0.9983511391858225
