SA(0.6s) [g],Complete_damage
0.05000000000000001,2.6645352591003757e-15
0.056172467201025755,1.865174681370263e-14
0.06310692142900626,1.2401191185062999e-13
0.07089742948257126,7.737144258612716e-13
0.07964967064493539,4.5423664829513655e-12
0.08948237023750269,2.5082491639238924e-11
0.10052891014472326,1.3028544909587936e-10
0.11293913815718663,6.366533966684074e-10
0.1268814006769336,2.9270833534766894e-09
0.14254482635890514,1.2663111337296584e-08
0.16014189166643014,5.15552329716229e-08
0.17991130314285533,1.9755680291666522e-07
0.2021212354977168,7.126318402050913e-07
0.2270729694325259,2.420292386617895e-06
0.2551049785537617,7.740781927667584e-06
0.28659752081259104,2.3319135383670364e-05
0.3219777967548112,6.61850688959964e-05
0.36172574455336326,0.00017703223977982852
0.4063805504338082,0.0004464084962356729
0.45654796280755766,0.0010616096195176228
0.5129085093300529,0.0023819889622515023
0.5762267283493882,0.005045194952284171
0.6473615399712076,0.0100933865143229
0.7272778974247632,0.019086135447942132
0.8170598767824696,0.03414094201149642
0.9179253825967483,0.05782654271929277
1.0312426689380967,0.0928468967878675
1.1585488999444697,0.14150821913714018
1.3015710016583038,0.20505225756096945
1.4622490880091454,0.2830340984105426
1.6427627787184707,0.37297145080720817
1.8455607661325835,0.4704512855034313
2.0733940320616497,0.5697440518115663
2.329353165215711,0.6647932797768232
2.6169102854537,0.7503014662304863
2.9399661435534976,0.8225942291374694
3.3029030354176987,0.8800336204218431
3.710644248503383,0.9229232713230306
4.168720846874621,0.9530202302366114
4.683346700825936,0.9728683710565593
5.261502778863538,0.9851694668782417
5.911031845476362,0.992334102518554
6.64074484928479,0.9962557656991565
7.4605404447366075,0.9982730719365682
8.381539268677866,0.9992482819822929
9.416234793278331,0.9996913278421796
10.578662801651687,0.9998804849736611
11.884591785129816,0.9999563810929107
13.351736844955687,0.9999849990403735
15.0,0.9999951399908045
