SA(0.6s) [g],Complete_damage
0.05000000000000001,5.310543116365807e-10
0.056172467201025755,1.2731217191586097e-09
0.06310692142900626,2.9932127887377646e-09
0.07089742948257126,6.901616722565507e-09
0.07964967064493539,1.56069900336675e-08
0.08948237023750269,3.4614067501159695e-08
0.10052891014472326,7.52942879156393e-08
0.11293913815718663,1.6064188135267443e-07
0.1268814006769336,3.3616701400340787e-07
0.14254482635890514,6.900237032869683e-07
0.16014189166643014,1.389310934296617e-06
0.17991130314285533,2.7439509293625264e-06
0.2021212354977168,5.3163142910150896e-06
0.2270729694325259,1.0104609088679162e-05
0.2551049785537617,1.884175536615018e-05
0.28659752081259104,3.446957934338801e-05
0.3219777967548112,6.187065484664078e-05
0.36172574455336326,0.00010896588437581123
0.4063805504338082,0.00018831214266101792
0.45654796280755766,0.0003193558663725504
0.5129085093300529,0.0005315074379921292
0.5762267283493882,0.0008681868415549854
0.6473615399712076,0.0013919405678505248
0.7272778974247632,0.0021906301063506772
0.8170598767824696,0.0033845334582832676
0.9179253825967483,0.005133979950725065
1.0312426689380967,0.007646864199776338
1.1585488999444697,0.011185082647102274
1.3015710016583038,0.016068649627466014
1.4622490880091454,0.02267604069536633
1.6427627787184707,0.03143925113400681
1.8455607661325835,0.042832218246851794
2.0733940320616497,0.05735169039274901
2.329353165215711,0.07549035039889829
2.6169102854537,0.09770297963342778
2.9399661435534976,0.12436758344777432
3.3029030354176987,0.1557445322253347
3.710644248503383,0.1919377080544571
4.168720846874621,0.23286218063901498
4.683346700825936,0.2782228973302431
5.261502778863538,0.32750816792700577
5.911031845476362,0.380000371745158
6.64074484928479,0.4348044518966696
7.4605404447366075,0.49089263936586525
8.381539268677866,0.5471617881978411
9.416234793278331,0.6024980367114853
10.578662801651687,0.6558425193157789
11.884591785129816,0.7062517102470512
13.351736844955687,0.7529467093092708
15.0,0.7953472541133726
