SA(1.0s) [g],Loss_ratio
0.05000000000000001,8.591363439975512e-06
0.056172467201025755,1.598867143362129e-05
0.06310692142900626,2.9758159113628986e-05
0.07089742948257126,5.512155591346166e-05
0.07964967064493539,0.00010111626162040134
0.08948237023750269,0.00018295833133188174
0.10052891014472326,0.0003256877463506964
0.11293913815718663,0.0005698848816045578
0.1268814006769336,0.0009808654292185776
0.14254482635890514,0.0016636887832983023
0.16014189166643014,0.0027873623985330497
0.17991130314285533,0.004622181723498278
0.2021212354977168,0.007593072551984003
0.2270729694325259,0.012347623474350027
0.2551049785537617,0.019829098744481636
0.28659752081259104,0.03133257341290151
0.3219777967548112,0.04850976373328454
0.36172574455336326,0.07328172932526054
0.4063805504338082,0.1076266435243339
0.45654796280755766,0.15323809595825327
0.5129085093300529,0.2110959972062844
0.5762267283493882,0.2810439165265708
0.6473615399712076,0.3615010491572216
0.7272778974247632,0.44943098870334647
0.8170598767824696,0.540632711090317
0.9179253825967483,0.6303239428215626
1.0312426689380967,0.7138875891218324
1.1585488999444697,0.7875902978659562
1.3015710016583038,0.849087521820862
1.4622490880091454,0.8976012186322214
1.6427627787184707,0.9337639572157481
1.8455607661325835,0.9592215267168234
2.0733940320616497,0.9761384444642818
2.329353165215711,0.986745248628773
2.6169102854537,0.9930177270981074
2.9399661435534976,0.9965150967230014
3.3029030354176987,0.9983532205542147
3.710644248503383,0.9992636617820548
4.168720846874621,0.9996885939782014
4.683346700825936,0.9998754738736366
5.261502778863538,0.999952921573527
5.911031845476362,0.9999831721933786
6.64074484928479,0.9999943118644288
7.4605404447366075,0.999998181038352
8.381539268677866,0.9999994493842412
9.416234793278331,0.9999998420956658
10.578662801651687,0.9999999570566431
11.884591785129816,0.9999999889115443
13.351736844955687,0.9999999972779179
15.0,0.999999999363778
