SA(1.0s) [g],Loss_ratio
0.05000000000000001,8.591363439975512e-06
0.056172467201025755,1.598867143362129e-05
0.06310692142900626,2.975815911362899e-05
0.07089742948257126,5.512155591346167e-05
0.07964967064493539,0.00010111626162040134
0.08948237023750269,0.00018295833133188176
0.10052891014472326,0.00032568774635069643
0.11293913815718663,0.0005698848816045579
0.1268814006769336,0.0009808654292185776
0.14254482635890514,0.001663688783298302
0.16014189166643014,0.00278736239853305
0.17991130314285533,0.004622181723498278
0.2021212354977168,0.007593072551984004
0.2270729694325259,0.012347623474350027
0.2551049785537617,0.01982909874448164
0.28659752081259104,0.03133257341290151
0.3219777967548112,0.04850976373328454
0.36172574455336326,0.07328172932526054
0.4063805504338082,0.1076266435243339
0.45654796280755766,0.15323809595825327
0.5129085093300529,0.21109599720628444
0.5762267283493882,0.2810439165265708
0.6473615399712076,0.3615010491572217
0.7272778974247632,0.4494309887033465
0.8170598767824696,0.540632711090317
0.9179253825967483,0.6303239428215626
1.0312426689380967,0.7138875891218324
1.1585488999444697,0.7875902978659564
1.3015710016583038,0.849087521820862
1.4622490880091454,0.8976012186322214
1.6427627787184707,0.9337639572157482
1.8455607661325835,0.9592215267168234
2.0733940320616497,0.9761384444642818
2.329353165215711,0.986745248628773
2.6169102854537,0.9930177270981075
2.9399661435534976,0.9965150967230014
3.3029030354176987,0.9983532205542147
3.710644248503383,0.9992636617820548
4.168720846874621,0.9996885939782016
4.683346700825936,0.9998754738736367
5.261502778863538,0.9999529215735271
5.911031845476362,0.9999831721933787
6.64074484928479,0.9999943118644289
7.4605404447366075,0.999998181038352
8.381539268677866,0.9999994493842413
9.416234793278331,0.999999842095666
10.578662801651687,0.9999999570566432
11.884591785129816,0.9999999889115443
13.351736844955687,0.999999997277918
15.0,0.999999999363778
