SA(0.3s) [g],Complete_damage
0.05000000000000001,0.00012478400456350514
0.056172467201025755,0.00020426809142548574
0.06310692142900626,0.00032923473288914984
0.07089742948257126,0.0005225118514701199
0.07964967064493539,0.000816574069810394
0.08948237023750269,0.0012566934218103398
0.10052891014472326,0.0019046921537761996
0.11293913815718663,0.0028432267987346105
0.1268814006769336,0.004180434684132761
0.14254482635890514,0.0060546523287478005
0.16014189166643014,0.008638777782418616
0.17991130314285533,0.012143710207146663
0.2021212354977168,0.016820180640220395
0.2270729694325259,0.022958213789973425
0.2551049785537617,0.03088346001052711
0.28659752081259104,0.040949735209253046
0.3219777967548112,0.05352732250019809
0.36172574455336326,0.06898692737458834
0.4063805504338082,0.08767962374059746
0.45654796280755766,0.1099136456146188
0.5129085093300529,0.1359294119680502
0.5762267283493882,0.16587464788950823
0.6473615399712076,0.19978180488830533
0.7272778974247632,0.23755011384287106
0.8170598767824696,0.27893447252103276
0.9179253825967483,0.3235429547295642
1.0312426689380967,0.3708440495752081
1.1585488999444697,0.4201838592241396
1.3015710016583038,0.47081250103159533
1.4622490880091454,0.5219179979347033
1.6427627787184707,0.5726651278487482
1.8455607661325835,0.6222361513537905
2.0733940320616497,0.6698701256234056
2.329353165215711,0.7148976717378379
2.6169102854537,0.7567685693177887
2.9399661435534976,0.7950703345726726
3.3029030354176987,0.8295368863394454
3.710644248503383,0.8600473921302552
4.168720846874621,0.8866162876700461
4.683346700825936,0.9093761754384307
5.261502778863538,0.9285557623605908
5.911031845476362,0.9444551683145085
6.64074484928479,0.9574208411728357
7.4605404447366075,0.9678220000505522
8.381539268677866,0.9760300673149984
9.416234793278331,0.9824020206314279
10.578662801651687,0.9872680728129859
11.884591785129816,0.9909236287344049
13.351736844955687,0.9936251139258356
15.0,0.9955890359240767
