SA(0.3s) [g],Complete_damage
0.05000000000000001,0.00020597075654094077
0.056172467201025755,0.000342131705176385
0.06310692142900626,0.0005584315283770902
0.07089742948257126,0.0008957030854449544
0.07964967064493539,0.0014119093113593717
0.08948237023750269,0.0021874181217118593
0.10052891014472326,0.0033310077834558527
0.11293913815718663,0.0049862962946432
0.1268814006769336,0.00733807896118388
0.14254482635890514,0.010617828516573002
0.16014189166643014,0.015107392844490475
0.17991130314285533,0.021139759668371005
0.2021212354977168,0.029095696406750027
0.2270729694325259,0.03939516790739084
0.2551049785537617,0.05248272550313826
0.28659752081259104,0.06880656529944973
0.3219777967548112,0.08879165488187657
0.36172574455336326,0.11280816706224661
0.4063805504338082,0.14113733642490978
0.45654796280755766,0.1739376363592786
0.5129085093300529,0.21121471440683248
0.5762267283493882,0.2527986881195863
0.6473615399712076,0.29833209976038877
0.7272778974247632,0.34727103055858255
0.8170598767824696,0.3989006406364368
0.9179253825967483,0.45236486834319223
1.0312426689380967,0.5067083971013819
1.1585488999444697,0.5609275164026011
1.3015710016583038,0.6140253946939022
1.4622490880091454,0.6650667222308166
1.6427627787184707,0.7132267622637976
1.8455607661325835,0.757830556096254
2.0733940320616497,0.7983792473150015
2.329353165215711,0.834562029783447
2.6169102854537,0.8662538480805405
2.9399661435534976,0.8935004549940511
3.3029030354176987,0.9164935675119573
3.710644248503383,0.9355395406865288
4.168720846874621,0.9510251619386181
4.683346700825936,0.963383900750532
5.261502778863538,0.9730653355693357
5.911031845476362,0.9805096608766575
6.64074484928479,0.9861282981924345
7.4605404447366075,0.9902908215929089
8.381539268677866,0.9933177517650948
9.416234793278331,0.9954783207376755
10.578662801651687,0.9969920697681209
11.884591785129816,0.9980330910862173
13.351736844955687,0.9987358160174818
15.0,0.9992014354365784
