SA(0.6s) [g],Complete_damage
0.05000000000000001,5.536686628060394e-06
0.056172467201025755,9.797393795141218e-06
0.06310692142900626,1.7076830881923577e-05
0.07089742948257126,2.931931920946429e-05
0.07964967064493539,4.958668934651467e-05
0.08948237023750269,8.261458508851405e-05
0.10052891014472326,0.000135595593914406
0.11293913815718663,0.0002192551125204112
0.1268814006769336,0.0003492919277162665
0.14254482635890514,0.0005482552935676122
0.16014189166643014,0.0008479201073849918
0.17991130314285533,0.0012921975135188335
0.2021212354977168,0.0019405759344576223
0.2270729694325259,0.002872024185171518
0.2551049785537617,0.004189203099330019
0.28659752081259104,0.006022727408607875
0.3219777967548112,0.008535102295914365
0.36172574455336326,0.011923841043019023
0.4063805504338082,0.01642316859137516
0.45654796280755766,0.022303651803784907
0.5129085093300529,0.029869093759821608
0.5762267283493882,0.03945010791067838
0.6473615399712076,0.05139396372149452
0.7272778974247632,0.06605057323641961
0.8170598767824696,0.08375485779203962
0.9179253825967483,0.10480616872966275
1.0312426689380967,0.12944589133271434
1.1585488999444697,0.1578347797589974
1.3015710016583038,0.19003188812920224
1.4622490880091454,0.2259771175777664
1.6427627787184707,0.2654793429074144
1.8455607661325835,0.30821179123149767
2.0733940320616497,0.35371582569936666
2.329353165215711,0.40141358147731876
2.6169102854537,0.45062908157278125
2.9399661435534976,0.5006166227425367
3.3029030354176987,0.5505944720049893
3.710644248503383,0.5997813509931222
4.168720846874621,0.647432884951989
4.683346700825936,0.692875197014034
5.261502778863538,0.7355331359466771
5.911031845476362,0.7749511944761239
6.64074484928479,0.8108059284148437
7.4605404447366075,0.8429095249873049
8.381539268677866,0.8712049866173172
9.416234793278331,0.8957540985294703
10.578662801651687,0.9167198625511968
11.884591785129816,0.9343453649196802
13.351736844955687,0.948931096467601
15.0,0.9608125842576418
