SA(1.0s) [g],Complete_damage
0.05000000000000001,1.5788398366467504e-09
0.056172467201025755,4.106000317527503e-09
0.06310692142900626,1.0418006346490927e-08
0.07089742948257126,2.578985658363564e-08
0.07964967064493539,6.229121929379744e-08
0.08948237023750269,1.4680280746581786e-07
0.10052891014472326,3.3758935125138834e-07
0.11293913815718663,7.575451262953337e-07
0.1268814006769336,1.6588749850443563e-06
0.14254482635890514,3.545077785105377e-06
0.16014189166643014,7.393808093447696e-06
0.17991130314285533,1.5051027347223744e-05
0.2021212354977168,2.9905226165971577e-05
0.2270729694325259,5.8001709608790364e-05
0.2551049785537617,0.00010981955159938828
0.28659752081259104,0.0002030014026804805
0.3219777967548112,0.0003663848420595306
0.36172574455336326,0.000645709616191481
0.4063805504338082,0.0011113339092604368
0.45654796280755766,0.001868143430105218
0.5129085093300529,0.0030675387585327174
0.5762267283493882,0.0049209122851915366
0.6473615399712076,0.00771338166243285
0.7272778974247632,0.011815788888849488
0.8170598767824696,0.017692225089199765
0.9179253825967483,0.02589978782337843
1.0312426689380967,0.037077150539604475
1.1585488999444697,0.051919048586542615
1.3015710016583038,0.07113511655110982
1.4622490880091454,0.09539365356835006
1.6427627787184707,0.1252536462556153
1.8455607661325835,0.1610913200141364
2.0733940320616497,0.20303001964367717
2.329353165215711,0.25088367886860097
2.6169102854537,0.3041239668407596
2.9399661435534976,0.3618791142390878
3.3029030354176987,0.42296854234087067
3.710644248503383,0.48597230514076584
4.168720846874621,0.5493289227041991
4.683346700825936,0.6114505103719348
5.261502778863538,0.6708411737616238
5.911031845476362,0.726204078701598
6.64074484928479,0.7765245410817221
7.4605404447366075,0.8211204921581796
8.381539268677866,0.8596569048839018
9.416234793278331,0.8921261489235859
10.578662801651687,0.9188007601502411
11.884591785129816,0.9401680300797659
13.351736844955687,0.9568568250156497
15.0,0.9695662502189109
