SA(1.0s) [g],Complete_damage
0.05000000000000001,2.8523968298443947e-08
0.056172467201025755,6.870410296233587e-08
0.06310692142900626,1.614681641726179e-07
0.07089742948257126,3.7028832144958557e-07
0.07964967064493539,8.286300809956515e-07
0.08948237023750269,1.8095438373277872e-06
0.10052891014472326,3.8564439677202245e-06
0.11293913815718663,8.021174959238486e-06
0.1268814006769336,1.628349033699905e-05
0.14254482635890514,3.226585859239517e-05
0.16014189166643014,6.241015051444698e-05
0.17991130314285533,0.00011784637765566153
0.2021212354977168,0.00021725107420123013
0.2270729694325259,0.0003910490985373771
0.2551049785537617,0.0006873326158741699
0.28659752081259104,0.001179819766582324
0.3219777967548112,0.001978011271266289
0.36172574455336326,0.0032393859577719564
0.4063805504338082,0.005182981796631014
0.45654796280755766,0.008103047841453215
0.5129085093300529,0.012380688271402596
0.5762267283493882,0.018490682323979102
0.6473615399712076,0.02700014680806395
0.7272778974247632,0.03855564363499431
0.8170598767824696,0.05385594493639556
0.9179253825967483,0.07360909341547672
1.0312426689380967,0.09847462066631585
1.1585488999444697,0.12899458554475807
1.3015710016583038,0.1655200217576679
1.4622490880091454,0.20814182583184904
1.6427627787184707,0.25663641559268224
1.8455607661325835,0.3104361092945074
2.0733940320616497,0.36863187334963954
2.329353165215711,0.43001203224973417
2.6169102854537,0.4931353341367146
2.9399661435534976,0.5564313646882011
3.3029030354176987,0.6183167800052833
3.710644248503383,0.6773131391502919
4.168720846874621,0.7321518422029196
4.683346700825936,0.7818538803707431
5.261502778863538,0.8257763018726838
5.911031845476362,0.8636225993141168
6.64074484928479,0.8954195562385594
7.4605404447366075,0.9214674580412477
8.381539268677866,0.9422732834068202
9.416234793278331,0.9584772804086723
10.578662801651687,0.9707823577330136
11.884591785129816,0.9798934723852661
13.351736844955687,0.9864713173077793
15.0,0.9911017404960389
