SA(0.6s) [g],Complete_damage
0.05000000000000001,3.515110424956447e-11
0.056172467201025755,1.2204381949487697e-10
0.06310692142900626,4.0913383791973956e-10
0.07089742948257126,1.3243570684551287e-09
0.07964967064493539,4.1395707972569085e-09
0.08948237023750269,1.2495044443561198e-08
0.10052891014472326,3.6423041027688896e-08
0.11293913815718663,1.0254067583925774e-07
0.1268814006769336,2.788211257431783e-07
0.14254482635890514,7.323103908829509e-07
0.16014189166643014,1.8579672930174596e-06
0.17991130314285533,4.553976524990233e-06
0.2021212354977168,1.0784336748281831e-05
0.2270729694325259,2.4676872309226106e-05
0.2551049785537617,5.456691820626691e-05
0.28659752081259104,0.00011661787370120802
0.3219777967548112,0.00024091105622203735
0.36172574455336326,0.000481138819629523
0.4063805504338082,0.0009291369983354114
0.45654796280755766,0.0017352697396603167
0.5129085093300529,0.003134902919701532
0.5762267283493882,0.005479668038826935
0.6473615399712076,0.009269866850213027
0.7272778974247632,0.015181428820105203
0.8170598767824696,0.024077949329690096
0.9179253825967483,0.03699656182578104
1.0312426689380967,0.05509701171515924
1.1585488999444697,0.07956739287157077
1.3015710016583038,0.11148791710325123
1.4622490880091454,0.15166489413607187
1.6427627787184707,0.20045845317696864
1.8455607661325835,0.25763603292517645
2.0733940320616497,0.32228581970374304
2.329353165215711,0.3928178691369587
2.6169102854537,0.46706573957840936
2.9399661435534976,0.5424810635936439
3.3029030354176987,0.616392782795238
3.710644248503383,0.6862876215188477
4.168720846874621,0.7500632872631351
4.683346700825936,0.8062124093201375
5.261502778863538,0.8539113784961754
5.911031845476362,0.8930092436399459
6.64074484928479,0.9239317786001714
7.4605404447366075,0.9475297727606224
8.381539268677866,0.9649059004722071
9.416234793278331,0.9772514029320337
10.578662801651687,0.9857147537656356
11.884591785129816,0.9913130214314133
13.351736844955687,0.9948861006706321
15.0,0.9970865391732405
