SA(0.6s) [g],Complete_damage
0.05000000000000001,5.20041121276904e-10
0.056172467201025755,1.6715157036273354e-09
0.06310692142900626,5.187976048759424e-09
0.07089742948257126,1.554971240658176e-08
0.07964967064493539,4.500986072741853e-08
0.08948237023750269,1.25828784836024e-07
0.10052891014472326,3.397565231377797e-07
0.11293913815718663,8.861395316417386e-07
0.1268814006769336,2.2326305667563773e-06
0.14254482635890514,5.434370731638438e-06
0.16014189166643014,1.2780273486501237e-05
0.17991130314285533,2.9042532332379523e-05
0.2021212354977168,6.37796111334632e-05
0.2270729694325259,0.0001353745906097492
0.2551049785537617,0.0002777545321511754
0.28659752081259104,0.0005509617245308407
0.3219777967548112,0.001056801094524995
0.36172574455336326,0.001960472226333887
0.4063805504338082,0.0035181784855286002
0.45654796280755766,0.006109004118565298
0.5129085093300529,0.010266849666278333
0.5762267283493882,0.016705222825797228
0.6473615399712076,0.026324925125842835
0.7272778974247632,0.040193277964387764
0.8170598767824696,0.05948477609969771
0.9179253825967483,0.08537792717739556
1.0312426689380967,0.11891165083541999
1.1585488999444697,0.16081576126941688
1.3015710016583038,0.21134112815590034
1.4622490880091454,0.27012258733855943
1.6427627787184707,0.33610820884724635
1.8455607661325835,0.40758027574968836
2.0733940320616497,0.4822769844342346
2.329353165215711,0.5576029474263529
2.6169102854537,0.630896542102058
2.9399661435534976,0.6997087432858679
3.3029030354176987,0.7620453225866146
3.710644248503383,0.8165330324771161
4.168720846874621,0.8624879713128595
4.683346700825936,0.8998855815358932
5.261502778863538,0.9292508175763541
5.911031845476362,0.9514993356064616
6.64074484928479,0.967764055209384
7.4605404447366075,0.9792368684012795
8.381539268677866,0.9870454302589242
9.416234793278331,0.99217345268575
10.578662801651687,0.9954228770728187
11.884591785129816,0.997409614801973
13.351736844955687,0.9985816810150112
15.0,0.9992488581774225
