SA(0.6s) [g],Complete_damage
0.05000000000000001,1.0309531006669204e-12
0.056172467201025755,3.935074488481405e-12
0.06310692142900626,1.4500289857721782e-11
0.07089742948257126,5.15874010176276e-11
0.07964967064493539,1.7720325207193355e-10
0.08948237023750269,5.877288655753432e-10
0.10052891014472326,1.8822553515818186e-09
0.11293913815718663,5.820992354799159e-09
0.1268814006769336,1.738420341013125e-08
0.14254482635890514,5.013904658124346e-08
0.16014189166643014,1.3966487633076952e-07
0.17991130314285533,3.757654819525058e-07
0.2021212354977168,9.765543993456305e-07
0.2270729694325259,2.451659399049788e-06
0.2551049785537617,5.9462822176170604e-06
0.28659752081259104,1.39345785742373e-05
0.3219777967548112,3.155371609819824e-05
0.36172574455336326,6.905031395276762e-05
0.4063805504338082,0.00014604769394310768
0.45654796280755766,0.00029860640403678307
0.5129085093300529,0.0005902652521345697
0.5762267283493882,0.0011282754362456071
0.6473615399712076,0.002085873211001399
0.7272778974247632,0.003730446168177637
0.8170598767824696,0.0064556603092117415
0.9179253825967483,0.010813042743744283
1.0312426689380967,0.01753550472934895
1.1585488999444697,0.027542616144362597
1.3015710016583038,0.04191626013266414
1.4622490880091454,0.06183688059797521
1.6427627787184707,0.0884758071840488
1.8455607661325835,0.12284810066519714
2.0733940320616497,0.16564164661112069
2.329353165215711,0.2170490948125967
2.6169102854537,0.276636141149489
2.9399661435534976,0.3432793246024185
3.3029030354176987,0.4151973398446336
3.710644248503383,0.49008284225988463
4.168720846874621,0.5653206104728634
4.683346700825936,0.6382583272660963
5.261502778863538,0.7064837950108187
5.911031845476362,0.7680608573466965
6.64074484928479,0.8216861258960599
7.4605404447366075,0.8667468369667459
8.381539268677866,0.9032814590306233
9.416234793278331,0.931863232997868
10.578662801651687,0.9534382766881434
11.884591785129816,0.9691524696936726
13.351736844955687,0.9801960609769153
15.0,0.9876847595924352
