SA(1.0s) [g],Complete_damage
0.05000000000000001,0.0
0.056172467201025755,1.1102230246251565e-16
0.06310692142900626,5.551115123125783e-16
0.07089742948257126,2.9976021664879227e-15
0.07964967064493539,1.609823385706477e-14
0.08948237023750269,8.237854842718662e-14
0.10052891014472326,4.0378811405616943e-13
0.11293913815718663,1.8921531008686543e-12
0.1268814006769336,8.473666213149045e-12
0.14254482635890514,3.6269209857664464e-11
0.16014189166643014,1.4837930883970785e-10
0.17991130314285533,5.802344160699136e-10
0.2021212354977168,2.168979995609277e-09
0.2270729694325259,7.751039698966622e-09
0.2551049785537617,2.6481944526146606e-08
0.28659752081259104,8.650907601381874e-08
0.3219777967548112,2.7023114990143426e-07
0.36172574455336326,8.072634006817125e-07
0.4063805504338082,2.30648221455354e-06
0.45654796280755766,6.303680050168126e-06
0.5129085093300529,1.6481916854327316e-05
0.5762267283493882,4.123424509960838e-05
0.6473615399712076,9.872347023331951e-05
0.7272778974247632,0.00022624515224933806
0.8170598767824696,0.0004963976935943304
0.9179253825967483,0.0010429878234727852
1.0312426689380967,0.0020991788095758857
1.1585488999444697,0.004048355901826395
1.3015710016583038,0.007483844586522181
1.4622490880091454,0.013266859664328945
1.6427627787184707,0.022563989296084608
1.8455607661325835,0.03683886626450594
2.0733940320616497,0.0577715512172573
2.329353165215711,0.08708768608097917
2.6169102854537,0.12629957953594695
2.9399661435534976,0.17639042348551026
3.3029030354176987,0.23750269162808246
3.710644248503383,0.30871056987365886
4.168720846874621,0.3879529172065128
4.683346700825936,0.4721731232663743
5.261502778863538,0.5576610866194476
5.911031845476362,0.6405360501181985
6.64074484928479,0.717267150618356
7.4605404447366075,0.7851170446878089
8.381539268677866,0.842417298701993
9.416234793278331,0.8886334191967733
10.578662801651687,0.924234232256141
11.884591785129816,0.950425453200306
13.351736844955687,0.9688281241715923
15.0,0.9811772195089721
