SA(1.0s) [g],Complete_damage
0.05000000000000001,4.801048447689027e-12
0.056172467201025755,2.2266077870369827e-11
0.06310692142900626,9.830303238089755e-11
0.07089742948257126,4.1317527177398006e-10
0.07964967064493539,1.6533981961330824e-09
0.08948237023750269,6.299845423107797e-09
0.10052891014472326,2.2857493897632253e-08
0.11293913815718663,7.897950982105328e-08
0.1268814006769336,2.599156430083127e-07
0.14254482635890514,8.147652332812783e-07
0.16014189166643014,2.4331568627689037e-06
0.17991130314285533,6.923203121900201e-06
0.2021212354977168,1.8772082457485517e-05
0.2270729694325259,4.851362034674622e-05
0.2551049785537617,0.00011952200686671244
0.28659752081259104,0.00028077817009519723
0.3219777967548112,0.0006291025014264484
0.36172574455336326,0.001344771905593456
0.4063805504338082,0.002743400993677314
0.45654796280755766,0.00534328770922976
0.5129085093300529,0.009940222392852638
0.5762267283493882,0.017671380154918315
0.6473615399712076,0.030038918517236834
0.7272778974247632,0.04885740696312568
0.8170598767824696,0.07609377144491991
0.9179253825967483,0.11358905445182721
1.0312426689380967,0.16268745877961954
1.1585488999444697,0.22384098252530404
1.3015710016583038,0.296291094733222
1.4622490880091454,0.3779343256195087
1.6427627787184707,0.4654457802204891
1.8455607661325835,0.5546680472299228
2.0733940320616497,0.6411937718875702
2.329353165215711,0.7210081001228762
2.6169102854537,0.7910374459230749
2.9399661435534976,0.8494818325307966
3.3029030354176987,0.8958765983442052
3.710644248503383,0.9309080802713106
4.168720846874621,0.9560681154936581
4.683346700825936,0.9732561826497549
5.261502778863538,0.9844249624320204
5.911031845476362,0.9913281092141537
6.64074484928479,0.9953864729159713
7.4605404447366075,0.9976559043218075
8.381539268677866,0.9988630095613648
9.416234793278331,0.9994737193870434
10.578662801651687,0.9997676102446537
11.884591785129816,0.9999021337946539
13.351736844955687,0.9999607032648687
15.0,0.9999849584527499
