SA(1.0s) [g],Complete_damage
0.05000000000000001,3.1086244689504383e-15
0.056172467201025755,1.787459069646502e-14
0.06310692142900626,9.825473767932635e-14
0.07089742948257126,5.133671265866724e-13
0.07964967064493539,2.5511814882861472e-12
0.08948237023750269,1.2069012456095152e-11
0.10052891014472326,5.435096817052454e-11
0.11293913815718663,2.3301216511839584e-10
0.1268814006769336,9.510698895098812e-10
0.14254482635890514,3.6960821070408656e-09
0.16014189166643014,1.3677343368989625e-08
0.17991130314285533,4.8198337321281315e-08
0.2021212354977168,1.6176174155724254e-07
0.2270729694325259,5.171075887488996e-07
0.2551049785537617,1.5747096511198322e-06
0.28659752081259104,4.568711006958104e-06
0.3219777967548112,1.2630673885682953e-05
0.36172574455336326,3.3279202708236255e-05
0.4063805504338082,8.358260454166544e-05
0.45654796280755766,0.00020014699653025936
0.5129085093300529,0.00045706534397582654
0.5762267283493882,0.0009956889122055834
0.6473615399712076,0.0020697696458128467
0.7272778974247632,0.004107046947168458
0.8170598767824696,0.007782622016327623
0.9179253825967483,0.01409020019417373
1.0312426689380967,0.024386055329712497
1.1585488999444697,0.04037150516254484
1.3015710016583038,0.06397901376054715
1.4622490880091454,0.09714084341776652
1.6427627787184707,0.14144964453283326
1.8455607661325835,0.19776214787958035
2.0733940320616497,0.2658364344059758
2.329353165215711,0.34411175923617865
2.6169102854537,0.42972289111131357
2.9399661435534976,0.5187862809115775
3.3029030354176987,0.6069179188502307
3.710644248503383,0.6898701548819186
4.168720846874621,0.7641358002735688
4.683346700825936,0.8273786422663219
5.261502778863538,0.878605566257628
5.911031845476362,0.9180738794206362
6.64074484928479,0.9469981302571292
7.4605404447366075,0.9671603710983036
8.381539268677866,0.9805287405238142
9.416234793278331,0.9889597747816404
10.578662801651687,0.9940173905970173
11.884591785129816,0.9969032366281406
13.351736844955687,0.9984694919595322
15.0,0.9992780548064771
