SA(1.0s) [g],Loss_ratio
0.05000000000000001,3.3458362710253277e-08
0.056172467201025755,9.12381671859548e-08
0.06310692142900626,2.381354589171693e-07
0.07089742948257126,5.952200779544694e-07
0.07964967064493539,1.425698302159291e-06
0.08948237023750269,3.2752406844751294e-06
0.10052891014472326,7.2242809330107385e-06
0.11293913815718663,1.5320789810063602e-05
0.1268814006769336,3.129409296478463e-05
0.14254482635890514,6.170057564803523e-05
0.16014189166643014,0.00011774091517960242
0.17991130314285533,0.00021815249825216077
0.2021212354977168,0.000393869944445699
0.2270729694325259,0.0006956019998904838
0.2551049785537617,0.0012060730839911706
0.28659752081259104,0.002059256194711462
0.3219777967548112,0.003469085990209818
0.36172574455336326,0.005769246280374146
0.4063805504338082,0.009462932537108532
0.45654796280755766,0.015276529662413442
0.5129085093300529,0.024204296063751504
0.5762267283493882,0.03752416101394623
0.6473615399712076,0.05676081130010345
0.7272778974247632,0.08357512676460807
0.8170598767824696,0.11957120421336721
0.9179253825967483,0.16603275511178056
1.0312426689380967,0.22362433418558722
1.1585488999444697,0.2921118687330836
1.3015710016583038,0.37016509313077456
1.4622490880091454,0.45530046977414984
1.6427627787184707,0.5440093362694911
1.8455607661325835,0.6320923992004224
2.0733940320616497,0.7151826702228921
2.329353165215711,0.789380833296828
2.6169102854537,0.851863738858272
2.9399661435534976,0.9012949345962591
3.3029030354176987,0.9379039401363053
3.710644248503383,0.963210735696425
4.168720846874621,0.9795040020048464
4.683346700825936,0.989263102247855
5.261502778863538,0.9947021730827381
5.911031845476362,0.9975281488465311
6.64074484928479,0.9989024617277565
7.4605404447366075,0.9995321854600184
8.381539268677866,0.9998066332765453
9.416234793278331,0.999921745594152
10.578662801651687,0.9999687893052208
11.884591785129816,0.999987710845658
13.351736844955687,0.9999952372455203
15.0,0.9999981939845981
