SA(1.0s) [g],Complete_damage
0.05000000000000001,4.440892098500626e-16
0.056172467201025755,2.886579864025407e-15
0.06310692142900626,1.687538997430238e-14
0.07089742948257126,9.403589018575076e-14
0.07964967064493539,4.990452495690079e-13
0.08948237023750269,2.5192070651769427e-12
0.10052891014472326,1.2094880652568918e-11
0.11293913815718663,5.522526880241685e-11
0.1268814006769336,2.398301557349214e-10
0.14254482635890514,9.906763187572665e-10
0.16014189166643014,3.892732136634436e-09
0.17991130314285533,1.4551537974583084e-08
0.2021212354977168,5.1752985119613015e-08
0.2270729694325259,1.7513735361962546e-07
0.2551049785537617,5.640123336148051e-07
0.28659752081259104,1.7287011697675325e-06
0.3219777967548112,5.043524297310142e-06
0.36172574455336326,1.4008762033057565e-05
0.4063805504338082,3.7050472233457477e-05
0.45654796280755766,9.332598831979233e-05
0.5129085093300529,0.00022393602355841313
0.5762267283493882,0.0005119982261638789
0.6473615399712076,0.0011157369652788907
0.7272778974247632,0.0023181818788319264
0.8170598767824696,0.004593986829432795
0.9179253825967483,0.008687148400084665
1.0312426689380967,0.015682942478973394
1.1585488999444697,0.027045332189358895
1.3015710016583038,0.04458240514904399
1.4622490880091454,0.07030409571042595
1.6427627787184707,0.10615474833590077
1.8455607661325835,0.15363903725238326
2.0733940320616497,0.21340559773398415
2.329353165215711,0.284891787660676
2.6169102854537,0.3661452147613511
2.9399661435534976,0.4539093214009108
3.3029030354176987,0.5439933779212369
3.710644248503383,0.6318621776710267
4.168720846874621,0.7133095736471664
4.683346700825936,0.7850518951858008
5.261502778863538,0.8451041473903913
5.911031845476362,0.8928723322500898
6.64074484928479,0.9289803487660216
7.4605404447366075,0.9549175938363729
8.381539268677866,0.9726227278708812
9.416234793278331,0.9841076900465953
10.578662801651687,0.9911873873496307
11.884591785129816,0.9953345813275497
13.351736844955687,0.9976431792176723
15.0,0.998864405798169
