SA(0.6s) [g],Loss_ratio
0.05000000000000001,5.553061884902788e-10
0.056172467201025755,2.055919875560553e-09
0.06310692142900626,7.189069810321907e-09
0.07089742948257126,2.3749329745483314e-08
0.07964967064493539,7.414615169829469e-08
0.08948237023750269,2.1886020934044944e-07
0.10052891014472326,6.11105696682759e-07
0.11293913815718663,1.6152241119970458e-06
0.1268814006769336,4.044837957945048e-06
0.14254482635890514,9.607916940521485e-06
0.16014189166643014,2.168172647150953e-05
0.17991130314285533,4.658015848211451e-05
0.2021212354977168,9.553445436272358e-05
0.2270729694325259,0.00018774330836952426
0.2551049785537617,0.000355186348967129
0.28659752081259104,0.0006506262135213766
0.3219777967548112,0.0011615104686591125
0.36172574455336326,0.002034231832778348
0.4063805504338082,0.0035147249649403866
0.45654796280755766,0.006011103276708778
0.5129085093300529,0.010179641571675729
0.5762267283493882,0.01702472389822873
0.6473615399712076,0.02798625892709278
0.7272778974247632,0.04496861420292726
0.8170598767824696,0.07025272862939705
0.9179253825967483,0.10624040956016467
1.0312426689380967,0.15501690011038496
1.1585488999444697,0.21778366952498818
1.3015710016583038,0.294290187395385
1.4622490880091454,0.382448169898999
1.6427627787184707,0.4783083020492441
1.8455607661325835,0.5764978410838795
2.0733940320616497,0.671071739647108
2.329353165215711,0.756571902907359
2.6169102854537,0.8289910479612435
2.9399661435534976,0.8863552277377009
3.3029030354176987,0.9287754362554591
3.710644248503383,0.9580138714232935
4.168720846874621,0.9767715522675838
4.683346700825936,0.9879597844078296
5.261502778863538,0.9941594128933522
5.911031845476362,0.9973497993860497
6.64074484928479,0.9988748213878123
7.4605404447366075,0.999552507351832
8.381539268677866,0.9998329274559915
9.416234793278331,0.9999412543673408
10.578662801651687,0.999980463853047
11.884591785129816,0.999993824502626
13.351736844955687,0.9999981346760417
15.0,0.9999994590927586
