SA(1.0s) [g],Loss_ratio
0.05000000000000001,4.847227425457779e-12
0.056172467201025755,1.9859791699867482e-11
0.06310692142900626,7.805962586771417e-11
0.07089742948257126,2.9435420203888215e-10
0.07964967064493539,1.064950696764118e-09
0.08948237023750269,3.696829878265541e-09
0.10052891014472326,1.2313966527496375e-08
0.11293913815718663,3.93609252841602e-08
0.1268814006769336,1.2074375162586005e-07
0.14254482635890514,3.554942523639303e-07
0.16014189166643014,1.0046373747890598e-06
0.17991130314285533,2.7254581525518502e-06
0.2021212354977168,7.0986012473809125e-06
0.2270729694325259,1.7752709565356743e-05
0.2551049785537617,4.263611598145682e-05
0.28659752081259104,9.835187461110425e-05
0.3219777967548112,0.00021795194516886828
0.36172574455336326,0.00046409354107040983
0.4063805504338082,0.0009497864624268233
0.45654796280755766,0.0018687459914735105
0.5129085093300529,0.003536147094854363
0.5762267283493882,0.006437942433051401
0.6473615399712076,0.011282786298987045
0.7272778974247632,0.01904557355335449
0.8170598767824696,0.0309869980200868
0.9179253825967483,0.04863113630120533
1.0312426689380967,0.07368425494166972
1.1585488999444697,0.10788296699728299
1.3015710016583038,0.15276760889020508
1.4622490880091454,0.209387217780429
1.6427627787184707,0.2779590463274932
1.8455607661325835,0.3575338094377714
2.0733940320616497,0.44575773096299587
2.329353165215711,0.5388562539097357
2.6169102854537,0.6319549979603662
2.9399661435534976,0.7197674893652392
3.3029030354176987,0.7975256373434344
3.710644248503383,0.8618806745983534
4.168720846874621,0.9114609795512588
4.683346700825936,0.9468913389095526
5.261502778863538,0.9703036561577557
5.911031845476362,0.9845722165356562
6.64074484928479,0.9925747613339442
7.4605404447366075,0.9966975405434477
8.381539268677866,0.998645590921164
9.416234793278331,0.9994887369062699
10.578662801651687,0.9998226497656509
11.884591785129816,0.999943542796299
13.351736844955687,0.9999835260686559
15.0,0.9999955982501151
