SA(0.6s) [g],Complete_damage
0.05000000000000001,9.103828801926284e-15
0.056172467201025755,6.350475700855895e-14
0.06310692142900626,4.135580766728708e-13
0.07089742948257126,2.531752585355207e-12
0.07964967064493539,1.4554690785928415e-11
0.08948237023750269,7.859601858228871e-11
0.10052891014472326,3.986954100199114e-10
0.11293913815718663,1.9000730988594228e-09
0.1268814006769336,8.508169724308345e-09
0.14254482635890514,3.5800798880991636e-08
0.16014189166643014,1.415794602666054e-07
0.17991130314285533,5.262913146397707e-07
0.2021212354977168,1.8392738460049074e-06
0.2270729694325259,6.044305156938101e-06
0.2551049785537617,1.868198687171585e-05
0.28659752081259104,5.4323360182739755e-05
0.3219777967548112,0.0001486493087995422
0.36172574455336326,0.00038290951469188705
0.4063805504338082,0.0009288650213334915
0.45654796280755766,0.0021228754661015703
0.5129085093300529,0.004573359341322192
0.5762267283493882,0.009292784151751277
0.6473615399712076,0.01782222162771252
0.7272778974247632,0.03228815125371609
0.8170598767824696,0.055311443840446284
0.9179253825967483,0.089697635132866
1.0312426689380967,0.13789204292809565
1.1585488999444697,0.2012798121292596
1.3015710016583038,0.2795165603377815
1.4622490880091454,0.370134214669704
1.6427627787184707,0.4686286467958797
1.8455607661325835,0.569091952267696
2.0733940320616497,0.665253220630651
2.329353165215711,0.7516285662933018
2.6169102854537,0.8244360812757523
2.9399661435534976,0.8820276955525987
3.3029030354176987,0.9247779504952046
3.710644248503383,0.95455723785794
4.168720846874621,0.9740236399210017
4.683346700825936,0.9859649638467897
5.261502778863538,0.9928390380999713
5.911031845476362,0.9965524266994054
6.64074484928479,0.9984348637315279
7.4605404447366075,0.9993303599902075
8.381539268677866,0.9997301203088288
9.416234793278331,0.9998975866207068
10.578662801651687,0.9999634200264386
11.884591785129816,0.9999877059968376
13.351736844955687,0.9999961132476107
15.0,0.9999988443691581
