SA(0.6s) [g],Complete_damage
0.05000000000000001,0.0004896418739349651
0.056172467201025755,0.0007598097991254882
0.06310692142900626,0.00116181952792338
0.07089742948257126,0.0017506738415024037
0.07964967064493539,0.0025997520311380473
0.08948237023750269,0.003804943480823497
0.10052891014472326,0.005488907995338743
0.11293913815718663,0.007805120334817617
0.1268814006769336,0.010941238027425304
0.14254482635890514,0.01512122458036913
0.16014189166643014,0.02060558478936536
0.17991130314285533,0.027689047566890723
0.2021212354977168,0.036695086558143575
0.2270729694325259,0.047966817018084695
0.2551049785537617,0.061854056840332516
0.28659752081259104,0.07869668448591283
0.3219777967548112,0.0988048445430243
0.36172574455336326,0.12243700333379859
0.4063805504338082,0.14977728834862725
0.45654796280755766,0.18091389355682486
0.5129085093300529,0.2158205350319109
0.5762267283493882,0.2543429455521805
0.6473615399712076,0.2961921715874223
0.7272778974247632,0.3409459794388964
0.8170598767824696,0.3880590210606464
0.9179253825967483,0.4368816186494876
1.0312426689380967,0.48668619041576466
1.1585488999444697,0.5366995614076272
1.3015710016583038,0.5861387841920414
1.4622490880091454,0.6342477178773588
1.6427627787184707,0.6803315320035135
1.8455607661325835,0.7237865255565502
2.0733940320616497,0.7641231499308025
2.329353165215711,0.8009808302016295
2.6169102854537,0.8341339979432347
2.9399661435534976,0.8634895767147002
3.3029030354176987,0.8890768993676431
3.710644248503383,0.9110316052707531
4.168720846874621,0.9295754157446862
4.683346700825936,0.944993801655724
5.261502778863538,0.9576134547323384
5.911031845476362,0.9677811960946354
6.64074484928479,0.9758455602760238
7.4605404447366075,0.9821418446843436
8.381539268677866,0.9869809726053975
9.416234793278331,0.9906421302106313
10.578662801651687,0.9933688361204951
11.884591785129816,0.9953679002324969
13.351736844955687,0.996810625672532
15.0,0.9978355910530224
