SA(1.0s) [g],Loss_ratio
0.05000000000000001,5.740345491934833e-07
0.056172467201025755,1.1288848672510197e-06
0.06310692142900626,2.1738712168631438e-06
0.07089742948257126,4.102247351896233e-06
0.07964967064493539,7.59241434088722e-06
0.08948237023750269,1.3794444113376126e-05
0.10052891014472326,2.4627051180320148e-05
0.11293913815718663,4.324447709211646e-05
0.1268814006769336,7.476119023878344e-05
0.14254482635890514,0.00012736109286518965
0.16014189166643014,0.000213967591620005
0.17991130314285533,0.0003547087868563012
0.2021212354977168,0.0005804698534156618
0.2270729694325259,0.000937865657765229
0.2551049785537617,0.001495963540614782
0.28659752081259104,0.0023550016152103274
0.3219777967548112,0.003657139129433059
0.36172574455336326,0.005598905183094647
0.4063805504338082,0.008444466160384155
0.45654796280755766,0.012538141191690094
0.5129085093300529,0.01831385412837308
0.5762267283493882,0.026298588234759605
0.6473615399712076,0.03710663173847158
0.7272778974247632,0.05142170189062639
0.8170598767824696,0.06996506901616037
0.9179253825967483,0.09344954894473209
1.0312426689380967,0.12252141715453078
1.1585488999444697,0.15769440513479135
1.3015710016583038,0.19928137183417755
1.4622490880091454,0.24732962665379177
1.6427627787184707,0.3015653931390049
1.8455607661325835,0.3613523797548359
2.0733940320616497,0.425669981265757
2.329353165215711,0.49311877600202536
2.6169102854537,0.5619636316832355
2.9399661435534976,0.6302250002463314
3.3029030354176987,0.6958234162936745
3.710644248503383,0.7567692989257323
4.168720846874621,0.8113726448257353
4.683346700825936,0.8584322451890974
5.261502778863538,0.8973601494275758
5.911031845476362,0.9282090686272684
6.64074484928479,0.9515956970251767
7.4605404447366075,0.96854195526923
8.381539268677866,0.9802770935929228
9.416234793278331,0.9880485903148015
10.578662801651687,0.9929787481656234
11.884591785129816,0.9959836389532248
13.351736844955687,0.9977508854975878
15.0,0.9987596791199775
