SA(1.0s) [g],Complete_damage
0.05000000000000001,2.915445662665661e-13
0.056172467201025755,1.066813304362313e-12
0.06310692142900626,3.7831959787126834e-12
0.07089742948257126,1.300148877447782e-11
0.07964967064493539,4.330114045103528e-11
0.08948237023750269,1.3976297896789447e-10
0.10052891014472326,4.372057160750842e-10
0.11293913815718663,1.3255497810504835e-09
0.1268814006769336,3.8952894243493574e-09
0.14254482635890514,1.1095202867572596e-08
0.16014189166643014,3.063390752178208e-08
0.17991130314285533,8.199032353051194e-08
0.2021212354977168,2.1273505634855638e-07
0.2270729694325259,5.351271300524374e-07
0.2551049785537617,1.3050997262897823e-06
0.28659752081259104,3.086235549343286e-06
0.3219777967548112,7.076941782147017e-06
0.36172574455336326,1.5737253458047995e-05
0.4063805504338082,3.3940481704353154e-05
0.45654796280755766,7.099955211831155e-05
0.5129085093300529,0.0001440750735963725
0.5762267283493882,0.0002836414163089884
0.6473615399712076,0.0005418204198442966
0.7272778974247632,0.001004406607012509
0.8170598767824696,0.0018071855760646294
0.9179253825967483,0.0031565553005781233
1.0312426689380967,0.005353391351408776
1.1585488999444697,0.00881753664179663
1.3015710016583038,0.014108397860961519
1.4622490880091454,0.021935274895304335
1.6427627787184707,0.03314984336606375
1.8455607661325835,0.048713390328145034
2.0733940320616497,0.06963362684441488
2.329353165215711,0.09687046128090371
2.6169102854537,0.13121666438328905
2.9399661435534976,0.17316675720854868
3.3029030354176987,0.2227938953983455
3.710644248503383,0.27965793002317507
4.168720846874621,0.3427664882782133
4.683346700825936,0.4106041716168729
5.261502778863538,0.4812336385078716
5.911031845476362,0.5524587312045237
6.64074484928479,0.622027175877113
7.4605404447366075,0.6878420019813973
8.381539268677866,0.748148949775675
9.416234793278331,0.8016722785734667
10.578662801651687,0.8476821505599523
11.884591785129816,0.8859902898773465
13.351736844955687,0.9168835110674785
15.0,0.9410140713965589
