SA(1.0s) [g],Loss_ratio
0.05000000000000001,2.4421485667458346e-10
0.056172467201025755,1.0174997450334291e-09
0.06310692142900626,3.9719733480283676e-09
0.07089742948257126,1.4530392208986417e-08
0.07964967064493539,4.982544098360004e-08
0.08948237023750269,1.6019533661756612e-07
0.10052891014472326,4.830796968644673e-07
0.11293913815718663,1.3668886109268052e-06
0.1268814006769336,3.6308425283969494e-06
0.14254482635890514,9.059594724682281e-06
0.16014189166643014,2.125084211538575e-05
0.17991130314285533,4.690818964475363e-05
0.2021212354977168,9.75681541619894e-05
0.2270729694325259,0.00019157670502899034
0.2551049785537617,0.0003559946524230006
0.28659752081259104,0.0006282680393625246
0.3219777967548112,0.0010583273021454633
0.36172574455336326,0.001713624147840563
0.4063805504338082,0.0026925125619522566
0.45654796280755766,0.00415471568341724
0.5129085093300529,0.006379850569961418
0.5762267283493882,0.00986355024202479
0.6473615399712076,0.015452382673761854
0.7272778974247632,0.02450070505288387
0.8170598767824696,0.03900461828868314
0.9179253825967483,0.061635636578494746
1.0312426689380967,0.09557272551569765
1.1585488999444697,0.14403713940424856
1.3015710016583038,0.20949553329182596
1.4622490880091454,0.29263146588172606
1.6427627787184707,0.3913781110150902
1.8455607661325835,0.5004705514713638
2.0733940320616497,0.6119593763703207
2.329353165215711,0.716801805110437
2.6169102854537,0.8070864326470929
2.9399661435534976,0.8779928496470165
3.3029030354176987,0.92862449397767
3.710644248503383,0.9614395658522422
4.168720846874621,0.9807432457871452
4.683346700825936,0.9910734113503703
5.261502778863538,0.996128773266441
5.911031845476362,0.9984115951336603
6.64074484928479,0.9993752650890344
7.4605404447366075,0.9997617309466238
8.381539268677866,0.9999113302032964
9.416234793278331,0.9999678341002747
10.578662801651687,0.9999887014235973
11.884591785129816,0.9999961913002816
13.351736844955687,0.999998777950575
15.0,0.9999996290628961
