SA(1.0s) [g],Complete_damage
0.05000000000000001,0.0
0.056172467201025755,0.0
0.06310692142900626,3.3306690738754696e-16
0.07089742948257126,1.6653345369377348e-15
0.07964967064493539,9.658940314238862e-15
0.08948237023750269,5.284661597215745e-14
0.10052891014472326,2.760014439218139e-13
0.11293913815718663,1.373012814553931e-12
0.1268814006769336,6.508904526469905e-12
0.14254482635890514,2.940514498561697e-11
0.16014189166643014,1.265983984310992e-10
0.17991130314285533,5.194602525904202e-10
0.2021212354977168,2.031543377967182e-09
0.2270729694325259,7.573255578208204e-09
0.2551049785537617,2.6912754691466034e-08
0.28659752081259104,9.117855559459542e-08
0.3219777967548112,2.945305949131338e-07
0.36172574455336326,9.072356886852262e-07
0.4063805504338082,2.665115714339805e-06
0.45654796280755766,7.467558154949927e-06
0.5129085093300529,1.9960672082874886e-05
0.5762267283493882,5.09074337086135e-05
0.6473615399712076,0.00012390292925101853
0.7272778974247632,0.0002878537528608893
0.8170598767824696,0.0006384991676149365
0.9179253825967483,0.0013526008521441701
1.0312426689380967,0.0027374088920377737
1.1585488999444697,0.0052945635498040655
1.3015710016583038,0.00979093901866901
1.4622490880091454,0.01731940576571034
1.6427627787184707,0.029322386584824
1.8455607661325835,0.04754499293380299
2.0733940320616497,0.073888334172165
2.329353165215711,0.11015188784376506
2.6169102854537,0.15768641076825296
2.9399661435534976,0.21701818140477558
3.3029030354176987,0.28753698972281827
3.710644248503383,0.367347884525831
4.168720846874621,0.45335987698746294
4.683346700825936,0.5416262907065303
5.261502778863538,0.6278787746471302
5.911031845476362,0.7081365997517108
6.64074484928479,0.7792485808456386
7.4605404447366075,0.8392467132698387
8.381539268677866,0.8874495033979104
9.416234793278331,0.9243256913044753
10.578662801651687,0.9511889778020051
11.884591785129816,0.9698232062726573
13.351736844955687,0.9821316368432547
15.0,0.9898732730802219
