PGA [g],Loss_ratio
0.05000000000000001,1.7040098605740083e-09
0.056172467201025755,5.404296725159377e-09
0.06310692142900626,1.647662448921779e-08
0.07089742948257126,4.828556358362546e-08
0.07964967064493539,1.3601748285110534e-07
0.08948237023750269,3.683494607809024e-07
0.10052891014472326,9.592335007185286e-07
0.11293913815718663,2.4029818859175933e-06
0.1268814006769336,5.793658349436868e-06
0.14254482635890514,1.3452301179844996e-05
0.16014189166643014,3.0102037797920732e-05
0.17991130314285533,6.496983887747202e-05
0.2021212354977168,0.00013537797571723157
0.2270729694325259,0.0002726123807375737
0.2551049785537617,0.0005310986144822921
0.28659752081259104,0.0010021375325351917
0.3219777967548112,0.0018335802697398357
0.36172574455336326,0.0032567375644303636
0.4063805504338082,0.005621328417991138
0.45654796280755766,0.00943806737408491
0.5129085093300529,0.015426104473655524
0.5762267283493882,0.024558385132101124
0.6473615399712076,0.03809164083818804
0.7272778974247632,0.0575595086143407
0.8170598767824696,0.08469950291973471
0.9179253825967483,0.1212825964516214
1.0312426689380967,0.1688261630352064
1.1585488999444697,0.22820432446618427
1.3015710016583038,0.2992233501587027
1.4622490880091454,0.38028666473057215
1.6427627787184707,0.4683012071662305
1.8455607661325835,0.5589402852055911
2.0733940320616497,0.6472689464105602
2.329353165215711,0.7285924647213544
2.6169102854537,0.7992789087587
2.9399661435534976,0.8572994617358747
3.3029030354176987,0.9023386455844493
3.710644248503383,0.9354962651266716
4.168720846874621,0.9587448946403109
4.683346700825936,0.9743558685606862
5.261502778863538,0.9844584931551968
5.911031845476362,0.9907990821859254
6.64074484928479,0.9946777856370332
7.4605404447366075,0.9969965700003983
8.381539268677866,0.9983511121668698
9.416234793278331,0.9991223312032146
10.578662801651687,0.9995486063612977
11.884591785129816,0.9997763522582781
13.351736844955687,0.9998935088588237
15.0,0.9999513574890857
