PGA [g],Loss_ratio
0.05000000000000001,1.2815430419254246e-09
0.056172467201025755,4.007453538252474e-09
0.06310692142900626,1.2101991289840068e-08
0.07089742948257126,3.529594182019338e-08
0.07964967064493539,9.94265628521213e-08
0.08948237023750269,2.7053551139517677e-07
0.10052891014472326,7.110993762139691e-07
0.11293913815718663,1.8057901677012174e-06
0.1268814006769336,4.430886103859303e-06
0.14254482635890514,1.0506695503265717e-05
0.16014189166643014,2.4080910414708594e-05
0.17991130314285533,5.3358733308596056e-05
0.2021212354977168,0.00011433449172811246
0.2270729694325259,0.0002369861667717301
0.2551049785537617,0.0004753369883659508
0.28659752081259104,0.0009229915056360358
0.3219777967548112,0.0017358870859172798
0.36172574455336326,0.003163776822277007
0.4063805504338082,0.00559112927540981
0.45654796280755766,0.00958638225357195
0.5129085093300529,0.01595542607864466
0.5762267283493882,0.025790350849941503
0.6473615399712076,0.04049753789727828
0.7272778974247632,0.06178055605359458
0.8170598767824696,0.0915455217978655
0.9179253825967483,0.13169548721334984
1.0312426689380967,0.1837951674465447
1.1585488999444697,0.24862622633468312
1.3015710016583038,0.32571512895317956
1.4622490880091454,0.41298009384486306
1.6427627787184707,0.5066718959724061
1.8455607661325835,0.601735237010094
2.0733940320616497,0.692584101205856
2.329353165215711,0.7741113010981432
2.6169102854537,0.8426271949922661
2.9399661435534976,0.8964246233294981
3.3029030354176987,0.9358092062305039
3.710644248503383,0.9626455392651108
4.168720846874621,0.9796396989794309
4.683346700825936,0.9896281540020223
5.261502778863538,0.9950712113406097
5.911031845476362,0.9978186399207957
6.64074484928479,0.9991021524793674
7.4605404447366075,0.9996567328683176
8.381539268677866,0.9998782265955394
9.416234793278331,0.9999599539841733
10.578662801651687,0.9999878016770303
11.884591785129816,0.99999656073137
13.351736844955687,0.9999991030131419
15.0,0.9999997837175645
