SA(1.0s) [g],Loss_ratio
0.05000000000000001,5.267325028083138e-06
0.056172467201025755,1.0838167443517663e-05
0.06310692142900626,2.1826243528404068e-05
0.07089742948257126,4.3021883754103285e-05
0.07964967064493539,8.299953819385767e-05
0.08948237023750269,0.00015670688731705555
0.10052891014472326,0.0002894970018191828
0.11293913815718663,0.0005231607069807213
0.1268814006769336,0.0009245592353559048
0.14254482635890514,0.0015973746731746093
0.16014189166643014,0.002697202461863846
0.17991130314285533,0.00444962170219727
0.2021212354977168,0.007169944657268386
0.2270729694325259,0.01128209654985369
0.2551049785537617,0.017332669108920777
0.28659752081259104,0.025994943303187308
0.3219777967548112,0.03805704849359691
0.36172574455336326,0.05438893792065184
0.4063805504338082,0.07588494110196049
0.45654796280755766,0.10338243231326458
0.5129085093300529,0.1375622715180323
0.5762267283493882,0.17884218616505457
0.6473615399712076,0.22727873294548637
0.7272778974247632,0.28249531396855165
0.8170598767824696,0.3436517228456619
0.9179253825967483,0.40946467773382655
1.0312426689380967,0.47827998824191087
1.1585488999444697,0.5481878819173069
1.3015710016583038,0.6171664189354837
1.4622490880091454,0.6832356519552818
1.6427627787184707,0.7446068976613882
1.8455607661325835,0.7998147802129213
2.0733940320616497,0.8478217580505498
2.329353165215711,0.8880846700143701
2.6169102854537,0.920572438945514
2.9399661435534976,0.945727166065892
3.3029030354176987,0.964369730379686
3.710644248503383,0.9775639410676499
4.168720846874621,0.9864647877367069
4.683346700825936,0.9921804429201191
5.261502778863538,0.9956719201839389
5.911031845476362,0.9977012987645009
6.64074484928479,0.9988251269793955
7.4605404447366075,0.999419645743666
8.381539268677866,0.9997213488773894
9.416234793278331,0.9998690865737929
10.578662801651687,0.9999394112677331
11.884591785129816,0.9999722212999536
13.351736844955687,0.9999873423361887
15.0,0.9999942660763169
