SA(0.6s) [g],Complete_damage
0.05000000000000001,4.0650720034562937e-07
0.056172467201025755,7.972499609376626e-07
0.06310692142900626,1.5370374943923792e-06
0.07089742948257126,2.913068815946218e-06
0.07964967064493539,5.427587608353157e-06
0.08948237023750269,9.94184916836005e-06
0.10052891014472326,1.7903879550917878e-05
0.11293913815718663,3.1700293986025585e-05
0.1268814006769336,5.518655773462111e-05
0.14254482635890514,9.446614778618745e-05
0.16014189166643014,0.00015900560084702864
0.17991130314285533,0.00026318670257308163
0.2021212354977168,0.0004284049273847179
0.2270729694325259,0.0006858190126284303
0.2551049785537617,0.0010798333462608278
0.28659752081259104,0.0016723452803817374
0.3219777967548112,0.0025477070157159387
0.36172574455336326,0.0038182325497972958
0.4063805504338082,0.005629925637094968
0.45654796280755766,0.008167923513564213
0.5129085093300529,0.011660961316916407
0.5762267283493882,0.01638399157515058
0.6473615399712076,0.02265797817423909
0.7272778974247632,0.030845865694619556
0.8170598767824696,0.041343841729951536
0.9179253825967483,0.054567289946517605
1.0312426689380967,0.07093128343837429
1.1585488999444697,0.09082607159555178
1.3015710016583038,0.11458871690980166
1.4622490880091454,0.142472757198282
1.6427627787184707,0.174618396692374
1.8455607661325835,0.2110261511518332
2.0733940320616497,0.25153698430510907
2.329353165215711,0.2958217056786616
2.6169102854537,0.3433817356780233
2.9399661435534976,0.3935623283594816
3.3029030354176987,0.4455780846478846
3.710644248503383,0.4985492482773035
4.168720846874621,0.5515460394176694
4.683346700825936,0.6036373280893903
5.261502778863538,0.6539394254351236
5.911031845476362,0.7016607565987547
6.64074484928479,0.7461386765799112
7.4605404447366075,0.786865623130643
8.381539268677866,0.823503027025279
9.416234793278331,0.8558827397830334
10.578662801651687,0.8839970056065747
11.884591785129816,0.907979036300482
13.351736844955687,0.9280769330876635
15.0,0.9446239882434724
