SA(0.6s) [g],Complete_damage
0.05000000000000001,2.34771029761216e-06
0.056172467201025755,4.394813104990902e-06
0.06310692142900626,8.088387938753883e-06
0.07089742948257126,1.4636059804007395e-05
0.07964967064493539,2.604012464124672e-05
0.08948237023750269,4.5554975049322266e-05
0.10052891014472326,7.836477356393257e-05
0.11293913815718663,0.0001325617050685901
0.1268814006769336,0.00022052037263886604
0.14254482635890514,0.00036077442005510996
0.16014189166643014,0.000580502211589673
0.17991130314285533,0.0009187129667720395
0.2021212354977168,0.001430185930227701
0.2270729694325259,0.002190146048606234
0.2551049785537617,0.0032995552965748853
0.28659752081259104,0.004890758445303622
0.3219777967548112,0.007133051397958501
0.36172574455336326,0.010237553483881445
0.4063805504338082,0.01446058621996571
0.45654796280755766,0.020104622985711584
0.5129085093300529,0.02751581593351593
0.5762267283493882,0.03707716803067129
0.6473615399712076,0.04919663203206215
0.7272778974247632,0.0642898008520646
0.8170598767824696,0.08275739687767514
0.9179253825967483,0.10495843208306455
1.0312426689380967,0.13118062524702112
1.1585488999444697,0.16161032936128528
1.3015710016583038,0.19630472927031528
1.4622490880091454,0.23516930820247672
1.6427627787184707,0.2779434684211064
1.8455607661325835,0.3241966867985586
2.0733940320616497,0.37333671078243924
2.329353165215711,0.42463013756687873
2.6169102854537,0.47723440876254364
2.9399661435534976,0.5302389703032042
3.3029030354176987,0.5827122765454495
3.710644248503383,0.6337506183702666
4.168720846874621,0.6825245344959638
4.683346700825936,0.7283188572654937
5.261502778863538,0.7705632037634629
5.911031845476362,0.8088508343853267
6.64074484928479,0.8429450987857007
7.4605404447366075,0.8727739888687782
8.381539268677866,0.8984144478959522
9.416234793278331,0.9200689113750664
10.578662801651687,0.9380370043694963
11.884591785129816,0.9526853800047049
13.351736844955687,0.9644184015652469
15.0,0.9736518341706829
