SA(0.3s) [g],Loss_ratio
0.05000000000000001,1.738618957339113e-11
0.056172467201025755,5.233999055165523e-11
0.06310692142900626,1.556903865717996e-10
0.07089742948257126,4.574222036506547e-10
0.07964967064493539,1.3260933030118007e-09
0.08948237023750269,3.787796190914809e-09
0.10052891014472326,1.064017825104339e-08
0.11293913815718663,2.933367142513344e-08
0.1268814006769336,7.919988214624303e-08
0.14254482635890514,2.0899906006853154e-07
0.16014189166643014,5.380480572268284e-07
0.17991130314285533,1.3491049009037553e-06
0.2021212354977168,3.2901287811105515e-06
0.2270729694325259,7.795055259383003e-06
0.2551049785537617,1.7924864098628205e-05
0.28659752081259104,3.997594458469099e-05
0.3219777967548112,8.64166370631091e-05
0.36172574455336326,0.00018099423863673577
0.4063805504338082,0.00036717074155914444
0.45654796280755766,0.0007213078725389591
0.5129085093300529,0.0013720672845923113
0.5762267283493882,0.0025270798049711017
0.6473615399712076,0.004506787121673195
0.7272778974247632,0.007783237595546049
0.8170598767824696,0.013018486144560516
0.9179253825967483,0.021093433931789803
1.0312426689380967,0.03311428009329009
1.1585488999444697,0.05038160328691276
1.3015710016583038,0.07430814184577746
1.4622490880091454,0.10627718496283058
1.6427627787184707,0.1474449106003236
1.8455607661325835,0.1985061889724032
2.0733940320616497,0.25946124499623047
2.329353165215711,0.32943477968562246
2.6169102854537,0.40660306999925766
2.9399661435534976,0.4882726273027755
3.3029030354176987,0.5711247675906296
3.710644248503383,0.6515991515979094
4.168720846874621,0.7263479288950374
4.683346700825936,0.7926656952578677
5.261502778863538,0.8488009905067817
5.911031845476362,0.8940850078885362
6.64074484928479,0.9288631319253611
7.4605404447366075,0.9542669813833858
8.381539268677866,0.9719004303703485
9.416234793278331,0.9835219855883452
10.578662801651687,0.9907890241521443
11.884591785129816,0.9950975093580106
13.351736844955687,0.9975179933451223
15.0,0.9988058084645061
