SA(0.6s) [g],Complete_damage
0.05000000000000001,1.3826074729550442e-08
0.056172467201025755,3.554920680048923e-08
0.06310692142900626,8.895166514477637e-08
0.07089742948257126,2.166160115724125e-07
0.07964967064493539,5.134048974841932e-07
0.08948237023750269,1.18436289875401e-06
0.10052891014472326,2.659433460450167e-06
0.11293913815718663,5.812986004105625e-06
0.1268814006769336,1.2369261901845618e-05
0.14254482635890514,2.5624401321922008e-05
0.16014189166643014,5.1684818422770284e-05
0.17991130314285533,0.00010150995062097046
0.2021212354977168,0.0001941471979415299
0.2270729694325259,0.00036163876898154257
0.2551049785537617,0.0006561286990472981
0.28659752081259104,0.001159650366150955
0.3219777967548112,0.0019968637096933195
0.36172574455336326,0.0033505699240300446
0.4063805504338082,0.005479115943484825
0.45654796280755766,0.008733824018730019
0.5129085093300529,0.013573446080200391
0.5762267283493882,0.020571564613951376
0.6473615399712076,0.030412165312206252
0.7272778974247632,0.04386867477823375
0.8170598767824696,0.061762935187182344
0.9179253825967483,0.08490305632517958
1.0312426689380967,0.11400272648771559
1.1585488999444697,0.1495888831273804
1.3015710016583038,0.1919087899716152
1.4622490880091454,0.24085047650519842
1.6427627787184707,0.2958911553580359
1.8455607661325835,0.3560859953260602
2.0733940320616497,0.4201044793424934
2.329353165215711,0.4863142602840209
2.6169102854537,0.5529043443053132
2.9399661435534976,0.6180323263102845
3.3029030354176987,0.679975909768026
3.710644248503383,0.7372681324396235
4.168720846874621,0.7887987861138779
4.683346700825936,0.8338707268552439
5.261502778863538,0.8722076700857935
5.911031845476362,0.9039178939545174
6.64074484928479,0.9294244440973732
7.4605404447366075,0.9493759053066891
8.381539268677866,0.9645522871578907
9.416234793278331,0.9757784751964079
10.578662801651687,0.9838539280459143
11.884591785129816,0.9895029327897976
13.351736844955687,0.9933457298112004
15.0,0.9958878341588724
