SA(0.6s) [g],Complete_damage
0.05000000000000001,1.3023284839430715e-06
0.056172467201025755,2.915216251175856e-06
0.06310692142900626,6.352285491617593e-06
0.07089742948257126,1.3474946817471078e-05
0.07964967064493539,2.7828725443379554e-05
0.08948237023750269,5.595810690750547e-05
0.10052891014472326,0.0001095654350610209
0.11293913815718663,0.0002089132299273322
0.1268814006769336,0.0003879583297757838
0.14254482635890514,0.0007017466907429659
0.16014189166643014,0.0012365344382051502
0.17991130314285533,0.0021228662449410685
0.2021212354977168,0.003551370466199799
0.2270729694325259,0.005790282683469927
0.2551049785537617,0.00920270665470413
0.28659752081259104,0.014260479433385154
0.3219777967548112,0.02155045527127253
0.36172574455336326,0.03176839496995265
0.4063805504338082,0.045695828059105104
0.45654796280755766,0.06415657840846956
0.5129085093300529,0.08795226077941276
0.5762267283493882,0.11777980805863497
0.6473615399712076,0.15413843764814616
0.7272778974247632,0.19723752437985853
0.8170598767824696,0.24691954399790828
0.9179253825967483,0.3026125988333147
1.0312426689380967,0.3633244494374972
1.1585488999444697,0.42768452447592387
1.3015710016583038,0.494032894295375
1.4622490880091454,0.5605471320286192
1.6427627787184707,0.6253911066110012
1.8455607661325835,0.6868656455635579
2.0733940320616497,0.7435406515097136
2.329353165215711,0.7943517404720849
2.6169102854537,0.8386509581263333
2.9399661435534976,0.8762091109646495
3.3029030354176987,0.90717496020034
3.710644248503383,0.9320024236611291
4.168720846874621,0.9513600577675103
4.683346700825936,0.9660372421848205
5.261502778863538,0.9768591480770501
5.911031845476362,0.9846186752473959
6.64074484928479,0.9900291732439985
7.4605404447366075,0.9936978518897266
8.381539268677866,0.9961169446486674
9.416234793278331,0.9976681373654581
10.578662801651687,0.9986354109852151
11.884591785129816,0.9992219585611993
13.351736844955687,0.9995678401302847
15.0,0.9997661853924212
