SA(1.0s) [g],Loss_ratio
0.05000000000000001,5.736065344791068e-08
0.056172467201025755,1.9603556831425726e-07
0.06310692142900626,6.368493166742794e-07
0.07089742948257126,1.9668385238189555e-06
0.07964967064493539,5.7755086096851635e-06
0.08948237023750269,1.6127618934676992e-05
0.10052891014472326,4.283391662067258e-05
0.11293913815718663,0.00010822631113821685
0.1268814006769336,0.0002602003455243075
0.14254482635890514,0.0005954282678087993
0.16014189166643014,0.0012972709809874901
0.17991130314285533,0.0026919314449711587
0.2021212354977168,0.005322360562535655
0.2270729694325259,0.010031207003751434
0.2551049785537617,0.0180319940334671
0.28659752081259104,0.030934725345121004
0.3219777967548112,0.050684489897506124
0.36172574455336326,0.07937736991569964
0.4063805504338082,0.11894308204824536
0.45654796280755766,0.17072726690823764
0.5129085093300529,0.23505662848542078
0.5762267283493882,0.3109066489270192
0.6473615399712076,0.3957927347854005
0.7272778974247632,0.4859603982721167
0.8170598767824696,0.5768671988802603
0.9179253825967483,0.6638570692978178
1.0312426689380967,0.7428630272762872
1.1585488999444697,0.8109645775488622
1.3015710016583038,0.8666755040155057
1.4622490880091454,0.9099249861093645
1.6427627787184707,0.9417843723103789
1.8455607661325835,0.9640509500682032
2.0733940320616497,0.9788132590866365
2.329353165215711,0.9880952991050108
2.6169102854537,0.9936288012048374
2.9399661435534976,0.9967554335643017
3.3029030354176987,0.9984292137199952
3.710644248503383,0.9992777328514694
4.168720846874621,0.99968486589022
4.683346700825936,0.999869651340231
5.261502778863538,0.9999489343103691
5.911031845476362,0.9999810694192475
6.64074484928479,0.9999933653724425
7.4605404447366075,0.999997803654541
8.381539268677866,0.9999993138162127
9.416234793278331,0.999999797850206
10.578662801651687,0.9999999438885002
11.884591785129816,0.9999999853362211
13.351736844955687,0.9999999963946836
15.0,0.9999999991666041
