SA(0.6s) [g],Complete_damage
0.05000000000000001,0.0
0.056172467201025755,2.220446049250313e-16
0.06310692142900626,1.3322676295501878e-15
0.07089742948257126,8.215650382226158e-15
0.07964967064493539,4.718447854656915e-14
0.08948237023750269,2.59015031645049e-13
0.10052891014472326,1.351252443271278e-12
0.11293913815718663,6.6990857305881946e-12
0.1268814006769336,3.1558977653389775e-11
0.14254482635890514,1.4128609393537772e-10
0.16014189166643014,6.01137695177556e-10
0.17991130314285533,2.430973422562488e-09
0.2021212354977168,9.344468865357669e-09
0.2270729694325259,3.414580185268079e-08
0.2551049785537617,1.186240129458227e-07
0.28659752081259104,3.9184074318576734e-07
0.3219777967548112,1.230843338140275e-06
0.36172574455336326,3.677163357918012e-06
0.4063805504338082,1.044979856656969e-05
0.45654796280755766,2.825295573538611e-05
0.5129085093300529,7.268862773701645e-05
0.5762267283493882,0.00017799685446662217
0.6473615399712076,0.0004149645158568749
0.7272778974247632,0.000921269838343286
0.8170598767824696,0.0019484175438332363
0.9179253825967483,0.003926984042442738
1.0312426689380967,0.0075457964317020565
1.1585488999444697,0.013830422620271232
1.3015710016583038,0.02419355564079617
1.4622490880091454,0.040419171284963196
1.6427627787184707,0.06454098779964423
1.8455607661325835,0.09859103739761443
2.0733940320616497,0.14422882425577943
2.329353165215711,0.20230936331690352
2.6169102854537,0.2724930309107513
2.9399661435534976,0.35301992239087254
3.3029030354176987,0.440749357744036
3.710644248503383,0.5314999152057811
4.168720846874621,0.620635856269455
4.683346700825936,0.7037655120879097
5.261502778863538,0.7773792128198567
5.911031845476362,0.8392749584033237
6.64074484928479,0.8886903608450777
7.4605404447366075,0.9261499621502104
8.381539268677866,0.9531126448390863
9.416234793278331,0.9715399581740758
10.578662801651687,0.9834979903748059
11.884591785129816,0.9908660982831446
13.351736844955687,0.9951768256396757
15.0,0.9975714819216935
