SA(0.6s) [g],Complete_damage
0.05000000000000001,6.372680161348399e-14
0.056172467201025755,3.4650060598551136e-13
0.06310692142900626,1.7920109840474652e-12
0.07089742948257126,8.805289830604579e-12
0.07964967064493539,4.11146672263385e-11
0.08948237023750269,1.8244161736902242e-10
0.10052891014472326,7.694057613250038e-10
0.11293913815718663,3.0840754394745318e-09
0.1268814006769336,1.1750853401437666e-08
0.14254482635890514,4.2562732782691626e-08
0.16014189166643014,1.4657178704080565e-07
0.17991130314285533,4.799345576511627e-07
0.2021212354977168,1.4944451163234618e-06
0.2270729694325259,4.425946373731726e-06
0.2551049785537617,1.2468947547139564e-05
0.28659752081259104,3.342170509790243e-05
0.3219777967548112,8.524913888352526e-05
0.36172574455336326,0.00020697255097812395
0.4063805504338082,0.0004784194191645996
0.45654796280755766,0.0010531869764615065
0.5129085093300529,0.0022087581953292856
0.5762267283493882,0.004414723045467195
0.6473615399712076,0.008413232982459773
0.7272778974247632,0.015294933770368058
0.8170598767824696,0.026540767985070324
0.9179253825967483,0.04399039298601937
1.0312426689380967,0.06969904290029139
1.1585488999444697,0.10566332439366244
1.3015710016583038,0.1534341361798035
1.4622490880091454,0.21368358992568148
1.6427627787184707,0.2858346942603047
1.8455607661325835,0.3678759539613199
2.0733940320616497,0.4564529996640536
2.329353165215711,0.5472579729751903
2.6169102854537,0.6356468598028665
2.9399661435534976,0.7173399389044135
3.3029030354176987,0.7890322198391074
3.710644248503383,0.8487713638820129
4.168720846874621,0.8960369410773651
4.683346700825936,0.9315452663463182
5.261502778863538,0.9568740609454759
5.911031845476362,0.9740293402460923
6.64074484928479,0.9850619893664241
7.4605404447366075,0.9917988930763297
8.381539268677866,0.9957049552175085
9.416234793278331,0.9978553389168734
10.578662801651687,0.9989794014643335
11.884591785129816,0.9995373092012916
13.351736844955687,0.9998002338697816
15.0,0.9999178852330561
