SA(0.6s) [g],Complete_damage
0.05000000000000001,4.0093878994618137e-07
0.056172467201025755,8.476730783968378e-07
0.06310692142900626,1.754590536640066e-06
0.07089742948257126,3.555804079957703e-06
0.07964967064493539,7.055591272897566e-06
0.08948237023750269,1.370827823132803e-05
0.10052891014472326,2.608004088133775e-05
0.11293913815718663,4.8588467319810036e-05
0.1268814006769336,8.865094229937309e-05
0.14254482635890514,0.0001584114325855479
0.16014189166643014,0.0002772508190750367
0.17991130314285533,0.000475307923855639
0.2021212354977168,0.0007982313999164159
0.2270729694325259,0.001313327186087787
0.2551049785537617,0.002117141209775908
0.28659752081259104,0.00334430457224133
0.3219777967548112,0.0051771608814519254
0.36172574455336326,0.007855303546829173
0.4063805504338082,0.011683711973198618
0.45654796280755766,0.017037757969865286
0.5129085093300529,0.024363054746544877
0.5762267283493882,0.03416805602832673
0.6473615399712076,0.04700759412479871
0.7272778974247632,0.06345625213013406
0.8170598767824696,0.08407160991675999
0.9179253825967483,0.1093489065767781
1.0312426689380967,0.1396703398003446
1.1585488999444697,0.17525380052179695
1.3015710016583038,0.21610699356531482
1.4622490880091454,0.2619933102621348
1.6427627787184707,0.3124152749783946
1.8455607661325835,0.36661982053713194
2.0733940320616497,0.4236271939616668
2.329353165215711,0.482282288331505
2.6169102854537,0.541324120709263
2.9399661435534976,0.5994665670443241
3.3029030354176987,0.6554818013581342
3.710644248503383,0.7082774822082107
4.168720846874621,0.7569596615736132
4.683346700825936,0.8008754825141253
5.261502778863538,0.8396325912545621
5.911031845476362,0.873095300876153
6.64074484928479,0.9013603796383316
7.4605404447366075,0.9247174651456083
8.381539268677866,0.9436002675881644
9.416234793278331,0.9585348673504276
10.578662801651687,0.9700906684530076
11.884591785129816,0.9788382066876108
13.351736844955687,0.985316355964978
15.0,0.9900098400817631
