SA(0.6s) [g],Loss_ratio
0.05000000000000001,1.398886497695844e-13
0.056172467201025755,1.072261503657407e-12
0.06310692142900626,7.613019460652983e-12
0.07089742948257126,5.008161300579919e-11
0.07964967064493539,3.0528513124773093e-10
0.08948237023750269,1.7246387612490117e-09
0.10052891014472326,9.030782406712644e-09
0.11293913815718663,4.3839780550344666e-08
0.1268814006769336,1.9734335414993937e-07
0.14254482635890514,8.239515674970372e-07
0.16014189166643014,3.1918595827004234e-06
0.17991130314285533,1.1476716912673378e-05
0.2021212354977168,3.8320587594163524e-05
0.2270729694325259,0.00011889039872547081
0.2551049785537617,0.00034299218054528415
0.28659752081259104,0.0009209649891866611
0.3219777967548112,0.002304138467730109
0.36172574455336326,0.005378417900759363
0.4063805504338082,0.011730828205336193
0.45654796280755766,0.023944546095195647
0.5129085093300529,0.045804237695563424
0.5762267283493882,0.08219851304636334
0.6473615399712076,0.13842781343185812
0.7272778974247632,0.21866958981809903
0.8170598767824696,0.3236974403987943
0.9179253825967483,0.4486750825142542
1.0312426689380967,0.582557004041633
1.1585488999444697,0.7104071895747259
1.3015710016583038,0.8182543780182725
1.4622490880091454,0.8979756220955688
1.6427627787184707,0.9492707048504074
1.8455607661325835,0.9778411474745127
2.0733940320616497,0.9915550226366188
2.329353165215711,0.9972076403061005
2.6169102854537,0.9992026136080366
2.9399661435534976,0.9998040892664573
3.3029030354176987,0.9999587140533025
3.710644248503383,0.9999925560878038
4.168720846874621,0.9999988541005044
4.683346700825936,0.9999998496571055
5.261502778863538,0.9999999832127755
5.911031845476362,0.9999999984066795
6.64074484928479,0.9999999998715879
7.4605404447366075,0.9999999999912198
8.381539268677866,0.9999999999994911
9.416234793278331,0.999999999999975
10.578662801651687,0.999999999999999
11.884591785129816,1.0
13.351736844955687,1.0
15.0,1.0
