SA(0.6s) [g],Loss_ratio
0.05000000000000001,6.733155845885422e-07
0.056172467201025755,1.5050874636743222e-06
0.06310692142900626,3.30597331832023e-06
0.07089742948257126,7.092534391910003e-06
0.07964967064493539,1.479283695975245e-05
0.08948237023750269,2.9899897186092054e-05
0.10052891014472326,5.846225308882312e-05
0.11293913815718663,0.0001105195210483407
0.1268814006769336,0.0002021367893343708
0.14254482635890514,0.00035832478795001777
0.16014189166643014,0.0006174428751617861
0.17991130314285533,0.0010382622918511156
0.2021212354977168,0.0017117390917598145
0.2270729694325259,0.002780535363050406
0.2551049785537617,0.00446992776671283
0.28659752081259104,0.007133055143033015
0.3219777967548112,0.01131033738606987
0.36172574455336326,0.01779643629171286
0.4063805504338082,0.027698473214415924
0.45654796280755766,0.04245849231779504
0.5129085093300529,0.06380591523901144
0.5762267283493882,0.09360820101182547
0.6473615399712076,0.1336055697438034
0.7272778974247632,0.18504945505935888
0.8170598767824696,0.24830747486072396
0.9179253825967483,0.32253499912634864
1.0312426689380967,0.40552573059852415
1.1585488999444697,0.4938267920775451
1.3015710016583038,0.5831376347365271
1.4622490880091454,0.668925403084701
1.6427627787184707,0.7471146592306236
1.8455607661325835,0.8146786932662423
2.0733940320616497,0.8699884822241344
2.329353165215711,0.9128533552315619
2.6169102854537,0.9442826304668024
2.9399661435534976,0.9660721624828928
3.3029030354176987,0.9803486041872401
3.710644248503383,0.9891847460355391
4.168720846874621,0.9943492301121938
4.683346700825936,0.9971989875900885
5.261502778863538,0.9986833884946127
5.911031845476362,0.999413283675901
6.64074484928479,0.9997521326053568
7.4605404447366075,0.9999007040183939
8.381539268677866,0.9999622618249896
9.416234793278331,0.9999863822411699
10.578662801651687,0.9999953294183859
11.884591785129816,0.9999984753658094
13.351736844955687,0.9999995255517895
15.0,0.9999998589991326
