SA(1.0s) [g],Loss_ratio
0.05000000000000001,4.3768268074152745e-06
0.056172467201025755,9.715913062108913e-06
0.06310692142900626,2.087547753702886e-05
0.07089742948257126,4.3508347230974955e-05
0.07964967064493539,8.816373338665761e-05
0.08948237023750269,0.0001740857714161556
0.10052891014472326,0.0003356287363134527
0.11293913815718663,0.0006327696136927615
0.1268814006769336,0.0011676589061566868
0.14254482635890514,0.0021093446319968203
0.16014189166643014,0.0037282741275271123
0.17991130314285533,0.006440319735328098
0.2021212354977168,0.010856358810245444
0.2270729694325259,0.017827826050534387
0.2551049785537617,0.028472103921326715
0.28659752081259104,0.04415640534924711
0.3219777967548112,0.06641829805309404
0.36172574455336326,0.09680858413260712
0.4063805504338082,0.1366594059931578
0.45654796280755766,0.18680500394397886
0.5129085093300529,0.24730780430493973
0.5762267283493882,0.3172586278445227
0.6473615399712076,0.394717426349126
0.7272778974247632,0.4768358911014582
0.8170598767824696,0.5601598861604083
0.9179253825967483,0.6410607044033377
1.0312426689380967,0.7162064511542834
1.1585488999444697,0.7829723814054903
1.3015710016583038,0.839706616376793
1.4622490880091454,0.8858088475890846
1.6427627787184707,0.9216294504177661
1.8455607661325835,0.9482380322799229
2.0733940320616497,0.9671319599100818
2.329353165215711,0.9799538442480558
2.6169102854537,0.9882677414610344
2.9399661435534976,0.9934169973823119
3.3029030354176987,0.9964620765936496
3.710644248503383,0.9981805893936315
4.168720846874621,0.9991056039784375
4.683346700825936,0.9995801557120916
5.261502778863538,0.999812009745634
5.911031845476362,0.9999197963723837
6.64074484928479,0.9999674321238033
7.4605404447366075,0.9999874263977168
8.381539268677866,0.99999538928851
9.416234793278331,0.9999983955902249
10.578662801651687,0.9999994706351666
11.884591785129816,0.9999998344961932
13.351736844955687,0.9999999509906525
15.0,0.9999999862571677
