SA(1.0s) [g],Complete_damage
0.05000000000000001,2.042810365310288e-14
0.056172467201025755,1.2356782264077992e-13
0.06310692142900626,7.064349105689871e-13
0.07089742948257126,3.821498673062251e-12
0.07964967064493539,1.955824391330907e-11
0.08948237023750269,9.470813022716129e-11
0.10052891014472326,4.3394721149780935e-10
0.11293913815718663,1.881547362359015e-09
0.1268814006769336,7.720803552047073e-09
0.14254482635890514,2.99863492925212e-08
0.16014189166643014,1.1024222001942974e-07
0.17991130314285533,3.8369898491819043e-07
0.2021212354977168,1.2644834268549232e-06
0.2270729694325259,3.9462463750084e-06
0.2551049785537617,1.1664900573249426e-05
0.28659752081259104,3.2665604952297755e-05
0.3219777967548112,8.667854531396735e-05
0.36172574455336326,0.0002179995009612412
0.4063805504338082,0.0005198160500692328
0.45654796280755766,0.0011755465401780407
0.5129085093300529,0.0025222795437230827
0.5762267283493882,0.005136919391231065
0.6473615399712076,0.009935545503007681
0.7272778974247632,0.018260790056013887
0.8170598767824696,0.031914557038133506
0.9179253825967483,0.053082745367031614
1.0312426689380967,0.08410625255347637
1.1585488999444697,0.12708703724362547
1.3015710016583038,0.18337742532314028
1.4622490880091454,0.2530674753325891
1.6427627787184707,0.33462876398219865
1.8455607661325835,0.4248636041540693
2.0733940320616497,0.5192352144382387
2.329353165215711,0.6125360309817462
2.6169102854537,0.6997340227681619
2.9399661435534976,0.7767719229579577
3.3029030354176987,0.8411116516364892
3.710644248503383,0.8919077939118389
4.168720846874621,0.9298182317897077
4.683346700825936,0.9565645030478971
5.261502778863538,0.9744024076974819
5.911031845476362,0.9856484657158296
6.64074484928479,0.9923508973648936
7.4605404447366075,0.996126964698505
8.381539268677866,0.9981380105080784
9.416234793278331,0.9991504724247975
10.578662801651687,0.9996323197998827
11.884591785129816,0.9998490971499514
13.351736844955687,0.9999412887638937
15.0,0.9999783518446441
