SA(0.6s) [g],Loss_ratio
0.05000000000000001,3.5468013265883305e-09
0.056172467201025755,1.0816982281593512e-08
0.06310692142900626,3.197498310599971e-08
0.07089742948257126,9.148671878734081e-08
0.07964967064493539,2.5298931242621113e-07
0.08948237023750269,6.751380512811362e-07
0.10052891014472326,1.736302665273349e-06
0.11293913815718663,4.298173741311063e-06
0.1268814006769336,1.0232199104738323e-05
0.14254482635890514,2.3410949802732186e-05
0.16014189166643014,5.1466172562017096e-05
0.17991130314285533,0.00010872232803517417
0.2021212354977168,0.00022080189238803897
0.2270729694325259,0.000431431725610592
0.2551049785537617,0.0008119271617799902
0.28659752081259104,0.001473676189438125
0.3219777967548112,0.002583689020374943
0.36172574455336326,0.004382912862755291
0.4063805504338082,0.007206502723634399
0.45654796280755766,0.011504527346687471
0.5129085093300529,0.017860657924140717
0.5762267283493882,0.02700535864285723
0.6473615399712076,0.03981923977919359
0.7272778974247632,0.05732172372129077
0.8170598767824696,0.08063966930175184
0.9179253825967483,0.11094907487802673
1.0312426689380967,0.1493796255829026
1.1585488999444697,0.1968683449566942
1.3015710016583038,0.25395133417332993
1.4622490880091454,0.320501214923569
1.6427627787184707,0.39545741665295153
1.8455607661325835,0.47664536281263037
2.0733940320616497,0.5608066096255016
2.329353165215711,0.6439274010024045
2.6169102854537,0.7218474958167364
2.9399661435534976,0.7909958538453397
3.3029030354176987,0.849014077826198
3.710644248503383,0.8950558236673788
4.168720846874621,0.9296853696011198
4.683346700825936,0.9544643788188154
5.261502778863538,0.9714191428099723
5.911031845476362,0.9825769968183374
6.64074484928479,0.9896769816835356
7.4605404447366075,0.9940610942845354
8.381539268677866,0.9966906480838429
9.416234793278331,0.9982200313605201
10.578662801651687,0.9990794010544078
11.884591785129816,0.9995437894966379
13.351736844955687,0.9997840409924238
15.0,0.999902583433342
