SA(0.6s) [g],Loss_ratio
0.05000000000000001,3.7338748773832305e-09
0.056172467201025755,1.0979096754450019e-08
0.06310692142900626,3.123429723756646e-08
0.07089742948257126,8.597625797947204e-08
0.07964967064493539,2.2899838133167277e-07
0.08948237023750269,5.902296201084985e-07
0.10052891014472326,1.4722258364940413e-06
0.11293913815718663,3.5540672256480607e-06
0.1268814006769336,8.304445996103539e-06
0.14254482635890514,1.8783179571125967e-05
0.16014189166643014,4.112866368297985e-05
0.17991130314285533,8.71937579686068e-05
0.2021212354977168,0.0001789967677325163
0.2270729694325259,0.0003558640616358194
0.2551049785537617,0.0006852834947123357
0.28659752081259104,0.0012784435485331726
0.3219777967548112,0.002311046309571175
0.36172574455336326,0.004049103441251546
0.4063805504338082,0.006877990269792504
0.45654796280755766,0.01133117510905929
0.5129085093300529,0.018113169441736483
0.5762267283493882,0.02811001965956789
0.6473615399712076,0.04238073520780412
0.7272778974247632,0.062124544369544336
0.8170598767824696,0.08862081270329573
0.9179253825967483,0.12313878671826045
1.0312426689380967,0.16681131944634917
1.1585488999444697,0.22046205334916558
1.3015710016583038,0.2843769297505845
1.4622490880091454,0.3580303421144875
1.6427627787184707,0.43982005791610873
1.8455607661325835,0.5269195272878584
2.0733940320616497,0.6153827669271678
2.329353165215711,0.7005912609952863
2.6169102854537,0.7780037715310877
2.9399661435534976,0.8440110469650909
3.3029030354176987,0.8966049724835028
3.710644248503383,0.9356200508044508
4.168720846874621,0.9624818927045597
4.683346700825936,0.9796029948502973
5.261502778863538,0.9896840130762924
5.911031845476362,0.9951579767988606
6.64074484928479,0.997895174022258
7.4605404447366075,0.999154119538987
8.381539268677866,0.9996862052988679
9.416234793278331,0.9998926851172558
10.578662801651687,0.999966204010791
11.884591785129816,0.999990208679872
13.351736844955687,0.9999973924974366
15.0,0.999999362177343
