SA(0.6s) [g],Complete_damage
0.05000000000000001,1.0324429233765642e-07
0.056172467201025755,1.9404770901232382e-07
0.06310692142900626,3.5977238677098455e-07
0.07089742948257126,6.580089246810417e-07
0.07964967064493539,1.1872130162293715e-06
0.08948237023750269,2.113134628722868e-06
0.10052891014472326,3.7105355809030627e-06
0.11293913815718663,6.427865379965425e-06
0.1268814006769336,1.0985709457789206e-05
0.14254482635890514,1.8523868254183284e-05
0.16014189166643014,3.081692283979365e-05
0.17991130314285533,5.058402711655141e-05
0.2021212354977168,8.192518349481315e-05
0.2270729694325259,0.0001309228845729482
0.2551049785537617,0.0002064538646749936
0.28659752081259104,0.000321259516778416
0.3219777967548112,0.0004933235729728258
0.36172574455336326,0.0007475998153493313
0.4063805504338082,0.0011181185382959091
0.45654796280755766,0.0016504759209485798
0.5129085093300529,0.002404673539131541
0.5762267283493882,0.0034582250835594186
0.6473615399712076,0.0049093846834207255
0.7272778974247632,0.006880278981271748
0.8170598767824696,0.009519648839268036
0.9179253825967483,0.013004834681248911
1.0312426689380967,0.017542582964008235
1.1585488999444697,0.023368222853427434
1.3015710016583038,0.030742774920384797
1.4622490880091454,0.03994761899725152
1.6427627787184707,0.051276473721685534
1.8455607661325835,0.06502462690563049
2.0733940320616497,0.08147559661292236
2.329353165215711,0.10088568129136266
2.6169102854537,0.12346714797673886
2.9399661435534976,0.14937107768606206
3.3029030354176987,0.1786711000186274
3.710644248503383,0.21134936897076906
4.168720846874621,0.24728612972863895
4.683346700825936,0.2862540841938186
5.261502778863538,0.32791847974591404
5.911031845476362,0.37184343814264254
6.64074484928479,0.41750454439307794
7.4605404447366075,0.464307178558959
8.381539268677866,0.5116095552729778
9.416234793278331,0.55874899602657
10.578662801651687,0.6050696505175447
11.884591785129816,0.6499497432991889
13.351736844955687,0.6928264679595624
15.0,0.7332168773810863
