SA(0.6s) [g],Complete_damage
0.05000000000000001,8.390653727374797e-10
0.056172467201025755,2.324239578577192e-09
0.06310692142900626,6.265609586719734e-09
0.07089742948257126,1.6438362004933538e-08
0.07964967064493539,4.1974270503786215e-08
0.08948237023750269,1.0431699593027588e-07
0.10052891014472326,2.5234434042342713e-07
0.11293913815718663,5.941819727350861e-07
0.1268814006769336,1.3619316030499817e-06
0.14254482635890514,3.0389631852090204e-06
0.16014189166643014,6.6017087351211146e-06
0.17991130314285533,1.3962938391731683e-05
0.2021212354977168,2.875531578794277e-05
0.2270729694325259,5.766528923256686e-05
0.2551049785537617,0.00011261679037910532
0.28659752081259104,0.0002142027368728927
0.3219777967548112,0.000396848646682435
0.36172574455336326,0.0007162292703167816
0.4063805504338082,0.0012593914403281614
0.45654796280755766,0.0021577978508318107
0.5129085093300529,0.003603033233226638
0.5762267283493882,0.005864169736990221
0.6473615399712076,0.009304795715236569
0.7272778974247632,0.014396587856188026
0.8170598767824696,0.021725278983980467
0.9179253825967483,0.03198427233960777
1.0312426689380967,0.045951354335175165
1.1585488999444697,0.06444528584990461
1.3015710016583038,0.0882616497437474
1.4622490880091454,0.11809103747925065
1.6427627787184707,0.1544269363835794
1.8455607661325835,0.1974746589853158
2.0733940320616497,0.24707528619802943
2.329353165215711,0.30265891329010775
2.6169102854537,0.36323892233722443
2.9399661435534976,0.42745363258431457
3.3029030354176987,0.49365431523850156
3.710644248503383,0.5600306332905572
4.168720846874621,0.6247578001433611
4.683346700825936,0.6861457014131082
5.261502778863538,0.7427698542511733
5.911031845476362,0.7935674767675787
6.64074484928479,0.8378882964990062
7.4605404447366075,0.8754975661901963
8.381539268677866,0.906536351828958
9.416234793278331,0.9314499946200464
10.578662801651687,0.9508987770603703
11.884591785129816,0.9656650284219676
13.351736844955687,0.9765686489417127
15.0,0.9843992267342448
