SA(1.0s) [g],Complete_damage
0.05000000000000001,6.428807153291416e-08
0.056172467201025755,1.1769161556429708e-07
0.06310692142900626,2.1285887008559712e-07
0.07089742948257126,3.803429169391137e-07
0.07964967064493539,6.71433260990284e-07
0.08948237023750269,1.1710656726560131e-06
0.10052891014472326,2.017984647717519e-06
0.11293913815718663,3.4357409339769163e-06
0.1268814006769336,5.779590651400213e-06
0.14254482635890514,9.606308206233649e-06
0.16014189166643014,1.577639856853441e-05
0.17991130314285533,2.5601230112526352e-05
0.2021212354977168,4.1051183619966736e-05
0.2270729694325259,6.504491099856846e-05
0.2551049785537617,0.00010184397269996648
0.28659752081259104,0.00015758105818020063
0.3219777967548112,0.0002409530646869662
0.36172574455336326,0.0003641116645062281
0.4063805504338082,0.0005437825571097399
0.45654796280755766,0.000802639134218408
0.5129085093300529,0.001170945463050188
0.5762267283493882,0.001688466085417506
0.6473615399712076,0.002406615222191655
0.7272778974247632,0.00339078524163805
0.8170598767824696,0.004722754273134289
0.9179253825967483,0.00650302739191333
1.0312426689380967,0.008852918042327795
1.1585488999444697,0.011916130973364192
1.3015710016583038,0.01585957096265711
1.4622490880091454,0.020873080017276946
1.6427627787184707,0.02716780688779641
1.8455607661325835,0.03497294332406575
2.0733940320616497,0.04453062650062456
2.329353165215711,0.056088908481792155
2.6169102854537,0.06989282952076026
2.9399661435534976,0.08617379569735917
3.3029030354176987,0.10513764125378089
3.710644248503383,0.12695193587859577
4.168720846874621,0.1517332577875854
4.683346700825936,0.17953527417164805
5.261502778863538,0.21033853210304043
5.911031845476362,0.24404285000450265
6.64074484928479,0.28046310360780147
7.4605404447366075,0.3193290209224078
8.381539268677866,0.36028934775910826
9.416234793278331,0.40292043795046384
10.578662801651687,0.44673898764230946
11.884591785129816,0.49121830306829306
13.351736844955687,0.5358071996147007
15.0,0.5799504075281081
