SA(0.6s) [g],Complete_damage
0.05000000000000001,1.6498275190457434e-08
0.056172467201025755,4.213887527804161e-08
0.06310692142900626,1.0475265865839134e-07
0.07089742948257126,2.53456949983466e-07
0.07964967064493539,5.969270323591402e-07
0.08948237023750269,1.3684808892744371e-06
0.10052891014472326,3.0540849110805013e-06
0.11293913815718663,6.6355185580624365e-06
0.1268814006769336,1.4036176899656638e-05
0.14254482635890514,2.8909086914885584e-05
0.16014189166643014,5.7978331638897096e-05
0.17991130314285533,0.00011323488586945096
0.2021212354977168,0.0002153867160670231
0.2270729694325259,0.00039904936929546775
0.2551049785537617,0.0007201993864380807
0.28659752081259104,0.0012663437823807744
0.3219777967548112,0.0021696177438997877
0.36172574455336326,0.0036225454871610108
0.4063805504338082,0.005895449496728156
0.45654796280755766,0.009353495450194815
0.5129085093300529,0.014470231869364913
0.5762267283493882,0.021833455334705043
0.6473615399712076,0.032138635643137015
0.7272778974247632,0.04616534872682243
0.8170598767824696,0.06473351262384497
0.9179253825967483,0.08863884347604378
1.0312426689380967,0.11857067740356331
1.1585488999444697,0.15501959895998452
1.3015710016583038,0.19818629830162537
1.4622490880091454,0.24790569136109597
1.6427627787184707,0.3036006161861591
1.8455607661325835,0.36427680055705536
2.0733940320616497,0.4285653676218527
2.329353165215711,0.49481173629216624
2.6169102854537,0.5612018264956107
2.9399661435534976,0.6259097242539493
3.3029030354176987,0.6872469558895311
3.710644248503383,0.7437932171260777
4.168720846874621,0.794491874393527
4.683346700825936,0.8386999742666803
5.261502778863538,0.8761903729193135
5.911031845476362,0.90711119798938
6.64074484928479,0.9319136649385401
7.4605404447366075,0.9512623501283258
8.381539268677866,0.9659421721862449
9.416234793278331,0.9767740276489978
10.578662801651687,0.9845471880539982
11.884591785129816,0.9899722548026674
13.351736844955687,0.9936546059219581
15.0,0.9960854546449092
