PGA [g],Complete_damage
0.05000000000000001,4.451986668208008e-08
0.056172467201025755,1.3217942596011056e-07
0.06310692142900626,3.774428654068629e-07
0.07089742948257126,1.036699957102094e-06
0.07964967064493539,2.7391151521394264e-06
0.08948237023750269,6.962542736244082e-06
0.10052891014472326,1.7028468103141847e-05
0.11293913815718663,4.007638298220151e-05
0.1268814006769336,9.077534205093052e-05
0.14254482635890514,0.00019791643852828944
0.16014189166643014,0.00041543831527723896
0.17991130314285533,0.0008397058181283112
0.2021212354977168,0.0016347050646891015
0.2270729694325259,0.0030658510362914226
0.2551049785537617,0.005540944188548558
0.28659752081259104,0.009653290602737896
0.3219777967548112,0.016217440319554077
0.36172574455336326,0.026283465591135147
0.4063805504338082,0.04111303038227587
0.45654796280755766,0.06210193318282464
0.5129085093300529,0.09064115250049143
0.5762267283493882,0.12792197929821936
0.6473615399712076,0.17470843409904857
0.7272778974247632,0.23111711585443584
0.8170598767824696,0.29645469158190596
0.9179253825967483,0.3691608787857942
1.0312426689380967,0.446887723367985
1.1585488999444697,0.5267169704454864
1.3015710016583038,0.6054839812027533
1.4622490880091454,0.6801491458334312
1.6427627787184707,0.7481450901079858
1.8455607661325835,0.8076344490452296
2.0733940320616497,0.8576363867357247
2.329353165215711,0.8980126018348668
2.6169102854537,0.9293350393278816
2.9399661435534976,0.9526791112551413
3.3029030354176987,0.969393431580439
3.710644248503383,0.9808906239603599
4.168720846874621,0.9884883872279031
4.683346700825936,0.9933119785212359
5.261502778863538,0.9962540006034053
5.911031845476362,0.997977900009825
6.64074484928479,0.998948339264545
7.4605404447366075,0.9994731649756852
8.381539268677866,0.9997458441822412
9.416234793278331,0.9998819507125198
10.578662801651687,0.999947218030862
11.884591785129816,0.9999772858739212
13.351736844955687,0.9999905934300284
15.0,0.9999962517002028
