PGA [g],Complete_damage
0.05000000000000001,9.688500424154256e-08
0.056172467201025755,3.066049967248574e-07
0.06310692142900626,9.266221057124824e-07
0.07089742948257126,2.674722258455553e-06
0.07964967064493539,7.375049732027961e-06
0.08948237023750269,1.9427891310042078e-05
0.10052891014472326,4.890267652046809e-05
0.11293913815718663,0.0001176430751562707
0.1268814006769336,0.0002705312699213813
0.14254482635890514,0.0005948235907653476
0.16014189166643014,0.0012508184912175535
0.17991130314285533,0.00251632858238815
0.2021212354977168,0.0048445933193744795
0.2270729694325259,0.008929676821877619
0.2551049785537617,0.015765196846033502
0.28659752081259104,0.026673179083163467
0.3219777967548112,0.043273623090663405
0.36172574455336326,0.06736699407372282
0.4063805504338082,0.10071563632908598
0.45654796280755766,0.14473680796436583
0.5129085093300529,0.2001544440667733
0.5762267283493882,0.2666874958410992
0.6473615399712076,0.342865573976298
0.7272778974247632,0.42604688322336415
0.8170598767824696,0.5126681834482465
0.9179253825967483,0.598693616518949
1.0312426689380967,0.6801700962710979
1.1585488999444697,0.7537638312526739
1.3015710016583038,0.8171584787445046
1.4622490880091454,0.8692380546314858
1.6427627787184707,0.9100404172125931
1.8455607661325835,0.9405268150136324
2.0733940320616497,0.962250311604253
2.329353165215711,0.977012679810818
2.6169102854537,0.9865798802550515
2.9399661435534976,0.9924929919444606
3.3029030354176987,0.9959783666616207
3.710644248503383,0.9979375940989245
4.168720846874621,0.9989879149710035
4.683346700825936,0.9995248981306725
5.261502778863538,0.9997867168002187
5.911031845476362,0.9999084591173887
6.64074484928479,0.9999624453767161
7.4605404447366075,0.9999852763974872
8.381539268677866,0.9999944844444288
9.416234793278331,0.9999980261258293
10.578662801651687,0.9999993252506502
11.884591785129816,0.9999997797061169
13.351736844955687,0.9999999313170321
15.0,0.9999999795526563
