SA(0.6s) [g],Complete_damage
0.05000000000000001,0.00024335719907209175
0.056172467201025755,0.000385153373195668
0.06310692142900626,0.0006007249398963799
0.07089742948257126,0.0009234051209913163
0.07964967064493539,0.0013989669190349607
0.08948237023750269,0.002089040638892481
0.10052891014472326,0.0030749520225369364
0.11293913815718663,0.004461816879502867
0.1268814006769336,0.0063826263111751436
0.14254482635890514,0.009001944714246868
0.16014189166643014,0.012518732736776506
0.17991130314285533,0.017167715924534477
0.2021212354977168,0.023218667119448644
0.2270729694325259,0.03097297817888367
0.2551049785537617,0.040756983590501616
0.28659752081259104,0.052911678171199794
0.3219777967548112,0.06777874591000665
0.36172574455336326,0.08568317576935669
0.4063805504338082,0.10691315555609915
0.45654796280755766,0.13169836403355073
0.5129085093300529,0.16018816957688853
0.5762267283493882,0.19243153079981812
0.6473615399712076,0.2283605241259653
0.7272778974247632,0.2677793521274807
0.8170598767824696,0.31036039421430817
0.9179253825967483,0.35564835691869
1.0312426689380967,0.4030729053212979
1.1585488999444697,0.45196937967985373
1.3015710016583038,0.5016064121988871
1.4622490880091454,0.5512185563151721
1.6427627787184707,0.6000415163029784
1.8455607661325835,0.6473472886440166
2.0733940320616497,0.6924765360295105
2.329353165215711,0.7348658087790694
2.6169102854537,0.774067766941894
2.9399661435534976,0.8097632674120829
3.3029030354176987,0.8417649717145719
3.710644248503383,0.8700129035906412
4.168720846874621,0.8945630519688432
4.683346700825936,0.9155706064432025
5.261502778863538,0.9332696902765265
5.911031845476362,0.9479515132361938
6.64074484928479,0.959942725350541
7.4605404447366075,0.969585457228689
8.381539268677866,0.9772201400138215
9.416234793278331,0.9831717683167731
10.578662801651687,0.987739856692913
11.884591785129816,0.9911919862361623
13.351736844955687,0.9937605689651481
15.0,0.9956422842559262
