SA(0.6s) [g],Complete_damage
0.05000000000000001,1.3300471835009375e-13
0.056172467201025755,3.483879851273741e-13
0.06310692142900626,8.972822485020515e-13
0.07089742948257126,2.2724044868027704e-12
0.07964967064493539,5.659916979539048e-12
0.08948237023750269,1.3863687975401717e-11
0.10052891014472326,3.3396618803749334e-11
0.11293913815718663,7.911971078300439e-11
0.1268814006769336,1.8434564985625457e-10
0.14254482635890514,4.2242720432739134e-10
0.16014189166643014,9.520247923333613e-10
0.17991130314285533,2.110223440432435e-09
0.2021212354977168,4.600439251767341e-09
0.2270729694325259,9.864341565801737e-09
0.2551049785537617,2.080379402080723e-08
0.28659752081259104,4.3154965378988663e-08
0.3219777967548112,8.805244211540497e-08
0.36172574455336326,1.7671914098738029e-07
0.4063805504338082,3.4887274391603995e-07
0.45654796280755766,6.774887212346314e-07
0.5129085093300529,1.2941947968858614e-06
0.5762267283493882,2.4320441924796654e-06
0.6473615399712076,4.496037829593291e-06
0.7272778974247632,8.176894868539009e-06
0.8170598767824696,1.4630562296003014e-05
0.9179253825967483,2.575508169433416e-05
1.0312426689380967,4.460775702053166e-05
1.1585488999444697,7.601875845719697e-05
1.3015710016583038,0.00012747139686741793
1.4622490880091454,0.0002103324784390459
1.6427627787184707,0.0003415254700724901
1.8455607661325835,0.0005457405322423226
2.0733940320616497,0.0008582635518135096
2.329353165215711,0.001328475180699229
2.6169102854537,0.0020240147457261104
2.9399661435534976,0.0030355183632310156
3.3029030354176987,0.00448172441595962
3.710644248503383,0.006514596487132374
4.168720846874621,0.009323954385805133
4.683346700825936,0.013140946317087177
5.261502778863538,0.01823956544777572
5.911031845476362,0.024935343703931467
6.64074484928479,0.03358037801640945
7.4605404447366075,0.04455398878015726
8.381539268677866,0.058248595279771
9.416234793278331,0.07505081825409754
10.578662801651687,0.09531836172277819
11.884591785129816,0.11935383451288839
13.351736844955687,0.147377272551511
15.0,0.1794996258190399
