SA(0.6s) [g],Complete_damage
0.05000000000000001,8.551048757965418e-12
0.056172467201025755,2.0785706489334643e-11
0.06310692142900626,4.9690029868543206e-11
0.07089742948257126,1.1682488310071903e-10
0.07964967064493539,2.70127920032337e-10
0.08948237023750269,6.142959474431109e-10
0.10052891014472326,1.373934521708975e-09
0.11293913815718663,3.0223265001794175e-09
0.1268814006769336,6.538989794080408e-09
0.14254482635890514,1.3914940755199723e-08
0.16014189166643014,2.9124694767013182e-08
0.17991130314285533,5.995964802441023e-08
0.2021212354977168,1.2141806238208375e-07
0.2270729694325259,2.418485299804374e-07
0.2551049785537617,4.7385942025801597e-07
0.28659752081259104,9.132971631187203e-07
0.3219777967548112,1.7315798048755937e-06
0.36172574455336326,3.2296298804190826e-06
0.4063805504338082,5.9259182766391305e-06
0.45654796280755766,1.0697071723519969e-05
0.5129085093300529,1.8997441982415708e-05
0.5762267283493882,3.319418092184723e-05
0.6473615399712076,5.7066619556289666e-05
0.7272778974247632,9.65325224345781e-05
0.8170598767824696,0.00016067775389094763
0.9179253825967483,0.0002631777373705013
1.0312426689380967,0.00042420533270970395
1.1585488999444697,0.0006729157183978929
1.3015710016583038,0.0010505788963515172
1.4622490880091454,0.0016143885165329497
1.6427627787184707,0.002441906506139624
1.8455607661325835,0.003636003309599456
2.0733940320616497,0.0053300242102234385
2.329353165215711,0.007692759867923948
2.6169102854537,0.01093263785802312
2.9399661435534976,0.015300403519644568
3.3029030354176987,0.021089451689903616
3.710644248503383,0.028632938954880505
4.168720846874621,0.03829688126878983
4.683346700825936,0.050468649381095965
5.261502778863538,0.06554062519833093
5.911031845476362,0.08388926557751963
6.64074484928479,0.10585040019760861
7.4605404447366075,0.13169220535347126
8.381539268677866,0.16158786305063688
9.416234793278331,0.195590341227578
10.578662801651687,0.2336119268935113
11.884591785129816,0.275411040981531
13.351736844955687,0.3205884301596146
15.0,0.3685940832421729
