SA(0.6s) [g],Loss_ratio
0.05000000000000001,6.208295621564616e-09
0.056172467201025755,1.3472623146295256e-08
0.06310692142900626,2.874137517057199e-08
0.07089742948257126,6.028943219083677e-08
0.07964967064493539,1.2439935379438973e-07
0.08948237023750269,2.5263721254937674e-07
0.10052891014472326,5.054433238424281e-07
0.11293913815718663,9.975130946238629e-07
0.1268814006769336,1.9455193551442466e-06
0.14254482635890514,3.7589768588010056e-06
0.16014189166643014,7.215820364125633e-06
0.17991130314285533,1.380566859689711e-05
0.2021212354977168,2.6403348028943254e-05
0.2270729694325259,5.0580306011374e-05
0.2551049785537617,9.71077897644358e-05
0.28659752081259104,0.000186587250279289
0.3219777967548112,0.0003576666066088561
0.36172574455336326,0.0006808961282767453
0.4063805504338082,0.0012807338153376173
0.45654796280755766,0.0023681175074452576
0.5129085093300529,0.004284774795155481
0.5762267283493882,0.007557381088244883
0.6473615399712076,0.012954414095712866
0.7272778974247632,0.02153147597073833
0.8170598767824696,0.034643620459086456
0.9179253825967483,0.05389893019060697
1.0312426689380967,0.081030231069606
1.1585488999444697,0.11767481356673515
1.3015710016583038,0.1650760058283458
1.4622490880091454,0.2237513047680052
1.6427627787184707,0.29320013324349503
1.8455607661325835,0.37173760067363226
2.0733940320616497,0.4565280418756958
2.329353165215711,0.5438504679275806
2.6169102854537,0.6295661464892848
2.9399661435534976,0.7096961295747426
3.3029030354176987,0.7809775099423915
3.710644248503383,0.841268743408007
4.168720846874621,0.8897181356057805
4.683346700825936,0.9266796022643689
5.261502778863538,0.9534294642697865
5.911031845476362,0.9717824359716178
6.64074484928479,0.9837119396081835
7.4605404447366075,0.9910538068116643
8.381539268677866,0.9953295790649868
9.416234793278331,0.9976847406513418
10.578662801651687,0.9989110983303556
11.884591785129816,0.9995145094460953
13.351736844955687,0.999794946135128
15.0,0.9999180077493974
