SA(0.6s) [g],Complete_damage
0.05000000000000001,9.352447976063161e-07
0.056172467201025755,2.040141392378736e-06
0.06310692142900626,4.3424520956847346e-06
0.07089742948257126,9.019317922520642e-06
0.07964967064493539,1.8281101118011733e-05
0.08948237023750269,3.616174161891195e-05
0.10052891014472326,6.981447399501128e-05
0.11293913815718663,0.0001315601326946636
0.1268814006769336,0.0002420039466247692
0.14254482635890514,0.00043459019297820145
0.16014189166643014,0.0007619746668943161
0.17991130314285533,0.001304524780917804
0.2021212354977168,0.0021810625569216313
0.2270729694325259,0.0035616071613475686
0.2551049785537617,0.005681331088496777
0.28659752081259104,0.00885423733970181
0.3219777967548112,0.013484272420152599
0.36172574455336326,0.020070859655523354
0.4063805504338082,0.02920538028834363
0.45654796280755766,0.04155518925696111
0.5129085093300529,0.057832546766978465
0.5762267283493882,0.07874749360067301
0.6473615399712076,0.1049461393644735
0.7272778974247632,0.13693878452779695
0.8170598767824696,0.17502525222580234
0.9179253825967483,0.21922710708642223
1.0312426689380967,0.2692374177209014
1.1585488999444697,0.3243978774851981
1.3015710016583038,0.3837102745150902
1.4622490880091454,0.4458847817261582
1.6427627787184707,0.5094220455111742
1.8455607661325835,0.5727206224046495
2.0733940320616497,0.6341970560775207
2.329353165215711,0.6924037141063251
2.6169102854537,0.7461298913219004
2.9399661435534976,0.7944745487805596
3.3029030354176987,0.8368837702437095
3.710644248503383,0.8731515834069281
4.168720846874621,0.9033880951980948
4.683346700825936,0.9279629659761939
5.261502778863538,0.9474344934972647
5.911031845476362,0.9624748459533649
6.64074484928479,0.973800549768831
7.4605404447366075,0.9821147707801141
8.381539268677866,0.9880649094876177
9.416234793278331,0.9922161868896686
10.578662801651687,0.9950396722457748
11.884591785129816,0.9969118126661067
13.351736844955687,0.9981219659177796
15.0,0.9988845563816496
