SA(0.6s) [g],Complete_damage
0.05000000000000001,2.5612161058674587e-08
0.056172467201025755,6.205993430263845e-08
0.06310692142900626,1.4670067483013582e-07
0.07089742948257126,3.3831871748546405e-07
0.07964967064493539,7.612228060116522e-07
0.08948237023750269,1.671127595970212e-06
0.10052891014472326,3.5796560808876166e-06
0.11293913815718663,7.4822198753432545e-06
0.1268814006769336,1.526169125198873e-05
0.14254482635890514,3.0379850453066126e-05
0.16014189166643014,5.902140137137302e-05
0.17991130314285533,0.0001119198547192557
0.2021212354977168,0.0002071639980415485
0.2270729694325259,0.00037434329022834056
0.2551049785537617,0.0006604154626610459
0.28659752081259104,0.0011376344413558392
0.3219777967548112,0.0019137185504659593
0.36172574455336326,0.0031441258383879678
0.4063805504338082,0.005045808494646864
0.45654796280755766,0.007911149197671774
0.5129085093300529,0.012120000567886646
0.5762267283493882,0.018146984444379455
0.6473615399712076,0.026560657091707962
0.7272778974247632,0.03801104903997099
0.8170598767824696,0.053202675534580246
0.9179253825967483,0.07285153704083114
1.0312426689380967,0.09762688258690788
1.1585488999444697,0.12808136861847252
1.3015710016583038,0.1645762592260469
1.4622490880091454,0.20721085074464418
1.6427627787184707,0.2557666832111213
1.8455607661325835,0.3096767621510076
2.0733940320616497,0.368027694945836
2.329353165215711,0.4295985117313571
2.6169102854537,0.492934610110385
2.9399661435534976,0.556449709149282
3.3029030354176987,0.6185440375734237
3.710644248503383,0.677724202264037
4.168720846874621,0.7327098925924999
4.683346700825936,0.7825148378752255
5.261502778863538,0.8264937537972058
5.911031845476362,0.8643524655621326
6.64074484928479,0.8961238686623417
7.4605404447366075,0.9221168561447485
8.381539268677866,0.9428480937266255
9.416234793278331,0.9589672933766952
10.578662801651687,0.9711855971875751
11.884591785129816,0.9802143455311206
13.351736844955687,0.9867185373634993
15.0,0.9912863499913683
