SA(1.0s) [g],Loss_ratio
0.05000000000000001,3.531335969308787e-09
0.056172467201025755,1.1860351006825965e-08
0.06310692142900626,3.8207604775525374e-08
0.07089742948257126,1.180672403341093e-07
0.07964967064493539,3.500041391557903e-07
0.08948237023750269,9.954550181252492e-07
0.10052891014472326,2.716561118225608e-06
0.11293913815718663,7.114036805426489e-06
0.1268814006769336,1.7879949538792734e-05
0.14254482635890514,4.3135108580777276e-05
0.16014189166643014,9.990282629373917e-05
0.17991130314285533,0.00022216864315773577
0.2021212354977168,0.0004744941622624256
0.2270729694325259,0.0009734590644801827
0.2551049785537617,0.0019188941384782104
0.28659752081259104,0.0036354047386499277
0.3219777967548112,0.006621574590980737
0.36172574455336326,0.011599357142177113
0.4063805504338082,0.019550158195728636
0.45654796280755766,0.03171872842825198
0.5129085093300529,0.049563955190636916
0.5762267283493882,0.07463997474876954
0.6473615399712076,0.10840361937626272
0.7272778974247632,0.15196427964426704
0.8170598767824696,0.2058153436774459
0.9179253825967483,0.2696048468659848
1.0312426689380967,0.3420083857965447
1.1585488999444697,0.4207540706657609
1.3015710016583038,0.5028177774300252
1.4622490880091454,0.5847649802391471
1.6427627787184707,0.66317601082625
1.8455607661325835,0.7350681553449758
2.0733940320616497,0.7982289199578808
2.329353165215711,0.851399743686322
2.6169102854537,0.8942895276055883
2.9399661435534976,0.9274389575383531
3.3029030354176987,0.9519869346143938
3.710644248503383,0.9694022333643351
4.168720846874621,0.9812368661518353
4.683346700825936,0.9889385653565279
5.261502778863538,0.9937368103887327
5.911031845476362,0.9965973413744805
6.64074484928479,0.9982282301914807
7.4605404447366075,0.9991168113120642
8.381539268677866,0.999579067064427
9.416234793278331,0.9998084374082619
10.578662801651687,0.9999168717201962
11.884591785129816,0.9999656509034998
13.351736844955687,0.9999865043098634
15.0,0.9999949652260456
