SA(0.6s) [g],Complete_damage
0.05000000000000001,4.5050180996764055e-07
0.056172467201025755,9.507133740260798e-07
0.06310692142900626,1.9641137701809086e-06
0.07089742948257126,3.9725148340830074e-06
0.07964967064493539,7.866209320694928e-06
0.08948237023750269,1.5250612198869362e-05
0.10052891014472326,2.8950310366648857e-05
0.11293913815718663,5.381303633866796e-05
0.1268814006769336,9.795266130496749e-05
0.14254482635890514,0.00017460946503156105
0.16014189166643014,0.0003048406429592143
0.17991130314285533,0.0005212726287214808
0.2021212354977168,0.0008731328345917833
0.2270729694325259,0.0014327114537627805
0.2551049785537617,0.0023032626992779415
0.28659752081259104,0.0036281222967039506
0.3219777967548112,0.005600489049295221
0.36172574455336326,0.008472908160137682
0.4063805504338082,0.012565046183573902
0.45654796280755766,0.018267937367293485
0.5129085093300529,0.026042612561185452
0.5762267283493882,0.036411013764112266
0.6473615399712076,0.049937460112879695
0.7272778974247632,0.06719973492057629
0.8170598767824696,0.08875010530160621
0.9179253825967483,0.11506816456636126
1.0312426689380967,0.14650909571109816
1.1585488999444697,0.18325249754342177
1.3015710016583038,0.22525795852129815
1.4622490880091454,0.27223380158802046
1.6427627787184707,0.32362465744498115
1.8455607661325835,0.3786217284501183
2.0733940320616497,0.43619696310616785
2.329353165215711,0.49515925004454586
2.6169102854537,0.554227672387238
2.9399661435534976,0.6121143829529332
3.3029030354176987,0.6676082282013822
3.710644248503383,0.7196501363787927
4.168720846874621,0.7673925145872349
4.683346700825936,0.8102372362434905
5.261502778863538,0.8478498087997894
5.911031845476362,0.8801504528670141
6.64074484928479,0.9072855731311551
7.4605404447366075,0.9295850532162419
8.381539268677866,0.9475117443116614
9.416234793278331,0.9616094336031027
10.578662801651687,0.9724546476324336
11.884591785129816,0.9806161611183688
13.351736844955687,0.986624378672375
15.0,0.990951140177265
