SA(0.3s) [g],Loss_ratio
0.05000000000000001,1.3306899155631648e-07
0.056172467201025755,2.995426637010248e-07
0.06310692142900626,6.521921218984408e-07
0.07089742948257126,1.373731766019115e-06
0.07964967064493539,2.799793240317795e-06
0.08948237023750269,5.522720889018887e-06
0.10052891014472326,1.0546573278652551e-05
0.11293913815718663,1.9505559632072028e-05
0.1268814006769336,3.4953532799730634e-05
0.14254482635890514,6.072376577951642e-05
0.16014189166643014,0.00010234841216755083
0.17991130314285533,0.00016752239896668862
0.2021212354977168,0.0002666092071066098
0.2270729694325259,0.000413233708844612
0.2551049785537617,0.0006251103095027399
0.28659752081259104,0.0009254297944059692
0.3219777967548112,0.0013453783977131484
0.36172574455336326,0.0019286637466905193
0.4063805504338082,0.002739210421118079
0.45654796280755766,0.0038733493779137913
0.5129085093300529,0.00547769818901882
0.5762267283493882,0.007773320369083226
0.6473615399712076,0.011085482898953624
0.7272778974247632,0.01587630925526852
0.8170598767824696,0.022774944663149266
0.9179253825967483,0.03259689485529517
1.0312426689380967,0.04634171252241892
1.1585488999444697,0.06515726540606831
1.3015710016583038,0.09026066240340917
1.4622490880091454,0.12281156298372346
1.6427627787184707,0.1637433291053788
1.8455607661325835,0.21357026353518083
2.0733940320616497,0.2722023173893906
2.329353165215711,0.33880797623141434
2.6169102854537,0.41176690282850964
2.9399661435534976,0.48874295613799185
3.3029030354176987,0.566885326905446
3.710644248503383,0.6431351928893885
4.168720846874621,0.7145860576471516
4.683346700825936,0.7788278319653948
5.261502778863538,0.8342052317672237
5.911031845476362,0.8799414996426593
6.64074484928479,0.9161126934087157
7.4605404447366075,0.9434944476908922
8.381539268677866,0.9633302591115421
9.416234793278331,0.9770803736439935
10.578662801651687,0.9862026864508221
11.884591785129816,0.9919974278062603
13.351736844955687,0.9955244931756126
15.0,0.997583767165436
