SA(0.6s) [g],Loss_ratio
0.05000000000000001,1.0309531289818786e-12
0.056172467201025755,3.935074795265471e-12
0.06310692142900626,1.4500292965196973e-11
0.07089742948257126,5.158743044560737e-11
0.07964967064493539,1.7720351263494115e-10
0.08948237023750269,5.87731022764015e-10
0.10052891014472326,1.8822720514187642e-09
0.11293913815718663,5.8211132511281786e-09
0.1268814006769336,1.7385021915482705e-08
0.14254482635890514,5.014422946215756e-08
0.16014189166643014,1.3969557357762363e-07
0.17991130314285533,3.7593555957371336e-07
0.2021212354977168,9.774359756473425e-07
0.2270729694325259,2.455934909835271e-06
0.2551049785537617,5.965686044136663e-06
0.28659752081259104,1.4016996193284362e-05
0.3219777967548112,3.1881399659040795e-05
0.36172574455336326,7.027005185264051e-05
0.4063805504338082,0.00015029914724790468
0.45654796280755766,0.0003124852771084793
0.5129085093300529,0.0006327082651401099
0.5762267283493882,0.001249888631152737
0.6473615399712076,0.002412428156168783
0.7272778974247632,0.0045522989682113095
0.8170598767824696,0.008394435620490102
0.9179253825967483,0.015100029979460718
1.0312426689380967,0.026419699442825358
1.1585488999444697,0.04479410963259962
1.3015710016583038,0.07329509759485299
1.4622490880091454,0.11527858166370367
1.6427627787184707,0.17366581465025338
1.8455607661325835,0.2499145634841518
2.0733940320616497,0.3429620470243929
2.329353165215711,0.4486051395550037
2.6169102854537,0.5597690003290337
2.9399661435534976,0.6678108091208041
3.3029030354176987,0.7645108510871491
3.710644248503383,0.8440046172360445
4.168720846874621,0.90389035115227
4.683346700825936,0.9451514569659818
5.261502778863538,0.971107846041159
5.911031845476362,0.9859943690573045
6.64074484928479,0.9937682000299934
7.4605404447366075,0.9974604621161549
8.381539268677866,0.9990539662932388
9.416234793278331,0.9996783625732866
10.578662801651687,0.9999003377290858
11.884591785129816,0.9999718888348066
13.351736844955687,0.9999927895741371
15.0,0.9999983197003441
