SA(0.6s) [g],Complete_damage
0.05000000000000001,7.016609515630989e-14
0.056172467201025755,2.7677860003905153e-13
0.06310692142900626,1.0551559626037488e-12
0.07089742948257126,3.890554545193936e-12
0.07964967064493539,1.3874124071833194e-11
0.08948237023750269,4.785327689660335e-11
0.10052891014472326,1.5964307653604237e-10
0.11293913815718663,5.15152920321782e-10
0.1268814006769336,1.6080066167489804e-09
0.14254482635890514,4.855387869540095e-09
0.16014189166643014,1.4182892527081492e-08
0.17991130314285533,4.0080449847934574e-08
0.2021212354977168,1.0958502394409209e-07
0.2270729694325259,2.898989858168832e-07
0.2551049785537617,7.420742883512688e-07
0.28659752081259104,1.8381636296416204e-06
0.3219777967548112,4.406469976014904e-06
0.36172574455336326,1.0223610611981293e-05
0.4063805504338082,2.2959646694409308e-05
0.45654796280755766,4.991351382910292e-05
0.5129085093300529,0.00010505393424686815
0.5762267283493882,0.00021409280576967227
0.6473615399712076,0.00042252029759537457
0.7272778974247632,0.0008076359097803909
0.8170598767824696,0.0014954796678497972
0.9179253825967483,0.0026830274969411594
1.0312426689380967,0.004664897340277863
1.1585488999444697,0.00786203937122576
1.3015710016583038,0.012847572181593048
1.4622490880091454,0.020362488312980487
1.6427627787184707,0.03131212389989402
1.8455607661325835,0.04673403568867718
2.0733940320616497,0.06773019374135769
2.329353165215711,0.09536170034114011
2.6169102854537,0.13051227662817333
2.9399661435534976,0.17373613387786935
3.3029030354176987,0.2251142063094631
3.710644248503383,0.28414727145015417
4.168720846874621,0.3497128835983747
4.683346700825936,0.4201043775065533
5.261502778863538,0.49315560693997684
5.911031845476362,0.5664377509543855
6.64074484928479,0.6374988787014586
7.4605404447366075,0.7041073260855815
8.381539268677866,0.7644590670789457
9.416234793278331,0.8173174117510601
10.578662801651687,0.862068186506357
11.884591785129816,0.8986909219082295
13.351736844955687,0.9276619690065236
15.0,0.9498153881305038
