SA(1.0s) [g],Complete_damage
0.05000000000000001,4.112321594362811e-11
0.056172467201025755,1.0795142557640247e-10
0.06310692142900626,2.7746449582366495e-10
0.07089742948257126,6.982847633452138e-10
0.07964967064493539,1.7207308911082464e-09
0.08948237023750269,4.152007626601062e-09
0.10052891014472326,9.81021275325844e-09
0.11293913815718663,2.2697850265984698e-08
0.1268814006769336,5.142670433944119e-08
0.14254482635890514,1.1410449507476272e-07
0.16014189166643014,2.479363422347447e-07
0.17991130314285533,5.276126683328997e-07
0.2021212354977168,1.0996210690894515e-06
0.2270729694325259,2.2446055503166917e-06
0.2551049785537617,4.487698706090448e-06
0.28659752081259104,8.78846219443119e-06
0.3219777967548112,1.6858849413714516e-05
0.36172574455336326,3.168040443246589e-05
0.4063805504338082,5.8320990496629754e-05
0.45654796280755766,0.0001051855356019038
0.5129085093300529,0.00018587107082801424
0.5762267283493882,0.00032182683615766816
0.6473615399712076,0.0005460343993789474
0.7272778974247632,0.0009079052414013855
0.8170598767824696,0.0014795255407850094
0.9179253825967483,0.0023632409570256696
1.0312426689380967,0.0037003535255083486
1.1585488999444697,0.0056803949551793576
1.3015710016583038,0.008550061034657275
1.4622490880091454,0.01262048123537829
1.6427627787184707,0.0182711250432408
1.8455607661325835,0.025948406057020867
2.0733940320616497,0.0361570433104087
2.329353165215711,0.04944257520620399
2.6169102854537,0.06636415747230318
2.9399661435534976,0.08745791020232063
3.3029030354176987,0.11319252058779616
3.710644248503383,0.14392037364419474
4.168720846874621,0.17982891107333976
4.683346700825936,0.22089790846498236
5.261502778863538,0.26686863575981923
5.911031845476362,0.3172302384770621
6.64074484928479,0.37122711120378304
7.4605404447366075,0.427888677184627
8.381539268677866,0.48608016213414207
9.416234793278331,0.5445701065966627
10.578662801651687,0.60210798987481
11.884591785129816,0.6575038684814182
13.351736844955687,0.7097016361039804
15.0,0.7578384457177053
