SA(0.6s) [g],Complete_damage
0.05000000000000001,5.540012892879531e-14
0.056172467201025755,2.885469641000782e-13
0.06310692142900626,1.4309664564393643e-12
0.07089742948257126,6.763478666016454e-12
0.07964967064493539,3.046651819715862e-11
0.08948237023750269,1.3080181382463252e-10
0.10052891014472326,5.352692733495701e-10
0.11293913815718663,2.0879925566319457e-09
0.1268814006769336,7.764558884737482e-09
0.14254482635890514,2.7527833679208413e-08
0.16014189166643014,9.305390580305328e-08
0.17991130314285533,2.9994979311442904e-07
0.2021212354977168,9.22067432407303e-07
0.2270729694325259,2.7035293203026e-06
0.2551049785537617,7.56160560189123e-06
0.28659752081259104,2.0178030108675138e-05
0.3219777967548112,5.138077533228813e-05
0.36172574455336326,0.00012487178717157654
0.4063805504338082,0.0002897111411246378
0.45654796280755766,0.0006418169280665298
0.5129085093300529,0.001358077942589575
0.5762267283493882,0.0027456503234198903
0.6473615399712076,0.005305570568928664
0.7272778974247632,0.009803202710993997
0.8170598767824696,0.017328581618902383
0.9179253825967483,0.029319707709276166
1.0312426689380967,0.0475158331026615
1.1585488999444697,0.07381157334579247
1.3015710016583038,0.11000082188579607
1.4622490880091454,0.15743174189456033
1.6427627787184707,0.21663307224509443
1.8455607661325835,0.2870033737535027
2.0733940320616497,0.36666248546339
2.329353165215711,0.45253806109644235
2.6169102854537,0.5407022161704567
2.9399661435534976,0.6269012972728043
3.3029030354176987,0.7071617140865674
3.710644248503383,0.7783303010679553
4.168720846874621,0.8384287664125321
4.683346700825936,0.8867598414858981
5.261502778863538,0.9237748174052037
5.911031845476362,0.950771867695291
6.64074484928479,0.9695236630687826
7.4605404447366075,0.9819275253677162
8.381539268677866,0.9897412550914773
9.416234793278331,0.994428816901194
10.578662801651687,0.997106891004878
11.884591785129816,0.9985639760472406
13.351736844955687,0.999318952984563
15.0,0.9996914893512838
