SA(0.6s) [g],Complete_damage
0.05000000000000001,1.2139178551251462e-12
0.056172467201025755,7.927658529638393e-12
0.06310692142900626,4.826472554952943e-11
0.07089742948257126,2.739548587982199e-10
0.07964967064493539,1.4499121903099876e-09
0.08948237023750269,7.156065628954877e-09
0.10052891014472326,3.2941231520311476e-08
0.11293913815718663,1.4145196269854665e-07
0.1268814006769336,5.667107971785157e-07
0.14254482635890514,2.11878850497893e-06
0.16014189166643014,7.394178184405575e-06
0.17991130314285533,2.4092700431466163e-05
0.2021212354977168,7.331765457152528e-05
0.2270729694325259,0.00020845571921535022
0.2551049785537617,0.0005539623602437427
0.28659752081259104,0.0013766265530277266
0.3219777967548112,0.0032008471902237323
0.36172574455336326,0.006968073524939
0.4063805504338082,0.01421337670908629
0.45654796280755766,0.027190629162214264
0.5129085093300529,0.04883779453774306
0.5762267283493882,0.08246664896415079
0.6473615399712076,0.13112041285485465
0.7272778974247632,0.1966767423697895
0.8170598767824696,0.27894021236258415
0.9179253825967483,0.37507795682596035
1.0312426689380967,0.4797126120785724
1.1585488999444697,0.5857727027600579
1.3015710016583038,0.6858932663713564
1.4622490880091454,0.7739148841221111
1.6427627787184707,0.8459841345248209
1.8455607661325835,0.9009388542980115
2.0733940320616497,0.9399648477014958
2.329353165215711,0.965775350374684
2.6169102854537,0.981672964250868
2.9399661435534976,0.990792228102027
3.3029030354176987,0.9956639137197688
3.710644248503383,0.9980876734045374
4.168720846874621,0.9992106993757854
4.683346700825936,0.9996952944647145
5.261502778863538,0.9998900348968107
5.911031845476362,0.9999629168545847
6.64074484928479,0.9999883189477072
7.4605404447366075,0.9999965641870981
8.381539268677866,0.9999990565999184
9.416234793278331,0.9999997582461664
10.578662801651687,0.9999999421947633
11.884591785129816,0.9999999871058175
13.351736844955687,0.9999999973172559
15.0,0.9999999994794556
