PGA [g],Loss_ratio
0.05000000000000001,1.6554734475660414e-08
0.056172467201025755,5.959473688451942e-08
0.06310692142900626,2.0385622738751508e-07
0.07089742948257126,6.627120954044187e-07
0.07964967064493539,2.0477257754313133e-06
0.08948237023750269,6.014972922406864e-06
0.10052891014472326,1.679920694190452e-05
0.11293913815718663,4.461966619574167e-05
0.1268814006769336,0.00011273235241411097
0.14254482635890514,0.0002710026115185705
0.16014189166643014,0.0006200658052244859
0.17991130314285533,0.001350830434577611
0.2021212354977168,0.0028031674676325027
0.2270729694325259,0.005543714299329868
0.2551049785537617,0.01045470562887929
0.28659752081259104,0.018813913581249234
0.3219777967548112,0.032332865226255496
0.36172574455336326,0.05311184758233815
0.4063805504338082,0.08347227215809606
0.45654796280755766,0.1256444894563138
0.5129085093300529,0.18132266068983693
0.5762267283493882,0.2511438955156839
0.6473615399712076,0.33419926422456914
0.7272778974247632,0.42772731571721356
0.8170598767824696,0.5271540175338603
0.9179253825967483,0.6265942148944099
1.0312426689380967,0.7197968761222386
1.1585488999444697,0.801325852939933
1.3015710016583038,0.8676121325268731
1.4622490880091454,0.9175071003515969
1.6427627787184707,0.9521523432436826
1.8455607661325835,0.9742723474087907
2.0733940320616497,0.9872220485688863
2.329353165215711,0.994156572347443
2.6169102854537,0.9975462770928107
2.9399661435534976,0.9990561468510231
3.3029030354176987,0.9996680917382108
3.710644248503383,0.9998934864150036
4.168720846874621,0.9999688533651565
4.683346700825936,0.9999917115393168
5.261502778863538,0.999997995027256
5.911031845476362,0.9999995595505383
6.64074484928479,0.9999999122041906
7.4605404447366075,0.9999999841318589
8.381539268677866,0.9999999974011715
9.416234793278331,0.9999999996145328
10.578662801651687,0.9999999999482461
11.884591785129816,0.9999999999937128
13.351736844955687,0.9999999999993092
15.0,0.9999999999999314
