PGA [g],Complete_damage
0.05000000000000001,6.398300778087673e-10
0.056172467201025755,4.05579136941725e-09
0.06310692142900626,2.349810346302661e-08
0.07089742948257126,1.2446189034953647e-07
0.07964967064493539,6.028384497147599e-07
0.08948237023750269,2.670904244772565e-06
0.10052891014472326,1.0828318766642475e-05
0.11293913815718663,4.01870846208352e-05
0.1268814006769336,0.00013659736393711874
0.14254482635890514,0.0004254738489168908
0.16014189166643014,0.0012152557551005083
0.17991130314285533,0.0031854586151086606
0.2021212354977168,0.0076700813817862645
0.2270729694325259,0.01698446907863005
0.2551049785537617,0.03463663966019226
0.28659752081259104,0.06516187983821087
0.3219777967548112,0.11332767700084412
0.36172574455336326,0.18267638559429544
0.4063805504338082,0.2737849054859638
0.45654796280755766,0.38300470196473957
0.5129085093300529,0.502476666929945
0.5762267283493882,0.6217252362113204
0.6473615399712076,0.730333499530564
0.7272778974247632,0.8205933931847613
0.8170598767824696,0.8890394601108036
0.9179253825967483,0.9364007070807332
1.0312426689380967,0.9663039077264217
1.1585488999444697,0.9835317486367336
1.3015710016583038,0.9925882640904207
1.4622490880091454,0.9969324334380192
1.6427627787184707,0.9988337993188198
1.8455607661325835,0.999593138409102
2.0733940320616497,0.9998698418065085
2.329353165215711,0.9999618442267719
2.6169102854537,0.9999897559851725
2.9399661435534976,0.999997482351531
3.3029030354176987,0.999999433814642
3.710644248503383,0.9999998835312991
4.168720846874621,0.9999999780913408
4.683346700825936,0.9999999962324035
5.261502778863538,0.9999999994078177
5.911031845476362,0.9999999999149447
6.64074484928479,0.9999999999888384
7.4605404447366075,0.999999999998662
8.381539268677866,0.9999999999998535
9.416234793278331,0.9999999999999853
10.578662801651687,0.9999999999999987
11.884591785129816,0.9999999999999999
13.351736844955687,1.0
15.0,1.0
