SA(0.6s) [g],Loss_ratio
0.05000000000000001,4.1891594867257576e-06
0.056172467201025755,7.833803977522929e-06
0.06310692142900626,1.4433371066504103e-05
0.07089742948257126,2.6229664976810913e-05
0.07964967064493539,4.7076328883480584e-05
0.08948237023750269,8.356179106333492e-05
0.10052891014472326,0.00014691003253918856
0.11293913815718663,0.00025620455769595225
0.1268814006769336,0.0004438648280786855
0.14254482635890514,0.0007649301042334429
0.16014189166643014,0.001312637996626058
0.17991130314285533,0.0022439515335050154
0.2021212354977168,0.003819654370259642
0.2270729694325259,0.0064633222591062274
0.2551049785537617,0.010840058572243474
0.28659752081259104,0.017947226641515657
0.3219777967548112,0.029194533291499902
0.36172574455336326,0.04643217418245311
0.4063805504338082,0.07187128963089312
0.45654796280755766,0.10784366773647003
0.5129085093300529,0.15638028657247843
0.5762267283493882,0.21865389320349105
0.6473615399712076,0.2944129879783481
0.7272778974247632,0.38159643991940806
0.8170598767824696,0.4763160098873546
0.9179253825967483,0.5733044528421377
1.0312426689380967,0.6667691575365247
1.1585488999444697,0.7514299122803828
1.3015710016583038,0.8234341777407926
1.4622490880091454,0.8808827785460336
1.6427627787184707,0.9238478489743266
1.8455607661325835,0.9539503553520576
2.0733940320616497,0.9736994199392687
2.329353165215711,0.9858284940579725
2.6169102854537,0.992801323392215
2.9399661435534976,0.9965540444870673
3.3029030354176987,0.9984455164477568
3.710644248503383,0.9993389235061412
4.168720846874621,0.9997347527560981
4.683346700825936,0.9998994685982001
5.261502778863538,0.9999639517512728
5.911031845476362,0.999987747881997
6.64074484928479,0.9999960447101258
7.4605404447366075,0.9999987846816718
8.381539268677866,0.9999996439029927
9.416234793278331,0.9999999003544705
10.578662801651687,0.9999999733468838
11.884591785129816,0.9999999931839634
13.351736844955687,0.9999999983342392
15.0,0.9999999996113547
