SA(1.0s) [g],Complete_damage
0.05000000000000001,4.726921076780854e-10
0.056172467201025755,1.2885175149079942e-09
0.06310692142900626,3.4237275237103404e-09
0.07089742948257126,8.867851453153719e-09
0.07964967064493539,2.239043173091204e-08
0.08948237023750269,5.511209166808584e-08
0.10052891014472326,1.32247776618577e-07
0.11293913815718663,3.093890074135075e-07
0.1268814006769336,7.056928945647911e-07
0.14254482635890514,1.5694296722212897e-06
0.16014189166643014,3.403343590946406e-06
0.17991130314285533,7.196676705900629e-06
0.2021212354977168,1.4840445894837018e-05
0.2270729694325259,2.9845540480910593e-05
0.2551049785537617,5.854108980518635e-05
0.28659752081259104,0.00011200183672155362
0.3219777967548112,0.0002090305370564538
0.36172574455336326,0.00038058821401809606
0.4063805504338082,0.000676093249885934
0.45654796280755766,0.0011719593709608178
0.5129085093300529,0.0019825635571311118
0.5762267283493882,0.0032734800012236276
0.6473615399712076,0.005276255820567344
0.7272778974247632,0.008303249325925854
0.8170598767824696,0.012760177232290282
0.9179253825967483,0.01915317752297263
1.0312426689380967,0.02808662025012576
1.1585488999444697,0.04024786504687616
1.3015710016583038,0.05637592998717722
1.4622490880091454,0.07721275643146153
1.6427627787184707,0.10343838946033246
1.8455607661325835,0.13559464675308053
2.0733940320616497,0.17400516198130545
2.329353165215711,0.21870231943628982
2.6169102854537,0.26937277640283075
2.9399661435534976,0.32533241350258324
3.3029030354176987,0.3855384609623205
3.710644248503383,0.4486415337058879
4.168720846874621,0.5130741942533102
4.683346700825936,0.5771666319263306
5.261502778863538,0.6392753667286335
5.911031845476362,0.6979085861113029
6.64074484928479,0.7518323204880109
7.4605404447366075,0.8001450235998997
8.381539268677866,0.8423134954295691
9.416234793278331,0.8781693046561416
10.578662801651687,0.9078706638657819
11.884591785129816,0.9318390193613773
13.351736844955687,0.950681811375419
15.0,0.965112842370719
