SA(1.0s) [g],Complete_damage
0.05000000000000001,9.142230084080438e-09
0.056172467201025755,2.306411928110208e-08
0.06310692142900626,5.672343184048856e-08
0.07089742948257126,1.3600213932818406e-07
0.07964967064493539,3.1791030263850217e-07
0.08948237023750269,7.245335217342941e-07
0.10052891014472326,1.6100090582948923e-06
0.11293913815718663,3.4884840436344433e-06
0.1268814006769336,7.370691754049474e-06
0.14254482635890514,1.5186909822717531e-05
0.16014189166643014,3.0517510058447606e-05
0.17991130314285533,5.9810674172378064e-05
0.2021212354977168,0.00011433848792286039
0.2270729694325259,0.00021321988642286627
0.2551049785537617,0.0003879049879700336
0.28659752081259104,0.0006885416363991981
0.3219777967548112,0.0011925906835296152
0.36172574455336326,0.002015872513149608
0.4063805504338082,0.003325866038947245
0.45654796280755766,0.005356514211692254
0.5129085093300529,0.008423029713958252
0.5762267283493882,0.012934318358865382
0.6473615399712076,0.019399802666906774
0.7272778974247632,0.028426866793368144
0.8170598767824696,0.040705132677700595
0.9179253825967483,0.056974572513978194
1.0312426689380967,0.07797621423596635
1.1585488999444697,0.10438685789223345
1.3015710016583038,0.13674248605361994
1.4622490880091454,0.1753583547487283
1.6427627787184707,0.22025634662708027
1.8455607661325835,0.2711112893398071
2.0733940320616497,0.3272270138305301
2.329353165215711,0.38754976468499946
2.6169102854537,0.4507215085124373
2.9399661435534976,0.5151695552701365
3.3029030354176987,0.5792229013273467
3.710644248503383,0.6412410861744774
4.168720846874621,0.6997391438126092
4.683346700825936,0.7534929229589207
5.261502778863538,0.8016124904677935
5.911031845476362,0.843576751219423
6.64074484928479,0.8792286429165896
7.4605404447366075,0.9087360269942283
8.381539268677866,0.9325276438824461
9.416234793278331,0.9512156216735715
10.578662801651687,0.9655159414259735
11.884591785129816,0.9761763600062653
13.351736844955687,0.9839182646534904
15.0,0.9893955631476347
