SA(1.0s) [g],Complete_damage
0.05000000000000001,8.640996906894571e-08
0.056172467201025755,2.0468138506313238e-07
0.06310692142900626,4.726912347097212e-07
0.07089742948257126,1.0643429056989007e-06
0.07964967064493539,2.336749370002167e-06
0.08948237023750269,5.002565040879148e-06
0.10052891014472326,1.0443567108775476e-05
0.11293913815718663,2.126219627252013e-05
0.1268814006769336,4.221828315165155e-05
0.14254482635890514,8.176339423826562e-05
0.16014189166643014,0.0001544609992232271
0.17991130314285533,0.00028465534963639794
0.2021212354977168,0.0005118033636770658
0.2270729694325259,0.000897877362373678
0.2551049785537617,0.0015371365841325701
0.28659752081259104,0.0025683019558819797
0.3219777967548112,0.004188710557400888
0.36172574455336326,0.006669361679166319
0.4063805504338082,0.010368936342148416
0.45654796280755766,0.01574399101993118
0.5129085093300529,0.023351789208093332
0.5762267283493882,0.03384190084751626
0.6473615399712076,0.04793304594580061
0.7272778974247632,0.06637290227389303
0.8170598767824696,0.0898808039590997
0.9179253825967483,0.1190762625200289
1.0312426689380967,0.15439960992159563
1.1585488999444697,0.19603412714067825
1.3015710016583038,0.24384100181798463
1.4622490880091454,0.29731865268647006
1.6427627787184707,0.355595955812384
1.8455607661325835,0.41746476136828037
2.0733940320616497,0.48145138324243
2.329353165215711,0.5459205119667272
2.6169102854537,0.6091995090387212
2.9399661435534976,0.6697074731127788
3.3029030354176987,0.7260726218391513
3.710644248503383,0.777223598851587
4.168720846874621,0.8224448279765587
4.683346700825936,0.8613920006747778
5.261502778863538,0.8940699387450556
5.911031845476362,0.9207802210547997
6.64074484928479,0.94204923822307
7.4605404447366075,0.9585483840603177
8.381539268677866,0.9710170669630097
9.416234793278331,0.9801966881720316
10.578662801651687,0.986780448045603
11.884591785129816,0.9913805581296666
13.351736844955687,0.9945117340175679
15.0,0.9965880415307196
