SA(0.6s) [g],Complete_damage
0.05000000000000001,5.4798781221276904e-05
0.056172467201025755,8.609825498817614e-05
0.06310692142900626,0.00013368507263955554
0.07089742948257126,0.00020513950297185168
0.07964967064493539,0.0003111050134665394
0.08948237023750269,0.00046630539545000627
0.10052891014472326,0.0006908041402552412
0.11293913815718663,0.0010115255345536367
0.1268814006769336,0.0014640424630827376
0.14254482635890514,0.002094614369202108
0.16014189166643014,0.002962429653259213
0.17991130314285533,0.004141970171478548
0.2021212354977168,0.005725372675219331
0.2270729694325259,0.007824615546926927
0.2551049785537617,0.010573313033277243
0.28659752081259104,0.014127858744662158
0.3219777967548112,0.018667632020069158
0.36172574455336326,0.024393971985394947
0.4063805504338082,0.031527641690509256
0.45654796280755766,0.040304554285223726
0.5129085093300529,0.05096961808740619
0.5762267283493882,0.06376867741056547
0.6473615399712076,0.0789386765814325
0.7272778974247632,0.09669634630332302
0.8170598767824696,0.11722589037907694
0.9179253825967483,0.14066631902448545
1.0312426689380967,0.16709921269378303
1.1585488999444697,0.19653778775720943
1.3015710016583038,0.22891815553770867
1.4622490880091454,0.2640936075687331
1.6427627787184707,0.30183261860020005
1.8455607661325835,0.34182104013231074
2.0733940320616497,0.3836686758807063
2.329353165215711,0.4269201099119463
2.6169102854537,0.47106932790048217
2.9399661435534976,0.51557736474939
3.3029030354176987,0.5598919595050791
3.710644248503383,0.6034680280090514
4.168720846874621,0.6457876936082946
4.683346700825936,0.6863786541893763
5.261502778863538,0.7248298056384359
5.911031845476362,0.7608032720764611
6.64074484928479,0.7940422871378758
7.4605404447366075,0.8243746973920648
8.381539268677866,0.8517121858880303
9.416234793278331,0.8760456097711056
10.578662801651687,0.8974370854487843
11.884591785129816,0.9160096203566024
13.351736844955687,0.931935173842102
15.0,0.9454220322824025
