SA(1.0s) [g],Loss_ratio
0.05000000000000001,9.944383878611002e-08
0.056172467201025755,2.391164979363466e-07
0.06310692142900626,5.633031914757152e-07
0.07089742948257126,1.3072396783925025e-06
0.07964967064493539,3.014894257250583e-06
0.08948237023750269,6.993736703053893e-06
0.10052891014472326,1.6525475172537435e-05
0.11293913815718663,4.008629354713961e-05
0.1268814006769336,9.958309584601992e-05
0.14254482635890514,0.0002500222684812013
0.16014189166643014,0.0006224207060961513
0.17991130314285533,0.0015077627190744054
0.2021212354977168,0.0035012749792370703
0.2270729694325259,0.007713312044927914
0.2551049785537617,0.01601444352207026
0.28659752081259104,0.031216330812433038
0.3219777967548112,0.05702044399516792
0.36172574455336326,0.09754908886624641
0.4063805504338082,0.15637254742136572
0.45654796280755766,0.23518153994416957
0.5129085093300529,0.3325430377132935
0.5762267283493882,0.4433395834992406
0.6473615399712076,0.5593523096152699
0.7272778974247632,0.6709876994543886
0.8170598767824696,0.769582830680192
0.9179253825967483,0.8493965657862833
1.0312426689380967,0.9085338103553197
1.1585488999444697,0.9485828675300476
1.3015710016583038,0.9733379231976997
1.4622490880091454,0.9872850844853608
1.6427627787184707,0.9944381839250279
1.8455607661325835,0.9977736643915077
2.0733940320616497,0.9991861519739078
2.329353165215711,0.9997288006242666
2.6169102854537,0.9999177503062846
2.9399661435534976,0.999977329037604
3.3029030354176987,0.9999943277178602
3.710644248503383,0.9999987131631731
4.168720846874621,0.99999973554723
4.683346700825936,0.9999999508117223
5.261502778863538,0.9999999917256016
5.911031845476362,0.9999999987419954
6.64074484928479,0.9999999998272407
7.4605404447366075,0.9999999999785817
8.381539268677866,0.9999999999976039
9.416234793278331,0.9999999999997582
10.578662801651687,0.999999999999978
11.884591785129816,0.9999999999999982
13.351736844955687,0.9999999999999999
15.0,1.0
