PGA [g],Complete_damage
0.05000000000000001,1.548107864124404e-09
0.056172467201025755,8.38175318040868e-09
0.06310692142900626,4.195529934580833e-08
0.07089742948257126,1.94197205094504e-07
0.07964967064493539,8.313826090899923e-07
0.08948237023750269,3.2928514833718836e-06
0.10052891014472326,1.2069364871081234e-05
0.11293913815718663,4.095294039896391e-05
0.1268814006769336,0.00012869001903381694
0.14254482635890514,0.00037468178839450417
0.16014189166643014,0.0010112793480642202
0.17991130314285533,0.002531889991691294
0.2021212354977168,0.005884486583778603
0.2270729694325259,0.012707185622050643
0.2551049785537617,0.025522936713648137
0.28659752081259104,0.047743036528122174
0.3219777967548112,0.08330314331939548
0.36172574455336326,0.13583177551598702
0.4063805504338082,0.20745367633319434
0.45654796280755766,0.29759270858213693
0.5129085093300529,0.40230500179859563
0.5762267283493882,0.5145845006208238
0.6473615399712076,0.6257119655053196
0.7272778974247632,0.727234038271835
0.8170598767824696,0.8128426592970028
0.9179253825967483,0.8794760880074457
1.0312426689380967,0.9273483537101339
1.1585488999444697,0.9590945973039722
1.3015710016583038,0.9785265515592618
1.4622490880091454,0.9895053667713684
1.6427627787184707,0.9952307990006992
1.8455607661325835,0.9979867639889813
2.0733940320616497,0.9992112403373112
2.329353165215711,0.9997133943463162
2.6169102854537,0.9999034722838273
2.9399661435534976,0.9999698822138774
3.3029030354176987,0.9999912982477195
3.710644248503383,0.9999976727728538
4.168720846874621,0.99999942405999
4.683346700825936,0.999999868144328
5.261502778863538,0.9999999720812595
5.911031845476362,0.9999999945339468
6.64074484928479,0.9999999990106505
7.4605404447366075,0.9999999998344802
8.381539268677866,0.9999999999744077
9.416234793278331,0.9999999999963435
10.578662801651687,0.9999999999995173
11.884591785129816,0.9999999999999412
13.351736844955687,0.9999999999999933
15.0,0.9999999999999993
