SA(0.6s) [g],Loss_ratio
0.05000000000000001,1.240517549147353e-09
0.056172467201025755,4.077089005360727e-09
0.06310692142900626,1.3264528281399072e-08
0.07089742948257126,4.222748274873229e-08
0.07964967064493539,1.3051276297256612e-07
0.08948237023750269,3.896525671760698e-07
0.10052891014472326,1.1202259301100683e-06
0.11293913815718663,3.095305673507591e-06
0.1268814006769336,8.210523215866563e-06
0.14254482635890514,2.0893745521671715e-05
0.16014189166643014,5.0989629580182945e-05
0.17991130314285533,0.0001193153330579082
0.2021212354977168,0.0002676993109475185
0.2270729694325259,0.0005759237942351256
0.2551049785537617,0.0011882630460465409
0.28659752081259104,0.0023516932674224685
0.3219777967548112,0.0044656573788834876
0.36172574455336326,0.008138942892852281
0.4063805504338082,0.014242820503339736
0.45654796280755766,0.0239422810774756
0.5129085093300529,0.03868161859102491
0.5762267283493882,0.060100434909497416
0.6473615399712076,0.08986490504235571
0.7272778974247632,0.12941818544207465
0.8170598767824696,0.1796804417095395
0.9179253825967483,0.24075568739480563
1.0312426689380967,0.31171900305520306
1.1585488999444697,0.39055419044201384
1.3015710016583038,0.4742846422969773
1.4622490880091454,0.5592942132745756
1.6427627787184707,0.6417836463712281
1.8455607661325835,0.7182689559350074
2.0733940320616497,0.7860152470460843
2.329353165215711,0.843317665223821
2.6169102854537,0.8895840006084765
2.9399661435534976,0.9252258009545379
3.3029030354176987,0.9514093468660094
3.710644248503383,0.9697417890879821
4.168720846874621,0.9819672248087551
4.683346700825936,0.9897274501277156
5.261502778863538,0.9944129240348702
5.911031845476362,0.9971019778621707
6.64074484928479,0.9985678931594728
7.4605404447366075,0.9993264387523711
8.381539268677866,0.9996987662523948
9.416234793278331,0.9998720096085517
10.578662801651687,0.9999483766912759
11.884591785129816,0.9999802493580082
13.351736844955687,0.9999928372524401
15.0,0.9999975392907562
