SA(0.6s) [g],Complete_damage
0.05000000000000001,1.942890293094024e-14
0.056172467201025755,9.670042544485113e-14
0.06310692142900626,4.592992652874273e-13
0.07089742948257126,2.088662576227307e-12
0.07964967064493539,9.091394304050482e-12
0.08948237023750269,3.7880143466395566e-11
0.10052891014472326,1.5109113959965725e-10
0.11293913815718663,5.769437150249246e-10
0.1268814006769336,2.1092194657512664e-09
0.14254482635890514,7.382995437232864e-09
0.16014189166643014,2.4745560822658774e-08
0.17991130314285533,7.942372370894901e-08
0.2021212354977168,2.441345213766155e-07
0.2270729694325259,7.187464857727477e-07
0.2551049785537617,2.0269161092878463e-06
0.28659752081259104,5.475958281930815e-06
0.3219777967548112,1.4174416936407752e-05
0.36172574455336326,3.5158777208277314e-05
0.4063805504338082,8.358259882657038e-05
0.45654796280755766,0.00019047148180850737
0.5129085093300529,0.0004161636079411668
0.5762267283493882,0.00087200199777282
0.6473615399712076,0.001752678127445506
0.7272778974247632,0.0033802215849584316
0.8170598767824696,0.006257356280136461
0.9179253825967483,0.011122539550698418
1.0312426689380967,0.018992087571444105
1.1585488999444697,0.031168296762195125
1.3015710016583038,0.049189603356765144
1.4622490880091454,0.0747032441928207
1.6427627787184707,0.109255045824169
1.8455607661325835,0.154014125924822
2.0733940320616497,0.20947719319271396
2.329353165215711,0.27521859500858814
2.6169102854537,0.34975808840678724
2.9399661435534976,0.43060182027969707
3.3029030354176987,0.5144741555076375
3.710644248503383,0.5977086976284081
4.168720846874621,0.6767221302818844
4.683346700825936,0.7484702828613451
5.261502778863538,0.8107910720110696
5.911031845476362,0.8625717279493083
6.64074484928479,0.9037259573960947
7.4605404447366075,0.9350136583225117
8.381539268677866,0.9577669896788883
9.416234793278331,0.9735950753752304
10.578662801651687,0.9841273879859421
11.884591785129816,0.9908313401501437
13.351736844955687,0.9949131216022752
15.0,0.9972904003535097
