SA(0.6s) [g],Complete_damage
0.05000000000000001,3.0182856214366893e-11
0.056172467201025755,1.2123890780202373e-10
0.06310692142900626,4.662162877977494e-10
0.07089742948257126,1.716415121144621e-09
0.07964967064493539,6.050272727264883e-09
0.08948237023750269,2.042096125531856e-08
0.10052891014472326,6.600242463683514e-08
0.11293913815718663,2.0429760172469003e-07
0.1268814006769336,6.056577145363562e-07
0.14254482635890514,1.7198755415392952e-06
0.16014189166643014,4.678671480129459e-06
0.17991130314285533,1.219436797705864e-05
0.2021212354977168,3.0455724752687097e-05
0.2270729694325259,7.289878635396985e-05
0.2551049785537617,0.00016725933918149138
0.28659752081259104,0.0003679303336584505
0.3219777967548112,0.0007761456673079925
0.36172574455336326,0.0015704827328912874
0.4063805504338082,0.0030490168544375917
0.45654796280755766,0.005681521081438268
0.5129085093300529,0.010165031517366474
0.5762267283493882,0.017469335546903664
0.6473615399712076,0.02885219047181864
0.7272778974247632,0.04582037592560362
0.8170598767824696,0.07001570716680139
0.9179253825967483,0.10301767397459538
1.0312426689380967,0.14607630856318865
1.1585488999444697,0.19981572540955872
1.3015710016583038,0.2639718290028472
1.4622490880091454,0.33723663474326115
1.6427627787184707,0.417268927593219
1.8455607661325835,0.5008961319396155
2.0733940320616497,0.5844838318054542
2.329353165215711,0.6644027593333669
2.6169102854537,0.7374946813163589
2.9399661435534976,0.801438939031442
3.3029030354176987,0.8549503138952503
3.710644248503383,0.8977857312217685
4.168720846874621,0.9305856039275617
4.683346700825936,0.9546100560256655
5.261502778863538,0.971442489413103
5.911031845476362,0.9827236110779419
6.64074484928479,0.9899557956474807
7.4605404447366075,0.9943908446054679
8.381539268677866,0.9969924347645227
9.416234793278331,0.9984522259010911
10.578662801651687,0.9992357525316887
11.884591785129816,0.9996380319433652
13.351736844955687,0.9998355981446243
15.0,0.9999284109868756
