SA(1.0s) [g],Loss_ratio
0.05000000000000001,2.5550943049262727e-09
0.056172467201025755,7.264220187806064e-09
0.06310692142900626,2.003547945414002e-08
0.07089742948257126,5.361163545795782e-08
0.07964967064493539,1.3918373041401182e-07
0.08948237023750269,3.5059951237179903e-07
0.10052891014472326,8.569448438186333e-07
0.11293913815718663,2.0325473911033343e-06
0.1268814006769336,4.678479485875318e-06
0.14254482635890514,1.0451479485580808e-05
0.16014189166643014,2.2661866258544736e-05
0.17991130314285533,4.769774000906401e-05
0.2021212354977168,9.7460250322829e-05
0.2270729694325259,0.00019334491444607488
0.2551049785537617,0.0003724488740551445
0.28659752081259104,0.0006967685367710725
0.3219777967548112,0.0012660905626324143
0.36172574455336326,0.0022349625955985423
0.4063805504338082,0.0038334511898886793
0.45654796280755766,0.0063902936770889405
0.5129085093300529,0.010355579070453768
0.5762267283493882,0.01631847081924851
0.6473615399712076,0.025014123998542196
0.7272778974247632,0.03731340217048412
0.8170598767824696,0.05418979464184738
0.9179253825967483,0.07666033558428578
1.0312426689380967,0.10570108550793662
1.1585488999444697,0.14214202790003913
1.3015710016583038,0.18654993423144606
1.4622490880091454,0.23911007612738086
1.6427627787184707,0.29951886751858364
1.8455607661325835,0.36690099071126725
2.0733940320616497,0.4397677430662447
2.329353165215711,0.516037681361754
2.6169102854537,0.5931420302732825
2.9399661435534976,0.6682291578053786
3.3029030354176987,0.7384601443746219
3.710644248503383,0.8013543280570424
4.168720846874621,0.8551128831342939
4.683346700825936,0.8988378566525794
5.261502778863538,0.9325851626439214
5.911031845476362,0.9572385098517463
6.64074484928479,0.974246999001104
7.4605404447366075,0.9853071078957377
8.381539268677866,0.9920745508289236
9.416234793278331,0.9959653109954943
10.578662801651687,0.9980645149904263
11.884591785129816,0.9991262853247731
13.351736844955687,0.9996292941903613
15.0,0.9998523227644087
