SA(0.6s) [g],Loss_ratio
0.05000000000000001,6.12009175127565e-13
0.056172467201025755,4.26716865947415e-12
0.06310692142900626,2.7634172732910816e-11
0.07089742948257126,1.6623308968353648e-10
0.07964967064493539,9.290050906090773e-10
0.08948237023750269,4.8241670079059054e-09
0.10052891014472326,2.3281879230431033e-08
0.11293913815718663,1.0445033953629187e-07
0.1268814006769336,4.357365723049867e-07
0.14254482635890514,1.6908869271100951e-06
0.16014189166643014,6.1062099728879695e-06
0.17991130314285533,2.0532057180281942e-05
0.2021212354977168,6.432699346466281e-05
0.2270729694325259,0.0001879422521232779
0.2551049785537617,0.0005126061912387053
0.28659752081259104,0.0013068503629041434
0.3219777967548112,0.003118876580436139
0.36172574455336326,0.006979360726595037
0.4063805504338082,0.014668893277605979
0.45654796280755766,0.028997359351516816
0.5129085093300529,0.053959265524186964
0.5762267283493882,0.09451551229201685
0.6473615399712076,0.15567502110815343
0.7272778974247632,0.24068342782524113
0.8170598767824696,0.34866934062425325
0.9179253825967483,0.4729341278683407
1.0312426689380967,0.6014601415961984
1.1585488999444697,0.7202654675806548
1.3015710016583038,0.818185576400893
1.4622490880091454,0.8903001965244187
1.6427627787184707,0.9381181918280225
1.8455607661325835,0.9670512454991895
2.0733940320616497,0.9833082350398212
2.329353165215711,0.9919346996151116
2.6169102854537,0.9962990584530474
2.9399661435534976,0.998401488402421
3.3029030354176987,0.9993564810492818
3.710644248503383,0.9997605130555209
4.168720846874621,0.9999180848729934
4.683346700825936,0.9999743426744429
5.261502778863538,0.9999926573184348
5.911031845476362,0.9999980826651292
6.64074484928479,0.9999995435971643
7.4605404447366075,0.999999901026227
8.381539268677866,0.9999999804572219
9.416234793278331,0.9999999964879932
10.578662801651687,0.9999999994258036
11.884591785129816,0.9999999999146205
13.351736844955687,0.9999999999884575
15.0,0.9999999999985816
