SA(0.6s) [g],Loss_ratio
0.05000000000000001,7.463643508731443e-12
0.056172467201025755,3.990934676252935e-11
0.06310692142900626,1.9827553061253032e-10
0.07089742948257126,9.151469184943225e-10
0.07964967064493539,3.9241899515105735e-09
0.08948237023750269,1.563504822385217e-08
0.10052891014472326,5.789328903831518e-08
0.11293913815718663,1.9927980047343812e-07
0.1268814006769336,6.379258218884027e-07
0.14254482635890514,1.900032705922318e-06
0.16014189166643014,5.2687288733407276e-06
0.17991130314285533,1.3612864012057885e-05
0.2021212354977168,3.280483954015213e-05
0.2270729694325259,7.383385564774341e-05
0.2551049785537617,0.000155482018804013
0.28659752081259104,0.00030708674451087985
0.3219777967548112,0.0005707258121365332
0.36172574455336326,0.0010026073654539915
0.4063805504338082,0.0016749862804965837
0.45654796280755766,0.0026825561337630753
0.5129085093300529,0.004160137276657563
0.5762267283493882,0.006320053506944147
0.6473615399712076,0.00951643419785646
0.7272778974247632,0.014339363823562316
0.8170598767824696,0.02173466985269636
0.9179253825967483,0.0331343819003812
1.0312426689380967,0.05056448883168263
1.1585488999444697,0.07666546317728992
1.3015710016583038,0.11452149827146943
1.4622490880091454,0.16717614127194683
1.6427627787184707,0.23677229739256908
1.8455607661325835,0.32344059324372354
2.0733940320616497,0.4243312757019255
2.329353165215711,0.5333636803783248
2.6169102854537,0.642123562465174
2.9399661435534976,0.7418121915990368
3.3029030354176987,0.8255171390887515
3.710644248503383,0.8898030700347097
4.168720846874621,0.9349697026322634
4.683346700825936,0.9640630212487991
5.261502778863538,0.9813198695791229
5.911031845476362,0.9908103614075001
6.64074484928479,0.9956931051630807
7.4605404447366075,0.9980667764807186
8.381539268677866,0.9991669307599088
9.416234793278331,0.9996557945619637
10.578662801651687,0.9998642157675053
11.884591785129816,0.9999491518331647
13.351736844955687,0.9999820287800363
15.0,0.9999940348498522
