SA(1.0s) [g],Complete_damage
0.05000000000000001,1.3877787807814457e-14
0.056172467201025755,7.038813976123492e-14
0.06310692142900626,3.4139358007223564e-13
0.07089742948257126,1.584843367652411e-12
0.07964967064493539,7.037148641586555e-12
0.08948237023750269,2.988953529126093e-11
0.10052891014472326,1.2144352190546215e-10
0.11293913815718663,4.720447366324265e-10
0.1268814006769336,1.7553848374873837e-09
0.14254482635890514,6.245553185735275e-09
0.16014189166643014,2.1262317351222748e-08
0.17991130314285533,6.926697071474308e-08
0.2021212354977168,2.1595136168173212e-07
0.2270729694325259,6.443799036581765e-07
0.2551049785537617,1.8404789624559825e-06
0.28659752081259104,5.032387792813786e-06
0.3219777967548112,1.3174342657906735e-05
0.36172574455336326,3.302624268819443e-05
0.4063805504338082,7.9293198621877e-05
0.45654796280755766,0.0001823639639763064
0.5129085093300529,0.0004018445233220369
0.5762267283493882,0.0008485824680461995
0.6473615399712076,0.001717755176281699
0.7272778974247632,0.0033341817901783033
0.8170598767824696,0.006207626055755866
0.9179253825967483,0.011090175230987875
1.0312426689380967,0.019020440437564456
1.1585488999444697,0.0313323720342088
1.3015710016583038,0.04960336790377151
1.4622490880091454,0.07552103570132174
1.6427627787184707,0.11066311132208895
1.8455607661325835,0.15620979817382452
2.0733940320616497,0.21263643320223424
2.329353165215711,0.27945690901761866
2.6169102854537,0.35509369792149514
2.9399661435534976,0.43693164964392595
3.3029030354176987,0.521571443083606
3.710644248503383,0.6052458466462797
4.168720846874621,0.6843153186764768
4.683346700825936,0.7557358729659991
5.261502778863538,0.81740044527267
5.911031845476362,0.8682920694538301
6.64074484928479,0.9084392374370182
7.4605404447366075,0.9387126553097139
8.381539268677866,0.9605332126128264
9.416234793278331,0.9755669844324149
10.578662801651687,0.9854677249708286
11.884591785129816,0.991700262111311
13.351736844955687,0.9954505049344269
15.0,0.9976075094401247
