SA(0.6s) [g],Loss_ratio
0.05000000000000001,9.804829101586588e-08
0.056172467201025755,2.6224436449426194e-07
0.06310692142900626,6.719978483496071e-07
0.07089742948257126,1.651536211317094e-06
0.07964967064493539,3.898164494916828e-06
0.08948237023750269,8.851622684155996e-06
0.10052891014472326,1.9376288910858177e-05
0.11293913815718663,4.098739188356771e-05
0.1268814006769336,8.401104348453064e-05
0.14254482635890514,0.00016732992793127118
0.16014189166643014,0.0003247756686925538
0.17991130314285533,0.0006158013586099358
0.2021212354977168,0.0011427235061718301
0.2270729694325259,0.0020772852366620475
0.2551049785537617,0.003698999879054579
0.28659752081259104,0.0064458563747874465
0.3219777967548112,0.01097365922257933
0.36172574455336326,0.018213232695519575
0.4063805504338082,0.02940594477528704
0.45654796280755766,0.04609039948406102
0.5129085093300529,0.07001132763079379
0.5762267283493882,0.10293058357801797
0.6473615399712076,0.14634230286030542
0.7272778974247632,0.20112710088909505
0.8170598767824696,0.2672146125564825
0.9179253825967483,0.34334586983832033
1.0312426689380967,0.4270235721931013
1.1585488999444697,0.514702971723501
1.3015710016583038,0.6022148766013742
1.4622490880091454,0.6853435784943291
1.6427627787184707,0.76043111058377
1.8455607661325835,0.8248660415743276
2.0733940320616497,0.877347183628141
2.329353165215711,0.9178792895318377
2.6169102854537,0.9475342172717437
2.9399661435534976,0.96806928595048
3.3029030354176987,0.9815160971948735
3.710644248503383,0.989836072359903
4.168720846874621,0.9946968382579824
4.683346700825936,0.9973767719135294
5.261502778863538,0.9987705882859306
5.911031845476362,0.9994542755394626
6.64074484928479,0.9997705664287996
7.4605404447366075,0.9999086103435904
8.381539268677866,0.9999654841087062
9.416234793278331,0.9999876250365154
10.578662801651687,0.9999957810842849
11.884591785129816,0.9999986293483125
13.351736844955687,0.9999995745549524
15.0,0.99999987346939
