SA(0.3s) [g],Loss_ratio
0.05000000000000001,1.829411178313742e-06
0.056172467201025755,3.5227207744535353e-06
0.06310692142900626,6.593260790777999e-06
0.07089742948257126,1.1996986087321959e-05
0.07964967064493539,2.122814399724382e-05
0.08948237023750269,3.653987869089772e-05
0.10052891014472326,6.120990954660457e-05
0.11293913815718663,9.98408499878875e-05
0.1268814006769336,0.0001586797787031325
0.14254482635890514,0.00024594517884162236
0.16014189166643014,0.0003721700366523203
0.17991130314285533,0.0005506179678206034
0.2021212354977168,0.0007979139912102502
0.2270729694325259,0.001135157407271941
0.2551049785537617,0.0015899456695448505
0.28659752081259104,0.002199914309381815
0.3219777967548112,0.0030185479469523146
0.36172574455336326,0.004124077791282205
0.4063805504338082,0.0056321680881971535
0.45654796280755766,0.007712713206146667
0.5129085093300529,0.010610333052318276
0.5762267283493882,0.014667023385726282
0.6473615399712076,0.020343930615359856
0.7272778974247632,0.028237551722778753
0.8170598767824696,0.039084150590234894
0.9179253825967483,0.05374533998754936
1.0312426689380967,0.07316821287257436
1.1585488999444697,0.09831568191833037
1.3015710016583038,0.13006710129655868
1.4622490880091454,0.16909558290044557
1.6427627787184707,0.21573575556144917
1.8455607661325835,0.2698623987657998
2.0733940320616497,0.3308042894796646
2.329353165215711,0.39731669744260756
2.6169102854537,0.4676290633059226
2.9399661435534976,0.5395718675897577
3.3029030354176987,0.6107708129643366
3.710644248503383,0.6788810374703602
4.168720846874621,0.7418235353304046
4.683346700825936,0.797983746878798
5.261502778863538,0.8463395798378772
5.911031845476362,0.8865012278116253
6.64074484928479,0.9186638875706884
7.4605404447366075,0.9434916263278459
8.381539268677866,0.9619617608390005
9.416234793278331,0.9752019497798128
10.578662801651687,0.9843472767901683
11.884591785129816,0.9904346149503718
13.351736844955687,0.994340151571022
15.0,0.9967563295161297
