SA(1.0s) [g],Complete_damage
0.05000000000000001,0.0
0.056172467201025755,1.1102230246251565e-16
0.06310692142900626,7.771561172376096e-16
0.07089742948257126,5.218048215738236e-15
0.07964967064493539,3.3861802251067274e-14
0.08948237023750269,2.0816681711721685e-13
0.10052891014472326,1.2081446953970953e-12
0.11293913815718663,6.618261494395483e-12
0.1268814006769336,3.4230840384452677e-11
0.14254482635890514,1.6717616180272898e-10
0.16014189166643014,7.709978211423163e-10
0.17991130314285533,3.358097355743439e-09
0.2021212354977168,1.381462622074281e-08
0.2270729694325259,5.368339017763901e-08
0.2551049785537617,1.9708356280290218e-07
0.28659752081259104,6.836465520354551e-07
0.3219777967548112,2.241052217688555e-06
0.36172574455336326,6.943656909230711e-06
0.4063805504338082,2.0338880535653026e-05
0.45654796280755766,5.633344598976464e-05
0.5129085093300529,0.00014757654717778568
0.5762267283493882,0.0003657690923983825
0.6473615399712076,0.0008579866981746065
0.7272778974247632,0.0019054825327677882
0.8170598767824696,0.004008417857418456
0.9179253825967483,0.007991125852481074
1.0312426689380967,0.015106707446123302
1.1585488999444697,0.027099550172218656
1.3015710016583038,0.04616794094022425
1.4622490880091454,0.07476928545329076
1.6427627787184707,0.11523988581842315
1.8455607661325835,0.16926228735536952
2.0733940320616497,0.23729054949930783
2.329353165215711,0.318104490047185
2.6169102854537,0.4086703954518749
2.9399661435534976,0.5044173143688654
3.3029030354176987,0.5999092171357472
3.710644248503383,0.6897533973293998
4.168720846874621,0.7694968384088484
4.683346700825936,0.8362668615870648
5.261502778863538,0.8890079982506494
5.911031845476362,0.9283085526408159
6.64074484928479,0.955935244824172
7.4605404447366075,0.9742558522100443
8.381539268677866,0.9857170846177066
9.416234793278331,0.9924810738520347
10.578662801651687,0.996246847903439
11.884591785129816,0.9982246596748408
13.351736844955687,0.9992045885413385
15.0,0.9996626065445994
