SA(0.3s) [g],Complete_damage
0.05000000000000001,1.1027154391829441e-06
0.056172467201025755,2.2528408387678667e-06
0.06310692142900626,4.507756085181391e-06
0.07089742948257126,8.834298947157926e-06
0.07964967064493539,1.6958442337067225e-05
0.08948237023750269,3.1887759826876305e-05
0.10052891014472326,5.8736762234001816e-05
0.11293913815718663,0.00010599115651310775
0.1268814006769336,0.00018738323038713922
0.14254482635890514,0.0003245812728116526
0.16014189166643014,0.000550909968324409
0.17991130314285533,0.0009163004659934471
0.2021212354977168,0.0014935994828169097
0.2270729694325259,0.0023862271496697396
0.2551049785537617,0.0037369487400324974
0.28659752081259104,0.0057372127801914585
0.3219777967548112,0.008636123329883838
0.36172574455336326,0.01274769927988606
0.4063805504338082,0.018454698945219117
0.45654796280755766,0.026207049746005184
0.5129085093300529,0.036512928695627944
0.5762267283493882,0.04992088909025438
0.6473615399712076,0.06699218421834163
0.7272778974247632,0.08826359536363237
0.8170598767824696,0.11420253514225465
0.9179253825967483,0.14515777934561747
1.0312426689380967,0.1813106135246152
1.1585488999444697,0.22263216037588962
1.3015710016583038,0.2688529014032883
1.4622490880091454,0.31944973661603016
1.6427627787184707,0.3736543087971177
1.8455607661325835,0.43048391029713673
2.0733940320616497,0.488793424570797
2.329353165215711,0.5473438912486009
2.6169102854537,0.6048809189108504
2.9399661435534976,0.660214733195822
3.3029030354176987,0.7122934069627389
3.710644248503383,0.7602618192513316
4.168720846874621,0.8035009434737647
4.683346700825936,0.8416447953718936
5.261502778863538,0.8745752945992507
5.911031845476362,0.9023979249166527
6.64074484928479,0.9254030263822561
7.4605404447366075,0.944018590920125
8.381539268677866,0.958760521166469
9.416234793278331,0.9701855831987684
10.578662801651687,0.9788509878191912
11.884591785129816,0.9852829751567103
13.351736844955687,0.9899552411476134
15.0,0.9932767542484807
