SA(0.3s) [g],Complete_damage
0.05000000000000001,8.114563588956791e-06
0.056172467201025755,1.5534624973390088e-05
0.06310692142900626,2.914112124130508e-05
0.07089742948257126,5.3567889950367764e-05
0.07964967064493539,9.6498460261496e-05
0.08948237023750269,0.00017036508232726177
0.10052891014472326,0.0002947909798886039
0.11293913815718663,0.0004999800886499317
0.1268814006769336,0.000831247584490713
0.14254482635890514,0.0013548291622745845
0.16014189166643014,0.0021649893899925443
0.17991130314285533,0.0033922548858105195
0.2021212354977168,0.005212321098692407
0.2270729694325259,0.007854832820681779
0.2551049785537617,0.011610851485159723
0.28659752081259104,0.016837456218302238
0.3219777967548112,0.023957664223287933
0.36172574455336326,0.03345379797936243
0.4063805504338082,0.045852667617097165
0.45654796280755766,0.061701544883313586
0.5129085093300529,0.08153489401220604
0.5762267283493882,0.10583313111173087
0.6473615399712076,0.1349761565409422
0.7272778974247632,0.16919581513524018
0.8170598767824696,0.20853251139110918
0.9179253825967483,0.25280167024028743
1.0312426689380967,0.3015753856372927
1.1585488999444697,0.35418336179172405
1.3015710016583038,0.40973521319560424
1.4622490880091454,0.4671636070288745
1.6427627787184707,0.5252849972198281
1.8455607661325835,0.5828722695615395
2.0733940320616497,0.6387319200813184
2.329353165215711,0.69177773309844
2.6169102854537,0.7410934322033395
2.9399661435534976,0.785978353060828
3.3029030354176987,0.8259725440088771
3.710644248503383,0.8608604212981241
4.168720846874621,0.890654732529692
4.683346700825936,0.915564709280198
5.261502778863538,0.9359536402831671
5.911031845476362,0.952291559531093
6.64074484928479,0.9651083764718718
7.4605404447366075,0.9749517679268067
8.381539268677866,0.9823527689033171
9.416234793278331,0.9878005203703091
10.578662801651687,0.991726293701707
11.884591785129816,0.994495875858513
13.351736844955687,0.9964087410779594
15.0,0.9977021491353247
