SA(0.6s) [g],Loss_ratio
0.05000000000000001,2.2991247116071665e-06
0.056172467201025755,4.724943201654891e-06
0.06310692142900626,9.439387111378515e-06
0.07089742948257126,1.8289904256131918e-05
0.07964967064493539,3.431939182077839e-05
0.08948237023750269,6.230736810426387e-05
0.10052891014472326,0.00010940792904975163
0.11293913815718663,0.00018582617052861704
0.1268814006769336,0.00030545484087829455
0.14254482635890514,0.00048641603924153725
0.16014189166643014,0.0007515574628671532
0.17991130314285533,0.001129175497284672
0.2021212354977168,0.0016545953599177764
0.2270729694325259,0.0023737086835455682
0.2551049785537617,0.0033500695209724616
0.28659752081259104,0.004677526215974035
0.3219777967548112,0.0065003866245516625
0.36172574455336326,0.009042478113798803
0.4063805504338082,0.012644846709878392
0.45654796280755766,0.017808992781478624
0.5129085093300529,0.025238474745299815
0.5762267283493882,0.035866950924842905
0.6473615399712076,0.050856537075036796
0.7272778974247632,0.07154875919959625
0.8170598767824696,0.09935376444795016
0.9179253825967483,0.135573632234276
1.0312426689380967,0.18117255825313464
1.1585488999444697,0.23652735265272987
1.3015710016583038,0.3012099668234381
1.4622490880091454,0.3738618135419705
1.6427627787184707,0.45221092090710524
1.8455607661325835,0.5332556990625033
2.0733940320616497,0.6135986369588462
2.329353165215711,0.68987146451039
2.6169102854537,0.7591647204238281
2.9399661435534976,0.819370443012444
3.3029030354176987,0.8693695034382264
3.710644248503383,0.9090373703108081
4.168720846874621,0.9390890526733546
4.683346700825936,0.96081991860048
5.261502778863538,0.9758138643706948
5.911031845476362,0.9856827264702906
6.64074484928479,0.9918777658588259
7.4605404447366075,0.9955862462621651
8.381539268677866,0.9977032008640072
9.416234793278331,0.9988556560362463
10.578662801651687,0.9994540912295957
11.884591785129816,0.9997505957389377
13.351736844955687,0.9998908354368861
15.0,0.9999541949015642
