SA(0.6s) [g],Complete_damage
0.05000000000000001,6.999157586839999e-09
0.056172467201025755,1.6228879018420628e-08
0.06310692142900626,3.686017380211126e-08
0.07089742948257126,8.200950130099471e-08
0.07964967064493539,1.7873991187133953e-07
0.08948237023750269,3.8163042692662685e-07
0.10052891014472326,7.982574650178265e-07
0.11293913815718663,1.6358256544890537e-06
0.1268814006769336,3.284291442695597e-06
0.14254482635890514,6.460629842663934e-06
0.16014189166643014,1.2452476308544291e-05
0.17991130314285533,2.3518247713405493e-05
0.2021212354977168,4.35256101335435e-05
0.2270729694325259,7.894043764544723e-05
0.2551049785537617,0.00014031205787090606
0.28659752081259104,0.0002444327944648439
0.3219777967548112,0.0004173722461181528
0.36172574455336326,0.0006985870267894878
0.4063805504338082,0.0011462688341001837
0.45654796280755766,0.0018439998055380658
0.5129085093300529,0.0029086178529809104
0.5762267283493882,0.00449894667225248
0.6473615399712076,0.006824719702456239
0.7272778974247632,0.010154649211675748
0.8170598767824696,0.014822210952964321
0.9179253825967483,0.021227407128148634
1.0312426689380967,0.029832630413523353
1.1585488999444697,0.041150878416022496
1.3015710016583038,0.05572504171837789
1.4622490880091454,0.0740978451784371
1.6427627787184707,0.09677322692739176
1.8455607661325835,0.12417137275301293
2.0733940320616497,0.15658108181644725
2.329353165215711,0.19411435950509204
2.6169102854537,0.2366688364094044
2.9399661435534976,0.2839035656382892
3.3029030354176987,0.33523282724690007
3.710644248503383,0.389840795608555
4.168720846874621,0.44671750205324035
4.683346700825936,0.5047138009796208
5.261502778863538,0.5626104648619962
5.911031845476362,0.619194539700356
6.64074484928479,0.6733350467223732
7.4605404447366075,0.7240502108572048
8.381539268677866,0.77055961414322
9.416234793278331,0.8123167893841532
10.578662801651687,0.8490204064675049
11.884591785129816,0.8806049076791972
13.351736844955687,0.9072137867161261
15.0,0.9291603503544469
