SA(0.6s) [g],Complete_damage
0.05000000000000001,6.135767383064206e-08
0.056172467201025755,1.3468654735948604e-07
0.06310692142900626,2.896328430423978e-07
0.07089742948257126,6.101740399611089e-07
0.07964967064493539,1.2593807594551976e-06
0.08948237023750269,2.546677522419216e-06
0.10052891014472326,5.045704186357192e-06
0.11293913815718663,9.795332958306702e-06
0.1268814006769336,1.863315045702585e-05
0.14254482635890514,3.4733192044944516e-05
0.16014189166643014,6.344797865043272e-05
0.17991130314285533,0.00011358757513835194
0.2021212354977168,0.0001993017681757303
0.2270729694325259,0.0003427586312728659
0.2551049785537617,0.0005778229006898616
0.28659752081259104,0.0009549160363748754
0.3219777967548112,0.0015471691700149615
0.36172574455336326,0.0024578429997711426
0.4063805504338082,0.0038287724586819616
0.45654796280755766,0.0058492970409065315
0.5129085093300529,0.008764776318614942
0.5762267283493882,0.01288340445930114
0.6473615399712076,0.018579693538690267
0.7272778974247632,0.026292781529164255
0.8170598767824696,0.03651773609885656
0.9179253825967483,0.049788359800737036
1.0312426689380967,0.06665071127526634
1.1585488999444697,0.08762763522167227
1.3015710016583038,0.11317595485229481
1.4622490880091454,0.14363945185965787
1.6427627787184707,0.17920209689781985
1.8455607661325835,0.21984692051072252
2.0733940320616497,0.26532617377158374
2.329353165215711,0.3151478465544568
2.6169102854537,0.3685821541023786
2.9399661435534976,0.42468940239195396
3.3029030354176987,0.4823679955347927
3.710644248503383,0.5404186678398563
4.168720846874621,0.5976187634872064
4.683346700825936,0.6527989497161849
5.261502778863538,0.7049143974401325
5.911031845476362,0.7531032612715893
6.64074484928479,0.7967270920861576
7.4605404447366075,0.8353902933445756
8.381539268677866,0.8689384538426206
9.416234793278331,0.8974379053120305
10.578662801651687,0.9211407882643983
11.884591785129816,0.9404410286355496
13.351736844955687,0.9558268658067766
15.0,0.967835024160652
