SA(0.6s) [g],Complete_damage
0.05000000000000001,0.0005340775327494773
0.056172467201025755,0.0007910623476621303
0.06310692142900626,0.001157869159777114
0.07089742948257126,0.0016748235577361825
0.07964967064493539,0.0023941930072198803
0.08948237023750269,0.003382601940428942
0.10052891014472326,0.004723532388452578
0.11293913815718663,0.006519757499178991
0.1268814006769336,0.008895504542851707
0.14254482635890514,0.01199809574477173
0.16014189166643014,0.015998775998996573
0.17991130314285533,0.021092413774268404
0.2021212354977168,0.027495763225014125
0.2270729694325259,0.03544400887853838
0.2551049785537617,0.04518538457459054
0.28659752081259104,0.056973767656151364
0.3219777967548112,0.07105929544236633
0.36172574455336326,0.0876772262779908
0.4063805504338082,0.10703545910346213
0.45654796280755766,0.12930131588456106
0.5129085093300529,0.1545883593587244
0.5762267283493882,0.18294414219806987
0.6473615399712076,0.2143398422689533
0.7272778974247632,0.24866271622946878
0.8170598767824696,0.28571219174179885
0.9179253825967483,0.32520021815006406
1.0312426689380967,0.36675621823170657
1.1585488999444697,0.409936651397785
1.3015710016583038,0.45423884160651373
1.4622490880091454,0.4991183764276189
1.6427627787184707,0.5440090831866174
1.8455607661325835,0.5883443662876277
2.0733940320616497,0.6315785711072377
2.329353165215711,0.6732070375246051
2.6169102854537,0.7127836204653804
2.9399661435534976,0.7499346730212169
3.3029030354176987,0.7843687857013526
3.710644248503383,0.8158819210530268
4.168720846874621,0.8443579402774953
4.683346700825936,0.8697648522882226
5.261502778863538,0.8921473955291154
5.911031845476362,0.9116167665971295
6.64074484928479,0.9283384252333524
7.4605404447366075,0.9425189310911706
8.381539268677866,0.9543927120260326
9.416234793278331,0.9642095421916329
10.578662801651687,0.9722233414356757
11.884591785129816,0.9786827175552523
13.351736844955687,0.9838234810114003
15.0,0.9878631855205391
