SA(0.6s) [g],Complete_damage
0.05000000000000001,0.00011569866926608441
0.056172467201025755,0.0001759427865145602
0.06310692142900626,0.00026461017477363846
0.07089742948257126,0.00039359212111989006
0.07964967064493539,0.0005790347933705142
0.08948237023750269,0.0008425502964072296
0.10052891014472326,0.0012126497203521769
0.11293913815718663,0.00172639328480928
0.1268814006769336,0.0024312326135410567
0.14254482635890514,0.003386994293014811
0.16014189166643014,0.004667922682573433
0.17991130314285533,0.006364664808884868
0.2021212354977168,0.008586043439213986
0.2270729694325259,0.011460429472849865
0.2551049785537617,0.015136495955669571
0.28659752081259104,0.019783118342370676
0.3219777967548112,0.025588184389897628
0.36172574455336326,0.0327560971843428
0.4063805504338082,0.041503800088137255
0.45654796280755766,0.052055224734522954
0.5129085093300529,0.06463416182153969
0.5762267283493882,0.07945567537972642
0.6473615399712076,0.09671631696189142
0.7272778974247632,0.1165835361192622
0.8170598767824696,0.13918481429365293
0.9179253825967483,0.1645971561701154
1.0312426689380967,0.19283764107416124
1.1585488999444697,0.22385575463943164
1.3015710016583038,0.2575281790355386
1.4622490880091454,0.29365661527957565
1.6427627787184707,0.33196904679793493
1.8455607661325835,0.3721246395120986
2.0733940320616497,0.41372222661736047
2.329353165215711,0.4563120670815892
2.6169102854537,0.4994103195716735
2.9399661435534976,0.5425154619052242
3.3029030354176987,0.5851257313356542
3.710644248503383,0.626756578782087
4.168720846874621,0.6669571289882339
4.683346700825936,0.7053247186531915
5.261502778863538,0.7415167375641032
5.911031845476362,0.7752592080804477
6.64074484928479,0.8063517849748854
7.4605404447366075,0.8346691167778612
8.381539268677866,0.8601587575054693
9.416234793278331,0.882836032692867
10.578662801651687,0.9027764295292449
11.884591785129816,0.9201061873580021
13.351736844955687,0.9349918084422757
15.0,0.9476291927874021
