SA(0.6s) [g],Complete_damage
0.05000000000000001,5.097966477185523e-06
0.056172467201025755,8.373536882100296e-06
0.06310692142900626,1.359911334442021e-05
0.07089742948257126,2.183788951404253e-05
0.07964967064493539,3.467515234512053e-05
0.08948237023750269,5.444318256175862e-05
0.10052891014472326,8.452718368212597e-05
0.11293913815718663,0.00012977410510195408
0.1268814006769336,0.00019702897178430767
0.14254482635890514,0.000295825035347419
0.16014189166643014,0.00043925398294730744
0.17991130314285533,0.0006450397012905951
0.2021212354977168,0.0009368327227260442
0.2270729694325259,0.001345731510906445
0.2551049785537617,0.0019120203476749031
0.28659752081259104,0.0026870912518471846
0.3219777967548112,0.0037354891118437372
0.36172574455336326,0.005136985806120875
0.4063805504338082,0.006988552207647825
0.45654796280755766,0.009406059365996589
0.5129085093300529,0.012525505645738844
0.5762267283493882,0.016503539912807064
0.6473615399712076,0.021517037343163126
0.7272778974247632,0.027761489505181758
0.8170598767824696,0.0354479988540517
0.9179253825967483,0.044798723072074775
1.0312426689380967,0.05604069794584299
1.1585488999444697,0.0693980768689142
1.3015710016583038,0.08508295531461596
1.4622490880091454,0.10328509088121651
1.6427627787184707,0.1241609717025719
1.8455607661325835,0.14782281374771822
2.0733940320616497,0.174328165462992
2.329353165215711,0.2036708518112189
2.6169102854537,0.23577398725269783
2.9399661435534976,0.27048572141408156
3.3029030354176987,0.3075782510199073
3.710644248503383,0.34675044298484503
4.168720846874621,0.3876341792250523
4.683346700825936,0.4298042726603287
5.261502778863538,0.4727915392519977
5.911031845476362,0.5160983677744639
6.64074484928479,0.5592159313158109
7.4605404447366075,0.6016420522819175
8.381539268677866,0.6428986795773367
9.416234793278331,0.682547968180701
10.578662801651687,0.720206064236652
11.884591785129816,0.7555538813689555
13.351736844955687,0.7883443875753411
15.0,0.8184061835725235
