SA(0.6s) [g],Loss_ratio
0.05000000000000001,5.414028304902637e-10
0.056172467201025755,1.867170163461315e-09
0.06310692142900626,6.1903634503237415e-09
0.07089742948257126,1.9730662953161866e-08
0.07964967064493539,6.046278905688285e-08
0.08948237023750269,1.7815031028848852e-07
0.10052891014472326,5.047440934543406e-07
0.11293913815718663,1.375245325081727e-06
0.1268814006769336,3.603756336047768e-06
0.14254482635890514,9.08329652297148e-06
0.16014189166643014,2.2023987340092008e-05
0.17991130314285533,5.137715198254507e-05
0.2021212354977168,0.00011532658003171576
0.2270729694325259,0.00024914097171058636
0.2551049785537617,0.0005180798498157167
0.28659752081259104,0.001037225425958534
0.3219777967548112,0.001999745400789039
0.36172574455336326,0.003713764345435001
0.4063805504338082,0.006645380070041423
0.45654796280755766,0.01146135655555284
0.5129085093300529,0.01906020807684748
0.5762267283493882,0.030576119613671744
0.6473615399712076,0.04733851249420972
0.7272778974247632,0.07077333856295197
0.8170598767824696,0.10224185677466868
0.9179253825967483,0.1428282660116375
1.0312426689380967,0.1931060087405389
1.1585488999444697,0.2529282595030759
1.3015710016583038,0.3212946166030596
1.4622490880091454,0.3963384975744759
1.6427627787184707,0.4754575107547297
1.8455607661325835,0.5555768224349539
2.0733940320616497,0.6335023774358218
2.329353165215711,0.7062972476622862
2.6169102854537,0.7716082346820891
2.9399661435534976,0.8278832018936395
3.3029030354176987,0.8744478955577051
3.710644248503383,0.9114449300129716
4.168720846874621,0.9396668181029401
4.683346700825936,0.9603318266342059
5.261502778863538,0.9748534451997556
5.911031845476362,0.984643826759346
6.64074484928479,0.9909743350331793
7.4605404447366075,0.9948985637611427
8.381539268677866,0.9972295661677598
9.416234793278331,0.9985556614047641
10.578662801651687,0.9992777638275101
11.884591785129816,0.9996538996100773
13.351736844955687,0.9998411951139151
15.0,0.9999302898607655
