SA(0.6s) [g],Loss_ratio
0.05000000000000001,2.7374574890923506e-06
0.056172467201025755,5.67401463274878e-06
0.06310692142900626,1.132878273684317e-05
0.07089742948257126,2.1797662380178926e-05
0.07964967064493539,4.043910923386877e-05
0.08948237023750269,7.238573151587764e-05
0.10052891014472326,0.00012512546308549827
0.11293913815718663,0.00020911263935356153
0.1268814006769336,0.00033839135049583077
0.14254482635890514,0.000531303682061856
0.16014189166643014,0.0008115506367009354
0.17991130314285533,0.0012101967722193152
0.2021212354977168,0.0017696470449727324
0.2270729694325259,0.0025510985720830232
0.2551049785537617,0.003647317794041316
0.28659752081259104,0.00520255995926635
0.3219777967548112,0.0074407130194575925
0.36172574455336326,0.010701004233421033
0.4063805504338082,0.015477700297374556
0.45654796280755766,0.022456352984732537
0.5129085093300529,0.03253502471967673
0.5762267283493882,0.0468159277653248
0.6473615399712076,0.06655283508968475
0.7272778974247632,0.09304420674781211
0.8170598767824696,0.12747205112307605
0.9179253825967483,0.17070114640013445
1.0312426689380967,0.2230691742121355
1.1585488999444697,0.2842105224320195
1.3015710016583038,0.35295960108919133
1.4622490880091454,0.4273699173492372
1.6427627787184707,0.5048631469242272
1.8455607661325835,0.5824929182976089
2.0733940320616497,0.6572793920716546
2.329353165215711,0.7265520291785347
2.6169102854537,0.7882354565260176
2.9399661435534976,0.8410279801972796
3.3029030354176987,0.8844492464844343
3.710644248503383,0.9187641774227384
4.168720846874621,0.9448155184033424
4.683346700825936,0.9638108319781448
5.261502778863538,0.9771098427383154
5.911031845476362,0.9860473589580386
6.64074484928479,0.9918108579072039
7.4605404447366075,0.9953758027812107
8.381539268677866,0.9974898776181242
9.416234793278331,0.9986912355511516
10.578662801651687,0.999345081210423
11.884591785129816,0.9996857102223744
13.351736844955687,0.9998554704084146
15.0,0.9999363574917817
