SA(1.0s) [g],Complete_damage
0.05000000000000001,5.490052856771399e-13
0.056172467201025755,1.993516463016931e-12
0.06310692142900626,7.011946578927564e-12
0.07089742948257126,2.389244357914322e-11
0.07964967064493539,7.886791220101941e-11
0.08948237023750269,2.522162478868495e-10
0.10052891014472326,7.814396907335208e-10
0.11293913815718663,2.3457605857757358e-09
0.1268814006769336,6.822693299213256e-09
0.14254482635890514,1.9227880287964183e-08
0.16014189166643014,5.250871215611852e-08
0.17991130314285533,1.3895637740457545e-07
0.2021212354977168,3.5636697437446685e-07
0.2270729694325259,8.857580289234335e-07
0.2551049785537617,2.1338340566723346e-06
0.28659752081259104,4.982713932344396e-06
0.3219777967548112,1.1278877209419669e-05
0.36172574455336326,2.4751329927186205e-05
0.4063805504338082,5.26630297051911e-05
0.45654796280755766,0.00010865102519808101
0.5129085093300529,0.00021738684971284172
0.5762267283493882,0.0004218521256343921
0.6473615399712076,0.0007941030004869898
0.7272778974247632,0.001450280321441566
0.8170598767824696,0.002570172206759369
0.9179253825967483,0.0044207205565034435
1.0312426689380967,0.00738141980019047
1.1585488999444697,0.011967669784844426
1.3015710016583038,0.018846122896564288
1.4622490880091454,0.028834467458501045
1.6427627787184707,0.04287766392544312
1.8455607661325835,0.06199415557015153
2.0733940320616497,0.08718949490701866
2.329353165215711,0.11934105619618829
2.6169102854537,0.15906513064422967
2.9399661435534976,0.2065850174578313
3.3029030354176987,0.26162355942152293
3.710644248503383,0.3233439085114109
4.168720846874621,0.39035701823284774
4.683346700825936,0.46080379454391707
5.261502778863538,0.5325059873872395
5.911031845476362,0.6031660005796483
6.64074484928479,0.6705854112323273
7.4605404447366075,0.7328679267461222
8.381539268677866,0.7885758904046454
9.416234793278331,0.8368193400368443
10.578662801651687,0.8772703472069585
11.884591785129816,0.9101093693954336
13.351736844955687,0.9359213281256219
15.0,0.9555649490503305
