SA(0.3s) [g],Loss_ratio
0.05000000000000001,6.111683815321325e-06
0.056172467201025755,1.0579000704335375e-05
0.06310692142900626,1.807423315048992e-05
0.07089742948257126,3.048062940068726e-05
0.07964967064493539,5.0739331631597024e-05
0.08948237023750269,8.337254424954821e-05
0.10052891014472326,0.00013522484956435515
0.11293913815718663,0.00021649384684913823
0.1268814006769336,0.0003421376446444253
0.14254482635890514,0.0005337666372235402
0.16014189166643014,0.0008221528685521708
0.17991130314285533,0.0012505254136009538
0.2021212354977168,0.0018788671380639984
0.2270729694325259,0.0027894850063201115
0.2551049785537617,0.004094179973191608
0.28659752081259104,0.005943361166701218
0.3219777967548112,0.008537372755342448
0.36172574455336326,0.012140040864828169
0.4063805504338082,0.01709389367163843
0.45654796280755766,0.023835566292446528
0.5129085093300529,0.03290855340112504
0.5762267283493882,0.0449688507767801
0.6473615399712076,0.0607774962089281
0.7272778974247632,0.08117320134218235
0.8170598767824696,0.10701895951685089
0.9179253825967483,0.13911947536895325
1.0312426689380967,0.17811183631284178
1.1585488999444697,0.2243395667291254
1.3015710016583038,0.27772853071741466
1.4622490880091454,0.33768956745514805
1.6427627787184707,0.40307438858065203
1.8455607661325835,0.4722059727239884
2.0733940320616497,0.5429921372496664
2.329353165215711,0.6131133753982833
2.6169102854537,0.6802579483857276
2.9399661435534976,0.7423641370653302
3.3029030354176987,0.7978259980783465
3.710644248503383,0.8456265828233639
4.168720846874621,0.8853793194810405
4.683346700825936,0.9172790518263619
5.261502778863538,0.9419828701936025
5.911031845476362,0.9604523298140025
6.64074484928479,0.973790748268603
7.4605404447366075,0.9831030612440784
8.381539268677866,0.9893945818349787
9.416234793278331,0.9935130624633022
10.578662801651687,0.9961290019467204
11.884591785129816,0.9977438118593528
13.351736844955687,0.9987142060008468
15.0,0.9992828368086284
