SA(0.3s) [g],Complete_damage
0.05000000000000001,1.4945127191356988e-07
0.056172467201025755,3.126811168874255e-07
0.06310692142900626,6.417452491636055e-07
0.07089742948257126,1.2921006949939695e-06
0.07964967064493539,2.5522160057578347e-06
0.08948237023750269,4.945857401850162e-06
0.10052891014472326,9.403417370990041e-06
0.11293913815718663,1.7541547468358232e-05
0.1268814006769336,3.21075843268126e-05
0.14254482635890514,5.766680099750232e-05
0.16014189166643014,0.00010163544264296664
0.17991130314285533,0.00017578830971320958
0.2021212354977168,0.00029839163507450195
0.2270729694325259,0.0004971227960619551
0.2551049785537617,0.0008129278827077036
0.28659752081259104,0.0013049240460798472
0.3219777967548112,0.0020563631090839696
0.36172574455336326,0.0031815257085492377
0.4063805504338082,0.004833207143240759
0.45654796280755766,0.007210193981868618
0.5129085093300529,0.010563836502349266
0.5762267283493882,0.015202536307036385
0.6473615399712076,0.021492748378116544
0.7272778974247632,0.029855011628824424
0.8170598767824696,0.040753641880900915
0.9179253825967483,0.05467910174223456
1.0312426689380967,0.07212272598945124
1.1585488999444697,0.09354440250079299
1.3015710016583038,0.1193349019695733
1.4622490880091454,0.1497756707821697
1.6427627787184707,0.18499986385913125
1.8455607661325835,0.22495899768476257
2.0733940320616497,0.26939967387927055
2.329353165215711,0.31785425395628875
2.6169102854537,0.36964815175409527
2.9399661435534976,0.42392466545145835
3.3029030354176987,0.4796862211356623
3.710644248503383,0.5358488474648035
4.168720846874621,0.5913049731183369
4.683346700825936,0.6449885235799508
5.261502778863538,0.6959359822080333
5.911031845476362,0.7433376264574221
6.64074484928479,0.7865744591936654
7.4605404447366075,0.8252382044879476
8.381539268677866,0.8591338218714789
9.416234793278331,0.8882659862364344
10.578662801651687,0.9128125964118381
11.884591785129816,0.9330894173476614
13.351736844955687,0.9495103480031883
15.0,0.9625475748768315
