SA(0.6s) [g],Complete_damage
0.05000000000000001,1.2938815574514706e-09
0.056172467201025755,2.9853648442212943e-09
0.06310692142900626,6.760996984489509e-09
0.07089742948257126,1.502946034293018e-08
0.07964967064493539,3.2794783555445406e-08
0.08948237023750269,7.024330106464305e-08
0.10052891014472326,1.4769115153079326e-07
0.11293913815718663,3.0483498658639974e-07
0.1268814006769336,6.176579194772103e-07
0.14254482635890514,1.2286183634913073e-06
0.16014189166643014,2.399305625844228e-06
0.17991130314285533,4.600112829544756e-06
0.2021212354977168,8.659275221978291e-06
0.2270729694325259,1.6004484768683547e-05
0.2551049785537617,2.904471637210637e-05
0.28659752081259104,5.175799271472936e-05
0.3219777967548112,9.057192497929911e-05
0.36172574455336326,0.00015564613348240108
0.4063805504338082,0.0002626855049348009
0.45654796280755766,0.0004354249909688246
0.5129085093300529,0.0007089223424115998
0.5762267283493882,0.001133764951492644
0.6473615399712076,0.0017812301964216237
0.7272778974247632,0.002749325953314341
0.8170598767824696,0.004169474076406554
0.9179253825967483,0.0062133872986784855
1.0312426689380967,0.009099443292036713
1.1585488999444697,0.013097606805187234
1.3015710016583038,0.01853173472666525
1.4622490880091454,0.025777974139831294
1.6427627787184707,0.03525798909279587
1.8455607661325835,0.047425980514464894
2.0733940320616497,0.06274892762965212
2.329353165215711,0.0816801759259369
2.6169102854537,0.10462737836163782
2.9399661435534976,0.13191676619491322
3.3029030354176987,0.16375664424835523
3.710644248503383,0.20020370892507333
4.168720846874621,0.24113611576906213
4.683346700825936,0.28623705358967666
5.261502778863538,0.33499185944761156
5.911031845476362,0.3867004690898481
6.64074484928479,0.4405053731443852
7.4605404447366075,0.4954334551997557
8.381539268677866,0.5504483873527121
9.416234793278331,0.6045089176922752
10.578662801651687,0.6566276201339024
11.884591785129816,0.7059246166203283
13.351736844955687,0.7516714350461944
15.0,0.7933214248629334
