SA(0.3s) [g],Complete_damage
0.05000000000000001,6.318905332314273e-08
0.056172467201025755,1.4417608840133767e-07
0.06310692142900626,3.2157458174086884e-07
0.07089742948257126,7.01170668082618e-07
0.07964967064493539,1.4946414346184156e-06
0.08948237023750269,3.1148748114162572e-06
0.10052891014472326,6.3468028962399e-06
0.11293913815718663,1.2644522266125335e-05
0.1268814006769336,2.463240405536915e-05
0.14254482635890514,4.692389721561163e-05
0.16014189166643014,8.741629149322527e-05
0.17991130314285533,0.00015926936830967797
0.2021212354977168,0.0002838225782402226
0.2270729694325259,0.0004947349940106482
0.2551049785537617,0.0008436238186451117
0.28659752081259104,0.0014074038444505943
0.3219777967548112,0.0022973629432929688
0.36172574455336326,0.0036697233086858683
0.4063805504338082,0.005737025966113252
0.45654796280755766,0.008779155865306643
0.5129085093300529,0.013152254365314642
0.5762267283493882,0.019293247257166968
0.6473615399712076,0.02771739113524696
0.7272778974247632,0.03900627010958624
0.8170598767824696,0.05378420444608678
0.9179253825967483,0.07268214743185986
1.0312426689380967,0.0962898233276428
1.1585488999444697,0.1250989333545659
1.3015710016583038,0.15944241872708287
1.4622490880091454,0.19943660075477798
1.6427627787184707,0.24493406609337365
1.8455607661325835,0.29549505102692386
2.0733940320616497,0.3503836052826529
2.329353165215711,0.4085920513587358
2.6169102854537,0.4688935588924499
2.9399661435534976,0.5299186287879931
3.3029030354176987,0.5902476603539695
3.710644248503383,0.6485092559096542
4.168720846874621,0.703473004515759
4.683346700825936,0.7541263649605436
5.261502778863538,0.7997277595367165
5.911031845476362,0.8398315964087193
6.64074484928479,0.8742849624776577
7.4605404447366075,0.9031994379215383
8.381539268677866,0.9269042706376105
9.416234793278331,0.9458886489734404
10.578662801651687,0.9607409507124858
11.884591785129816,0.9720918176856416
13.351736844955687,0.98056608537216
15.0,0.9867464369841433
