SA(0.3s) [g],Complete_damage
0.05000000000000001,3.913079782424944e-07
0.056172467201025755,8.450734162446238e-07
0.06310692142900626,1.7846272482024972e-06
0.07089742948257126,3.685505269634959e-06
0.07964967064493539,7.443266556772521e-06
0.08948237023750269,1.4701760417401566e-05
0.10052891014472326,2.8401308963421634e-05
0.11293913815718663,5.3665677117953337e-05
0.1268814006769336,9.919100658928315e-05
0.14254482635890514,0.00017934778428740916
0.16014189166643014,0.0003172495809349307
0.17991130314285533,0.0005490649063311093
0.2021212354977168,0.000929829828076878
0.2270729694325259,0.0015409326794357803
0.2551049785537617,0.002499260949458293
0.28659752081259104,0.003967703365743591
0.3219777967548112,0.006166282956153957
0.36172574455336326,0.009382683536451442
0.4063805504338082,0.013980384878593433
0.45654796280755766,0.02040214506658411
0.5129085093300529,0.02916630160927769
0.5762267283493882,0.0408534591764802
0.6473615399712076,0.056081723819264684
0.7272778974247632,0.07546979863422054
0.8170598767824696,0.0995889334048703
0.9179253825967483,0.12890674417179349
1.0312426689380967,0.16372797635827396
1.1585488999444697,0.20413896961539835
1.3015710016583038,0.2499634674133837
1.4622490880091454,0.30073715517168276
1.6427627787184707,0.35570674686183745
1.8455607661325835,0.4138566676100234
2.0733940320616497,0.4739627688806798
2.329353165215711,0.5346686556230769
2.6169102854537,0.5945768007655106
2.9399661435534976,0.6523443251219905
3.3029030354176987,0.7067725855507637
3.710644248503383,0.7568806889167
4.168720846874621,0.8019555382683522
4.683346700825936,0.8415745289253658
5.261502778863538,0.87560087607725
5.911031845476362,0.9041550789811887
6.64074484928479,0.9275686435497354
7.4605404447366075,0.9463275625383653
8.381539268677866,0.9610131337274376
9.416234793278331,0.9722466736055358
10.578662801651687,0.9806429197375722
11.884591785129816,0.9867748388800891
13.351736844955687,0.9911505676258427
15.0,0.9942016017400771
