SA(1.0s) [g],Loss_ratio
0.05000000000000001,1.2670453012420138e-16
0.056172467201025755,1.188984509491452e-15
0.06310692142900626,8.101262866202692e-15
0.07089742948257126,5.64048340906488e-14
0.07964967064493539,3.9333422736419065e-13
0.08948237023750269,2.729129219798092e-12
0.10052891014472326,1.8529042037450582e-11
0.11293913815718663,1.2102988310588073e-10
0.1268814006769336,7.495959079926892e-10
0.14254482635890514,4.354939440264296e-09
0.16014189166643014,2.3560045020276508e-08
0.17991130314285533,1.1812851635067338e-07
0.2021212354977168,5.473170594087589e-07
0.2270729694325259,2.3391737535705398e-06
0.2551049785537617,9.212878933207026e-06
0.28659752081259104,3.342201730375065e-05
0.3219777967548112,0.00011166741577078859
0.36172574455336326,0.00034367387687808454
0.4063805504338082,0.0009746734415124356
0.45654796280755766,0.002548695974382739
0.5129085093300529,0.006149829751686375
0.5762267283493882,0.013706419546154891
0.6473615399712076,0.028250558663138386
0.7272778974247632,0.05392663047510203
0.8170598767824696,0.09549903736770901
0.9179253825967483,0.1572135023839201
1.0312426689380967,0.2411596838786404
1.1585488999444697,0.34567386633774533
1.3015710016583038,0.4645767267835319
1.4622490880091454,0.5879060152148249
1.6427627787184707,0.7041990841602732
1.8455607661325835,0.8035566483446107
2.0733940320616497,0.880189424658327
2.329353165215711,0.9333446453280652
2.6169102854537,0.9663792142126089
2.9399661435534976,0.9847083091753598
3.3029030354176987,0.9937582921319222
3.710644248503383,0.9977230961545878
4.168720846874621,0.9992603643025646
4.683346700825936,0.9997867045307088
5.261502778863538,0.9999455386783032
5.911031845476362,0.9999877155039181
6.64074484928479,0.9999975568358425
7.4605404447366075,0.9999995722798164
8.381539268677866,0.9999999341785236
9.416234793278331,0.999999991106916
10.578662801651687,0.9999999989461869
11.884591785129816,0.999999999890576
13.351736844955687,0.9999999999900514
15.0,0.9999999999992085
