SA(0.6s) [g],Loss_ratio
0.05000000000000001,1.7288664737915001e-10
0.056172467201025755,4.864202233605848e-10
0.06310692142900626,1.4088309852520251e-09
0.07089742948257126,4.18349601531342e-09
0.07964967064493539,1.2610793473102396e-08
0.08948237023750269,3.810441945865266e-08
0.10052891014472326,1.140032546247826e-07
0.11293913815718663,3.3433687769637783e-07
0.1268814006769336,9.53922418317818e-07
0.14254482635890514,2.634045852485843e-06
0.16014189166643014,7.0142884229187585e-06
0.17991130314285533,1.797183063195346e-05
0.2021212354977168,4.423941277147082e-05
0.2270729694325259,0.00010452929521875279
0.2551049785537617,0.00023694412050016703
0.28659752081259104,0.0005151261529735616
0.3219777967548112,0.0010739932649914388
0.36172574455336326,0.002147483441120182
0.4063805504338082,0.004118749374786587
0.45654796280755766,0.00757905336039375
0.5129085093300529,0.013385102736233213
0.5762267283493882,0.022696770260308696
0.6473615399712076,0.03697062835968988
0.7272778974247632,0.05788335100988529
0.8170598767824696,0.08716674909502714
0.9179253825967483,0.12635497434915863
1.0312426689380967,0.1764720925927082
1.1585488999444697,0.23771752997620632
1.3015710016583038,0.3092268526142019
1.4622490880091454,0.38898514478626356
1.6427627787184707,0.47394441732793907
1.8455607661325835,0.5603487738251649
2.0733940320616497,0.6442148390453282
2.329353165215711,0.721868964009811
2.6169102854537,0.7904238098336437
2.9399661435534976,0.8480927935669983
3.3029030354176987,0.8942864889138926
3.710644248503383,0.929494409008934
4.168720846874621,0.9550083295792852
4.683346700825936,0.972573094025457
5.261502778863538,0.9840514209110244
5.911031845476362,0.9911656636899085
6.64074484928479,0.9953443596955115
7.4605404447366075,0.9976685583717597
8.381539268677866,0.9988917611371841
9.416234793278331,0.9995004642712214
10.578662801651687,0.9997866858077704
11.884591785129816,0.9999137772455962
13.351736844955687,0.9999670365017945
15.0,0.9999880891252009
