SA(0.6s) [g],Loss_ratio
0.05000000000000001,5.989428489333723e-08
0.056172467201025755,1.566960949305128e-07
0.06310692142900626,3.928499476613169e-07
0.07089742948257126,9.442532203312869e-07
0.07964967064493539,2.1771781162334096e-06
0.08948237023750269,4.819062454594521e-06
0.10052891014472326,1.0249522162928921e-05
0.11293913815718663,2.097216467938311e-05
0.1268814006769336,4.134822313055478e-05
0.14254482635890514,7.870558821820417e-05
0.16014189166643014,0.0001450012988365323
0.17991130314285533,0.00025934851287326253
0.2021212354977168,0.00045197067314365496
0.2270729694325259,0.0007705593841897708
0.2551049785537617,0.0012905781733600443
0.28659752081259104,0.0021316365382297434
0.3219777967548112,0.003482324195600269
0.36172574455336326,0.005635290684198458
0.4063805504338082,0.009032208642262141
0.45654796280755766,0.014314067587493342
0.5129085093300529,0.022366136491812176
0.5762267283493882,0.034340152513688285
0.6473615399712076,0.05163141562753259
0.7272778974247632,0.07578898583771593
0.8170598767824696,0.10834625502991743
0.9179253825967483,0.15057778701322191
1.0312426689380967,0.2032136072878682
1.1585488999444697,0.2661668916385178
1.3015710016583038,0.33834541716180977
1.4622490880091454,0.41761240848624326
1.6427627787184707,0.5009351688855084
1.8455607661325835,0.5847151152466318
2.0733940320616497,0.6652434420236475
2.329353165215711,0.7391892105817569
2.6169102854537,0.8040149455590435
2.9399661435534976,0.8582338225508774
3.3029030354176987,0.9014660755234296
3.710644248503383,0.9343053222584387
4.168720846874621,0.9580503731649591
4.683346700825936,0.9743813940500654
5.261502778863538,0.9850568346139059
5.911031845476362,0.9916847416649635
6.64074484928479,0.9955903889070337
7.4605404447366075,0.997773489257346
8.381539268677866,0.998930387531191
9.416234793278331,0.9995113949103877
10.578662801651687,0.9997878435522233
11.884591785129816,0.9999124506770961
13.351736844955687,0.9999656610757028
15.0,0.9999871938372762
