SA(1.0s) [g],Complete_damage
0.05000000000000001,0.0
0.056172467201025755,0.0
0.06310692142900626,0.0
0.07089742948257126,0.0
0.07964967064493539,0.0
0.08948237023750269,0.0
0.10052891014472326,2.220446049250313e-16
0.11293913815718663,8.881784197001252e-16
0.1268814006769336,3.4416913763379853e-15
0.14254482635890514,1.2989609388114332e-14
0.16014189166643014,4.785061236134425e-14
0.17991130314285533,1.7030821197749901e-13
0.2021212354977168,5.900835375882707e-13
0.2270729694325259,1.9869661471716427e-12
0.2551049785537617,6.50468567897633e-12
0.28659752081259104,2.0702772829395144e-11
0.3219777967548112,6.406120078850108e-11
0.36172574455336326,1.9272505813461294e-10
0.4063805504338082,5.63729840585836e-10
0.45654796280755766,1.6032732919057935e-09
0.5129085093300529,4.433659328562101e-09
0.5762267283493882,1.1922054121704662e-08
0.6473615399712076,3.1173880810086985e-08
0.7272778974247632,7.926837508609452e-08
0.8170598767824696,1.9601896106280492e-07
0.9179253825967483,4.714184511644959e-07
1.0312426689380967,1.1026775073030848e-06
1.1585488999444697,2.508701092973631e-06
1.3015710016583038,5.551814589610515e-06
1.4622490880091454,1.1951878602145527e-05
1.6427627787184707,2.503137943410394e-05
1.8455607661325835,5.1005375203305725e-05
2.0733940320616497,0.00010112723317279304
2.329353165215711,0.00019511177154307724
2.6169102854537,0.00036636019074232085
2.9399661435534976,0.0006695661183534485
3.3029030354176987,0.0011912288475326438
3.710644248503383,0.002063362374147948
4.168720846874621,0.0034801907599326665
4.683346700825936,0.005716813066144355
5.261502778863538,0.009147722297978889
5.911031845476362,0.014261796386252246
6.64074484928479,0.02166920063829403
7.4605404447366075,0.032094927750100144
8.381539268677866,0.046353891500041766
9.416234793278331,0.06530396540759364
10.578662801651687,0.0897762890314886
11.884591785129816,0.12048636451828132
13.351736844955687,0.1579343067327732
15.0,0.20230706707686918
