SA(0.6s) [g],Complete_damage
0.05000000000000001,4.915816642636628e-10
0.056172467201025755,1.3875338655822134e-09
0.06310692142900626,3.810392890102321e-09
0.07089742948257126,1.0180973619711153e-08
0.07964967064493539,2.6467840474886373e-08
0.08948237023750269,6.695373888643275e-08
0.10052891014472326,1.6480756237502447e-07
0.11293913815718663,3.947714644070288e-07
0.1268814006769336,9.202433123300935e-07
0.14254482635890514,2.0877173100286583e-06
0.16014189166643014,4.6097634004427235e-06
0.17991130314285533,9.90721405758066e-06
0.2021212354977168,2.0726260306913602e-05
0.2270729694325259,4.221046322927524e-05
0.2551049785537617,8.369228093541015e-05
0.28659752081259104,0.0001615684586137034
0.3219777967548112,0.0003037227061809533
0.36172574455336326,0.0005560263174081426
0.4063805504338082,0.0009914334603347008
0.45654796280755766,0.001722027512578328
0.5129085093300529,0.0029139973232803484
0.5762267283493882,0.004804872930729287
0.6473615399712076,0.007721421941961015
0.7272778974247632,0.012095477036707325
0.8170598767824696,0.01847382050487878
0.9179253825967483,0.02751739806702036
1.0312426689380967,0.03998495540292313
1.1585488999444697,0.05669706391999041
1.3015710016583038,0.0784786705080095
1.4622490880091454,0.10608174029836959
1.6427627787184707,0.14009385909701144
1.8455607661325835,0.18084303573876792
2.0733940320616497,0.22831233820740415
2.329353165215711,0.2820793296239137
2.6169102854537,0.3412937530895568
2.9399661435534976,0.40470235331078996
3.3029030354176987,0.470722688326796
3.710644248503383,0.5375595703776993
4.168720846874621,0.6033501240056521
4.683346700825936,0.6663181096152402
5.261502778863538,0.724916401360077
5.911031845476362,0.7779387549787488
6.64074484928479,0.8245877111689041
7.4605404447366075,0.8644933007300748
8.381539268677866,0.8976853748808525
9.416234793278331,0.9245291688908219
10.578662801651687,0.9456379050131392
11.884591785129816,0.9617773788715571
13.351736844955687,0.973775833171644
15.0,0.9824488461038681
