SA(1.0s) [g],Complete_damage
0.05000000000000001,1.920815284606192e-09
0.056172467201025755,4.163400735279765e-09
0.06310692142900626,8.878745183515946e-09
0.07089742948257126,1.8629582432261316e-08
0.07964967064493539,3.846011997765686e-08
0.08948237023750269,7.812363256309851e-08
0.10052891014472326,1.5614471504665772e-07
0.11293913815718663,3.0708212661600953e-07
0.1268814006769336,5.942566849714837e-07
0.14254482635890514,1.1316090604562845e-06
0.16014189166643014,2.120473005740031e-06
0.17991130314285533,3.910164111275982e-06
0.2021212354977168,7.095709478877055e-06
0.2270729694325259,1.2672106626476776e-05
0.2551049785537617,2.227247271946453e-05
0.28659752081259104,3.852743992183161e-05
0.3219777967548112,6.559496915370389e-05
0.36172574455336326,0.00010992268503551283
0.4063805504338082,0.00018131744255567295
0.45654796280755766,0.0002944067463533928
0.5129085093300529,0.00047058040914582655
0.5762267283493882,0.0007404939609633177
0.6473615399712076,0.0011471925415782458
0.7272778974247632,0.001749869919658864
0.8170598767824696,0.0026282073633949743
0.9179253825967483,0.003887139106059756
1.0312426689380967,0.0056617668074862015
1.1585488999444697,0.008122001964799064
1.3015710016583038,0.011476366681105521
1.4622490880091454,0.015974250611027196
1.6427627787184707,0.021905832273636627
1.8455607661325835,0.029598856415206876
2.0733940320616497,0.03941154446518502
2.329353165215711,0.05172112375099147
2.6169102854537,0.06690780057197421
2.9399661435534976,0.08533446044320314
3.3029030354176987,0.107322920675467
3.710644248503383,0.13312812789749073
4.168720846874621,0.16291220994373923
4.683346700825936,0.19672067290405615
5.261502778863538,0.23446319993726772
5.911031845476362,0.2759013983289391
6.64074484928479,0.3206454285869541
7.4605404447366075,0.36816075095892686
8.381539268677866,0.41778530382717216
9.416234793278331,0.4687563890680938
10.578662801651687,0.5202455129031457
11.884591785129816,0.5713985555076789
13.351736844955687,0.6213780417606605
15.0,0.6694040456514886
