SA(1.0s) [g],Complete_damage
0.05000000000000001,6.002409680405663e-11
0.056172467201025755,1.394225845885444e-10
0.06310692142900626,3.1860636351410676e-10
0.07089742948257126,7.163000192988989e-10
0.07964967064493539,1.5843860667885679e-09
0.08948237023750269,3.447935492673082e-09
0.10052891014472326,7.382377265052753e-09
0.11293913815718663,1.5551763543619757e-08
0.1268814006769336,3.223421285447614e-08
0.14254482635890514,6.5738031018725e-08
0.16014189166643014,1.319128718479945e-07
0.17991130314285533,2.6045800260998675e-07
0.2021212354977168,5.060320624750148e-07
0.2270729694325259,9.674277122728725e-07
0.2551049785537617,1.819994982277251e-06
0.28659752081259104,3.3693394374534336e-06
0.3219777967548112,6.13839381014003e-06
0.36172574455336326,1.1005593555046822e-05
0.4063805504338082,1.9419371570350563e-05
0.45654796280755766,3.3723688787290484e-05
0.5129085093300529,5.764072864311576e-05
0.5762267283493882,9.696964153182996e-05
0.6473615399712076,0.00016057309323991298
0.7272778974247632,0.0002617342215029961
0.8170598767824696,0.00041997225886525325
0.9179253825967483,0.0006634012853550253
1.0312426689380967,0.00103169821244542
1.1585488999444697,0.0015797077205205179
1.3015710016583038,0.0023816486210489485
1.4622490880091454,0.0035357950505833236
1.6427627787184707,0.005169387604335052
1.8455607661325835,0.007443389738715833
2.0733940320616497,0.010556555793763689
2.329353165215711,0.014748138169572211
2.6169102854537,0.02029845826967669
2.9399661435534976,0.027526528540841144
3.3029030354176987,0.03678397089668117
3.710644248503383,0.04844465381047813
4.168720846874621,0.06288977793778316
4.683346700825936,0.0804885714947885
5.261502778863538,0.10157528246466763
5.911031845476362,0.1264237223477116
6.64074484928479,0.15522115315583807
7.4605404447366075,0.18804373185779455
8.381539268677866,0.22483595185891758
9.416234793278331,0.26539648274369654
10.578662801651687,0.30937247138136603
11.884591785129816,0.3562637351854806
13.351736844955687,0.4054374038167359
15.0,0.45615254393348814
