SA(1.0s) [g],Complete_damage
0.05000000000000001,3.3306690738754696e-16
0.056172467201025755,2.220446049250313e-15
0.06310692142900626,1.3766765505351941e-14
0.07089742948257126,8.282263763703668e-14
0.07964967064493539,4.718447854656915e-13
0.08948237023750269,2.5444091278359338e-12
0.10052891014472326,1.2994605391725145e-11
0.11293913815718663,6.285594267296801e-11
0.1268814006769336,2.879888549855991e-10
0.14254482635890514,1.2499263846166286e-09
0.16014189166643014,5.139386805019797e-09
0.17991130314285533,2.002157928338022e-08
0.2021212354977168,7.390812151175652e-08
0.2270729694325259,2.5855001395402866e-07
0.2551049785537617,8.572611959190013e-07
0.28659752081259104,2.694401588954065e-06
0.3219777967548112,8.029049949120903e-06
0.36172574455336326,2.2688184257435573e-05
0.4063805504338082,6.080797418717143e-05
0.45654796280755766,0.00015461446051245886
0.5129085093300529,0.00037306642509460364
0.5762267283493882,0.0008544821227195465
0.6473615399712076,0.0018584647765537143
0.7272778974247632,0.003839874429187873
0.8170598767824696,0.007540412234636862
0.9179253825967483,0.01408072165480001
1.0312426689380967,0.025019654725068063
1.1585488999444697,0.04233356510387609
1.3015710016583038,0.06826694805238054
1.4622490880091454,0.10502624820862339
1.6427627787184707,0.15433449507621955
1.8455607661325835,0.21692613555843177
2.0733940320616497,0.29211572238326755
2.329353165215711,0.37759163894507575
2.6169102854537,0.4695464840964352
2.9399661435534976,0.5631625305124754
3.3029030354176987,0.6533551111941496
3.710644248503383,0.7355862201108292
4.168720846874621,0.8065352136868387
4.683346700825936,0.8644648764217557
5.261502778863538,0.9092259304678024
5.911031845476362,0.9419557790308105
6.64074484928479,0.9646038846654066
7.4605404447366075,0.9794346560057289
8.381539268677866,0.9886251596209337
9.416234793278331,0.9940147816124919
10.578662801651687,0.9970058091164868
11.884591785129816,0.9985766249068476
13.351736844955687,0.9993573038725329
15.0,0.9997244691909865
