SA(1.0s) [g],Complete_damage
0.05000000000000001,2.6645352591003757e-14
0.056172467201025755,1.574296248918472e-13
0.06310692142900626,8.785194793858864e-13
0.07089742948257126,4.644173934309492e-12
0.07964967064493539,2.3252400005446816e-11
0.08948237023750269,1.1026723978346809e-10
0.10052891014472326,4.953165655408043e-10
0.11293913815718663,2.1077189993334855e-09
0.1268814006769336,8.497193726419994e-09
0.14254482635890514,3.2457494025806e-08
0.16014189166643014,1.174842169104906e-07
0.17991130314285533,4.030166197432905e-07
0.2021212354977168,1.3104041367562047e-06
0.2270729694325259,4.039182617932013e-06
0.2551049785537617,1.1804915708735209e-05
0.28659752081259104,3.271885895150817e-05
0.3219777967548112,8.601910843808458e-05
0.36172574455336326,0.00021456640491090972
0.4063805504338082,0.0005079511650921686
0.45654796280755766,0.0011416071386909366
0.5129085093300529,0.002436731126478908
0.5762267283493882,0.004941752379038822
0.6473615399712076,0.009526908503423526
0.7272778974247632,0.017469090745592886
0.8170598767824696,0.030487829300806735
0.9179253825967483,0.05068272423614495
1.0312426689380967,0.080328184127886
1.1585488999444697,0.12151127333651002
1.3015710016583038,0.1756519880441022
1.4622490880091454,0.24300756353310704
1.6427627787184707,0.3223065714728499
1.8455607661325835,0.41065659997156834
2.0733940320616497,0.5038082252793324
2.329353165215711,0.5967517237181942
2.6169102854537,0.6845108778230281
2.9399661435534976,0.7629279531264475
3.3029030354176987,0.8292371216865277
3.710644248503383,0.8822988206215409
4.168720846874621,0.9224809742905503
4.683346700825936,0.9512768035294772
5.261502778863538,0.9708053574801148
5.911031845476362,0.9833383408432331
6.64074484928479,0.9909500546832845
7.4605404447366075,0.9953248098608813
8.381539268677866,0.997704213019512
9.416234793278331,0.9989288995145563
10.578662801651687,0.9995254181891938
11.884591785129816,0.9998003752998216
13.351736844955687,0.9999203106500737
15.0,0.9999698180727619
