SA(1.0s) [g],Complete_damage
0.05000000000000001,3.3306690738754696e-16
0.056172467201025755,1.7763568394002505e-15
0.06310692142900626,8.770761894538737e-15
0.07089742948257126,4.04121180963557e-14
0.07964967064493539,1.7918999617450027e-13
0.08948237023750269,7.642775301519578e-13
0.10052891014472326,3.1368241337759173e-12
0.11293913815718663,1.2385092951205934e-11
0.1268814006769336,4.704669986921317e-11
0.14254482635890514,1.7194567991651866e-10
0.16014189166643014,6.046563250095005e-10
0.17991130314285533,2.0459879346290677e-09
0.2021212354977168,6.66190536069422e-09
0.2270729694325259,2.087472250611455e-08
0.2551049785537617,6.295034737924254e-08
0.28659752081259104,1.8270970625344773e-07
0.3219777967548112,5.104403451028361e-07
0.36172574455336326,1.372730699999991e-06
0.4063805504338082,3.5540493503738446e-06
0.45654796280755766,8.859398735072688e-06
0.5129085093300529,2.1265586355623256e-05
0.5762267283493882,4.915840195862664e-05
0.6473615399712076,0.00010945269303530569
0.7272778974247632,0.00023476393093946335
0.8170598767824696,0.000485163739403105
0.9179253825967483,0.0009662337200952997
1.0312426689380967,0.0018548473187536274
1.1585488999444697,0.0034329970937918564
1.3015710016583038,0.006127720343476528
1.4622490880091454,0.010551677638513612
1.6427627787184707,0.017534622220284457
1.8455607661325835,0.028131972196104638
2.0733940320616497,0.043594733873806635
2.329353165215711,0.06528715534356566
2.6169102854537,0.09454620838787142
2.9399661435534976,0.132490270739263
3.3029030354176987,0.17980090477385424
3.710644248503383,0.23651684602880885
4.168720846874621,0.301887524511842
4.683346700825936,0.37432984367306854
5.261502778863538,0.45151489994747673
5.911031845476362,0.5305837906700837
6.64074484928479,0.6084608624269621
7.4605404447366075,0.6822079924334018
8.381539268677866,0.7493527584903726
9.416234793278331,0.8081302052178401
10.578662801651687,0.8576000729037663
11.884591785129816,0.8976316060844431
13.351736844955687,0.9287770908050988
15.0,0.9520751264449124
