SA(1.0s) [g],Complete_damage
0.05000000000000001,0.0
0.056172467201025755,1.1102230246251565e-16
0.06310692142900626,3.3306690738754696e-16
0.07089742948257126,1.887379141862766e-15
0.07964967064493539,9.103828801926284e-15
0.08948237023750269,4.207745263329343e-14
0.10052891014472326,1.8629542353210127e-13
0.11293913815718663,7.941425295143745e-13
0.1268814006769336,3.255840042015734e-12
0.14254482635890514,1.2841838703536723e-11
0.16014189166643014,4.873124126447692e-11
0.17991130314285533,1.7791879081130446e-10
0.2021212354977168,6.250164830134963e-10
0.2270729694325259,2.1127045668478672e-09
0.2551049785537617,6.872071689478787e-09
0.28659752081259104,2.151117761695076e-08
0.3219777967548112,6.480322889412804e-08
0.36172574455336326,1.878953530543015e-07
0.4063805504338082,5.243922537312429e-07
0.45654796280755766,1.4088167792358774e-06
0.5129085093300529,3.6437759406426906e-06
0.5762267283493882,9.073874399412318e-06
0.6473615399712076,2.1758431259621958e-05
0.7272778974247632,5.024712624324135e-05
0.8170598767824696,0.00011176476283714099
0.9179253825967483,0.00023948411967189553
1.0312426689380967,0.0004944276248822765
1.1585488999444697,0.0009837121486132583
1.3015710016583038,0.001886549341928223
1.4622490880091454,0.003488274412231762
1.6427627787184707,0.006220378220577638
1.8455607661325835,0.010700989089566959
2.0733940320616497,0.017765924161529778
2.329353165215711,0.028476433808843016
2.6169102854537,0.04408788244001727
2.9399661435534976,0.06596587450504543
3.3029030354176987,0.09544421149034665
3.710644248503383,0.13363246758161473
4.168720846874621,0.18119752865745453
4.683346700825936,0.23815854439255602
5.261502778863538,0.3037426900037241
5.911031845476362,0.3763451791064425
6.64074484928479,0.45361958644699407
7.4605404447366075,0.5326968071353423
8.381539268677866,0.6105002216833681
9.416234793278331,0.6841001617120475
10.578662801651687,0.7510404832697841
11.884591785129816,0.8095773722420816
13.351736844955687,0.8587929922460205
15.0,0.8985769261885544
