SA(0.3s) [g],Complete_damage
0.05000000000000001,6.785186510427366e-07
0.056172467201025755,1.271821717496735e-06
0.06310692142900626,2.3473624646275226e-06
0.07089742948257126,4.266137925146296e-06
0.07964967064493539,7.63488544619495e-06
0.08948237023750269,1.3455378812698982e-05
0.10052891014472326,2.3352255761999174e-05
0.11293913815718663,3.9913142484859776e-05
0.1268814006769336,6.718508382774768e-05
0.14254482635890514,0.0001113823676741621
0.16014189166643014,0.00018187150130843932
0.17991130314285533,0.0002925073413672097
0.2021212354977168,0.0004633973147650794
0.2270729694325259,0.0007231645740392034
0.2551049785537617,0.0011117614763170858
0.28659752081259104,0.0016838475213457604
0.3219777967548112,0.0025126870926477363
0.36172574455336326,0.003694440082483985
0.4063805504338082,0.005352613911082882
0.45654796280755766,0.007642324128132372
0.5129085093300529,0.01075388364030816
0.5762267283493882,0.014915124268529256
0.6473615399712076,0.020391770411228305
0.7272778974247632,0.027485157648559966
0.8170598767824696,0.03652664331125388
0.9179253825967483,0.04786821052953638
1.0312426689380967,0.06186903116444131
1.1585488999444697,0.07887812055306798
1.3015710016583038,0.09921366427684641
1.4622490880091454,0.12314008144807465
1.6427627787184707,0.1508443514543638
1.8455607661325835,0.18241350320498118
2.0733940320616497,0.21781537925756433
2.329353165215711,0.25688478507158474
2.6169102854537,0.29931688269076995
2.9399661435534976,0.34466918762694665
3.3029030354176987,0.3923728140094527
3.710644248503383,0.44175275821374616
4.168720846874621,0.492056114715568
4.683346700825936,0.5424862930354735
5.261502778863538,0.5922406609325588
5.911031845476362,0.6405486647720651
6.64074484928479,0.6867074255083825
7.4605404447366075,0.7301120853755778
8.381539268677866,0.7702787473855148
9.416234793278331,0.806858628771479
10.578662801651687,0.8396429358593982
11.884591785129816,0.8685588474839558
13.351736844955687,0.8936577614581193
15.0,0.9150975318920402
