SA(0.3s) [g],Complete_damage
0.05000000000000001,2.463636441341066e-05
0.056172467201025755,4.19642552074162e-05
0.06310692142900626,7.040472481822935e-05
0.07089742948257126,0.00011634833839491154
0.07964967064493539,0.0001893967658297413
0.08948237023750269,0.00030370932071244194
0.10052891014472326,0.0004797748505221966
0.11293913815718663,0.0007466770157398273
0.1268814006769336,0.0011449008177937259
0.14254482635890514,0.0017296904928835177
0.16014189166643014,0.0025749100700084293
0.17991130314285533,0.0037772763117163155
0.2021212354977168,0.0054607308043684855
0.2270729694325259,0.007780599329986426
0.2551049785537617,0.010927063235607104
0.28659752081259104,0.01512735568512169
0.3219777967548112,0.02064601651130471
0.36172574455336326,0.027782516663103163
0.4063805504338082,0.03686562012937544
0.45654796280755766,0.04824400586751454
0.5129085093300529,0.0622729329136027
0.5762267283493882,0.0792970923004448
0.6473615399712076,0.09963022594335857
0.7272778974247632,0.12353256346764563
0.8170598767824696,0.1511875758922958
0.9179253825967483,0.18267990393948497
1.0312426689380967,0.217976522612351
1.1585488999444697,0.25691319818998326
1.3015710016583038,0.29918804716492065
1.4622490880091454,0.3443635185351197
1.6427627787184707,0.3918774266594556
1.8455607661325835,0.4410628312198486
2.0733940320616497,0.4911756897342018
2.329353165215711,0.5414284057324172
2.6169102854537,0.5910267679553983
2.9399661435534976,0.639207408242304
3.3029030354176987,0.6852728491286815
3.710644248503383,0.7286214744988089
4.168720846874621,0.7687703014045719
4.683346700825936,0.8053691836192016
5.261502778863538,0.8382059371037236
5.911031845476362,0.867202734342481
6.64074484928479,0.8924048660709938
7.4605404447366075,0.913963535188935
8.381539268677866,0.9321146807190057
9.416234793278331,0.9471559175735815
10.578662801651687,0.9594235421887045
11.884591785129816,0.9692712424243715
13.351736844955687,0.9770517256859755
15.0,0.983102009290445
