SA(1.0s) [g],Loss_ratio
0.05000000000000001,2.849006848845565e-07
0.056172467201025755,6.657423758573657e-07
0.06310692142900626,1.5000503856651322e-06
0.07089742948257126,3.261778985137863e-06
0.07964967064493539,6.851799656327495e-06
0.08948237023750269,1.392253903479218e-05
0.10052891014472326,2.7408628000275794e-05
0.11293913815718663,5.2377787611188464e-05
0.1268814006769336,9.738308756529338e-05
0.14254482635890514,0.000176610965857788
0.16014189166643014,0.00031330245200502814
0.17991130314285533,0.0005451939153635772
0.2021212354977168,0.0009330624914915872
0.2270729694325259,0.0015737856669588207
0.2551049785537617,0.0026194434582584337
0.28659752081259104,0.0043035945746245545
0.3219777967548112,0.006974562944874488
0.36172574455336326,0.011133068560832097
0.4063805504338082,0.017467830527065242
0.45654796280755766,0.026878452279529973
0.5129085093300529,0.04047131643294605
0.5762267283493882,0.059513344034883425
0.6473615399712076,0.08533234143198762
0.7272778974247632,0.11916237155744072
0.8170598767824696,0.16194723537447053
0.9179253825967483,0.21413121101233434
1.0312426689380967,0.27547809231846565
1.1585488999444697,0.3449616773526757
1.3015710016583038,0.42076046370891335
1.4622490880091454,0.5003688415493504
1.6427627787184707,0.5808136659392953
1.8455607661325835,0.6589466964367439
2.0733940320616497,0.7317736628780637
2.329353165215711,0.7967769964056763
2.6169102854537,0.8521866197375888
2.9399661435534976,0.897151618378845
3.3029030354176987,0.9317727912119588
3.710644248503383,0.9569806675937509
4.168720846874621,0.9742838889160214
4.683346700825936,0.9854525941891982
5.261502778863538,0.9922191434008782
5.911031845476362,0.9960636026483664
6.64074484928479,0.9981126261974771
7.4605404447366075,0.9991390071204209
8.381539268677866,0.9996240290060788
9.416234793278331,0.9998415723875385
10.578662801651687,0.9999349775362263
11.884591785129816,0.999973776465928
13.351736844955687,0.999989542416791
15.0,0.9999958677964331
