SA(0.6s) [g],Complete_damage
0.05000000000000001,6.448945821801999e-10
0.056172467201025755,1.585817699378822e-09
0.06310692142900626,3.81911002822477e-09
0.07089742948257126,9.007940837690853e-09
0.07964967064493539,2.0809135858890215e-08
0.08948237023750269,4.7082459153635625e-08
0.10052891014472326,1.043405177814094e-07
0.11293913815718663,2.2648977660022496e-07
0.1268814006769336,4.815705280103444e-07
0.14254482635890514,1.0030019497175857e-06
0.16014189166643014,2.046398491106771e-06
0.17991130314285533,4.090179194560228e-06
0.2021212354977168,8.008968607975397e-06
0.2270729694325259,1.536430111293008e-05
0.2551049785537617,2.887834945708434e-05
0.28659752081259104,5.3183673805135e-05
0.3219777967548112,9.597445240527858e-05
0.36172574455336326,0.0001697193184380108
0.4063805504338082,0.000294126727799493
0.45654796280755766,0.0004995707803779892
0.5129085093300529,0.0008316745375441803
0.5762267283493882,0.0013571917072080497
0.6473615399712076,0.002171207727454161
0.7272778974247632,0.003405482722933395
0.8170598767824696,0.005237475937804437
0.9179253825967483,0.007899235087446943
1.0312426689380967,0.011684938863640859
1.1585488999444697,0.016955507716632456
1.3015710016583038,0.024138433115654
1.4622490880091454,0.03372091999676485
1.6427627787184707,0.046234688991220074
1.8455607661325835,0.062231413516315004
2.0733940320616497,0.0822487845547224
2.329353165215711,0.10676853587274371
2.6169102854537,0.13616926758138126
2.9399661435534976,0.17067833945927324
3.3029030354176987,0.21032818383525864
3.710644248503383,0.2549228346700698
4.168720846874621,0.30402007994269376
4.683346700825936,0.3569333453444863
5.261502778863538,0.41275530580396336
5.911031845476362,0.47040256857158647
6.64074484928479,0.5286779846175297
7.4605404447366075,0.5863446928140071
8.381539268677866,0.6422043190716065
9.416234793278331,0.6951711482496608
10.578662801651687,0.7443346724962503
11.884591785129816,0.7890045868879315
13.351736844955687,0.8287347465159765
15.0,0.8633253845407207
