SA(0.6s) [g],Complete_damage
0.05000000000000001,6.061817714453355e-13
0.056172467201025755,1.7278400932241311e-12
0.06310692142900626,4.822586774366755e-12
0.07089742948257126,1.3181677971374484e-11
0.07964967064493539,3.528344283409979e-11
0.08948237023750269,9.248912746784299e-11
0.10052891014472326,2.374305196894966e-10
0.11293913815718663,5.969218452861469e-10
0.1268814006769336,1.4697461026003111e-09
0.14254482635890514,3.5442182522160692e-09
0.16014189166643014,8.370702242466166e-09
0.17991130314285533,1.9363206038569558e-08
0.2021212354977168,4.3871038246656724e-08
0.2270729694325259,9.735895911688885e-08
0.2551049785537617,2.1163340013785614e-07
0.28659752081259104,4.506263510117847e-07
0.3219777967548112,9.399133753529298e-07
0.36172574455336326,1.9204977106390686e-06
0.4063805504338082,3.8442487739764886e-06
0.45654796280755766,7.5387472062704575e-06
0.5129085093300529,1.4484267979564258e-05
0.5762267283493882,2.7266211033327714e-05
0.6473615399712076,5.0292910816485126e-05
0.7272778974247632,9.090069534833933e-05
0.8170598767824696,0.00016100257930251605
0.9179253825967483,0.0002794683538406284
1.0312426689380967,0.00047544257179610305
1.1585488999444697,0.0007927993893718233
1.3015710016583038,0.0012958823314167534
1.4622490880091454,0.0020765644549832762
1.6427627787184707,0.0032624745773031094
1.8455607661325835,0.005025961445887961
2.0733940320616497,0.007593019031055026
2.329353165215711,0.011251004127804554
2.6169102854537,0.016353600367443266
2.9399661435534976,0.0233212040714581
3.3029030354176987,0.032634827035452285
3.710644248503383,0.044821828097862615
4.168720846874621,0.06043237216134478
4.683346700825936,0.08000649155191353
5.261502778863538,0.10403293216788989
5.911031845476362,0.13290245858332095
6.64074484928479,0.16685973943220955
7.4605404447366075,0.20595905757005883
8.381539268677866,0.2500296101575056
9.416234793278331,0.29865586790476306
10.578662801651687,0.35117726165512453
11.884591785129816,0.40670943651950653
13.351736844955687,0.46418671154748337
15.0,0.5224226001615948
