SA(0.6s) [g],Loss_ratio
0.05000000000000001,5.691825153078011e-09
0.056172467201025755,1.8987187256408146e-08
0.06310692142900626,6.068303087069952e-08
0.07089742948257126,1.8480522373535772e-07
0.07964967064493539,5.342935169041882e-07
0.08948237023750269,1.4628530096760756e-06
0.10052891014472326,3.7872466655768215e-06
0.11293913815718663,9.264008513073203e-06
0.1268814006769336,2.1404735613197716e-05
0.14254482635890514,4.672307408405748e-05
0.16014189166643014,9.640808868009391e-05
0.17991130314285533,0.00018822780578143345
0.2021212354977168,0.0003482324559327595
0.2270729694325259,0.0006116960232149247
0.2551049785537617,0.0010229296687684281
0.28659752081259104,0.0016343086393834352
0.3219777967548112,0.0025060540139691715
0.36172574455336326,0.003709651002645551
0.4063805504338082,0.005338665055305574
0.45654796280755766,0.007530611914537556
0.5129085093300529,0.010502401298666118
0.5762267283493882,0.014600229744555016
0.6473615399712076,0.020363192768362633
0.7272778974247632,0.028597788417628327
0.8170598767824696,0.04045541296427742
0.9179253825967483,0.057493193919792226
1.0312426689380967,0.08167857848327272
1.1585488999444697,0.11527632805882423
1.3015710016583038,0.16055094700223776
1.4622490880091454,0.21925308347918993
1.6427627787184707,0.29194937488720085
1.8455607661325835,0.3773806544077077
2.0733940320616497,0.4721268660387132
2.329353165215711,0.5708334115023969
2.6169102854537,0.6670724902863199
2.9399661435534976,0.7546342840298345
3.3029030354176987,0.8288163263023277
3.710644248503383,0.887251748483042
4.168720846874621,0.9300201854816545
4.683346700825936,0.9591026252938912
5.261502778863538,0.9774902855097719
5.911031845476362,0.9883172913511973
6.64074484928479,0.9942694743351318
7.4605404447366075,0.997335261110146
8.381539268677866,0.9988211573457143
9.416234793278331,0.9995021522374636
10.578662801651687,0.9997987363119587
11.884591785129816,0.9999219995892175
13.351736844955687,0.9999710234230628
15.0,0.999989697651404
