SA(1.0s) [g],Complete_damage
0.05000000000000001,2.0650148258027912e-13
0.056172467201025755,9.85878045867139e-13
0.06310692142900626,4.497402450454047e-12
0.07089742948257126,1.960986928395414e-11
0.07964967064493539,8.172651444482426e-11
0.08948237023750269,3.2557789797493797e-10
0.10052891014472326,1.239874092284765e-09
0.11293913815718663,4.513983631326823e-09
0.1268814006769336,1.5712085965624567e-08
0.14254482635890514,5.2291859398145846e-08
0.16014189166643014,1.66417523428386e-07
0.17991130314285533,5.064901807960709e-07
0.2021212354977168,1.474336845386226e-06
0.2270729694325259,4.105138976973066e-06
0.2551049785537617,1.0935079550078441e-05
0.28659752081259104,2.7870387264705698e-05
0.3219777967548112,6.797709271944008e-05
0.36172574455336326,0.00015869413920843733
0.4063805504338082,0.00035467294546176475
0.45654796280755766,0.0007590419567905515
0.5129085093300529,0.0015559265371705155
0.5762267283493882,0.0030558255227294273
0.6473615399712076,0.005752185347142169
0.7272778974247632,0.010381781774522203
0.8170598767824696,0.017973814276380562
0.9179253825967483,0.02986493512690791
1.0312426689380967,0.04765335998364806
1.1585488999444697,0.07306907320910083
1.3015710016583038,0.10775212801535894
1.4622490880091454,0.1529567378164266
1.6427627787184707,0.20922954012220185
1.8455607661325835,0.2761355104921792
2.0733940320616497,0.3521124471057273
2.329353165215711,0.43451663863994017
2.6169102854537,0.5198792072493
2.9399661435534976,0.60433633487516
3.3029030354176987,0.6841460564809729
3.710644248503383,0.7561781307752259
4.168720846874621,0.8182717032005612
4.683346700825936,0.8693948902275614
5.261502778863538,0.9095961508724022
5.911031845476362,0.9397895368043536
6.64074484928479,0.9614483301494954
7.4605404447366075,0.9762874066350473
8.381539268677866,0.9859976369950111
9.416234793278331,0.9920664266947216
10.578662801651687,0.9956890599983613
11.884591785129816,0.9977544221547958
13.351736844955687,0.9988790722217129
15.0,0.9994639804901935
