SA(1.0s) [g],Loss_ratio
0.05000000000000001,1.4559707053519425e-06
0.056172467201025755,2.8043088169601802e-06
0.06310692142900626,5.312046083411714e-06
0.07089742948257126,9.899888354001298e-06
0.07964967064493539,1.8158283631029705e-05
0.08948237023750269,3.278740987985738e-05
0.10052891014472326,5.8291190918321023e-05
0.11293913815718663,0.0001020468029964532
0.1268814006769336,0.00017591175537477106
0.14254482635890514,0.0002985731363519256
0.16014189166643014,0.0004988792981731743
0.17991130314285533,0.0008204086603085519
0.2021212354977168,0.0013275028069892527
0.2270729694325259,0.0021128961272444185
0.2551049785537617,0.003306885518323615
0.28659752081259104,0.005087681297740091
0.3219777967548112,0.007692161700843275
0.36172574455336326,0.011425744753483454
0.4063805504338082,0.016669559395031494
0.45654796280755766,0.023882653106901693
0.5129085093300529,0.033596763138102614
0.5762267283493882,0.04640136265718849
0.6473615399712076,0.0629174035050971
0.7272778974247632,0.08375946342635696
0.8170598767824696,0.10948778122752914
0.9179253825967483,0.14055367083147596
1.0312426689380967,0.1772436269322289
1.1585488999444697,0.2196285722500048
1.3015710016583038,0.2675247239595235
1.4622490880091454,0.320471320870763
1.6427627787184707,0.3777282308887142
1.8455607661325835,0.43829396265697107
2.0733940320616497,0.5009427368433101
2.329353165215711,0.5642786481568594
2.6169102854537,0.6268054165336245
2.9399661435534976,0.6870107140378533
3.3029030354176987,0.7434630370222644
3.710644248503383,0.7949155946387898
4.168720846874621,0.8404062849053782
4.683346700825936,0.8793379093900413
5.261502778863538,0.9115215553043541
5.911031845476362,0.9371707717417116
6.64074484928479,0.9568443880777902
7.4605404447366075,0.9713482807176856
8.381539268677866,0.9816163530769634
9.416234793278331,0.9885946376569306
10.578662801651687,0.9931487425387904
11.884591785129816,0.9960059301686959
13.351736844955687,0.9977327976202888
15.0,0.9987414728445551
