SA(1.0s) [g],Loss_ratio
0.05000000000000001,4.2493304723680863e-10
0.056172467201025755,1.5285541794129738e-09
0.06310692142900626,5.233977187127044e-09
0.07089742948257126,1.7053612170540535e-08
0.07964967064493539,5.288006499505212e-08
0.08948237023750269,1.5613211365862937e-07
0.10052891014472326,4.393514834277604e-07
0.11293913815718663,1.1797970260731404e-06
0.1268814006769336,3.0283109380933747e-06
0.14254482635890514,7.445361970899142e-06
0.16014189166643014,1.757611941123657e-05
0.17991130314285533,3.994928464990011e-05
0.2021212354977168,8.768347867634103e-05
0.2270729694325259,0.00018638119465089745
0.2551049785537617,0.0003846490927419067
0.28659752081259104,0.0007721848441052431
0.3219777967548112,0.001509352999678324
0.36172574455336326,0.0028724272680798117
0.4063805504338082,0.005316934044175338
0.45654796280755766,0.009556192166319453
0.5129085093300529,0.016642124396340163
0.5762267283493882,0.028021610222396246
0.6473615399712076,0.04552838702680823
0.7272778974247632,0.0712657534778181
0.8170598767824696,0.10734828729246926
0.9179253825967483,0.15550668754804714
1.0312426689380967,0.21661393783344685
1.1585488999444697,0.29024574348736787
1.3015710016583038,0.3744175870146934
1.4622490880091454,0.46562184062540346
1.6427627787184707,0.5592154182398503
1.8455607661325835,0.6501009510375533
2.0733940320616497,0.7335425712601625
2.329353165215711,0.8059046102560603
2.6169102854537,0.8651231018513965
2.9399661435534976,0.9108089068493213
3.3029030354176987,0.9440005691052368
3.710644248503383,0.9666858540463239
4.168720846874621,0.9812565374461518
4.683346700825936,0.9900429410455481
5.261502778863538,0.9950128531148925
5.911031845476362,0.9976476851597209
6.64074484928479,0.9989561080239826
7.4605404447366075,0.9995644361049479
8.381539268677866,0.9998291777099247
9.416234793278331,0.9999370270169212
10.578662801651687,0.9999781683985053
11.884591785129816,0.9999928755373363
13.351736844955687,0.9999978082056018
15.0,0.9999993630263684
