SA(1.0s) [g],Loss_ratio
0.05000000000000001,5.7224048456428906e-11
0.056172467201025755,2.9252173990764325e-10
0.06310692142900626,1.382292777984457e-09
0.07089742948257126,6.039526862478274e-09
0.07964967064493539,2.44050854730654e-08
0.08948237023750269,9.123564011904326e-08
0.10052891014472326,3.1565375513400947e-07
0.11293913815718663,1.0111242491333873e-06
0.1268814006769336,3.0003228666803555e-06
0.14254482635890514,8.25227827319977e-06
0.16014189166643014,2.105529270743867e-05
0.17991130314285533,4.9883929801832557e-05
0.2021212354977168,0.00010988297578739715
0.2270729694325259,0.0002254306858579547
0.2551049785537617,0.0004317401325290234
0.28659752081259104,0.0007744293168349646
0.3219777967548112,0.0013071958408517029
0.36172574455336326,0.0020907595728940666
0.4063805504338082,0.003200972117093967
0.45654796280755766,0.004759358241743901
0.5129085093300529,0.007003460618723334
0.5762267283493882,0.010414460905078362
0.6473615399712076,0.015911074124072763
0.7272778974247632,0.025094190679685706
0.8170598767824696,0.04047823119659854
0.9179253825967483,0.06557434137613945
1.0312426689380967,0.10462528667266217
1.1585488999444697,0.16179734739514434
1.3015710016583038,0.23979433829568297
1.4622490880091454,0.33820435586820985
1.6427627787184707,0.45229524252446335
1.8455607661325835,0.5731249285608806
2.0733940320616497,0.6894088005163145
2.329353165215711,0.7906360339270446
2.6169102854537,0.8700487210218432
2.9399661435534976,0.9260437056888696
3.3029030354176987,0.9614857615356899
3.710644248503383,0.9816324189681606
4.168720846874621,0.9919457592773423
4.683346700825936,0.9967276215409976
5.261502778863538,0.9987546501028823
5.911031845476362,0.999550573596142
6.64074484928479,0.9998445789811449
7.4605404447366075,0.9999482333730119
8.381539268677866,0.9999834228536988
9.416234793278331,0.9999949316842006
10.578662801651687,0.9999985335578176
11.884591785129816,0.9999996016796686
13.351736844955687,0.9999998990349642
15.0,0.9999999762111347
