SA(1.0s) [g],Loss_ratio
0.05000000000000001,1.9692714852307515e-08
0.056172467201025755,5.191264994467831e-08
0.06310692142900626,1.3150131104005288e-07
0.07089742948257126,3.201837575097384e-07
0.07964967064493539,7.496037567431658e-07
0.08948237023750269,1.6881640829555624e-06
0.10052891014472326,3.659171125526796e-06
0.11293913815718663,7.638938892548664e-06
0.1268814006769336,1.5372497248010397e-05
0.14254482635890514,2.9853967463197493e-05
0.16014189166643014,5.603088698583338e-05
0.17991130314285533,0.00010181528332495749
0.2021212354977168,0.00017953779656308325
0.2270729694325259,0.000308095396450052
0.2551049785537617,0.0005162561054828832
0.28659752081259104,0.000847923162958371
0.3219777967548112,0.0013706103713859359
0.36172574455336326,0.0021888365301746017
0.4063805504338082,0.0034643816604116623
0.45654796280755766,0.005445010553576525
0.5129085093300529,0.008501967436905726
0.5762267283493882,0.013174020962230339
0.6473615399712076,0.020212197006815535
0.7272778974247632,0.030615196341636893
0.8170598767824696,0.04564185976190868
0.9179253825967483,0.06678481229936686
1.0312426689380967,0.09568881492091515
1.1585488999444697,0.13399812354727722
1.3015710016583038,0.18312037636842193
1.4622490880091454,0.2439053337279991
1.6427627787184707,0.3162643406459319
1.8455607661325835,0.39880609864420874
2.0733940320616497,0.4886230697901641
2.329353165215711,0.5813900669508052
2.6169102854537,0.6718814004829754
2.9399661435534976,0.754859525480322
3.3029030354176987,0.8260957315890158
3.710644248503383,0.883170232102594
4.168720846874621,0.925759720041639
4.683346700825936,0.9553403505068226
5.261502778863538,0.9744853388048095
5.911031845476362,0.9860714391490276
6.64074484928479,0.9926693965342683
7.4605404447366075,0.9962398054488735
8.381539268677866,0.9980999770695136
9.416234793278331,0.9990470438587926
10.578662801651687,0.9995245436034417
11.884591785129816,0.9997647800627192
13.351736844955687,0.9998853681938259
15.0,0.999945369611308
