SA(1.0s) [g],Loss_ratio
0.05000000000000001,3.005475364912334e-07
0.056172467201025755,7.281370759822531e-07
0.06310692142900626,1.7134144821251527e-06
0.07089742948257126,3.916418732429938e-06
0.07964967064493539,8.696085409393328e-06
0.08948237023750269,1.8758575769005074e-05
0.10052891014472326,3.931459883276187e-05
0.11293913815718663,8.006188549456263e-05
0.1268814006769336,0.00015843815886830247
0.14254482635890514,0.0003047223406395907
0.16014189166643014,0.0005696564050799053
0.17991130314285533,0.0010352502853980387
0.2021212354977168,0.0018292272885080225
0.2270729694325259,0.0031430696760701934
0.2551049785537617,0.005252760614184832
0.28659752081259104,0.008540090635685163
0.3219777967548112,0.013510933558389516
0.36172574455336326,0.020805495135874756
0.4063805504338082,0.031194654253217064
0.45654796280755766,0.045556685117602885
0.5129085093300529,0.0648303108775245
0.5762267283493882,0.08994331378818522
0.6473615399712076,0.12172040660297463
0.7272778974247632,0.1607787703298693
0.8170598767824696,0.20742326251329496
0.9179253825967483,0.26155468669920356
1.0312426689380967,0.3226034512273111
1.1585488999444697,0.38949840648022627
1.3015710016583038,0.46067834313440764
1.4622490880091454,0.5341526596553
1.6427627787184707,0.6076170803274124
1.8455607661325835,0.678626729583065
2.0733940320616497,0.7448187642423676
2.329353165215711,0.8041598753218946
2.6169102854537,0.8551759241664598
2.9399661435534976,0.89711190569119
3.3029030354176987,0.9299792186069202
3.710644248503383,0.9544747736815862
4.168720846874621,0.9717931821025809
4.683346700825936,0.9833834237432892
5.261502778863538,0.9907120414955544
5.911031845476362,0.9950831047398514
6.64074484928479,0.997538816395639
7.4605404447366075,0.9988368049190344
8.381539268677866,0.9994816004645275
9.416234793278331,0.9997823818863734
10.578662801651687,0.9999140357534959
11.884591785129816,0.9999680729415752
13.351736844955687,0.9999888598949034
15.0,0.9999963506166053
