SA(0.6s) [g],Loss_ratio
0.05000000000000001,1.2552211820438998e-09
0.056172467201025755,5.361483342969892e-09
0.06310692142900626,2.126273955622966e-08
0.07089742948257126,7.827543995524824e-08
0.07964967064493539,2.6749756818474815e-07
0.08948237023750269,8.487791699398444e-07
0.10052891014472326,2.501516936680975e-06
0.11293913815718663,6.8510458452749565e-06
0.1268814006769336,1.744733087236927e-05
0.14254482635890514,4.134955244478811e-05
0.16014189166643014,9.129220115978759e-05
0.17991130314285533,0.00018802076135803882
0.2021212354977168,0.00036188313387848465
0.2270729694325259,0.0006525018158299492
0.2551049785537617,0.0011059084247628393
0.28659752081259104,0.0017703986708893914
0.3219777967548112,0.002695539351256493
0.36172574455336326,0.0039424402444324085
0.4063805504338082,0.005616318137537679
0.45654796280755766,0.007933304157978225
0.5129085093300529,0.011331098214882653
0.5762267283493882,0.016624842972732718
0.6473615399712076,0.025190515036536847
0.7272778974247632,0.039123601671387745
0.8170598767824696,0.06127520742845779
0.9179253825967483,0.09503461821892478
1.0312426689380967,0.1437491478957818
1.1585488999444697,0.20978668121658497
1.3015710016583038,0.29344501305888127
1.4622490880091454,0.39210920081078493
1.6427627787184707,0.5001138455208246
1.8455607661325835,0.6095760695518722
2.0733940320616497,0.712060544993705
2.329353165215711,0.8005199180645434
2.6169102854537,0.870780552502509
2.9399661435534976,0.9220455675997438
3.3029030354176987,0.9563541577928079
3.710644248503383,0.9773858213701123
4.168720846874621,0.9891821806547669
4.683346700825936,0.9952308023604416
5.261502778863538,0.9980645848664786
5.911031845476362,0.9992774419194941
6.64074484928479,0.9997518087539711
7.4605404447366075,0.9999214954216656
8.381539268677866,0.9999770939913113
9.416234793278331,0.9999938184628522
10.578662801651687,0.999998451655431
11.884591785129816,0.9999996385047459
13.351736844955687,0.9999999209720534
15.0,0.9999999837535805
