SA(1.0s) [g],Loss_ratio
0.05000000000000001,2.1983017365284386e-12
0.056172467201025755,9.932515938359669e-12
0.06310692142900626,4.285709596955471e-11
0.07089742948257126,1.766035209117369e-10
0.07964967064493539,6.950530198616489e-10
0.08948237023750269,2.6128018626648367e-09
0.10052891014472326,9.382029860844792e-09
0.11293913815718663,3.21827957882888e-08
0.1268814006769336,1.054692376269016e-07
0.14254482635890514,3.3025202982195e-07
0.16014189166643014,9.881666202682434e-07
0.17991130314285533,2.8257435943631343e-06
0.2021212354977168,7.723472676636623e-06
0.2270729694325259,2.0180729738218532e-05
0.2551049785537617,5.0417554919019076e-05
0.28659752081259104,0.0001204577224819771
0.3219777967548112,0.00027529358123470367
0.36172574455336326,0.000601981160964094
0.4063805504338082,0.0012598870433396954
0.45654796280755766,0.0025246586618548413
0.5129085093300529,0.004846021488237379
0.5762267283493882,0.008914620708137193
0.6473615399712076,0.01572596750152006
0.7272778974247632,0.02662152923180568
0.8170598767824696,0.04328083774623689
0.9179253825967483,0.06763742104713338
1.0312426689380967,0.10169772618627412
1.1585488999444697,0.14725644005427987
1.3015710016583038,0.20552301561111083
1.4622490880091454,0.2767029018146678
1.6427627787184707,0.35961362191225815
1.8455607661325835,0.4514550302144976
2.0733940320616497,0.5478733719776111
2.329353165215711,0.6434236573373903
2.6169102854537,0.732418400394872
2.9399661435534976,0.8099777631820076
3.3029030354176987,0.8729557230663979
3.710644248503383,0.9204143584499952
4.168720846874621,0.9534880684659619
4.683346700825936,0.974737872519756
5.261502778863538,0.9872919433260331
5.911031845476362,0.9940964943584324
6.64074484928479,0.9974738823356861
7.4605404447366075,0.999006529488101
8.381539268677866,0.9996415788120162
9.416234793278331,0.99988156908794
10.578662801651687,0.9999642098302871
11.884591785129816,0.9999901197332453
13.351736844955687,0.9999975109689697
15.0,0.9999994283110483
