SA(1.0s) [g],Loss_ratio
0.05000000000000001,2.567347324574883e-08
0.056172467201025755,7.05494164778845e-08
0.06310692142900626,1.8538502861743038e-07
0.07089742948257126,4.6595831837162396e-07
0.07964967064493539,1.1206125831219284e-06
0.08948237023750269,2.5797589784097584e-06
0.10052891014472326,5.68778243261958e-06
0.11293913815718663,1.2018039907464837e-05
0.1268814006769336,2.4356855592189506e-05
0.14254482635890514,4.740117222344292e-05
0.16014189166643014,8.871021201209273e-05
0.17991130314285533,0.00015996137254741473
0.2021212354977168,0.00027862389963196184
0.2270729694325259,0.00047034386973614646
0.2551049785537617,0.0007727036575695687
0.28659752081259104,0.0012416210198516852
0.3219777967548112,0.0019624312523652972
0.36172574455336326,0.003068413990149556
0.4063805504338082,0.004769710504650978
0.45654796280755766,0.007394550470664433
0.5129085093300529,0.011441780965000151
0.5762267283493882,0.017638547250651004
0.6473615399712076,0.02699015432434375
0.7272778974247632,0.040802379194655534
0.8170598767824696,0.060652571207594014
0.9179253825967483,0.08828762637605511
1.0312426689380967,0.12543588071542766
1.1585488999444697,0.17353546383985236
1.3015710016583038,0.233401615103545
1.4622490880091454,0.3048785407256823
1.6427627787184707,0.38654736955044505
1.8455607661325835,0.4755867765866739
2.0733940320616497,0.5678914632069889
2.329353165215711,0.6585191530947201
2.6169102854537,0.7424405919577153
2.9399661435534976,0.815430181102768
3.3029030354176987,0.8748281255486072
3.710644248503383,0.9199106341109263
4.168720846874621,0.9517476885523326
4.683346700825936,0.9726391493404012
5.261502778863538,0.9853777737173465
5.911031845476362,0.9926079008635232
6.64074484928479,0.9964427088639395
7.4605404447366075,0.9983560728619454
8.381539268677866,0.9992628538214284
9.416234793278331,0.9996760835743453
10.578662801651687,0.9998595641191048
11.884591785129816,0.999939817439724
13.351736844955687,0.9999745879708857
15.0,0.9999894929121581
