SA(1.0s) [g],Loss_ratio
0.05000000000000001,1.8589757456274085e-11
0.056172467201025755,6.00018205288505e-11
0.06310692142900626,1.8934319697084684e-10
0.07089742948257126,5.879053343114004e-10
0.07964967064493539,1.8142322040993784e-09
0.08948237023750269,5.6392228673535155e-09
0.10052891014472326,1.790010526107085e-08
0.11293913815718663,5.8498804149588074e-08
0.1268814006769336,1.962674026805412e-07
0.14254482635890514,6.666714543585758e-07
0.16014189166643014,2.2485173723476304e-06
0.17991130314285533,7.390576331692888e-06
0.2021212354977168,2.3328806385910565e-05
0.2270729694325259,7.00047272772835e-05
0.2551049785537617,0.00019840308666738764
0.28659752081259104,0.0005289688530961193
0.3219777967548112,0.0013236741438404833
0.36172574455336326,0.0031051992057987265
0.4063805504338082,0.006825941150580495
0.45654796280755766,0.01406147962984772
0.5129085093300529,0.027157802304905564
0.5762267283493882,0.04921460391395921
0.6473615399712076,0.08377224294652079
0.7272778974247632,0.13412707357971826
0.8170598767824696,0.20234431109176368
0.9179253825967483,0.28822942042036886
1.0312426689380967,0.38865980385502863
1.1585488999444697,0.4976565217433741
1.3015710016583038,0.6073440196698665
1.4622490880091454,0.7095805041195116
1.6427627787184707,0.7977239975670061
1.8455607661325835,0.8679137389833931
2.0733940320616497,0.9194567276663206
2.329353165215711,0.9543034323564394
2.6169102854537,0.9759567312045232
2.9399661435534976,0.988303122735666
3.3029030354176987,0.9947525046911179
3.710644248503383,0.9978342994814102
4.168720846874621,0.999179501347085
4.683346700825936,0.9997151862886711
5.261502778863538,0.9999095704270776
5.911031845476362,0.9999737775386434
6.64074484928479,0.9999930645936543
7.4605404447366075,0.9999983289282157
8.381539268677866,0.9999996335692859
9.416234793278331,0.9999999269426973
10.578662801651687,0.9999999867670061
11.884591785129816,0.9999999978239763
13.351736844955687,0.9999999996753585
15.0,0.9999999999560828
