SA(0.6s) [g],Loss_ratio
0.05000000000000001,2.1650174925620915e-07
0.056172467201025755,5.453983523291182e-07
0.06310692142900626,1.3145808697197862e-06
0.07089742948257126,3.0335652483765576e-06
0.07964967064493539,6.707483997956923e-06
0.08948237023750269,1.4225100547816335e-05
0.10052891014472326,2.8974993558659358e-05
0.11293913815718663,5.678324214315475e-05
0.1268814006769336,0.00010730531576021802
0.14254482635890514,0.00019609422426751838
0.16014189166643014,0.00034776116741241193
0.17991130314285533,0.0006010112487125616
0.2021212354977168,0.0010169163469127642
0.2270729694325259,0.0016925198375280712
0.2551049785537617,0.002782492874390476
0.28659752081259104,0.00453154106363237
0.3219777967548112,0.007318807532766196
0.36172574455336326,0.011711835417281533
0.4063805504338082,0.018521419000705454
0.45654796280755766,0.028840695161183736
0.5129085093300529,0.04404454707025926
0.5762267283493882,0.06572277895333391
0.6473615399712076,0.09552693002778392
0.7272778974247632,0.13492860223440054
0.8170598767824696,0.18491511198324787
0.9179253825967483,0.2456788793605059
1.0312426689380967,0.31637858273343145
1.1585488999444697,0.3950508724115284
1.3015710016583038,0.4787251409694798
1.4622490880091454,0.5637445380094803
1.6427627787184707,0.6462387672557631
1.8455607661325835,0.7226484811223747
2.0733940320616497,0.7901846023341923
2.329353165215711,0.8471251412244953
2.6169102854537,0.8928996933197164
2.9399661435534976,0.9279700574422438
3.3029030354176987,0.9535641646553822
3.710644248503383,0.9713455165985965
4.168720846874621,0.9830979729774976
4.683346700825936,0.9904824755334782
5.261502778863538,0.9948901879628386
5.911031845476362,0.9973874467052699
6.64074484928479,0.998729369882382
7.4605404447366075,0.9994127575256334
8.381539268677866,0.9997423363330175
9.416234793278331,0.9998927569252501
10.578662801651687,0.9999576876753591
11.884591785129816,0.9999841833245773
13.351736844955687,0.9999944003286801
15.0,0.9999981226307999
