SA(0.6s) [g],Loss_ratio
0.05000000000000001,7.370248221659237e-07
0.056172467201025755,1.5205087671355505e-06
0.06310692142900626,3.0759819869883138e-06
0.07089742948257126,6.0851736880787445e-06
0.07964967064493539,1.174704289583082e-05
0.08948237023750269,2.20945648664984e-05
0.10052891014472326,4.045088013679269e-05
0.11293913815718663,7.205692174818422e-05
0.1268814006769336,0.00012490351730289976
0.14254482635890514,0.00021081236790686475
0.16014189166643014,0.00034685030938666847
0.17991130314285533,0.0005572557858002157
0.2021212354977168,0.0008762331648189296
0.2270729694325259,0.0013522447349449504
0.2551049785537617,0.0020547825170502765
0.28659752081259104,0.0030849507363523107
0.3219777967548112,0.004591367530734328
0.36172574455336326,0.006792643842293772
0.4063805504338082,0.01000670625392806
0.45654796280755766,0.01468522531344789
0.5129085093300529,0.021448315060825632
0.5762267283493882,0.031110802927308546
0.6473615399712076,0.044687620864875544
0.7272778974247632,0.06336372774368368
0.8170598767824696,0.0884152882788129
0.9179253825967483,0.12107522124905774
1.0312426689380967,0.16234819818732193
1.1585488999444697,0.2127962467564479
1.3015710016583038,0.27233242148608033
1.4622490880091454,0.34007083704236
1.6427627787184707,0.4142808802547852
1.8455607661325835,0.4924781908389308
2.0733940320616497,0.571656321813584
2.329353165215711,0.6486277191887772
2.6169102854537,0.7204116389785609
2.9399661435534976,0.7845908351030348
3.3029030354176987,0.8395648207974937
3.710644248503383,0.8846540992386223
4.168720846874621,0.9200482399169777
4.683346700825936,0.9466281746761476
5.261502778863538,0.9657178910946707
5.911031845476362,0.9788267912471246
6.64074484928479,0.9874326924523973
7.4605404447366075,0.9928337785044037
8.381539268677866,0.9960746912274488
9.416234793278331,0.9979344853573521
10.578662801651687,0.9989555536433605
11.884591785129816,0.9994922125422663
13.351736844955687,0.9997624500367206
15.0,0.9998929596764511
