PGA [g],Complete_damage
0.05000000000000001,2.58792987040124e-13
0.056172467201025755,1.925015702397559e-12
0.06310692142900626,1.3274936705442997e-11
0.07089742948257126,8.486400471241495e-11
0.07964967064493539,5.029942018452971e-10
0.08948237023750269,2.7644584399411087e-09
0.10052891014472326,1.4090629663066068e-08
0.11293913815718663,6.661900997517733e-08
0.1268814006769336,2.922114299419576e-07
0.14254482635890514,1.1893854060529563e-06
0.16014189166643014,4.493480132428118e-06
0.17991130314285533,1.5761662698232648e-05
0.2021212354977168,5.13479468993161e-05
0.2270729694325259,0.00015542153417780202
0.2551049785537617,0.00043727874876942074
0.28659752081259104,0.0011441658794291154
0.3219777967548112,0.002785907159930656
0.36172574455336326,0.006316880313261497
0.4063805504338082,0.013349552711904189
0.45654796280755766,0.026320859806518215
0.5129085093300529,0.048476559505125305
0.5762267283493882,0.08352159039235307
0.6473615399712076,0.13485586452764753
0.7272778974247632,0.2044910978845157
0.8170598767824696,0.29196767516590594
0.9179253825967483,0.39373211461913526
1.0312426689380967,0.5033653108957318
1.1585488999444697,0.6127433163470375
1.3015710016583038,0.713798783047559
1.4622490880091454,0.8002619982880965
1.6427627787184707,0.8687704964708273
1.8455607661325835,0.919039308602653
2.0733940320616497,0.9531973841868838
2.329353165215711,0.9746919227705201
2.6169102854537,0.9872176242459852
2.9399661435534976,0.993977120083972
3.3029030354176987,0.9973551529559981
3.710644248503383,0.9989184792825577
4.168720846874621,0.99958847247173
4.683346700825936,0.9998543764126777
5.261502778863538,0.9999521026904776
5.911031845476362,0.9999853631767686
6.64074484928479,0.9999958459174545
7.4605404447366075,0.9999989054027195
8.381539268677866,0.999999732291956
9.416234793278331,0.9999999392440623
10.578662801651687,0.9999999872078985
11.884591785129816,0.9999999975017394
13.351736844955687,0.9999999995475166
15.0,0.9999999999240075
