SA(1.0s) [g],Complete_damage
0.05000000000000001,9.992007221626409e-16
0.056172467201025755,5.88418203051333e-15
0.06310692142900626,3.186340080674199e-14
0.07089742948257126,1.652011860642233e-13
0.07964967064493539,8.187894806610529e-13
0.08948237023750269,3.870237463843296e-12
0.10052891014472326,1.745315003631731e-11
0.11293913815718663,7.50924877834791e-11
0.1268814006769336,3.0826696750807514e-10
0.14254482635890514,1.207520750057256e-09
0.16014189166643014,4.5136694382108544e-09
0.17991130314285533,1.610149669151184e-08
0.2021212354977168,5.482026754766167e-08
0.2270729694325259,1.781538837564156e-07
0.2551049785537617,5.52680028742536e-07
0.28659752081259104,1.6369164437257666e-06
0.3219777967548112,4.629232070674227e-06
0.36172574455336326,1.2502096051747458e-05
0.4063805504338082,3.224906262699889e-05
0.45654796280755766,7.946739802588976e-05
0.5129085093300529,0.0001871049770546529
0.5762267283493882,0.000421021256772236
0.6473615399712076,0.0009056403821934289
0.7272778974247632,0.001862800300791223
0.8170598767824696,0.0036650400913278425
0.9179253825967483,0.0069001199369057575
1.0312426689380967,0.012436195658216187
1.1585488999444697,0.021467777809838773
1.3015710016583038,0.035514359224734116
1.4622490880091454,0.05634116215678431
1.6427627787184707,0.08577994790319143
1.8455607661325835,0.12544998742219127
2.0733940320616497,0.17641251352269216
2.329353165215711,0.2388269327450362
2.6169102854537,0.3116996014294543
2.9399661435534976,0.39281255771536205
3.3029030354176987,0.4788845081634494
3.710644248503383,0.565956592488058
4.168720846874621,0.6499300670777224
4.683346700825936,0.727136089447742
5.261502778863538,0.7948076312999007
5.911031845476362,0.8513542643749936
6.64074484928479,0.8963999441177732
7.4605404447366075,0.9306093209130337
8.381539268677866,0.9553768507561684
9.416234793278331,0.9724717133407087
10.578662801651687,0.9837201916067088
11.884591785129816,0.9907763286713955
13.351736844955687,0.9949960632573027
15.0,0.9974017991832742
