SA(0.6s) [g],Loss_ratio
0.05000000000000001,4.445302244876881e-11
0.056172467201025755,1.8901828449188285e-10
0.06310692142900626,7.597277847356712e-10
0.07089742948257126,2.882512377738463e-09
0.07964967064493539,1.0314982523927254e-08
0.08948237023750269,3.479638089389464e-08
0.10052891014472326,1.1062987122869667e-07
0.11293913815718663,3.315013365068186e-07
0.1268814006769336,9.363980982779139e-07
0.14254482635890514,2.4944254599090357e-06
0.16014189166643014,6.270181213992604e-06
0.17991130314285533,1.4885520957330752e-05
0.2021212354977168,3.341463007602063e-05
0.2270729694325259,7.103884236748427e-05
0.2551049785537617,0.00014334609380110662
0.28659752081259104,0.0002753473174665525
0.3219777967548112,0.0005054615712282344
0.36172574455336326,0.0008913648063447512
0.4063805504338082,0.0015199950925543098
0.45654796280755766,0.002526247299439537
0.5129085093300529,0.0041275132886554955
0.5762267283493882,0.006682854878146273
0.6473615399712076,0.010783744272762973
0.7272778974247632,0.01737464936658324
0.8170598767824696,0.02788338932440458
0.9179253825967483,0.044313381849730354
1.0312426689380967,0.06921995875622777
1.1585488999444697,0.10547833827482275
1.3015710016583038,0.15577700139516099
1.4622490880091454,0.22185751326011274
1.6427627787184707,0.303662586048338
1.8455607661325835,0.39869299465084734
2.0733940320616497,0.501916521788693
2.329353165215711,0.6064387733850206
2.6169102854537,0.7048474652411462
2.9399661435534976,0.7908143525729061
3.3029030354176987,0.8603789492572927
3.710644248503383,0.9124647952969048
4.168720846874621,0.9485310918595263
4.683346700825936,0.9716313064224297
5.261502778863538,0.9853310197242077
5.911031845476362,0.9928693371760745
6.64074484928479,0.996730361929295
7.4605404447366075,0.9985794281711735
8.381539268677866,0.9994121755244842
9.416234793278331,0.9997671886304098
10.578662801651687,0.9999114107139394
11.884591785129816,0.9999675537142575
13.351736844955687,0.9999885674172528
15.0,0.9999961340361696
