SA(1.0s) [g],Complete_damage
0.05000000000000001,9.769962616701378e-15
0.056172467201025755,5.684341886080802e-14
0.06310692142900626,3.1508129438861943e-13
0.07089742948257126,1.6583401318825963e-12
0.07964967064493539,8.285927499684931e-12
0.08948237023750269,3.930478165159457e-11
0.10052891014472326,1.770188440275433e-10
0.11293913815718663,7.56995244266534e-10
0.1268814006769336,3.073979848444708e-09
0.14254482635890514,1.1854445869374786e-08
0.16014189166643014,4.341859793921543e-08
0.17991130314285533,1.5105357942246656e-07
0.2021212354977168,4.992273865411789e-07
0.2270729694325259,1.5675997850905787e-06
0.2551049785537617,4.677408504516478e-06
0.28659752081259104,1.3264175410920842e-05
0.3219777967548112,3.575529909871644e-05
0.36172574455336326,9.163815575929934e-05
0.4063805504338082,0.00022335231571291025
0.45654796280755766,0.0005178441061334249
0.5129085093300529,0.001142442967090429
0.5762267283493882,0.0023991002124027494
0.6473615399712076,0.0047974941019739425
0.7272778974247632,0.009139721195220551
0.8170598767824696,0.01659722049469159
0.9179253825967483,0.02874684507623415
1.0312426689380967,0.047523650355690616
1.1585488999444697,0.07505135397044005
1.3015710016583038,0.1133345251604021
1.4622490880091454,0.1638396726430208
1.6427627787184707,0.22704495073754982
1.8455607661325835,0.30207947513958966
2.0733940320616497,0.38657994010631114
2.329353165215711,0.476850742727562
2.6169102854537,0.5683306646684644
2.9399661435534976,0.6562723026011535
3.3029030354176987,0.736468463258174
3.710644248503383,0.8058434346122687
4.168720846874621,0.8627735666644869
4.683346700825936,0.9070906932773088
5.261502778863538,0.9398165400126735
5.911031845476362,0.9627410426822985
6.64074484928479,0.9779745005797201
7.4605404447366075,0.9875770465897221
8.381539268677866,0.9933190491144449
9.416234793278331,0.9965761347175004
10.578662801651687,0.9983287374350266
11.884591785129816,0.9992233314316118
13.351736844955687,0.9996564993856246
15.0,0.9998554632135367
