SA(1.0s) [g],Complete_damage
0.05000000000000001,3.941291737419306e-14
0.056172467201025755,1.7275070263167436e-13
0.06310692142900626,7.290834602713403e-13
0.07089742948257126,2.9630742304220803e-12
0.07964967064493539,1.1591727577808797e-11
0.08948237023750269,4.365452443977347e-11
0.10052891014472326,1.5827505972509925e-10
0.11293913815718663,5.524783963650748e-10
0.1268814006769336,1.8567752890774614e-09
0.14254482635890514,6.008522679401551e-09
0.16014189166643014,1.8722573269513987e-08
0.17991130314285533,5.6179809582168616e-08
0.2021212354977168,1.6234606781129202e-07
0.2270729694325259,4.5183800889692094e-07
0.2551049785537617,1.2112646501361013e-06
0.28659752081259104,3.127879067421624e-06
0.3219777967548112,7.781418819297059e-06
0.36172574455336326,1.8651481211384713e-05
0.4063805504338082,4.3079078199226295e-05
0.45654796280755766,9.589072607163462e-05
0.5129085093300529,0.00020573542685697888
0.5762267283493882,0.00042553612547191477
0.6473615399712076,0.0008486718902510626
0.7272778974247632,0.0016323383200246289
0.8170598767824696,0.003028654336747705
0.9179253825967483,0.00542217556426805
1.0312426689380967,0.009369402045299458
1.1585488999444697,0.01563190739869913
1.3015710016583038,0.025190755769105344
1.4622490880091454,0.039227439709536904
1.6427627787184707,0.05905754573071442
1.8455607661325835,0.08600930940622598
2.0733940320616497,0.12125053850576406
2.329353165215711,0.16558247098770473
2.6169102854537,0.21923424507687228
2.9399661435534976,0.2817016348778162
3.3029030354176987,0.3516736709737811
3.710644248503383,0.4270782236124102
4.168720846874621,0.5052540613236444
4.683346700825936,0.5832279955152159
5.261502778863538,0.6580498171698657
5.911031845476362,0.7271229296641859
6.64074484928479,0.7884696960742932
7.4605404447366075,0.8408871837920537
8.381539268677866,0.8839758024164897
9.416234793278331,0.9180519697533565
10.578662801651687,0.9439782771297438
11.884591785129816,0.9629554836549458
13.351736844955687,0.9763191471662226
15.0,0.9853727270070091
