SA(0.6s) [g],Loss_ratio
0.05000000000000001,6.015816546780736e-07
0.056172467201025755,1.4429142783864148e-06
0.06310692142900626,3.3237590115993062e-06
0.07089742948257126,7.360422979212744e-06
0.07964967064493539,1.5691498537662503e-05
0.08948237023750269,3.2262747505333724e-05
0.10052891014472326,6.41209972679133e-05
0.11293913815718663,0.00012352416005255234
0.1268814006769336,0.00023138126577076278
0.14254482635890514,0.0004228797072949679
0.16014189166643014,0.0007566642237438946
0.17991130314285533,0.0013295496623918896
0.2021212354977168,0.0022992536740552
0.2270729694325259,0.003917553710217991
0.2551049785537617,0.006574890654919809
0.28659752081259104,0.010853995317021017
0.3219777967548112,0.017584230069263917
0.36172574455336326,0.0278806524439527
0.4063805504338082,0.04314449894311213
0.45654796280755766,0.06499857899035658
0.5129085093300529,0.095136282611953
0.5762267283493882,0.13507949943818226
0.6473615399712076,0.1858679170199506
0.7272778974247632,0.24773372645165487
0.8170598767824696,0.319840674398583
0.9179253825967483,0.4001721531445651
1.0312426689380967,0.4856311339266123
1.1585488999444697,0.5723661249598144
1.3015710016583038,0.6562744859992335
1.4622490880091454,0.7335784640747711
1.6427627787184707,0.8013419457931694
1.8455607661325835,0.8578096832436066
2.0733940320616497,0.9025023062448189
2.329353165215711,0.9360710192515139
2.6169102854537,0.9599793601114742
2.9399661435534976,0.9761140418259815
3.3029030354176987,0.986424643434422
3.710644248503383,0.9926602900590452
4.168720846874621,0.996227825159139
4.683346700825936,0.9981581219664165
5.261502778863538,0.9991457762420044
5.911031845476362,0.9996236976490397
6.64074484928479,0.9998424888651347
7.4605404447366075,0.9999373088333374
8.381539268677866,0.9999762477382896
9.416234793278331,0.9999914203614341
10.578662801651687,0.9999970397019349
11.884591785129816,0.9999990221040352
13.351736844955687,0.9999996899518766
15.0,0.9999999054086718
