SA(0.6s) [g],Loss_ratio
0.05000000000000001,2.972473717477371e-08
0.056172467201025755,6.963470577282905e-08
0.06310692142900626,1.6467780081261387e-07
0.07089742948257126,3.9437113958759386e-07
0.07964967064493539,9.559833588272325e-07
0.08948237023750269,2.3356124496385585e-06
0.10052891014472326,5.7096966805226155e-06
0.11293913815718663,1.3848006800591064e-05
0.1268814006769336,3.304702167928059e-05
0.14254482635890514,7.704972959310026e-05
0.16014189166643014,0.00017453433644188206
0.17991130314285533,0.00038252786136759207
0.2021212354977168,0.0008087969651377354
0.2270729694325259,0.001646400845627053
0.2551049785537617,0.0032223913071558388
0.28659752081259104,0.006059223764862601
0.3219777967548112,0.010941221163488819
0.36172574455336326,0.0189698203587442
0.4063805504338082,0.03158240543360841
0.45654796280755766,0.05050424401211163
0.5129085093300529,0.07760640220920081
0.5762267283493882,0.11465854915717773
0.6473615399712076,0.16299451783899657
0.7272778974247632,0.22314457109929609
0.8170598767824696,0.294519658380916
0.9179253825967483,0.37524487552836244
1.0312426689380967,0.462220553621179
1.1585488999444697,0.5514386011389286
1.3015710016583038,0.6385111820166399
1.4622490880091454,0.7193019685882677
1.6427627787184707,0.7905129682575587
1.8455607661325835,0.8500889946478772
2.0733940320616497,0.8973559461572198
2.329353165215711,0.9328881878364105
2.6169102854537,0.9581744968242547
2.9399661435534976,0.9751949982838779
3.3029030354176987,0.9860223416867335
3.710644248503383,0.9925264663550999
4.168720846874621,0.9962132433165973
4.683346700825936,0.9981838063241721
5.261502778863538,0.999176317135908
5.911031845476362,0.9996470986819547
6.64074484928479,0.9998572838650741
7.4605404447366075,0.9999455640188653
8.381539268677866,0.9999804299885724
9.416234793278331,0.9999933730119656
10.578662801651687,0.9999978874073693
11.884591785129816,0.9999993663230347
13.351736844955687,0.9999998212392667
15.0,0.9999999525925052
