SA(0.6s) [g],Complete_damage
0.05000000000000001,0.0018997400518896423
0.056172467201025755,0.0026392609698953073
0.06310692142900626,0.0036296874326309236
0.07089742948257126,0.004941665554236252
0.07964967064493539,0.006660616709511791
0.08948237023750269,0.008888195462495196
0.10052891014472326,0.011743386594620042
0.11293913815718663,0.015363064234933943
0.1268814006769336,0.019901823985182143
0.14254482635890514,0.025530899653663952
0.16014189166643014,0.032435993278250974
0.17991130314285533,0.04081388320752577
0.2021212354977168,0.05086773141144285
0.2270729694325259,0.06280108731210188
0.2551049785537617,0.07681067839754385
0.28659752081259104,0.09307818241016153
0.3219777967548112,0.11176128437130939
0.36172574455336326,0.1329844246214945
0.4063805504338082,0.15682973081576002
0.45654796280755766,0.18332868674577085
0.5129085093300529,0.21245511445565635
0.5762267283493882,0.24412002630114582
0.6473615399712076,0.2781688368652253
0.7272778974247632,0.31438131189086693
0.8170598767824696,0.3524744783163293
0.9179253825967483,0.39210853641433174
1.0312426689380967,0.43289561611640814
1.1585488999444697,0.4744110215865085
1.3015710016583038,0.5162064285999961
1.4622490880091454,0.5578243548601833
1.6427627787184707,0.5988131277252082
1.8455607661325835,0.638741536132462
2.0733940320616497,0.6772123774535832
2.329353165215711,0.713874193264237
2.6169102854537,0.7484306225349492
2.9399661435534976,0.7806469737433499
3.3029030354176987,0.8103538127940594
3.710644248503383,0.8374475638673624
4.168720846874621,0.861888308309546
4.683346700825936,0.8836951275469631
5.261502778863538,0.9029394584853373
5.911031845476362,0.9197370071778252
6.64074484928479,0.9342387967456366
7.4605404447366075,0.9466219111878249
8.381539268677866,0.9570804441877196
9.416234793278331,0.9658170803828511
10.578662801651687,0.9730356363335119
11.884591785129816,0.9789347803218715
13.351736844955687,0.9837030439599768
15.0,0.9875151424683398
