SA(0.6s) [g],Complete_damage
0.05000000000000001,0.0005729541043137942
0.056172467201025755,0.0008263364550370467
0.06310692142900626,0.0011794359119858822
0.07089742948257126,0.0016660473888836513
0.07964967064493539,0.0023292286659546413
0.08948237023750269,0.0032230418950056627
0.10052891014472326,0.004414354984834112
0.11293913815718663,0.005984608103485889
0.1268814006769336,0.00803142047028138
0.14254482635890514,0.01066988352973719
0.16014189166643014,0.01403336177661263
0.17991130314285533,0.018273605783391766
0.2021212354977168,0.023559977484521988
0.2270729694325259,0.030077599447159153
0.2551049785537617,0.03802427095537775
0.28659752081259104,0.0476060462089567
0.3219777967548112,0.059031443875978695
0.36172574455336326,0.07250435039277514
0.4063805504338082,0.08821578692705279
0.45654796280755766,0.10633482438247732
0.5129085093300529,0.126999042583822
0.5762267283493882,0.1503050277138629
0.6473615399712076,0.17629947462052553
0.7272778974247632,0.20497149708296636
0.8170598767824696,0.23624674107474752
0.9179253825967483,0.26998383859381736
1.0312426689380967,0.30597363240871556
1.1585488999444697,0.3439414498873665
1.3015710016583038,0.3835525168145052
1.4622490880091454,0.4244203940790382
1.6427627787184707,0.4661181087855991
1.8455607661325835,0.5081914555657026
2.0733940320616497,0.550173781833593
2.329353165215711,0.5916014579426512
2.6169102854537,0.6320291806314603
2.9399661435534976,0.6710442709725721
3.3029030354176987,0.7082792049880151
3.710644248503383,0.7434217486297371
4.168720846874621,0.7762222460168822
4.683346700825936,0.8064978138948659
5.261502778863538,0.834133407530732
5.911031845476362,0.8590799251426392
6.64074484928479,0.8813496930550095
7.4605404447366075,0.9010098093642629
8.381539268677866,0.918173912046393
9.416234793278331,0.9329929753720885
10.578662801651687,0.9456457284220372
11.884591785129816,0.9563292378318745
13.351736844955687,0.9652501131246619
15.0,0.9726166883004002
