PGA [g],Complete_damage
0.05000000000000001,6.697838650371324e-08
0.056172467201025755,2.0479260920414077e-07
0.06310692142900626,6.002725793097241e-07
0.07089742948257126,1.686868010053466e-06
0.07964967064493539,4.545277634049327e-06
0.08948237023750269,1.1744648324540918e-05
0.10052891014472326,2.910579254267187e-05
0.11293913815718663,6.919026216389845e-05
0.1268814006769336,0.00015780136956822233
0.14254482635890514,0.0003453503204864372
0.16014189166643014,0.0007254134870180451
0.17991130314285533,0.0014628281988361413
0.2021212354977168,0.0028327093110759316
0.2270729694325259,0.005269224947446194
0.2551049785537617,0.00941848774028542
0.28659752081259104,0.016183806293754155
0.3219777967548112,0.02674520101269029
0.36172574455336326,0.042531129960644454
0.4063805504338082,0.06512210515684047
0.45654796280755766,0.096076041548807
0.5129085093300529,0.13668416857030907
0.5762267283493882,0.18769075726985807
0.6473615399712076,0.24903247237043802
0.7272778974247632,0.31966454018628954
0.8170598767824696,0.3975334940142319
0.9179253825967483,0.4797280779525499
1.0312426689380967,0.5627969897875604
1.1585488999444697,0.6431774157168206
1.3015710016583038,0.7176469326505909
1.4622490880091454,0.7837045947405143
1.6427627787184707,0.8398073582672634
1.8455607661325835,0.8854280276793514
2.0733940320616497,0.9209465864110129
2.329353165215711,0.9474233698304281
2.6169102854537,0.9663202987936731
2.9399661435534976,0.9792334803447454
3.3029030354176987,0.9876822056340152
3.710644248503383,0.992974754805017
4.168720846874621,0.9961491007555275
4.683346700825936,0.9979719850428864
5.261502778863538,0.9989742424530069
5.911031845476362,0.9995018543796524
6.64074484928479,0.9997677828894043
7.4605404447366075,0.9998961134124367
8.381539268677866,0.9999554072538792
9.416234793278331,0.999981637571447
10.578662801651687,0.9999927475089115
11.884591785129816,0.9999972529108497
13.351736844955687,0.9999990022301012
15.0,0.9999996525363867
