SA(0.6s) [g],Complete_damage
0.05000000000000001,1.981231955161533e-06
0.056172467201025755,3.6101962610501914e-06
0.06310692142900626,6.478484959604458e-06
0.07089742948257126,1.144921702611601e-05
0.07964967064493539,1.9927424765309176e-05
0.08948237023750269,3.415968799902469e-05
0.10052891014472326,5.767388235256021e-05
0.11293913815718663,9.590988371577236e-05
0.1268814006769336,0.00015710278851832626
0.14254482635890514,0.00025348922260559625
0.16014189166643014,0.0004029120695663302
0.17991130314285533,0.0006308960626386639
0.2021212354977168,0.0009732520810803447
0.2270729694325259,0.0014792373180593232
0.2551049785537617,0.002215247797407671
0.28659752081259104,0.003268946460187716
0.3219777967548112,0.004753634274228924
0.36172574455336326,0.0068125574778664655
0.4063805504338082,0.009622720054444533
0.45654796280755766,0.013397651265441346
0.5129085093300529,0.018388483148391366
0.5762267283493882,0.024882645569120676
0.6473615399712076,0.033199510763071594
0.7272778974247632,0.04368243608999478
0.8170598767824696,0.05668687562462971
0.9179253825967483,0.07256455792671812
1.0312426689380967,0.09164414184712921
1.1585488999444697,0.11420922911761133
1.3015710016583038,0.1404750793817663
1.4622490880091454,0.1705657759729
1.6427627787184707,0.20449386133185854
1.8455607661325835,0.24214453898069643
2.0733940320616497,0.2832663827195828
2.329353165215711,0.32747009029234775
2.6169102854537,0.3742361903459891
2.9399661435534976,0.42293181610971564
3.3029030354176987,0.4728357851173497
3.710644248503383,0.5231703784987949
4.168720846874621,0.5731375058146022
4.683346700825936,0.6219564676433587
5.261502778863538,0.6689003536134983
5.911031845476362,0.7133282626796801
6.64074484928479,0.7547109843397394
7.4605404447366075,0.7926484716536977
8.381539268677866,0.8268782756810423
9.416234793278331,0.857274986865018
10.578662801651687,0.8838415341068684
11.884591785129816,0.9066938365316911
13.351736844955687,0.9260407255397695
15.0,0.9421612305864913
