SA(0.6s) [g],Loss_ratio
0.05000000000000001,0.0026090461946114856
0.056172467201025755,0.0035220720880626026
0.06310692142900626,0.004714185093873041
0.07089742948257126,0.0062578264123687105
0.07964967064493539,0.00824173005321228
0.08948237023750269,0.010775325636293003
0.10052891014472326,0.013995346352343277
0.11293913815718663,0.01807571558928582
0.1268814006769336,0.02324182332645182
0.14254482635890514,0.02978988214358955
0.16014189166643014,0.038110859559370464
0.17991130314285533,0.04871627145380314
0.2021212354977168,0.062259915850690684
0.2270729694325259,0.07954597020397115
0.2551049785537617,0.10151099161846207
0.28659752081259104,0.12916705472873644
0.3219777967548112,0.16349741955076488
0.36172574455336326,0.20530579005546085
0.4063805504338082,0.25503457697702875
0.45654796280755766,0.3125832843212297
0.5129085093300529,0.37716974113232316
0.5762267283493882,0.4472784864593227
0.6473615399712076,0.5207284067945201
0.7272778974247632,0.5948664934240152
0.8170598767824696,0.6668625325427534
0.9179253825967483,0.7340507368806468
1.0312426689380967,0.794249007135883
1.1585488999444697,0.8459907393439068
1.3015710016583038,0.8886269352497853
1.4622490880091454,0.92229007904543
1.6427627787184707,0.9477444680384202
1.8455607661325835,0.9661701508387186
2.0733940320616497,0.9789339930191413
2.329353165215711,0.9873926039403995
2.6169102854537,0.99275371782184
2.9399661435534976,0.9960026539598466
3.3029030354176987,0.9978848312104485
3.710644248503383,0.9989269704953658
4.168720846874621,0.9994783593404676
4.683346700825936,0.9997570904824487
5.261502778863538,0.9998916898673351
5.911031845476362,0.9999537726434939
6.64074484928479,0.9999811199834988
7.4605404447366075,0.999992623347856
8.381539268677866,0.9999972434802314
9.416234793278331,0.9999990150622482
10.578662801651687,0.9999996635566136
11.884591785129816,0.9999998901530072
13.351736844955687,0.9999999657262458
15.0,0.999999989782066
