SA(0.6s) [g],Loss_ratio
0.05000000000000001,3.944718155983702e-05
0.056172467201025755,7.136641633464499e-05
0.06310692142900626,0.0001243177594409403
0.07089742948257126,0.00020866340984772183
0.07964967064493539,0.0003377818754437577
0.08948237023750269,0.0005279994786611904
0.10052891014472326,0.0007982653164419821
0.11293913815718663,0.0011698741398156807
0.1268814006769336,0.0016669348251083002
0.14254482635890514,0.0023187703704114194
0.16014189166643014,0.003165928126411936
0.17991130314285533,0.004271828487740914
0.2021212354977168,0.00574208131855692
0.2270729694325259,0.00775289442167756
0.2551049785537617,0.010588502799476719
0.28659752081259104,0.014684926878048997
0.3219777967548112,0.02067359982625925
0.36172574455336326,0.02941391914760518
0.4063805504338082,0.04199969141982599
0.45654796280755766,0.05972259295362345
0.5129085093300529,0.08397836938955888
0.5762267283493882,0.1161102556205424
0.6473615399712076,0.15719905780102406
0.7272778974247632,0.20782790696511388
0.8170598767824696,0.2678665572865952
0.9179253825967483,0.33632852911497935
1.0312426689380967,0.41134876691361955
1.1585488999444697,0.4903081272895156
1.3015710016583038,0.5700979600694069
1.4622490880091454,0.6474824879088515
1.6427627787184707,0.7194899913121209
1.8455607661325835,0.7837551442208156
2.0733940320616497,0.8387474325867968
2.329353165215711,0.883850273482115
2.6169102854537,0.9192923951594759
2.9399661435534976,0.9459656530795184
3.3029030354176987,0.9651827779945568
3.710644248503383,0.9784311201293249
4.168720846874621,0.9871666879937621
4.683346700825936,0.9926730694357263
5.261502778863538,0.9959895117575339
5.911031845476362,0.997897145552611
6.64074484928479,0.9989445711251331
7.4605404447366075,0.999493295216011
8.381539268677866,0.999767450574839
9.416234793278331,0.999898030632797
10.578662801651687,0.9999573014241776
11.884591785129816,0.9999829321019651
13.351736844955687,0.9999934890166097
15.0,0.9999976300547905
