SA(0.6s) [g],Loss_ratio
0.05000000000000001,9.282152021490047e-09
0.056172467201025755,2.7879696776515226e-08
0.06310692142900626,8.268639006373494e-08
0.07089742948257126,2.3972559904709785e-07
0.07964967064493539,6.749208536808408e-07
0.08948237023750269,1.8375329044503633e-06
0.10052891014472326,4.825521875084509e-06
0.11293913815718663,1.220407141076935e-05
0.1268814006769336,2.969730139133585e-05
0.14254482635890514,6.949524372973122e-05
0.16014189166643014,0.0001563522621317693
0.17991130314285533,0.00033816043849741514
0.2021212354977168,0.0007031053420446688
0.2270729694325259,0.001405542620612504
0.2551049785537617,0.002701909807534892
0.28659752081259104,0.004995792418670116
0.3219777967548112,0.00888736605255062
0.36172574455336326,0.01521705462924603
0.4063805504338082,0.025087509857065864
0.45654796280755766,0.03984410319892746
0.5129085093300529,0.06099487659273101
0.5762267283493882,0.09005883409194028
0.6473615399712076,0.1283472950843405
0.7272778974247632,0.17670439557733797
0.8170598767824696,0.23525391950092464
0.9179253825967483,0.30321254200272546
1.0312426689380967,0.3788270786089083
1.1585488999444697,0.45947242735537125
1.3015710016583038,0.5419110579460286
1.4622490880091454,0.62267397326593
1.6427627787184707,0.6984900810686909
1.8455607661325835,0.7666771384247564
2.0733940320616497,0.8254177630474441
2.329353165215711,0.8738748994779407
2.6169102854537,0.9121420822207043
2.9399661435534976,0.941061684757929
3.3029030354176987,0.961968313368475
3.710644248503383,0.976419814819402
4.168720846874621,0.9859670003493282
4.683346700825936,0.9919919667220068
5.261502778863538,0.9956221160037987
5.911031845476362,0.9977092584582896
6.64074484928479,0.9988537201092114
7.4605404447366075,0.9994519050153776
8.381539268677866,0.9997497708903368
9.416234793278331,0.9998910012936794
10.578662801651687,0.9999547301220668
11.884591785129816,0.9999820847513113
13.351736844955687,0.9999932484921319
15.0,0.9999975784167976
