SA(0.6s) [g],Loss_ratio
0.05000000000000001,2.317251138590774e-12
0.056172467201025755,1.1293316425935488e-11
0.06310692142900626,5.2311616042604293e-11
0.07089742948257126,2.30286840655389e-10
0.07964967064493539,9.633847108334586e-10
0.08948237023750269,3.829613821484872e-09
0.10052891014472326,1.4464492971075477e-08
0.11293913815718663,5.1906314924948745e-08
0.1268814006769336,1.769671642873922e-07
0.14254482635890514,5.732209483308177e-07
0.16014189166643014,1.7641171901963584e-06
0.17991130314285533,5.158797770814186e-06
0.2021212354977168,1.4336648722197986e-05
0.2270729694325259,3.78714144746993e-05
0.2551049785537617,9.511568940366099e-05
0.28659752081259104,0.00022719955221634972
0.3219777967548112,0.0005163468609782215
0.36172574455336326,0.0011169782425823555
0.4063805504338082,0.002301091067093239
0.45654796280755766,0.004517027509847146
0.5129085093300529,0.008454226986978782
0.5762267283493882,0.015097351424378892
0.6473615399712076,0.02574376156246702
0.7272778974247632,0.041953464355521004
0.8170598767824696,0.06540617682140207
0.9179253825967483,0.097660111065824
1.0312426689380967,0.13984004016868937
1.1585488999444697,0.19231873252662385
1.3015710016583038,0.2544798478653328
1.4622490880091454,0.3246457019695635
1.6427627787184707,0.40021388413968195
1.8455607661325835,0.47798446763616603
2.0733940320616497,0.5546018121115022
2.329353165215711,0.6270084938238638
2.6169102854537,0.6928202748296883
2.9399661435534976,0.7505622813813948
3.3029030354176987,0.7997349763417073
3.710644248503383,0.8407013553943001
4.168720846874621,0.8744199741784057
4.683346700825936,0.9020966767002199
5.261502778863538,0.9248647691525521
5.911031845476362,0.9435925541976289
6.64074484928479,0.9588540767954006
7.4605404447366075,0.9710221832007178
8.381539268677866,0.9804007459627921
9.416234793278331,0.9873227853585604
10.578662801651687,0.992183282453547
11.884591785129816,0.9954166991266936
13.351736844955687,0.9974493066225985
15.0,0.9986547653101631
