SA(0.6s) [g],Loss_ratio
0.05000000000000001,2.7721158701869823e-12
0.056172467201025755,1.3428147482847086e-11
0.06310692142900626,6.181422040903624e-11
0.07089742948257126,2.7043001171822056e-10
0.07964967064493539,1.1244687403532145e-09
0.08948237023750269,4.444269952156794e-09
0.10052891014472326,1.6697517591835135e-08
0.11293913815718663,5.964083361453883e-08
0.1268814006769336,2.0254527663262306e-07
0.14254482635890514,6.540915090657423e-07
0.16014189166643014,2.0088615329746357e-06
0.17991130314285533,5.868408301411388e-06
0.2021212354977168,1.630875451474527e-05
0.2270729694325259,4.312523812053189e-05
0.2551049785537617,0.00010852822013518962
0.28659752081259104,0.00025998981034027217
0.3219777967548112,0.0005930457394982192
0.36172574455336326,0.0012884574768830782
0.4063805504338082,0.0026671825084238774
0.45654796280755766,0.0052627060595340286
0.5129085093300529,0.00990235806117605
0.5762267283493882,0.017777558362360567
0.6473615399712076,0.03047039226052033
0.7272778974247632,0.04989650369177092
0.8170598767824696,0.07812976024303094
0.9179253825967483,0.11709836301394747
1.0312426689380967,0.16818400815684637
1.1585488999444697,0.23180378055505996
1.3015710016583038,0.30708793283235986
1.4622490880091454,0.39176416566051836
1.6427627787184707,0.48231179048959355
1.8455607661325835,0.5743715764225673
2.0733940320616497,0.6633233003659491
2.329353165215711,0.7449064756927791
2.6169102854537,0.8157682636792295
2.9399661435534976,0.8738535891684198
3.3029030354176987,0.9185789113190402
3.710644248503383,0.9507530733131928
4.168720846874621,0.9722507361262581
4.683346700825936,0.9855150459672195
5.261502778863538,0.9930317649854088
5.911031845476362,0.9969250302526702
6.64074484928479,0.9987603888578934
7.4605404447366075,0.9995451075039354
8.381539268677866,0.9998485099642277
9.416234793278331,0.9999543351072313
10.578662801651687,0.9999875678257902
11.884591785129816,0.999996948817078
13.351736844955687,0.9999993259993953
15.0,0.9999998661736651
