SA(0.6s) [g],Complete_damage
0.05000000000000001,6.516787109944744e-12
0.056172467201025755,4.541900189281023e-11
0.06310692142900626,2.920578223708503e-10
0.07089742948257126,1.7329561119439063e-09
0.07964967064493539,9.489949270857778e-09
0.08948237023750269,4.797076413876056e-08
0.10052891014472326,2.2387996734263282e-07
0.11293913815718663,9.648981397214484e-07
0.1268814006769336,3.841419568662019e-06
0.14254482635890514,1.4131225621549781e-05
0.16014189166643014,4.80507568342281e-05
0.17991130314285533,0.00015108882697623116
0.2021212354977168,0.000439527069111878
0.2270729694325259,0.0011836027631109136
0.2551049785537617,0.0029524581359976487
0.28659752081259104,0.006827533045085876
0.3219777967548112,0.01465068834717509
0.36172574455336326,0.02920525342163216
0.4063805504338082,0.05415885028066625
0.45654796280755766,0.09358503734856116
0.5129085093300529,0.1509907361631857
0.5762267283493882,0.2280180213356413
0.6473615399712076,0.32326563759545224
0.7272778974247632,0.4318041852095865
0.8170598767824696,0.5457857263881345
0.9179253825967483,0.6560934115838836
1.0312426689380967,0.7544713411608703
1.1585488999444697,0.8353269248948048
1.3015710016583038,0.8965679417537266
1.4622490880091454,0.9393138207469492
1.6427627787184707,0.966809526876611
1.8455607661325835,0.9831082430045051
2.0733940320616497,0.9920117023048066
2.329353165215711,0.996493784764128
2.6169102854537,0.9985730756953324
2.9399661435534976,0.999461997491685
3.3029030354176987,0.9998122031152749
3.710644248503383,0.9999393460383041
4.168720846874621,0.9999818832387913
4.683346700825936,0.999994997724059
5.261502778863538,0.9999987236747706
5.911031845476362,0.9999996991679497
6.64074484928479,0.999999934515836
7.4605404447366075,0.9999999868388627
8.381539268677866,0.9999999975582354
9.416234793278331,0.9999999995818939
10.578662801651687,0.9999999999339352
11.884591785129816,0.9999999999903686
13.351736844955687,0.9999999999987046
15.0,0.9999999999998394
