SA(0.6s) [g],Complete_damage
0.05000000000000001,7.649436639667329e-13
0.056172467201025755,5.3331783433918645e-12
0.06310692142900626,3.453448638168766e-11
0.07089742948257126,2.0771240283323777e-10
0.07964967064493539,1.1605644223422473e-09
0.08948237023750269,6.024662990711249e-09
0.10052891014472326,2.9061634987392893e-08
0.11293913815718663,1.3028867784647957e-07
0.1268814006769336,5.429728036077108e-07
0.14254482635890514,2.103929665819848e-06
0.16014189166643014,7.5818757719892105e-06
0.17991130314285533,2.5417981689423996e-05
0.2021212354977168,7.929944742557371e-05
0.2270729694325259,0.0002303204625685451
0.2551049785537617,0.0006230517138855474
0.28659752081259104,0.0015706297940604186
0.3219777967548112,0.003691906392230271
0.36172574455336326,0.008097896635303914
0.4063805504338082,0.016588817257696342
0.45654796280755766,0.031770923686175734
0.5129085093300529,0.0569579072491222
0.5762267283493882,0.09572720461651363
0.6473615399712076,0.15109637337452675
0.7272778974247632,0.22446610410294288
0.8170598767824696,0.31467204231319923
0.9179253825967483,0.41757383251578617
1.0312426689380967,0.5264870369872976
1.1585488999444697,0.6334437464123701
1.3015710016583038,0.7308990308464968
1.4622490880091454,0.8132886457223089
1.6427627787184707,0.8779149040236062
1.8455607661325835,0.9249491988491196
2.0733940320616497,0.9567098106810854
2.329353165215711,0.9766088028178791
2.6169102854537,0.9881763315538202
2.9399661435534976,0.9944153541669124
3.3029030354176987,0.9975375351298473
3.710644248503383,0.9989871882359465
4.168720846874621,0.9996116897327403
4.683346700825936,0.9998613014790871
5.261502778863538,0.9999538687303349
5.911031845476362,0.9999857187063765
6.64074484928479,0.9999958863130145
7.4605404447366075,0.9999988978253797
8.381539268677866,0.9999997253962156
9.416234793278331,0.9999999363943242
10.578662801651687,0.9999999863060948
11.884591785129816,0.9999999972601903
13.351736844955687,0.9999999994906646
15.0,0.9999999999120341
