SA(0.6s) [g],Loss_ratio
0.05000000000000001,1.7765304910861415e-16
0.056172467201025755,1.6877341960792224e-15
0.06310692142900626,1.3946433757412077e-14
0.07089742948257126,1.0819973965297945e-13
0.07964967064493539,7.794630167631655e-13
0.08948237023750269,5.226161463577224e-12
0.10052891014472326,3.2619641906119433e-11
0.11293913815718663,1.8955517390840209e-10
0.1268814006769336,1.0256732171974632e-09
0.14254482635890514,5.168412427902383e-09
0.16014189166643014,2.425749081994328e-08
0.17991130314285533,1.0605937199603803e-07
0.2021212354977168,4.3206613684619644e-07
0.2270729694325259,1.640379227738612e-06
0.2551049785537617,5.805496809706114e-06
0.28659752081259104,1.915842705577618e-05
0.3219777967548112,5.897244244072505e-05
0.36172574455336326,0.0001693846531907778
0.4063805504338082,0.00045418239094103976
0.45654796280755766,0.0011374939744962004
0.5129085093300529,0.002662603730074327
0.5762267283493882,0.005829551885353922
0.6473615399712076,0.011949210421937863
0.7272778974247632,0.02295688005450045
0.8170598767824696,0.04139625809122545
0.9179253825967483,0.07018098757447103
1.0312426689380967,0.11209027318934237
1.1585488999444697,0.16905625561152993
1.3015710016583038,0.241414356170239
1.4622490880091454,0.3273552794553721
1.6427627787184707,0.4228057159310346
1.8455607661325835,0.5218828820190053
2.0733940320616497,0.6179269560305252
2.329353165215711,0.7049027439467811
2.6169102854537,0.7787181599895403
2.9399661435534976,0.8379112210172728
3.3029030354176987,0.8834013093921683
3.710644248503383,0.9175075434492876
4.168720846874621,0.9428248085965701
4.683346700825936,0.9615004523861955
5.261502778863538,0.9750648158105633
5.911031845476362,0.9846080321782544
6.64074484928479,0.9910090411628142
7.4605404447366075,0.9950549080371386
8.381539268677866,0.9974476527739171
9.416234793278331,0.998766564198856
10.578662801651687,0.9994428056919573
11.884591785129816,0.9997649929320216
13.351736844955687,0.9999075489143485
15.0,0.9999661047217221
