SA(0.6s) [g],Complete_damage
0.05000000000000001,8.983085918456979e-07
0.056172467201025755,1.648245489538347e-06
0.06310692142900626,2.9800604687268972e-06
0.07089742948257126,5.309405899711628e-06
0.07964967064493539,9.32171825229755e-06
0.08948237023750269,1.6128258473080415e-05
0.10052891014472326,2.7500051449580454e-05
0.11293913815718663,4.621128114490336e-05
0.1268814006769336,7.653249458416944e-05
0.14254482635890514,0.00012492317104040307
0.16014189166643014,0.00020098165821980096
0.17991130314285533,0.0003187163774880375
0.2021212354977168,0.0004982030919005176
0.2270729694325259,0.0007676858313534485
0.2551049785537617,0.0011661602956564154
0.28659752081259104,0.001746444752968257
0.3219777967548112,0.002578691846167658
0.36172574455336326,0.0037542240901696777
0.4063805504338082,0.005389487502462487
0.45654796280755766,0.007629816564930225
0.5129085093300529,0.010652598574030225
0.5762267283493882,0.014669329791984542
0.6473615399712076,0.019925986853776
0.7272778974247632,0.026701114041917218
0.8170598767824696,0.035301069409013563
0.9179253825967483,0.04605199565271545
1.0312426689380967,0.059288292875474435
1.1585488999444697,0.075337666409377
1.3015710016583038,0.09450318643195654
1.4622490880091454,0.11704319520965245
1.6427627787184707,0.1431502876462447
1.8455607661325835,0.1729309181033829
2.0733940320616497,0.20638739642672843
2.329353165215711,0.2434040811026993
2.6169102854537,0.2837394258754863
2.9399661435534976,0.32702517996030445
3.3029030354176987,0.3727735013334065
3.710644248503383,0.4203920660028586
4.168720846874621,0.4692065160056894
4.683346700825936,0.5184888721583244
5.261502778863538,0.5674899336750371
5.911031845476362,0.6154732738539971
6.64074484928479,0.6617482738197898
7.4605404447366075,0.7056997372149375
8.381539268677866,0.7468119842107489
9.416234793278331,0.7846858859791394
10.578662801651687,0.8190479974584628
11.884591785129816,0.8497516890228141
13.351736844955687,0.8767708776759762
15.0,0.9001875386195284
