SA(0.6s) [g],Complete_damage
0.05000000000000001,2.1114224058038644e-07
0.056172467201025755,4.007010450113313e-07
0.06310692142900626,7.492946547671409e-07
0.07089742948257126,1.3806418602824166e-06
0.07964967064493539,2.5067769510167537e-06
0.08948237023750269,4.485049457381152e-06
0.10052891014472326,7.907641540239041e-06
0.11293913815718663,1.3739373795340626e-05
0.1268814006769336,2.352555893081476e-05
0.14254482635890514,3.969901006761756e-05
0.16014189166643014,6.602382960929631e-05
0.17991130314285533,0.00010822276937305642
0.2021212354977168,0.00017484376476295527
0.2270729694325259,0.00027842811389677813
0.2551049785537617,0.0004370454376581012
0.28659752081259104,0.0006762561102904296
0.3219777967548112,0.001031546900011171
0.36172574455336326,0.0015512565900178688
0.4063805504338082,0.0022999623118101775
0.45654796280755766,0.003362232436050827
0.5129085093300529,0.004846568585964994
0.5762267283493882,0.006889261337607033
0.6473615399712076,0.009657779146039824
0.7272778974247632,0.013353210074204203
0.8170598767824696,0.018211197147892544
0.9179253825967483,0.024500769565513503
1.0312426689380967,0.032520493037712206
1.1585488999444697,0.0425914600446462
1.3015710016583038,0.05504682517607573
1.4622490880091454,0.0702178621660614
1.6427627787184707,0.08841686476537092
1.8455607661325835,0.10991760564086372
2.0733940320616497,0.13493446481294313
2.329353165215711,0.16360169045813144
2.6169102854537,0.19595450514354806
2.9399661435534976,0.2319138690826954
3.3029030354176987,0.27127662156829147
3.710644248503383,0.3137124266408218
4.168720846874621,0.3587684607134727
4.683346700825936,0.40588213848569676
5.261502778863538,0.4544014448669882
5.911031845476362,0.503611708428491
6.64074484928479,0.5527670060048695
7.4605404447366075,0.601123911278519
8.381539268677866,0.6479750552844583
9.416234793278331,0.6926799865088031
10.578662801651687,0.7346910999675501
11.884591785129816,0.7735729107484626
13.351736844955687,0.809013611534046
15.0,0.8408285909159102
