SA(0.6s) [g],Complete_damage
0.05000000000000001,1.9746426715983034e-12
0.056172467201025755,8.29647461841887e-12
0.06310692142900626,3.344058363552449e-11
0.07089742948257126,1.293144480385422e-10
0.07964967064493539,4.797766628428235e-10
0.08948237023750269,1.707943120266009e-09
0.10052891014472326,5.834131067139481e-09
0.11293913815718663,1.912388092328854e-08
0.1268814006769336,6.01594901672442e-08
0.14254482635890514,1.8163298831641583e-07
0.16014189166643014,5.263629520024793e-07
0.17991130314285533,1.464256685235199e-06
0.2021212354977168,3.910533467932353e-06
0.2270729694325259,1.0027486652575135e-05
0.2551049785537617,2.469115261671817e-05
0.28659752081259104,5.8391007132452266e-05
0.3219777967548112,0.00013264020634418117
0.36172574455336326,0.0002894719638997234
0.4063805504338082,0.0006070532684768759
0.45654796280755766,0.001223583982558174
0.5129085093300529,0.0023710334031114
0.5762267283493882,0.004418381059488774
0.6473615399712076,0.007920484792056981
0.7272778974247632,0.013663578799425924
0.8170598767824696,0.022692637719633812
0.9179253825967483,0.03630140581834129
1.0312426689380967,0.05596554844635748
1.1585488999444697,0.08320580497900965
1.3015710016583038,0.11938237890888126
1.4622490880091454,0.16544236668364598
1.6427627787184707,0.22166360528143325
1.8455607661325835,0.2874532077383902
2.0733940320616497,0.3612596752912238
2.329353165215711,0.4406398251800815
2.6169102854537,0.5224881444462084
2.9399661435534976,0.6033954953813114
3.3029030354176987,0.680069219797929
3.710644248503383,0.7497295428875363
4.168720846874621,0.8104038366596988
4.683346700825936,0.8610683946916095
5.261502778863538,0.9016270941405453
5.911031845476362,0.9327545736064496
6.64074484928479,0.9556571315531763
7.4605404447366075,0.9718120229576903
8.381539268677866,0.9827365845476315
9.416234793278331,0.9898190392908445
10.578662801651687,0.9942209709690761
11.884591785129816,0.9968438747433467
13.351736844955687,0.9983421818871367
15.0,0.9991627197468727
