SA(0.6s) [g],Complete_damage
0.05000000000000001,9.137135492665038e-14
0.056172467201025755,4.1799896877137144e-13
0.06310692142900626,1.8345325258906087e-12
0.07089742948257126,7.724043626922139e-12
0.07964967064493539,3.1198377214991524e-11
0.08948237023750269,1.2089684808813672e-10
0.10052891014472326,4.4948444966053103e-10
0.11293913815718663,1.6034491512328941e-09
0.1268814006769336,5.4886167832890465e-09
0.14254482635890514,1.8028772363898327e-08
0.16014189166643014,5.683240433818071e-08
0.17991130314285533,1.7194381773943945e-07
0.2021212354977168,4.993155862109688e-07
0.2270729694325259,1.3918832620918309e-06
0.2551049785537617,3.724903100521537e-06
0.28659752081259104,9.571098141147871e-06
0.3219777967548112,2.36155888776457e-05
0.36172574455336326,5.5961303121132566e-05
0.4063805504338082,0.00012737898759995758
0.45654796280755766,0.0002785516501461194
0.5129085093300529,0.0005853262745191268
0.5762267283493882,0.0011821477806676084
0.6473615399712076,0.0022952845595651805
0.7272778974247632,0.004285645329398791
0.8170598767824696,0.007697530699552924
0.9179253825967483,0.01330460824661106
1.0312426689380967,0.022138627254236876
1.1585488999444697,0.03548182292845281
1.3015710016583038,0.05480334123106112
1.4622490880091454,0.0816260489516274
1.6427627787184707,0.1173240619875997
1.8455607661325835,0.16287167355143772
2.0733940320616497,0.21858606320148577
2.329353165215711,0.28392159128063
2.6169102854537,0.35737496323170714
2.9399661435534976,0.43654382558358396
3.3029030354176987,0.5183483693635543
3.710644248503383,0.599384895313612
4.168720846874621,0.6763448076283723
4.683346700825936,0.7464142501147453
5.261502778863538,0.8075750395060346
5.911031845476362,0.8587547455747858
6.64074484928479,0.8998132124621976
7.4605404447366075,0.9313914470387276
8.381539268677866,0.9546752046021374
9.416234793278331,0.9711340100718672
10.578662801651687,0.9822878262571182
11.884591785129816,0.9895343292447143
13.351736844955687,0.9940478264023056
15.0,0.9967429423168853
