SA(0.6s) [g],Complete_damage
0.05000000000000001,3.539311288491831e-09
0.056172467201025755,6.8302179467849555e-09
0.06310692142900626,1.3022599221201858e-08
0.07089742948257126,2.453087311060642e-08
0.07964967064493539,4.565472311313101e-08
0.08948237023750269,8.395010064887742e-08
0.10052891014472326,1.5251945095773323e-07
0.11293913815718663,2.7378128009125646e-07
0.1268814006769336,4.855825700422756e-07
0.14254482635890514,8.509614968232881e-07
0.16014189166643014,1.4735037079383062e-06
0.17991130314285533,2.5211255112456143e-06
0.2021212354977168,4.262333588522793e-06
0.2270729694325259,7.120629850754234e-06
0.2551049785537617,1.1754824127518937e-05
0.28659752081259104,1.917564010256445e-05
0.3219777967548112,3.0912164898699857e-05
0.36172574455336326,4.924534546812964e-05
0.4063805504338082,7.752971814301013e-05
0.45654796280755766,0.0001206285727306522
0.5129085093300529,0.00018549132177769767
0.5762267283493882,0.00028190428308583204
0.6473615399712076,0.000423446484008827
0.7272778974247632,0.0006286793547961578
0.8170598767824696,0.0009225920544377875
0.9179253825967483,0.0013383114069931423
1.0312426689380967,0.0019190659203200955
1.1585488999444697,0.0027203664101749236
1.3015710016583038,0.003812331334527297
1.4622490880091454,0.0052820439977135925
1.6427627787184707,0.007235783482125502
1.8455607661325835,0.009800925074531674
2.0733940320616497,0.013127264054532017
2.329353165215711,0.017387485193759766
2.6169102854537,0.022776486115594685
2.9399661435534976,0.02950927274582804
3.3029030354176987,0.03781718546067814
3.710644248503383,0.04794228917189325
4.168720846874621,0.06012987027269001
4.683346700825936,0.0746191247890764
5.261502778863538,0.09163228725541006
5.911031845476362,0.11136262610612535
6.64074484928479,0.1339619021085353
7.4605404447366075,0.15952803234728197
8.381539268677866,0.1880938037982861
9.416234793278331,0.2196175198920185
10.578662801651687,0.253976427592321
11.884591785129816,0.2909636553401401
13.351736844955687,0.33028919635917564
15.0,0.37158520928775485
