SA(0.6s) [g],Complete_damage
0.05000000000000001,2.091574569096366e-08
0.056172467201025755,3.906220502614133e-08
0.06310692142900626,7.207662833241812e-08
0.07089742948257126,1.3139901755554462e-07
0.07964967064493539,2.3667678317185192e-07
0.08948237023750269,4.2120287901958875e-07
0.10052891014472326,7.40637541629674e-07
0.11293913815718663,1.2867843566244375e-06
0.1268814006769336,2.209015726450936e-06
0.14254482635890514,3.7470765149594243e-06
0.16014189166643014,6.280514266765458e-06
0.17991130314285533,1.0401964941064712e-05
0.2021212354977168,1.702402491654542e-05
0.2270729694325259,2.753248916043116e-05
0.2551049785537617,4.400229702727909e-05
0.28659752081259104,6.94964718045421e-05
0.3219777967548112,0.00010847240586298046
0.36172574455336326,0.00016732359666415952
0.4063805504338082,0.00025508774253157895
0.45654796280755766,0.00038435310307305404
0.5129085093300529,0.0005723931501706581
0.5762267283493882,0.0008425535569304143
0.6473615399712076,0.0012259042166619105
0.7272778974247632,0.0017631510868962863
0.8170598767824696,0.002506777387189296
0.9179253825967483,0.003523350827311811
1.0312426689380967,0.0048958937937590985
1.1585488999444697,0.006726168647431252
1.3015710016583038,0.009136683733059758
1.4622490880091454,0.012272182056994763
1.6427627787184707,0.0163003398292626
1.8455607661325835,0.02141138305270185
2.0733940320616497,0.02781633415756124
2.329353165215711,0.035743633699936384
2.6169102854537,0.04543394894203756
2.9399661435534976,0.05713308334802547
3.3029030354176987,0.07108303635361368
3.710644248503383,0.08751142427684377
4.168720846874621,0.10661964924368017
4.683346700825936,0.12857037757883627
5.261502778863538,0.15347504335459672
5.911031845476362,0.1813822067598052
6.64074484928479,0.21226765212575938
7.4605404447366075,0.24602709237851017
8.381539268677866,0.2824722474884549
9.416234793278331,0.3213308847208697
10.578662801651687,0.36225115810550135
11.884591785129816,0.4048102825957749
13.351736844955687,0.4485272514563533
15.0,0.49287898483533554
