SA(0.6s) [g],Loss_ratio
0.05000000000000001,6.539600854182462e-06
0.056172467201025755,1.1974512331689621e-05
0.06310692142900626,2.1682205307560276e-05
0.07089742948257126,3.890279412047807e-05
0.07964967064493539,6.928453828797845e-05
0.08948237023750269,0.00012257709064168328
0.10052891014472326,0.00021528938366114267
0.11293913815718663,0.00037458308381984023
0.1268814006769336,0.0006435858231515434
0.14254482635890514,0.0010883078920104004
0.16014189166643014,0.0018068398937973098
0.17991130314285533,0.0029431274426734017
0.2021212354977168,0.004710844343854386
0.2270729694325259,0.007437228915648018
0.2551049785537617,0.011639660279714255
0.28659752081259104,0.018143982706890563
0.3219777967548112,0.02823631625873432
0.36172574455336326,0.04380530253076574
0.4063805504338082,0.06738585531109398
0.45654796280755766,0.101982378838094
0.5129085093300529,0.15056781218012727
0.5762267283493882,0.2152574901243287
0.6473615399712076,0.29633467937807445
0.7272778974247632,0.3914814525699172
0.8170598767824696,0.4956211953727292
0.9179253825967483,0.6016155203803558
1.0312426689380967,0.7017084923084338
1.1585488999444697,0.7892472177253099
1.3015710016583038,0.8600496351180509
1.4622490880091454,0.9129481031222473
1.6427627787184707,0.9494218775523634
1.8455607661325835,0.9726142067291653
2.0733940320616497,0.9862067395578465
2.329353165215711,0.9935467683190929
2.6169102854537,0.9971982732455534
2.9399661435534976,0.9988718740297314
3.3029030354176987,0.9995787949196251
3.710644248503383,0.9998541408860525
4.168720846874621,0.9999531229990957
4.683346700825936,0.999986002916741
5.261502778863538,0.9999961112803517
5.911031845476362,0.9999989929329762
6.64074484928479,0.9999997563923942
7.4605404447366075,0.9999999448380696
8.381539268677866,0.9999999882838313
9.416234793278331,0.9999999976619411
10.578662801651687,0.9999999995611372
11.884591785129816,0.9999999999224858
13.351736844955687,0.9999999999871212
15.0,0.999999999997989
