SA(1.0s) [g],Complete_damage
0.05000000000000001,1.454392162258955e-14
0.056172467201025755,7.482903185973555e-14
0.06310692142900626,3.681499549657019e-13
0.07089742948257126,1.7292833831561438e-12
0.07964967064493539,7.764122678111107e-12
0.08948237023750269,3.331712683518617e-11
0.10052891014472326,1.3665124587447508e-10
0.11293913815718663,5.357424504026653e-10
0.1268814006769336,2.0078092521913504e-09
0.14254482635890514,7.193539319771958e-09
0.16014189166643014,2.4640503970552174e-08
0.17991130314285533,8.07011095727006e-08
0.2021212354977168,2.5273895698507687e-07
0.2270729694325259,7.56957584502338e-07
0.2551049785537617,2.168333793628463e-06
0.28659752081259104,5.9414141628799655e-06
0.3219777967548112,1.5574801014439643e-05
0.36172574455336326,3.906528351826921e-05
0.4063805504338082,9.377130904342224e-05
0.45654796280755766,0.00021544844082088677
0.5129085093300529,0.0004739205029603566
0.5762267283493882,0.0009983044058893276
0.6473615399712076,0.0020143575808898584
0.7272778974247632,0.0038946053922155333
0.8170598767824696,0.007217721592086224
0.9179253825967483,0.012827012216120148
1.0312426689380967,0.021869803705892976
1.1585488999444697,0.035792694584825036
1.3015710016583038,0.05626603937409291
1.4622490880091454,0.08501888254404522
1.6427627787184707,0.1235849649053602
1.8455607661325835,0.1729890761174775
2.0733940320616497,0.23343312971403762
2.329353165215711,0.3040611559791978
2.6169102854537,0.3828806439879877
2.9399661435534976,0.4668891458349609
3.3029030354176987,0.5524048711569672
3.710644248503383,0.6355433065598804
4.168720846874621,0.7127385996468577
4.683346700825936,0.7811948137115898
5.261502778863538,0.8391734470898511
5.911031845476362,0.8860716340234212
6.64074484928479,0.9223023602252617
7.4605404447366075,0.9490343225298875
8.381539268677866,0.9678715659149624
9.416234793278331,0.9805491483416374
10.578662801651687,0.988697841835232
11.884591785129816,0.9937001657841098
13.351736844955687,0.9966330016890479
15.0,0.9982752380022533
