PGA [g],Complete_damage
0.05000000000000001,1.4107647450245508e-07
0.056172467201025755,4.6002130438260735e-07
0.06310692142900626,1.4271871795479285e-06
0.07089742948257126,4.213318744339389e-06
0.07964967064493539,1.1837935390834886e-05
0.08948237023750269,3.166007824062511e-05
0.10052891014472326,8.061539062698131e-05
0.11293913815718663,0.0001954746749286418
0.1268814006769336,0.0004514804950028761
0.14254482635890514,0.0009935455385902126
0.16014189166643014,0.002083908647601107
0.17991130314285533,0.0041674849736199615
0.2021212354977168,0.007949876711970338
0.2270729694325259,0.014472806622215728
0.2551049785537617,0.025159375633559522
0.28659752081259104,0.04179172097405082
0.3219777967548112,0.06638341941676651
0.36172574455336326,0.10092510910916008
0.4063805504338082,0.14701639466225536
0.45654796280755766,0.20544350336043127
0.5129085093300529,0.2758042464469731
0.5762267283493882,0.35629888949294386
0.6473615399712076,0.44378198589315254
0.7272778974247632,0.5341057360079877
0.8170598767824696,0.622698946030168
0.9179253825967483,0.7052494194964706
1.0312426689380967,0.7783228199307721
1.1585488999444697,0.8397724997911165
1.3015710016583038,0.8888633331270419
1.4622490880091454,0.9261197896318829
1.6427627787184707,0.9529808352717872
1.8455607661325835,0.9713785698563298
2.0733940320616497,0.983349438481953
2.329353165215711,0.9907490113568854
2.6169102854537,0.9950941844019658
2.9399661435534976,0.997518151287021
3.3029030354176987,0.998802743212272
3.710644248503383,0.9994494721423817
4.168720846874621,0.9997587847755673
4.683346700825936,0.9998993218623985
5.261502778863538,0.9999599817754491
5.911031845476362,0.9999848548673764
6.64074484928479,0.9999945437681304
7.4605404447366075,0.9999981291510556
8.381539268677866,0.9999993895627844
9.416234793278331,0.9999998104877673
10.578662801651687,0.9999999440279155
11.884591785129816,0.9999999842749027
13.351736844955687,0.999999995797987
15.0,0.9999999989321199
