SA(1.0s) [g],Complete_damage
0.05000000000000001,0.0
0.056172467201025755,0.0
0.06310692142900626,1.1102230246251565e-16
0.07089742948257126,3.3306690738754696e-16
0.07964967064493539,2.4424906541753444e-15
0.08948237023750269,1.4876988529977098e-14
0.10052891014472326,8.637535131583718e-14
0.11293913815718663,4.74953409934642e-13
0.1268814006769336,2.479239036290437e-12
0.14254482635890514,1.2281842209915794e-11
0.16014189166643014,5.7747251425155355e-11
0.17991130314285533,2.577222879551755e-10
0.2021212354977168,1.091839174627296e-09
0.2270729694325259,4.391239039058803e-09
0.2551049785537617,1.676781291592988e-08
0.28659752081259104,6.079531444935782e-08
0.3219777967548112,2.0932264233053388e-07
0.36172574455336326,6.844915449999434e-07
0.4063805504338082,2.1261073709366585e-06
0.45654796280755766,6.273847236282215e-06
0.5129085093300529,1.759092886111091e-05
0.5762267283493882,4.687415089599245e-05
0.6473615399712076,0.00011873051385746791
0.7272778974247632,0.00028594504739121174
0.8170598767824696,0.0006549614472802778
0.9179253825967483,0.0014272517488418401
1.0312426689380967,0.002960029361511629
1.1585488999444697,0.0058450022181267824
1.3015710016583038,0.010994544927662941
1.4622490880091454,0.019711408645319173
1.6427627787184707,0.03370460047841073
1.8455607661325835,0.055007489949332244
2.0733940320616497,0.08576319314087089
2.329353165215711,0.12787253247012065
2.6169102854537,0.1825485638617772
2.9399661435534976,0.24987435612174358
3.3029030354176987,0.32849416913750595
3.710644248503383,0.41556018477210754
4.168720846874621,0.5069991957746702
4.683346700825936,0.5980702957884922
5.261502778863538,0.6840895860278532
5.911031845476362,0.761140413381227
6.64074484928479,0.826592708070152
7.4605404447366075,0.8793203655779125
8.381539268677866,0.9196030116439682
9.416234793278331,0.9487882516615626
10.578662801651687,0.9688410108828049
11.884591785129816,0.9819072438506258
13.351736844955687,0.9899813008846736
15.0,0.9947127930746318
