SA(1.0s) [g],Complete_damage
0.05000000000000001,1.4432899320127035e-15
0.056172467201025755,8.770761894538737e-15
0.06310692142900626,5.184741524999481e-14
0.07089742948257126,2.8976820942716586e-13
0.07964967064493539,1.535771509963979e-12
0.08948237023750269,7.725264872249227e-12
0.10052891014472326,3.6882719101072325e-11
0.11293913815718663,1.671394134206139e-10
0.1268814006769336,7.189701056731224e-10
0.14254482635890514,2.935982790219782e-09
0.16014189166643014,1.1382698006379144e-08
0.17991130314285533,4.1901356495621656e-08
0.2021212354977168,1.4647002499756923e-07
0.2270729694325259,4.862492812840458e-07
0.2551049785537617,1.5332617820940087e-06
0.28659752081259104,4.592879393916505e-06
0.3219777967548112,1.3071852395407646e-05
0.36172574455336326,3.535521263109409e-05
0.4063805504338082,9.089189459687841e-05
0.45654796280755766,0.00022215463417507575
0.5129085093300529,0.0005163702565171846
0.5762267283493882,0.0011417634407080435
0.6473615399712076,0.0024024412309099352
0.7272778974247632,0.004812451936963336
0.8170598767824696,0.009181613422599932
0.9179253825967483,0.016693374956238682
1.0312426689380967,0.02894095675579711
1.1585488999444697,0.047878517008645316
1.3015710016583038,0.07564769753969147
1.4622490880091454,0.1142637312026783
1.6427627787184707,0.1651895485260304
1.8455607661325835,0.2288799878547676
2.0733940320616497,0.3044199036661924
2.329353165215711,0.38938584171794144
2.6169102854537,0.480017387863511
2.9399661435534976,0.5716985540986015
3.3029030354176987,0.6596508302561408
3.710644248503383,0.7396674551110066
4.168720846874621,0.808704074045165
4.683346700825936,0.8651905989932753
5.261502778863538,0.9090210714031381
5.911031845476362,0.9412743046348115
6.64074484928479,0.9637822580653795
7.4605404447366075,0.9786780709890641
8.381539268677866,0.9880269090874769
9.416234793278331,0.993591279669493
10.578662801651687,0.9967320715026162
11.884591785129816,0.9984132996614852
13.351736844955687,0.9992667499349368
15.0,0.9996776095879809
