SA(1.0s) [g],Loss_ratio
0.05000000000000001,3.8456602036400814e-08
0.056172467201025755,9.969737091924526e-08
0.06310692142900626,2.5095932285046385e-07
0.07089742948257126,6.134136654697462e-07
0.07964967064493539,1.4559944277666293e-06
0.08948237023750269,3.356217021246623e-06
0.10052891014472326,7.51371649323041e-06
0.11293913815718663,1.6338311726942103e-05
0.1268814006769336,3.4509876757130924e-05
0.14254482635890514,7.081140446355555e-05
0.16014189166643014,0.0001411660205727482
0.17991130314285533,0.0002734464313807969
0.2021212354977168,0.0005147334024693606
0.2270729694325259,0.0009417137075091905
0.2551049785537617,0.001674737087448197
0.28659752081259104,0.002895593120232362
0.3219777967548112,0.00486823749526381
0.36172574455336326,0.007960473963568974
0.4063805504338082,0.012663087243646029
0.45654796280755766,0.01960139741456641
0.5129085093300529,0.02953311973517805
0.5762267283493882,0.04332633432850949
0.6473615399712076,0.06191283688359366
0.7272778974247632,0.08621544325181932
0.8170598767824696,0.11705275675198332
0.9179253825967483,0.15503062774639578
1.0312426689380967,0.20043458790914662
1.1585488999444697,0.25314021992183744
1.3015710016583038,0.312557413759294
1.4622490880091454,0.37761958796618306
1.6427627787184707,0.44682160916253233
1.8455607661325835,0.5183029243712549
2.0733940320616497,0.589967837506177
2.329353165215711,0.6596336415605484
2.6169102854537,0.7251975470415496
2.9399661435534976,0.7848115622018657
3.3029030354176987,0.8370485717966252
3.710644248503383,0.8810348311275374
4.168720846874621,0.916520048598415
4.683346700825936,0.9438626445032534
5.261502778863538,0.9639262121903501
5.911031845476362,0.9779076850525266
6.64074484928479,0.9871373388348211
7.4605404447366075,0.9928962336356275
8.381539268677866,0.9962860018476999
9.416234793278331,0.9981650994950774
10.578662801651687,0.9991447096043085
11.884591785129816,0.9996243879443413
13.351736844955687,0.9998447760044118
15.0,0.9999397015987515
