SA(0.3s) [g],Complete_damage
0.05000000000000001,2.2399211774271066e-07
0.056172467201025755,4.881680747415018e-07
0.06310692142900626,1.040732248713816e-06
0.07089742948257126,2.170497501063906e-06
0.07964967064493539,4.42842393300058e-06
0.08948237023750269,8.839529742177277e-06
0.10052891014472326,1.7263198952566228e-05
0.11293913815718663,3.2987498226000334e-05
0.1268814006769336,6.167927819256125e-05
0.14254482635890514,0.00011285451974529792
0.16014189166643014,0.0002020778756367525
0.17991130314285533,0.0003541373458857411
0.2021212354977168,0.0006074545470721171
0.2270729694325259,0.0010199623795018598
0.2551049785537617,0.0016765853142104437
0.28659752081259104,0.0026982685018067665
0.3219777967548112,0.004252203381106434
0.36172574455336326,0.006562489504729374
0.4063805504338082,0.009919982596894306
0.45654796280755766,0.01468957102894497
0.5129085093300529,0.02131269855312079
0.5762267283493882,0.030302741723747806
0.6473615399712076,0.04223099627619653
0.7272778974247632,0.05770164385689758
0.8170598767824696,0.07731521034427291
0.9179253825967483,0.10162163859643514
1.0312426689380967,0.13106600561638393
1.1585488999444697,0.16593181981673766
1.3015710016583038,0.20628835934847722
1.4622490880091454,0.25194926834364395
1.6427627787184707,0.30244930775343426
1.8455607661325835,0.3570446277801659
2.0733940320616497,0.4147392924397769
2.329353165215711,0.47433739475904246
2.6169102854537,0.5345165035078093
2.9399661435534976,0.5939150221541771
3.3029030354176987,0.6512239150365766
3.710644248503383,0.7052725790642693
4.168720846874621,0.7550995453921263
4.683346700825936,0.8000010054850881
5.261502778863538,0.8395534209139256
5.911031845476362,0.8736100831530047
6.64074484928479,0.9022748010408242
7.4605404447366075,0.925858383235493
8.381539268677866,0.9448249347572922
9.416234793278331,0.9597351348262635
10.578662801651687,0.9711927715830998
11.884591785129816,0.9797992027535535
13.351736844955687,0.9861184829073373
15.0,0.9906540183521191
