SA(0.3s) [g],Complete_damage
0.05000000000000001,9.027784902304603e-06
0.056172467201025755,1.744128684377788e-05
0.06310692142900626,3.2991457617259634e-05
0.07089742948257126,6.110472438503045e-05
0.07964967064493539,0.0001108217655307886
0.08948237023750269,0.00019682545177901467
0.10052891014472326,0.0003423535019209112
0.11293913815718663,0.0005832298882963993
0.1268814006769336,0.0009732254241311411
0.14254482635890514,0.001590876147791409
0.16014189166643014,0.002547726897034419
0.17991130314285533,0.003997711507050972
0.2021212354977168,0.006147028859195047
0.2270729694325259,0.009263446636438966
0.2551049785537617,0.01368351301612769
0.28659752081259104,0.019815763891271265
0.3219777967548112,0.028137789592735385
0.36172574455336326,0.03918509142643867
0.4063805504338082,0.053530120293260874
0.45654796280755766,0.07175080456078387
0.5129085093300529,0.0943892185469617
0.5762267283493882,0.12190268934940351
0.6473615399712076,0.15461135570514095
0.7272778974247632,0.19264766546011058
0.8170598767824696,0.23591418905697648
0.9179253825967483,0.28405614380929034
1.0312426689380967,0.3364540020692688
1.1585488999444697,0.3922395176326814
1.3015710016583038,0.45033568316113826
1.4622490880091454,0.5095179493261786
1.6427627787184707,0.5684910302900321
1.8455607661325835,0.6259733318473508
2.0733940320616497,0.680779896851722
2.329353165215711,0.731894985718675
2.6169102854537,0.7785269549578824
2.9399661435534976,0.8201406698077971
3.3029030354176987,0.8564658108320506
3.710644248503383,0.8874825556362436
4.168720846874621,0.9133887252224939
4.683346700825936,0.9345542121423099
5.261502778863538,0.9514691882445073
5.911031845476362,0.9646922665257699
6.64074484928479,0.9748036782755831
7.4605404447366075,0.9823669387673956
8.381539268677866,0.9879007500679781
9.416234793278331,0.9918613196331041
10.578662801651687,0.9946340583414186
11.884591785129816,0.9965328540026316
13.351736844955687,0.9978047906695308
15.0,0.9986382236828265
