SA(0.6s) [g],Loss_ratio
0.05000000000000001,6.694070789922132e-07
0.056172467201025755,1.5670136120827539e-06
0.06310692142900626,3.516037805374602e-06
0.07089742948257126,7.566409240571229e-06
0.07964967064493539,1.562827047029556e-05
0.08948237023750269,3.1012944817889806e-05
0.10052891014472326,5.9202797942972195e-05
0.11293913815718663,0.00010890229494782886
0.1268814006769336,0.00019345466765237045
0.14254482635890514,0.0003328120737109706
0.16014189166643014,0.0005564833537961936
0.17991130314285533,0.0009083092549806136
0.2021212354977168,0.0014545349619170418
0.2270729694325259,0.0022973461423163853
0.2551049785537617,0.0035964950851437097
0.28659752081259104,0.005601332608937276
0.3219777967548112,0.00869380110082787
0.36172574455336326,0.01343916122795441
0.4063805504338082,0.020635373858192002
0.45654796280755766,0.03134511155801521
0.5129085093300529,0.0468886248772518
0.5762267283493882,0.0687745214381697
0.6473615399712076,0.09855236416454854
0.7272778974247632,0.13758757054961424
0.8170598767824696,0.18678351185913045
0.9179253825967483,0.24630159732706106
1.0312426689380967,0.3153477759347659
1.1585488999444697,0.3920936976444629
1.3015710016583038,0.473777895842137
1.4622490880091454,0.5569902706045309
1.6427627787184707,0.6380939337266791
1.8455607661325835,0.7136987794791082
2.0733940320616497,0.7810854365614142
2.329353165215711,0.8384924559030743
2.6169102854537,0.8852184130402408
2.9399661435534976,0.9215399956686847
3.3029030354176987,0.9484904524975846
3.710644248503383,0.967567479870457
4.168720846874621,0.9804414700085147
4.683346700825936,0.9887181601507906
5.261502778863538,0.9937833737787964
5.911031845476362,0.996731685852932
6.64074484928479,0.9983625227254123
7.4605404447366075,0.9992190395270029
8.381539268677866,0.9996458035366729
9.416234793278331,0.9998473742260281
10.578662801651687,0.99993756259252
11.884591785129816,0.999975765797339
13.351736844955687,0.9999910793924673
15.0,0.9999968864703407
