SA(0.6s) [g],Loss_ratio
0.05000000000000001,0.00037038614350954496
0.056172467201025755,0.0005764563172419359
0.06310692142900626,0.0008762604403495036
0.07089742948257126,0.001305592951015298
0.07964967064493539,0.0019151218925134103
0.08948237023750269,0.0027795652720033637
0.10052891014472326,0.004012370260548391
0.11293913815718663,0.005787302215365451
0.1268814006769336,0.008367356406660986
0.14254482635890514,0.012139436354492338
0.16014189166643014,0.017650269498353355
0.17991130314285533,0.025635402289410907
0.2021212354977168,0.037029690764784726
0.2270729694325259,0.05294583335416475
0.2551049785537617,0.07460876962600002
0.28659752081259104,0.10323947203025273
0.3219777967548112,0.1398920314726435
0.36172574455336326,0.1852615524585845
0.4063805504338082,0.23949395458452186
0.45654796280755766,0.30203780539045155
0.5129085093300529,0.37157842532690655
0.5762267283493882,0.44608332220419833
0.6473615399712076,0.5229665981299338
0.7272778974247632,0.5993532058312174
0.8170598767824696,0.6723993116872254
0.9179253825967483,0.739610186826335
1.0312426689380967,0.7990969353250483
1.1585488999444697,0.8497282503829149
1.3015710016583038,0.8911586701144405
1.4622490880091454,0.9237427330599571
1.6427627787184707,0.9483669769575688
1.8455607661325835,0.9662433615229895
2.0733940320616497,0.9787069934731307
2.329353165215711,0.9870505059666564
2.6169102854537,0.992412011384334
2.9399661435534976,0.9957184158497177
3.3029030354176987,0.9976748224807691
3.710644248503383,0.9987852860681911
4.168720846874621,0.9993898000416725
4.683346700825936,0.9997053642199389
5.261502778863538,0.9998632997215795
5.911031845476362,0.9999390743850805
6.64074484928479,0.9999739220217692
7.4605404447366075,0.9999892820994151
8.381539268677866,0.9999957708990536
9.416234793278331,0.9999983980343234
10.578662801651687,0.9999994174749606
11.884591785129816,0.9999997966479692
13.351736844955687,0.999999931844623
15.0,0.999999978064597
