SA(1.0s) [g],Complete_damage
0.05000000000000001,1.1321524273633088e-08
0.056172467201025755,3.164253770115977e-08
0.06310692142900626,8.566095821560538e-08
0.07089742948257126,2.246280337292461e-07
0.07964967064493539,5.706116906756264e-07
0.08948237023750269,1.4042410305670217e-06
0.10052891014472326,3.3480977217337227e-06
0.11293913815718663,7.734711969242802e-06
0.1268814006769336,1.7314782209232327e-05
0.14254482635890514,3.7562779990674144e-05
0.16014189166643014,7.897892861208344e-05
0.17991130314285533,0.0001609634109803748
0.2021212354977168,0.0003180242866686056
0.2270729694325259,0.0006092158966639616
0.2551049785537617,0.0011316893934187888
0.28659752081259104,0.0020389338219385378
0.3219777967548112,0.003563544864042534
0.36172574455336326,0.006043070388321747
0.4063805504338082,0.009945660486411878
0.45654796280755766,0.015890117393256742
0.5129085093300529,0.02465298743253097
0.5762267283493882,0.03715429817831484
0.6473615399712076,0.0544142574893105
0.7272778974247632,0.07747636873336838
0.8170598767824696,0.10729814261319881
0.9179253825967483,0.14461826256187793
1.0312426689380967,0.18981715213715944
1.1585488999444697,0.2427941935560043
1.3015710016583038,0.3028870512864815
1.4622490880091454,0.3688550412713065
1.6427627787184707,0.43893904351999713
1.8455607661325835,0.5109966438862643
2.0733940320616497,0.582696115703877
2.329353165215711,0.6517403436157899
2.6169102854537,0.7160852322727315
2.9399661435534976,0.7741183597780659
3.3029030354176987,0.8247722880849306
3.710644248503383,0.8675606343951615
4.168720846874621,0.9025400916675395
4.683346700825936,0.9302143378352932
5.261502778863538,0.951403494449161
5.911031845476362,0.967104470328793
6.64074484928479,0.9783638558082315
7.4605404447366075,0.9861779340144063
8.381539268677866,0.9914261995078262
9.416234793278331,0.9948375690432938
10.578662801651687,0.996983504273837
11.884591785129816,0.998289913585325
13.351736844955687,0.9990596050607161
15.0,0.9994984678628525
