SA(0.6s) [g],Complete_damage
0.05000000000000001,2.4952085273532987e-06
0.056172467201025755,4.691654432176229e-06
0.06310692142900626,8.67015354555356e-06
0.07089742948257126,1.5747974757673866e-05
0.07964967064493539,2.8114893033004407e-05
0.08948237023750269,4.933780563365353e-05
0.10052891014472326,8.510872344613674e-05
0.11293913815718663,0.00014432441359557568
0.1268814006769336,0.0002406019860761166
0.14254482635890514,0.0003943448979720765
0.16014189166643014,0.0006354723835717557
0.17991130314285533,0.0010069049561604038
0.2021212354977168,0.001568851387874215
0.2270729694325259,0.0024038610882970435
0.2551049785537617,0.0036224853025526027
0.28659752081259104,0.005369231367606475
0.3219777967548112,0.007828304467008773
0.36172574455336326,0.011228428865703743
0.4063805504338082,0.015845854222076627
0.45654796280755766,0.02200452056449065
0.5129085093300529,0.030072321801130286
0.5762267283493882,0.04045251487638868
0.6473615399712076,0.053569602080183465
0.7272778974247632,0.06984947901475236
0.8170598767824696,0.08969427194088098
0.9179253825967483,0.11345303201558721
1.0312426689380967,0.14139022207738494
1.1585488999444697,0.1736546096913305
1.3015710016583038,0.21025164350292935
1.4622490880091454,0.2510225255653533
1.6427627787184707,0.2956329226551523
1.8455607661325835,0.3435735633992373
2.0733940320616497,0.39417389285130555
2.329353165215711,0.44662861862183745
2.6169102854537,0.5000355547984574
2.9399661435534976,0.5534418528305263
3.3029030354176987,0.6058946983229283
3.710644248503383,0.6564920048011307
4.168720846874621,0.7044286358833505
4.683346700825936,0.7490342358671678
5.261502778863538,0.7897997594898216
5.911031845476362,0.8263911089665628
6.64074484928479,0.8586497142892973
7.4605404447366075,0.8865812300577264
8.381539268677866,0.9103345968596204
9.416234793278331,0.9301744108586887
10.578662801651687,0.9464498143313882
11.884591785129816,0.9595629837817818
13.351736844955687,0.9699398285615322
15.0,0.9780048346638558
