SA(0.6s) [g],Complete_damage
0.05000000000000001,8.935619059990962e-05
0.056172467201025755,0.0001512921401047862
0.06310692142900626,0.0002518279145321545
0.07089742948257126,0.00041210819393877607
0.07964967064493539,0.0006630778405860571
0.08948237023750269,0.001049039319729661
0.10052891014472326,0.0016320122490693922
0.11293913815718663,0.0024968496981300214
0.1268814006769336,0.0037569417322075305
0.14254482635890514,0.005560174262291939
0.16014189166643014,0.008094619410962456
0.17991130314285533,0.01159323125955003
0.2021212354977168,0.016336637695094858
0.2270729694325259,0.022652994145038075
0.2551049785537617,0.030913842402390146
0.28659752081259104,0.04152503963198817
0.3219777967548112,0.054912119734830234
0.36172574455336326,0.07149993061653981
0.4063805504338082,0.09168703511550369
0.45654796280755766,0.1158161134716762
0.5129085093300529,0.1441423701911243
0.5762267283493882,0.17680261184722323
0.6473615399712076,0.21378810021899064
0.7272778974247632,0.2549243864430837
0.8170598767824696,0.2998610233468477
0.9179253825967483,0.3480733194542206
1.0312426689380967,0.3988771933398796
1.1585488999444697,0.45145683349993726
1.3015710016583038,0.5049034426177799
1.4622490880091454,0.5582620481899643
1.6427627787184707,0.6105823877077747
1.8455607661325835,0.6609693762020328
2.0733940320616497,0.7086287154962977
2.329353165215711,0.7529037998479478
2.6169102854537,0.7933011185440171
2.9399661435534976,0.8295026918450581
3.3029030354176987,0.8613655044161601
3.710644248503383,0.8889092202414445
4.168720846874621,0.9122945071443422
4.683346700825936,0.9317949567969189
5.261502778863538,0.9477658165122661
5.911031845476362,0.960612579327347
6.64074484928479,0.9707619906683385
7.4605404447366075,0.9786373383217825
8.381539268677866,0.9846391220516688
9.416234793278331,0.9891314625907207
10.578662801651687,0.992433992151605
11.884591785129816,0.9948185203667058
13.351736844955687,0.9965095060056431
15.0,0.9976872721535632
