SA(0.6s) [g],Complete_damage
0.05000000000000001,1.1102230246251565e-16
0.056172467201025755,7.771561172376096e-16
0.06310692142900626,7.993605777301127e-15
0.07089742948257126,7.194245199571014e-14
0.07964967064493539,5.987432771803469e-13
0.08948237023750269,4.595657188133373e-12
0.10052891014472326,3.253308733519589e-11
0.11293913815718663,2.1245560866134383e-10
0.1268814006769336,1.2800744908503248e-09
0.14254482635890514,7.116959133135481e-09
0.16014189166643014,3.651937274806727e-08
0.17991130314285533,1.7298540011534413e-07
0.2021212354977168,7.565761316330466e-07
0.2270729694325259,3.056095031039874e-06
0.2551049785537617,1.140467733473649e-05
0.28659752081259104,3.9332554233495465e-05
0.3219777967548112,0.00012541502513085945
0.36172574455336326,0.0003698960738789392
0.4063805504338082,0.0010096769922647297
0.45654796280755766,0.002552353194948287
0.5129085093300529,0.005979852407358988
0.5762267283493882,0.012996676140195618
0.6473615399712076,0.026232951078899225
0.7272778974247632,0.0492396465244852
0.8170598767824696,0.08608706348039219
0.9179253825967483,0.14046530136986124
1.0312426689380967,0.2144103782883886
1.1585488999444697,0.30706350276766636
1.3015710016583038,0.414037444061664
1.4622490880091454,0.5278429668294595
1.6427627787184707,0.6394049478497663
1.8455607661325835,0.7401761860928243
2.0733940320616497,0.8240495893593742
2.329353165215711,0.8883744506933472
2.6169102854537,0.9338313534799212
2.9399661435534976,0.9634309996536642
3.3029030354176987,0.9811907983338924
3.710644248503383,0.9910094846864376
4.168720846874621,0.9960113431849469
4.683346700825936,0.9983591954548181
5.261502778863538,0.999374672296603
5.911031845476362,0.999779367045973
6.64074484928479,0.9999279748672629
7.4605404447366075,0.9999782566243969
8.381539268677866,0.999993932503693
9.416234793278331,0.9999984355244128
10.578662801651687,0.9999996273818732
11.884591785129816,0.9999999180455039
13.351736844955687,0.9999999833586539
15.0,0.9999999968809857
