SA(0.6s) [g],Loss_ratio
0.05000000000000001,0.0001776648363804902
0.056172467201025755,0.000289321629785651
0.06310692142900626,0.00046382332718541616
0.07089742948257126,0.0007321569391680373
0.07964967064493539,0.0011382046473579492
0.08948237023750269,0.0017429039594853805
0.10052891014472326,0.0026291447311539897
0.11293913815718663,0.003907215059491694
0.1268814006769336,0.005720438405974675
0.14254482635890514,0.008250519978162056
0.16014189166643014,0.011722166286372905
0.17991130314285533,0.016406909951871763
0.2021212354977168,0.02262686140375083
0.2270729694325259,0.03076022828605485
0.2551049785537617,0.0412514432327863
0.28659752081259104,0.05462870397102397
0.3219777967548112,0.07152936722529789
0.36172574455336326,0.0927277889023588
0.4063805504338082,0.11915086069509537
0.45654796280755766,0.1518561363761688
0.5129085093300529,0.19194183554798305
0.5762267283493882,0.24036510751760387
0.6473615399712076,0.2976708188144978
0.7272778974247632,0.3636758766514909
0.8170598767824696,0.4371992933903315
0.9179253825967483,0.5159512680152254
1.0312426689380967,0.5966725263447088
1.1585488999444697,0.6755431228568096
1.3015710016583038,0.7487810923322618
1.4622490880091454,0.8132702649057509
1.6427627787184707,0.8670355596783309
1.8455607661325835,0.9094371494491803
2.0733940320616497,0.9410574653410759
2.329353165215711,0.963357973424628
2.6169102854537,0.9782412243392673
2.9399661435534976,0.9876510960081902
3.3029030354176987,0.9932955635169465
3.710644248503383,0.9965138167282547
4.168720846874621,0.9982615997041641
4.683346700825936,0.9991676992089545
5.261502778863538,0.9996170515397403
5.911031845476362,0.9998305897912747
6.64074484928479,0.9999279456768477
7.4605404447366075,0.9999705520899138
8.381539268677866,0.9999884473803565
9.416234793278331,0.9999956553091708
10.578662801651687,0.9999984359851701
11.884591785129816,0.9999994618920296
13.351736844955687,0.9999998233042271
15.0,0.9999999446954927
