SA(0.6s) [g],Loss_ratio
0.05000000000000001,0.0002216068146839108
0.056172467201025755,0.00036042590403688246
0.06310692142900626,0.0005767660817247017
0.07089742948257126,0.0009081555969085129
0.07964967064493539,0.0014071035324235215
0.08948237023750269,0.002145499893735955
0.10052891014472326,0.003219608622671382
0.11293913815718663,0.004755445461543573
0.1268814006769336,0.0069142223210309104
0.14254482635890514,0.009897471140571469
0.16014189166643014,0.013951505967878948
0.17991130314285533,0.019371142005139445
0.2021212354977168,0.026503158403534656
0.2270729694325259,0.03575086376600521
0.2551049785537617,0.04758203220052373
0.28659752081259104,0.06254269442935104
0.3219777967548112,0.08127753568333301
0.36172574455336326,0.10455254366147344
0.4063805504338082,0.13326653274922196
0.45654796280755766,0.16842725340071135
0.5129085093300529,0.21106081864019338
0.5762267283493882,0.2620290059110699
0.6473615399712076,0.3217551193601633
0.7272778974247632,0.3899044476919224
0.8170598767824696,0.465114579479932
0.9179253825967483,0.5448964969000241
1.0312426689380967,0.6258032078533181
1.1585488999444697,0.7038828488195944
1.3015710016583038,0.7753241197202534
1.4622490880091454,0.8371143633244751
1.6427627787184707,0.887512252583169
1.8455607661325835,0.9262021570035923
2.0733940320616497,0.9541154566166101
2.329353165215711,0.9730178283459295
2.6169102854537,0.9850204500678336
2.9399661435534976,0.9921609985725376
3.3029030354176987,0.9961382653144375
3.710644248503383,0.998211201589546
4.168720846874621,0.9992216734774522
4.683346700825936,0.9996821628184802
5.261502778863538,0.999878280715864
5.911031845476362,0.9999563145771846
6.64074484928479,0.9999853147256985
7.4605404447366075,0.9999953786163016
8.381539268677866,0.9999986391557398
9.416234793278331,0.9999996251862194
10.578662801651687,0.9999999034756331
11.884591785129816,0.9999999767655219
13.351736844955687,0.999999994773894
15.0,0.9999999989018535
