SA(1.0s) [g],Loss_ratio
0.05000000000000001,3.9703377989574335e-06
0.056172467201025755,7.212475244117179e-06
0.06310692142900626,1.308938610433535e-05
0.07089742948257126,2.3756789965794413e-05
0.07964967064493539,4.312257106723117e-05
0.08948237023750269,7.821106233683831e-05
0.10052891014472326,0.00014151415887175047
0.11293913815718663,0.0002549994454476937
0.1268814006769336,0.0004568851282815286
0.14254482635890514,0.0008129625312495662
0.16014189166643014,0.0014351265967743419
0.17991130314285533,0.002510610354328002
0.2021212354977168,0.004345541310402558
0.2270729694325259,0.0074246661395490545
0.2551049785537617,0.012483965380401868
0.28659752081259104,0.020583450536614506
0.3219777967548112,0.033154588201336994
0.36172574455336326,0.05198458455682345
0.4063805504338082,0.07909562312472712
0.45654796280755766,0.11648975194479233
0.5129085093300529,0.16576457796374855
0.5762267283493882,0.22765701873271643
0.6473615399712076,0.30162543082977217
0.7272778974247632,0.38560894409258173
0.8170598767824696,0.4760835565134919
0.9179253825967483,0.5684611231234962
1.0312426689380967,0.6577695015458158
1.1585488999444697,0.739451372270947
1.3015710016583038,0.8100706150518169
1.4622490880091454,0.867743204086505
1.6427627787184707,0.912203905163094
1.8455607661325835,0.9445394898016842
2.0733940320616497,0.9667135917711418
2.329353165215711,0.9810441650234759
2.6169102854537,0.9897689546964182
2.9399661435534976,0.9947713211285658
3.3029030354176987,0.9974716577367759
3.710644248503383,0.9988438567598539
4.168720846874621,0.9995002375452589
4.683346700825936,0.9997958150542134
5.261502778863538,0.9999211473758579
5.911031845476362,0.9999712085739946
6.64074484928479,0.9999900553188671
7.4605404447366075,0.9999967481274299
8.381539268677866,0.9999989922921603
9.416234793278331,0.999999703693214
10.578662801651687,0.9999999172075085
11.884591785129816,0.9999999779818198
13.351736844955687,0.999999994417443
15.0,0.9999999986484414
