SA(0.6s) [g],Complete_damage
0.05000000000000001,9.838130310413362e-12
0.056172467201025755,2.222433348464392e-11
0.06310692142900626,4.9501513998961855e-11
0.07089742948257126,1.0871537003964704e-10
0.07964967064493539,2.3542245930485706e-10
0.08948237023750269,5.02683561443007e-10
0.10052891014472326,1.0583666165686623e-09
0.11293913815718663,2.197239168388876e-09
0.1268814006769336,4.498043604250768e-09
0.14254482635890514,9.079894280894507e-09
0.16014189166643014,1.807401572850864e-08
0.17991130314285533,3.5477379478621174e-08
0.2021212354977168,6.86717382958335e-08
0.2270729694325259,1.3108142593587502e-07
0.2551049785537617,2.4674493981358125e-07
0.28659752081259104,4.580439233459188e-07
0.3219777967548112,8.38544302439459e-07
0.36172574455336326,1.5139573495970282e-06
0.4063805504338082,2.695747781999991e-06
0.45654796280755766,4.7340480968660614e-06
0.5129085093300529,8.199441602463331e-06
0.5762267283493882,1.4007000622040522e-05
0.6473615399712076,2.360081699237515e-05
0.7272778974247632,3.922314928894721e-05
0.8170598767824696,6.4299079133745e-05
0.9179253825967483,0.00010397480959645211
1.0312426689380967,0.00016585469936547526
1.1585488999444697,0.0002609876246734144
1.3015710016583038,0.00040515563200349547
1.4622490880091454,0.0006205149508431429
1.6427627787184707,0.0009376287751756696
1.8455607661325835,0.0013979101680283712
2.0733940320616497,0.002056459636083141
2.329353165215711,0.0029852338149440882
2.6169102854537,0.0042764192287244596
2.9399661435534976,0.006045810342496294
3.3029030354176987,0.008435909000048869
3.710644248503383,0.011618380864810596
4.168720846874621,0.015795434767810645
4.683346700825936,0.021199646441559694
5.261502778863538,0.028091743588648965
5.911031845476362,0.036755918270329646
6.64074484928479,0.047492345419502646
7.4605404447366075,0.060606766936598055
8.381539268677866,0.07639724477038112
9.416234793278331,0.09513847886093907
10.578662801651687,0.11706440158955722
11.884591785129816,0.14235006518678484
13.351736844955687,0.171094092468971
15.0,0.20330312370645642
