SA(0.6s) [g],Complete_damage
0.05000000000000001,4.607522141597542e-10
0.056172467201025755,9.716625282152336e-10
0.06310692142900626,2.0205175310650247e-09
0.07089742948257126,4.14299372586413e-09
0.07964967064493539,8.37675961928852e-09
0.08948237023750269,1.670143756626885e-08
0.10052891014472326,3.283627847405768e-08
0.11293913815718663,6.366237681465492e-08
0.1268814006769336,1.2171596575072385e-07
0.14254482635890514,2.2948555655766256e-07
0.16014189166643014,4.2669152144902966e-07
0.17991130314285533,7.824051615479277e-07
0.2021212354977168,1.4148718494588763e-06
0.2270729694325259,2.5233610460029254e-06
0.2551049785537617,4.438419130115001e-06
0.28659752081259104,7.699706884412016e-06
0.3219777967548112,1.3174314249631003e-05
0.36172574455336326,2.2233173856966992e-05
0.4063805504338082,3.7008966244256314e-05
0.45654796280755766,6.0765590898514965e-05
0.5129085093300529,9.841649432618116e-05
0.5762267283493882,0.00015723619112117948
0.6473615399712076,0.0002478150574285465
0.7272778974247632,0.000385310310220488
0.8170598767824696,0.000591043924264234
0.9179253825967483,0.0008944886122411733
1.0312426689380967,0.0013356632725755047
1.1585488999444697,0.0019679270788296455
1.3015710016583038,0.0028611149715533912
1.4622490880091454,0.004104896440068173
1.6427627787184707,0.00581216596420453
1.8455607661325835,0.008122191864481154
2.0733940320616497,0.011203168245752404
2.329353165215711,0.01525374298812543
2.6169102854537,0.02050304664353919
2.9399661435534976,0.027208737209036937
3.3029030354176987,0.03565261796987129
3.710644248503383,0.046133490692111145
4.168720846874621,0.058957079295653414
4.683346700825936,0.07442309630768307
5.261502778863538,0.09280981235174657
5.911031845476362,0.11435680360306799
6.64074484928479,0.13924686019115073
7.4605404447366075,0.16758830045793993
8.381539268677866,0.19939911096543383
9.416234793278331,0.2345943840471698
10.578662801651687,0.2729784283245196
11.884591785129816,0.3142426742003914
13.351736844955687,0.35797009712689176
15.0,0.4036463683832392
