SA(1.0s) [g],Loss_ratio
0.05000000000000001,5.199026506116837e-13
0.056172467201025755,3.030639328303887e-12
0.06310692142900626,1.664043809486036e-11
0.07089742948257126,8.606942427457103e-11
0.07964967064493539,4.1939239549162937e-10
0.08948237023750269,1.925407497752292e-09
0.10052891014472326,8.329140763480743e-09
0.11293913815718663,3.395498745720215e-08
0.1268814006769336,1.3046345630310654e-07
0.14254482635890514,4.7251852597229943e-07
0.16014189166643014,1.6134808634227033e-06
0.17991130314285533,5.195209376375678e-06
0.2021212354977168,1.5777062494490372e-05
0.2270729694325259,4.5199624958975025e-05
0.2551049785537617,0.00012219267356784188
0.28659752081259104,0.0003118100999473262
0.3219777967548112,0.0007513168320791816
0.36172574455336326,0.0017100999346894036
0.4063805504338082,0.003678679975733552
0.45654796280755766,0.007483016502565766
0.5129085093300529,0.014403244826481592
0.5762267283493882,0.02625301921246714
0.6473615399712076,0.04535565331574527
0.7272778974247632,0.0743510987164659
0.8170598767824696,0.11579799303270988
0.9179253825967483,0.17160069857485039
1.0312426689380967,0.24237508417721912
1.1585488999444697,0.3269328293280067
1.3015710016583038,0.42207454692975577
1.4622490880091454,0.5228203947397754
1.6427627787184707,0.6230887528311774
1.8455607661325835,0.7166973643897803
2.0733940320616497,0.7984491031869567
2.329353165215711,0.8650125025607809
2.6169102854537,0.91534508796312
2.9399661435534976,0.9505453669899886
3.3029030354176987,0.9732192283082344
3.710644248503383,0.9866179523926034
4.168720846874621,0.9938551769402105
4.683346700825936,0.9974166690196208
5.261502778863538,0.9990088887636058
5.911031845476362,0.9996539765764357
6.64074484928479,0.9998903359493335
7.4605404447366075,0.999968516601699
8.381539268677866,0.9999918272207
9.416234793278331,0.9999980846290133
10.578662801651687,0.999999595283603
11.884591785129816,0.9999999229868932
13.351736844955687,0.9999999868154711
15.0,0.9999999979710128
