SA(0.3s) [g],Complete_damage
0.05000000000000001,4.325272335747865e-05
0.056172467201025755,8.065034907833724e-05
0.06310692142900626,0.0001470949559514434
0.07089742948257126,0.00026243429442596167
0.07964967064493539,0.0004580470700130679
0.08948237023750269,0.0007821769269157341
0.10052891014472326,0.0013069154457117094
0.11293913815718663,0.0021368979921438935
0.1268814006769336,0.0034195153182106086
0.14254482635890514,0.0053560594211133905
0.16014189166643014,0.008212727933922248
0.17991130314285533,0.012329857052013393
0.2021212354977168,0.018127231160822266
0.2270729694325259,0.026102960024100064
0.2551049785537617,0.03682337672572511
0.28659752081259104,0.05090183815122584
0.3219777967548112,0.06896529972952259
0.36172574455336326,0.09160908518139954
0.4063805504338082,0.11934224539174099
0.45654796280755766,0.15252802131899024
0.5129085093300529,0.191325802329952
0.5762267283493882,0.23564216424157214
0.6473615399712076,0.2850986919319476
0.7272778974247632,0.33902310861753415
0.8170598767824696,0.3964677612241191
0.9179253825967483,0.45625604386508833
1.0312426689380967,0.5170534249964649
1.1585488999444697,0.5774560744067105
1.3015710016583038,0.6360873612997817
1.4622490880091454,0.6916912526235552
1.6427627787184707,0.7432121315906293
1.8455607661325835,0.7898526808808386
2.0733940320616497,0.8311048091870995
2.329353165215711,0.8667524971887749
2.6169102854537,0.8968491830015
2.9399661435534976,0.9216752699192989
3.3029030354176987,0.9416831073623328
3.710644248503383,0.9574372328625143
4.168720846874621,0.969556900562231
4.683346700825936,0.9786662921800752
5.261502778863538,0.985355739989944
5.911031845476362,0.9901552111748947
6.64074484928479,0.993519542152568
7.4605404447366075,0.9958236681878132
8.381539268677866,0.9973654251626063
9.416234793278331,0.998373349119984
10.578662801651687,0.9990171354501511
11.884591785129816,0.9994188872674649
13.351736844955687,0.9996638364780684
15.0,0.9998097502590969
