SA(0.6s) [g],Loss_ratio
0.05000000000000001,2.380740815893585e-31
0.056172467201025755,8.10761111972103e-30
0.06310692142900626,2.515665627355697e-28
0.07089742948257126,1.1102230246962793e-16
0.07964967064493539,1.2212453272708944e-15
0.08948237023750269,1.1213252553015189e-14
0.10052891014472326,9.359180106791106e-14
0.11293913815718663,7.235323469419982e-13
0.1268814006769336,5.182965200031792e-12
0.14254482635890514,3.441480485577602e-11
0.16014189166643014,2.1184177396995798e-10
0.17991130314285533,1.2090161009472002e-09
0.2021212354977168,6.398357102786205e-09
0.2270729694325259,3.1404424027357534e-08
0.2551049785537617,1.4298095708188154e-07
0.28659752081259104,6.03976708919167e-07
0.3219777967548112,2.3676574808507715e-06
0.36172574455336326,8.615711423466354e-06
0.4063805504338082,2.911197776147978e-05
0.45654796280755766,9.137280560075317e-05
0.5129085093300529,0.0002665078543335415
0.5762267283493882,0.0007227157205014303
0.6473615399712076,0.0018232606991152546
0.7272778974247632,0.004282214341459545
0.8170598767824696,0.009371583575009067
0.9179253825967483,0.019132091744690296
1.0312426689380967,0.036485009709947704
1.1585488999444697,0.06510378071426648
1.3015710016583038,0.10892375694635638
1.4622490880091454,0.17126791337735744
1.6427627787184707,0.25371628861550427
1.8455607661325835,0.35498534155161404
2.0733940320616497,0.4701850073388539
2.329353165215711,0.5908996366183239
2.6169102854537,0.7065020618237736
2.9399661435534976,0.8067017675588
3.3029030354176987,0.8844986683988014
3.710644248503383,0.9380684358527596
4.168720846874621,0.9704924774986401
4.683346700825936,0.9876134118723164
5.261502778863538,0.9954517402796466
5.911031845476362,0.9985478285114464
6.64074484928479,0.9995988246348502
7.4605404447366075,0.9999044906863219
8.381539268677866,0.9999804691287845
9.416234793278331,0.9999965787168379
10.578662801651687,0.9999994877492397
11.884591785129816,0.999999934565945
13.351736844955687,0.9999999928798655
15.0,0.9999999993408575
