SA(1.0s) [g],Loss_ratio
0.05000000000000001,6.03961125055374e-08
0.056172467201025755,1.5263311431082653e-07
0.06310692142900626,3.705590622367909e-07
0.07089742948257126,8.645141745300003e-07
0.07964967064493539,1.9389308960161733e-06
0.08948237023750269,4.182542058501991e-06
0.10052891014472326,8.683102469372005e-06
0.11293913815718663,1.736241771073321e-05
0.1268814006769336,3.347262712973687e-05
0.14254482635890514,6.230002102119649e-05
0.16014189166643014,0.00011213691019263925
0.17991130314285533,0.00019562543098737
0.2021212354977168,0.00033168369983949933
0.2270729694325259,0.0005484372621364639
0.2551049785537617,0.0008879306541583236
0.28659752081259104,0.0014138738674975885
0.3219777967548112,0.002224182775183001
0.36172574455336326,0.003470360953751937
0.4063805504338082,0.005385458857797708
0.45654796280755766,0.00832097804736889
0.5129085093300529,0.012790313388193508
0.5762267283493882,0.019512178278404062
0.6473615399712076,0.029442630661830296
0.7272778974247632,0.04378025901183974
0.8170598767824696,0.06392770654712103
0.9179253825967483,0.09139563985230953
1.0312426689380967,0.1276429736814737
1.1585488999444697,0.17385860166220984
1.3015710016583038,0.23070327933292795
1.4622490880091454,0.2980447059806562
1.6427627787184707,0.37473453987920474
1.8455607661325835,0.4584917704435433
2.0733940320616497,0.5459645830118562
2.329353165215711,0.6330265368627885
2.6169102854537,0.7153078540039367
2.9399661435534976,0.7888740740817053
3.3029030354176987,0.8508789890186428
3.710644248503383,0.899991006865002
4.168720846874621,0.9364556533426075
4.683346700825936,0.9617914848725772
5.261502778863538,0.9782530602730243
5.911031845476362,0.9882605441196072
6.64074484928479,0.9939652912472584
7.4605404447366075,0.9970274086717364
8.381539268677866,0.9985853291292413
9.416234793278331,0.9993435238236282
10.578662801651687,0.9997004490931078
11.884591785129816,0.9998648641181255
13.351736844955687,0.9999396610021749
15.0,0.999973414179983
