SA(0.3s) [g],Complete_damage
0.05000000000000001,3.4226327327857575e-09
0.056172467201025755,1.0164534880452436e-08
0.06310692142900626,2.919263675238426e-08
0.07089742948257126,8.108517990379482e-08
0.07964967064493539,2.1783005077491424e-07
0.08948237023750269,5.660181060518354e-07
0.10052891014472326,1.422688097219016e-06
0.11293913815718663,3.4593091386980745e-06
0.1268814006769336,8.137780828421093e-06
0.14254482635890514,1.852250602074612e-05
0.16014189166643014,4.0795743416088825e-05
0.17991130314285533,8.695609688835759e-05
0.2021212354977168,0.000179394503515784
0.2270729694325259,0.00035826282016393485
0.2551049785537617,0.0006926981317953995
0.28659752081259104,0.001296909177542993
0.3219777967548112,0.0023516921405534186
0.36172574455336326,0.00413093628182537
0.4063805504338082,0.0070309900503640055
0.45654796280755766,0.011598449431063473
0.5129085093300529,0.01854935745026931
0.5762267283493882,0.028770669669669235
0.6473615399712076,0.043294129520934255
0.7272778974247632,0.06323443903084291
0.8170598767824696,0.08968848601141155
0.9179253825967483,0.12360028319231309
1.0312426689380967,0.1656059601828933
1.1585488999444697,0.21588230531715413
1.3015710016583038,0.2740280535955303
1.4622490880091454,0.339006721626276
1.6427627787184707,0.4091719976167868
1.8455607661325835,0.4823823124570775
2.0733940320616497,0.5561932838815105
2.329353165215711,0.6280997885912056
2.6169102854537,0.6957881566497978
2.9399661435534976,0.757356647250859
3.3029030354176987,0.8114696400764605
3.710644248503383,0.8574257401936443
4.168720846874621,0.8951380663310549
4.683346700825936,0.9250415639105645
5.261502778863538,0.9479533598100067
5.911031845476362,0.9649160494349861
6.64074484928479,0.9770507396728707
7.4605404447366075,0.9854387898504967
8.381539268677866,0.9910414159151801
9.416234793278331,0.994657349863535
10.578662801651687,0.9969123548686318
11.884591785129816,0.9982712083562953
13.351736844955687,0.9990624256757528
15.0,0.9995075864487193
