SA(1.0s) [g],Complete_damage
0.05000000000000001,4.551914400963142e-15
0.056172467201025755,1.942890293094024e-14
0.06310692142900626,7.993605777301127e-14
0.07089742948257126,3.1807889655510735e-13
0.07964967064493539,1.2223555501122974e-12
0.08948237023750269,4.540923193019353e-12
0.10052891014472326,1.6306289651879524e-11
0.11293913815718663,5.660127921913727e-11
0.1268814006769336,1.8992263317585412e-10
0.14254482635890514,6.160603138738452e-10
0.16014189166643014,1.9318975308380004e-09
0.17991130314285533,5.857050289215238e-09
0.2021212354977168,1.7168367394404527e-08
0.2270729694325259,4.8658333251516694e-08
0.2551049785537617,1.333486466803535e-07
0.28659752081259104,3.533867863891871e-07
0.3219777967548112,9.056740092328042e-07
0.36172574455336326,2.24484170441297e-06
0.4063805504338082,5.381794578318555e-06
0.45654796280755766,1.24805825881813e-05
0.5129085093300529,2.7999582073001683e-05
0.5762267283493882,6.0774879478420196e-05
0.6473615399712076,0.00012764515028507173
0.7272778974247632,0.0002594474973267591
0.8170598767824696,0.0005104146741969906
0.9179253825967483,0.0009720664598649176
1.0312426689380967,0.0017924482580429224
1.1585488999444697,0.0032008336067872456
1.3015710016583038,0.00553660882429019
1.4622490880091454,0.00927896168331166
1.6427627787184707,0.01507141617994534
1.8455607661325835,0.023732750489351306
2.0733940320616497,0.036244305979652225
2.329353165215711,0.05370422396400232
2.6169102854537,0.07724265601856706
2.9399661435534976,0.1078987870379684
3.3029030354176987,0.14646985632486076
3.710644248503383,0.1933523356002419
4.168720846874621,0.2484031879305637
4.683346700825936,0.310851705593173
5.261502778863538,0.37928774207424154
5.911031845476362,0.4517400470460682
6.64074484928479,0.5258410719285198
7.4605404447366075,0.5990562085398607
8.381539268677866,0.6689409224787214
9.416234793278331,0.7333827950694932
10.578662801651687,0.7907889878703853
11.884591785129816,0.8401920597838395
13.351736844955687,0.8812648074461464
15.0,0.9142529699491695
