SA(1.0s) [g],Complete_damage
0.05000000000000001,4.218847493575595e-14
0.056172467201025755,1.7064127888488656e-13
0.06310692142900626,6.659117701701689e-13
0.07089742948257126,2.5123236824242667e-12
0.07964967064493539,9.161671421509254e-12
0.08948237023750269,3.2295055518716254e-11
0.10052891014472326,1.1004530620084552e-10
0.11293913815718663,3.624893718523481e-10
0.1268814006769336,1.1543166422711693e-09
0.14254482635890514,3.553689897906054e-09
0.16014189166643014,1.0577412057344304e-08
0.17991130314285533,3.0440152731792125e-08
0.2021212354977168,8.470436407836957e-08
0.2270729694325259,2.279199977639479e-07
0.2551049785537617,5.930689929156685e-07
0.28659752081259104,1.4924685501904733e-06
0.3219777967548112,3.632589086977056e-06
0.36172574455336326,8.55215663397857e-06
0.4063805504338082,1.9477091789510403e-05
0.45654796280755766,4.291474739837042e-05
0.5129085093300529,9.148976191808433e-05
0.5762267283493882,0.00018874551133307715
0.6473615399712076,0.00037685959253319634
0.7272778974247632,0.0007283642612965213
0.8170598767824696,0.0013628834379432186
0.9179253825967483,0.0024694113022042385
1.0312426689380967,0.004333574746216651
1.1585488999444697,0.007367533878175236
1.3015710016583038,0.012137767444344694
1.4622490880091454,0.01938335830399196
1.6427627787184707,0.030015292424375173
1.8455607661325835,0.045086744989103034
2.0733940320616497,0.06572639654456225
2.329353165215711,0.09303214430849305
2.6169102854537,0.1279309280617551
2.9399661435534976,0.17102038798206476
3.3029030354176987,0.2224172237425579
3.710644248503383,0.28164239342185937
4.168720846874621,0.3475720578564292
4.683346700825936,0.41847431379319144
5.261502778863538,0.4921363787918117
5.911031845476362,0.5660683658101933
6.64074484928479,0.6377529089213266
7.4605404447366075,0.7048993986676478
8.381539268677866,0.7656605151380189
9.416234793278331,0.8187774249711564
10.578662801651687,0.8636358954410192
11.884591785129816,0.9002341775541454
13.351736844955687,0.929079904491347
15.0,0.9510436694921847
