SA(1.0s) [g],Complete_damage
0.05000000000000001,1.1102230246251565e-16
0.056172467201025755,6.661338147750939e-16
0.06310692142900626,4.3298697960381105e-15
0.07089742948257126,2.7977620220553945e-14
0.07964967064493539,1.708633234898116e-13
0.08948237023750269,9.844347559351263e-13
0.10052891014472326,5.360156762890256e-12
0.11293913815718663,2.7581714689972614e-11
0.1268814006769336,1.3412881916252672e-10
0.14254482635890514,6.164767585303821e-10
0.16014189166643014,2.6782039919126532e-09
0.17991130314285533,1.0998808197548726e-08
0.2021212354977168,4.270413245244242e-08
0.2270729694325259,1.5677218645482327e-07
0.2551049785537617,5.442538407729458e-07
0.28659752081259104,1.787033946154537e-06
0.3219777967548112,5.55055371276314e-06
0.36172574455336326,1.6311527429091477e-05
0.4063805504338082,4.536292762336025e-05
0.45654796280755766,0.00011941570207241181
0.5129085093300529,0.0002976433078761831
0.5762267283493882,0.0007026559307614644
0.6473615399712076,0.0015716616450075493
0.7272778974247632,0.0033321684135056984
0.8170598767824696,0.006699719795089876
0.9179253825967483,0.01278180728294498
1.0312426689380967,0.023153589635707794
1.1585488999444697,0.039853601835183716
1.3015710016583038,0.06524245996730293
1.4622490880091454,0.10168702933201801
1.6427627787184707,0.15108237158584226
1.8455607661325835,0.21429486284499943
2.0733940320616497,0.29067557727657467
2.329353165215711,0.37781778510153985
2.6169102854537,0.47169009965663256
2.9399661435534976,0.5671697169119164
3.3029030354176987,0.6588652121717986
3.710644248503383,0.7420127687790279
4.168720846874621,0.8132021264349893
4.683346700825936,0.870752035458397
5.261502778863538,0.9146796930708667
5.911031845476362,0.9463385405493335
6.64074484928479,0.9678820067984822
7.4605404447366075,0.9817240188093065
8.381539268677866,0.990121435837355
9.416234793278331,0.994931542861689
10.578662801651687,0.9975330552507714
11.884591785129816,0.9988615467634967
13.351736844955687,0.9995020966321635
15.0,0.9997937103163647
