SA(0.3s) [g],Complete_damage
0.05000000000000001,8.074966887061663e-05
0.056172467201025755,0.0001316822914450011
0.06310692142900626,0.00021164890700342553
0.07089742948257126,0.0003352935201419438
0.07964967064493539,0.0005235697519998528
0.08948237023750269,0.0008059079342054298
0.10052891014472326,0.0012228709686565864
0.11293913815718663,0.0018292990784364305
0.1268814006769336,0.0026978892824275347
0.14254482635890514,0.003923081892289071
0.16014189166643014,0.005625035245643728
0.17991130314285533,0.007953366587717059
0.2021212354977168,0.011090231142111606
0.2270729694325259,0.015252217040149674
0.2551049785537617,0.020690468693108977
0.28659752081259104,0.027688435187270932
0.3219777967548112,0.03655669243265902
0.36172574455336326,0.04762442290584745
0.4063805504338082,0.0612273615067237
0.45654796280755766,0.07769232511481061
0.5129085093300529,0.09731881744640591
0.5762267283493882,0.12035860559858169
0.6473615399712076,0.14699455338312362
0.7272778974247632,0.1773203145924731
0.8170598767824696,0.2113226816598759
0.9179253825967483,0.2488684051807497
1.0312426689380967,0.2896971182716479
1.1585488999444697,0.33342161234995127
1.3015710016583038,0.3795361420734039
1.4622490880091454,0.4274327397890195
1.6427627787184707,0.47642476990729155
1.8455607661325835,0.5257762404234777
2.0733940320616497,0.574734802082713
2.329353165215711,0.6225659819010623
2.6169102854537,0.6685860680058608
2.9399661435534976,0.7121912044928295
3.3029030354176987,0.7528806491600755
3.710644248503383,0.7902727411294825
4.168720846874621,0.824112842161698
4.683346700825936,0.8542732649074896
5.261502778863538,0.8807458944669564
5.911031845476362,0.9036287712986196
6.64074484928479,0.9231082820203637
7.4605404447366075,0.9394387768381506
8.381539268677866,0.9529214038565836
9.416234793278331,0.963883751500913
10.578662801651687,0.9726615678831981
11.884591785129816,0.979583435380147
13.351736844955687,0.9849588743606909
15.0,0.9890699782630562
