SA(0.6s) [g],Loss_ratio
0.05000000000000001,4.067815482300778e-08
0.056172467201025755,9.791115659017316e-08
0.06310692142900626,2.3229098139978466e-07
0.07089742948257126,5.403596393118373e-07
0.07964967064493539,1.226920289491111e-06
0.08948237023750269,2.7093298487211286e-06
0.10052891014472326,5.803061035440841e-06
0.11293913815718663,1.203435475857826e-05
0.1268814006769336,2.4139446934174857e-05
0.14254482635890514,4.682280484259292e-05
0.16014189166643014,8.786215452966244e-05
0.17991130314285533,0.00015967925381269894
0.2021212354977168,0.0002815729213298105
0.2270729694325259,0.0004829847840502052
0.2551049785537617,0.0008084972397892282
0.28659752081259104,0.0013257810139333344
0.3219777967548112,0.0021383642469711374
0.36172574455336326,0.00340566945560273
0.4063805504338082,0.005372814484640483
0.45654796280755766,0.008411539149744766
0.5129085093300529,0.013070587490611206
0.5762267283493882,0.020128539513132572
0.6473615399712076,0.030634869065963126
0.7272778974247632,0.04591766669278409
0.8170598767824696,0.0675322596640288
0.9179253825967483,0.09712802932388609
1.0312426689380967,0.13622452576026786
1.1585488999444697,0.18591298354315722
1.3015710016583038,0.24653094691197766
1.4622490880091454,0.31738579432773534
1.6427627787184707,0.3966143131264952
1.8455607661325835,0.4812492396029609
2.0733940320616497,0.567517762681014
2.329353165215711,0.6513321505609718
2.6169102854537,0.7288707861574135
2.9399661435534976,0.7971137107796873
3.3029030354176987,0.8542062098341894
3.710644248503383,0.8995754061263512
4.168720846874621,0.9337986893778983
4.683346700825936,0.9582905562453612
5.261502778863538,0.9749120814701715
5.911031845476362,0.9856058761925456
6.64074484928479,0.9921271051741885
7.4605404447366075,0.9958963873227481
8.381539268677866,0.9979617452539885
9.416234793278331,0.9990350146898509
10.578662801651687,0.9995642826412994
11.884591785129816,0.9998121928885815
13.351736844955687,0.9999226260428724
15.0,0.9999694824622524
