SA(1.0s) [g],Complete_damage
0.05000000000000001,4.590422595374122e-06
0.056172467201025755,8.978399798520442e-06
0.06310692142900626,1.7202320586884312e-05
0.07089742948257126,3.2287829700328174e-05
0.07964967064493539,5.9371501521576775e-05
0.08948237023750269,0.00010696215329408787
0.10052891014472326,0.00018880906957008392
0.11293913815718663,0.00032657745464026444
0.1268814006769336,0.0005535448167229839
0.14254482635890514,0.000919513451948295
0.16014189166643014,0.0014970652676997709
0.17991130314285533,0.0023891470852264174
0.2021212354977168,0.003737753074714467
0.2270729694325259,0.005733163136580122
0.2551049785537617,0.008622817656159576
0.28659752081259104,0.012718501186766096
0.3219777967548112,0.018400139423694672
0.36172574455336326,0.026114278994735174
0.4063805504338082,0.036365324142586086
0.45654796280755766,0.04969794563849139
0.5129085093300529,0.0666698162745798
0.5762267283493882,0.08781496009872458
0.6473615399712076,0.11359943846541487
0.7272778974247632,0.14437265119583031
0.8170598767824696,0.18031894482207633
0.9179253825967483,0.22141519445577185
1.0312426689380967,0.26740028688207684
1.1585488999444697,0.3177617965549062
1.3015710016583038,0.37174357942067393
1.4622490880091454,0.4283756599779591
1.6427627787184707,0.48652497743207923
1.8455607661325835,0.5449627343996464
2.0733940320616497,0.6024417427355399
2.329353165215711,0.6577757098221515
2.6169102854537,0.7099121240418692
2.9399661435534976,0.7579913334457739
3.3029030354176987,0.8013863923525486
3.710644248503383,0.8397209140065665
4.168720846874621,0.8728650430919929
4.683346700825936,0.900912272511823
5.261502778863538,0.9241417856726184
5.911031845476362,0.9429720765280553
6.64074484928479,0.9579117367401997
7.4605404447366075,0.9695126231646635
8.381539268677866,0.9783293702733572
9.416234793278331,0.9848876862580378
10.578662801651687,0.9896623525612532
11.884591785129816,0.9930645572123421
13.351736844955687,0.9954372666272403
15.0,0.9970568203937216
