SA(1.0s) [g],Complete_damage
0.05000000000000001,1.2803654492188343e-07
0.056172467201025755,2.7719974937667757e-07
0.06310692142900626,5.877667464959657e-07
0.07089742948257126,1.2206350216148465e-06
0.07964967064493539,2.482857172969588e-06
0.08948237023750269,4.946755274737313e-06
0.10052891014472326,9.654080290077971e-06
0.11293913815718663,1.8456258283783278e-05
0.1268814006769336,3.4565334974145934e-05
0.14254482635890514,6.341997855341397e-05
0.16014189166643014,0.00011400539878503313
0.17991130314285533,0.00020080137916189678
0.2021212354977168,0.00034656142141287205
0.2270729694325259,0.0005861366979943439
0.2551049785537617,0.0009715353298562768
0.28659752081259104,0.0015783317551044673
0.3219777967548112,0.0025133940593117243
0.36172574455336326,0.003923665760009132
0.4063805504338082,0.006005421418585399
0.45654796280755766,0.009013030940525857
0.5129085093300529,0.013265859700568927
0.5762267283493882,0.019151572976945586
0.6473615399712076,0.027123899516593775
0.7272778974247632,0.03769294674657975
0.8170598767824696,0.051406544020298095
0.9179253825967483,0.06882187555124197
1.0312426689380967,0.09046783857472862
1.1585488999444697,0.1168000235180493
1.3015710016583038,0.1481517677019326
1.4622490880091454,0.18468611467058405
1.6427627787184707,0.22635441911467324
1.8455607661325835,0.27286750467960985
2.0733940320616497,0.3236845392998716
2.329353165215711,0.3780231256905485
2.6169102854537,0.43489168229862896
2.9399661435534976,0.49314235274341256
3.3029030354176987,0.551539886377291
3.710644248503383,0.6088396640759663
4.168720846874621,0.663866713000776
4.683346700825936,0.7155874089479908
5.261502778863538,0.7631666321999844
5.911031845476362,0.806005223634811
6.64074484928479,0.843755302253405
7.4605404447366075,0.8763138763787401
8.381539268677866,0.9037977363444389
9.416234793278331,0.9265044824698738
10.578662801651687,0.9448655066239746
11.884591785129816,0.9593967813061121
13.351736844955687,0.9706525543307841
15.0,0.9791857506352957
