SA(0.3s) [g],Complete_damage
0.05000000000000001,9.83935891640808e-06
0.056172467201025755,1.8431134726326626e-05
0.06310692142900626,3.3864721182164104e-05
0.07089742948257126,6.10344118564532e-05
0.07964967064493539,0.00010790889126222059
0.08948237023750269,0.00018716306913413305
0.10052891014472326,0.0003184863828552542
0.11293913815718663,0.000531739542754539
0.1268814006769336,0.0008711170896165132
0.14254482635890514,0.0014004205577511364
0.16014189166643014,0.0022094426639048814
0.17991130314285533,0.003421296008485064
0.2021212354977168,0.005200287139303539
0.2270729694325259,0.007759648160269417
0.2551049785537617,0.011368120510802604
0.28659752081259104,0.016354086190377815
0.3219777967548112,0.02310572606544692
0.36172574455336326,0.032065629828938236
0.4063805504338082,0.04371846275795055
0.45654796280755766,0.05857076579738729
0.5129085093300529,0.07712274283217213
0.5762267283493882,0.09983293008830652
0.6473615399712076,0.12707783894173996
0.7272778974247632,0.15910984484654023
0.8170598767824696,0.1960175506054631
0.9179253825967483,0.2376933659210596
1.0312426689380967,0.2838129418288442
1.1585488999444697,0.33383028896101963
1.3015710016583038,0.3869909230411436
1.4622490880091454,0.4423633812043627
1.6427627787184707,0.4988872147168216
1.8455607661325835,0.5554334332910116
2.0733940320616497,0.6108717047648814
2.329353165215711,0.664137687952503
2.6169102854537,0.7142938580939913
2.9399661435534976,0.7605780767722108
3.3029030354176987,0.802435805099203
3.710644248503383,0.8395339777655936
4.168720846874621,0.8717567961219143
4.683346700825936,0.8991857134468177
5.261502778863538,0.922067395167482
5.911031845476362,0.9407742743963209
6.64074484928479,0.9557624532103962
7.4605404447366075,0.967531207714978
8.381539268677866,0.9765874127985044
9.416234793278331,0.9834170257761554
10.578662801651687,0.9884645688030729
11.884591785129816,0.9921205002867929
13.351736844955687,0.9947155766314737
15.0,0.9965208222198545
