SA(0.6s) [g],Loss_ratio
0.05000000000000001,1.9523932536035725e-06
0.056172467201025755,4.4528730959694424e-06
0.06310692142900626,9.730236619140272e-06
0.07089742948257126,2.0396830768060352e-05
0.07964967064493539,4.108337490054666e-05
0.08948237023750269,7.967952056873561e-05
0.10052891014472326,0.0001491993343549042
0.11293913815718663,0.0002706274446194408
0.1268814006769336,0.00047741026320926097
0.14254482635890514,0.0008227803191643308
0.16014189166643014,0.0013918308243066877
0.17991130314285533,0.0023210087424761308
0.2021212354977168,0.003828006142458393
0.2270729694325259,0.006254134309840373
0.2551049785537617,0.010118252153942102
0.28659752081259104,0.016175573843701316
0.3219777967548112,0.02546655988633166
0.36172574455336326,0.039332605562915075
0.4063805504338082,0.05937020853004411
0.45654796280755766,0.08729853603949578
0.5129085093300529,0.12473056885566366
0.5762267283493882,0.17286522936958865
0.6473615399712076,0.23215122220624718
0.7272778974247632,0.30200129388213925
0.8170598767824696,0.3806448179291143
0.9179253825967483,0.46518758610131883
1.0312426689380967,0.5519007519427632
1.1585488999444697,0.6366983357637085
1.3015710016583038,0.7157054894568905
1.4622490880091454,0.7857892316837413
1.6427627787184707,0.8449321022173915
1.8455607661325835,0.8923748164367142
2.0733940320616497,0.9285199748812861
2.329353165215711,0.9546514903113461
2.6169102854537,0.972562893481647
2.9399661435534976,0.9841925539365911
3.3029030354176987,0.9913393865878718
3.710644248503383,0.9954930480067226
4.168720846874621,0.9977745275952534
4.683346700825936,0.9989581500504683
5.261502778863538,0.9995378738856536
5.911031845476362,0.9998058585903341
6.64074484928479,0.9999227633843855
7.4605404447366075,0.9999708960185852
8.381539268677866,0.9999896071895911
9.416234793278331,0.999996479836161
10.578662801651687,0.9999988675258149
11.884591785129816,0.9999996533312832
13.351736844955687,0.9999998987950853
15.0,0.9999999717490413
