PGA [g],Loss_ratio
0.05000000000000001,4.1329620902195986e-08
0.056172467201025755,1.2356125254728587e-07
0.06310692142900626,3.5592871379960416e-07
0.07089742948257126,9.879303091044098e-07
0.07964967064493539,2.64238192325036e-06
0.08948237023750269,6.8107579170589406e-06
0.10052891014472326,1.6918118649611315e-05
0.11293913815718663,4.0503610620583334e-05
0.1268814006769336,9.346547449754613e-05
0.14254482635890514,0.00020790161134324025
0.16014189166643014,0.00044580946862667027
0.17991130314285533,0.0009216419962865093
0.2021212354977168,0.0018370977236100926
0.2270729694325259,0.0035309342759297143
0.2551049785537617,0.0065441596666807305
0.28659752081259104,0.011695708798327806
0.3219777967548112,0.02015503125907355
0.36172574455336326,0.03348639900645734
0.4063805504338082,0.05362787398038024
0.45654796280755766,0.08276155966327958
0.5129085093300529,0.1230396829601049
0.5762267283493882,0.17616187881728812
0.6473615399712076,0.24285502573041537
0.7272778974247632,0.3223759797250002
0.8170598767824696,0.41220962322799026
0.9179253825967483,0.5081307057177642
1.0312426689380967,0.6047125849433749
1.1585488999444697,0.6962132667678934
1.3015710016583038,0.7776102858075288
1.4622490880091454,0.8454733766650829
1.6427627787184707,0.8984111614301076
1.8455607661325835,0.9369901225880817
2.0733940320616497,0.9632207839599034
2.329353165215711,0.9798408632738518
2.6169102854537,0.9896442575657346
2.9399661435534976,0.9950226195668986
3.3029030354176987,0.9977649131790701
3.710644248503383,0.9990635019874269
4.168720846874621,0.9996342758675393
4.683346700825936,0.9998670124536493
5.261502778863538,0.9999550108510946
5.911031845476362,0.9999858512459558
6.64074484928479,0.9999958661427284
7.4605404447366075,0.9999988785843945
8.381539268677866,0.999999717689079
9.416234793278331,0.9999999340765241
10.578662801651687,0.9999999857266103
11.884591785129816,0.9999999971356172
13.351736844955687,0.9999999994673882
15.0,0.999999999908264
