SA(0.6s) [g],Loss_ratio
0.05000000000000001,1.3448043685851517e-13
0.056172467201025755,6.677080274987569e-13
0.06310692142900626,3.297157996821392e-12
0.07089742948257126,1.6023036093290323e-11
0.07964967064493539,7.582835044338658e-11
0.08948237023750269,3.464153808997945e-10
0.10052891014472326,1.5175787074322675e-09
0.11293913815718663,6.344860266982611e-09
0.1268814006769336,2.523368311784002e-08
0.14254482635890514,9.525024799909368e-08
0.16014189166643014,3.4075809773865775e-07
0.17991130314285533,1.154291611269112e-06
0.2021212354977168,3.700204191655997e-06
0.2270729694325259,1.1221167603518988e-05
0.2551049785537617,3.218794212986425e-05
0.28659752081259104,8.73356045824733e-05
0.3219777967548112,0.00022417130131830432
0.36172574455336326,0.0005444366853408238
0.4063805504338082,0.0012514651166455081
0.45654796280755766,0.0027236786397100833
0.5129085093300529,0.005615107007556284
0.5762267283493882,0.010971464640836441
0.6473615399712076,0.020330984330835883
0.7272778974247632,0.03575772604350144
0.8170598767824696,0.05974229588637869
0.9179253825967483,0.09491507489373086
1.0312426689380967,0.1435606166744561
1.1585488999444697,0.20699606852246102
1.3015710016583038,0.28495951115898954
1.4622490880091454,0.37520888063914415
1.6427627787184707,0.47352102401521684
1.8455607661325835,0.574186105662329
2.0733940320616497,0.6709343252427357
2.329353165215711,0.7580668416987586
2.6169102854537,0.8314657395804946
2.9399661435534976,0.8891842618217982
3.3029030354176987,0.9314683325397266
3.710644248503383,0.9602686498488419
4.168720846874621,0.9784709873404875
4.683346700825936,0.9891262194259162
5.261502778863538,0.9948933428882366
5.911031845476362,0.9977749576194069
6.64074484928479,0.9991022905579381
7.4605404447366075,0.9996652071682609
8.381539268677866,0.9998847624593551
9.416234793278331,0.9999634402945502
10.578662801651687,0.9999893221010886
11.884591785129816,0.9999971319359963
13.351736844955687,0.9999992921980431
15.0,0.9999998396377264
