SA(0.6s) [g],Loss_ratio
0.05000000000000001,4.3166714459241866e-10
0.056172467201025755,1.6128475957091676e-09
0.06310692142900626,5.693041964804856e-09
0.07089742948257126,1.899044809873012e-08
0.07964967064493539,5.988674173999892e-08
0.08948237023750269,1.786233423659948e-07
0.10052891014472326,5.042229060429989e-07
0.11293913815718663,1.3481135966711417e-06
0.1268814006769336,3.4174244195085195e-06
0.14254482635890514,8.224947888386268e-06
0.16014189166643014,1.8828529879874224e-05
0.17991130314285533,4.109513547267969e-05
0.2021212354977168,8.57862098271596e-05
0.2270729694325259,0.00017196362495602011
0.2551049785537617,0.0003326433632415215
0.28659752081259104,0.000624447199814473
0.3219777967548112,0.0011443298202493644
0.36172574455336326,0.0020580935876055766
0.4063805504338082,0.00364650173923635
0.45654796280755766,0.006373637944967455
0.5129085093300529,0.010976391352823875
0.5762267283493882,0.018561763493626593
0.6473615399712076,0.03068087602284341
0.7272778974247632,0.049330559875972
0.8170598767824696,0.07682570696363751
0.9179253825967483,0.1155004616380767
1.0312426689380967,0.16724097231662355
1.1585488999444697,0.23292094834872587
1.3015710016583038,0.3118812974457885
1.4622490880091454,0.4016332378802582
1.6427627787184707,0.497940486450276
1.8455607661325835,0.5953413838979584
2.0733940320616497,0.6880294396572241
2.329353165215711,0.7708735307548914
2.6169102854537,0.8402892620404877
2.9399661435534976,0.8947116827371117
3.3029030354176987,0.9345590272764138
3.710644248503383,0.961757658447983
4.168720846874621,0.9790369834308511
4.683346700825936,0.9892407624056195
5.261502778863538,0.9948360877204884
5.911031845476362,0.9976837483974584
6.64074484928479,0.999028860074079
7.4605404447366075,0.9996189812438062
8.381539268677866,0.9998598092783837
9.416234793278331,0.9999514661340799
10.578662801651687,0.9999841194877639
11.884591785129816,0.999995062460632
13.351736844955687,0.9999985328956693
15.0,0.9999995812468437
