SA(0.6s) [g],Complete_damage
0.05000000000000001,0.0005877293779545933
0.056172467201025755,0.0008216469556842076
0.06310692142900626,0.0011386855533154217
0.07089742948257126,0.0015643888570350262
0.07964967064493539,0.002130690088188558
0.08948237023750269,0.0028770247205585076
0.10052891014472326,0.0038514875737302168
0.11293913815718663,0.005111986811059288
0.1268814006769336,0.00672733255691027
0.14254482635890514,0.008778183062575051
0.16014189166643014,0.01135775785015547
0.17991130314285533,0.014572216557175555
0.2021212354977168,0.01854059596765767
0.2270729694325259,0.023394197663252903
0.2551049785537617,0.029275326448556904
0.28659752081259104,0.03633529646166633
0.3219777967548112,0.044731648405250346
0.36172574455336326,0.054624557624396
0.4063805504338082,0.06617245792165238
0.45654796280755766,0.07952695815324917
0.5129085093300529,0.09482718491243869
0.5762267283493882,0.11219374119959702
0.6473615399712076,0.13172252345020952
0.7272778974247632,0.15347868283975008
0.8170598767824696,0.17749104668038873
0.9179253825967483,0.2037473277886166
1.0312426689380967,0.23219044078659667
1.1585488999444697,0.26271621271977685
1.3015710016583038,0.29517272123965443
1.4622490880091454,0.32936141899215254
1.6427627787184707,0.3650401117982147
1.8455607661325835,0.4019277564700948
2.0733940320616497,0.43971093873504297
2.329353165215711,0.478051790516014
2.6169102854537,0.5165970165475116
2.9399661435534976,0.5549876300761742
3.3029030354176987,0.5928689519081467
3.710644248503383,0.6299004100587873
4.168720846874621,0.6657646901425438
4.683346700825936,0.7001758283451202
5.261502778863538,0.7328859059127537
5.911031845476362,0.7636900911186411
6.64074484928479,0.792429874686491
7.4605404447366075,0.8189944499198771
8.381539268677866,0.8433202914788127
9.416234793278331,0.8653890796631581
10.578662801651687,0.8852241942393084
11.884591785129816,0.9028860589946317
13.351736844955687,0.9184666529681444
15.0,0.9320835163081743
