SA(0.3s) [g],Loss_ratio
0.05000000000000001,2.498506135613837e-12
0.056172467201025755,8.928080973514994e-12
0.06310692142900626,3.104526766623603e-11
0.07089742948257126,1.0494836045785162e-10
0.07964967064493539,3.445003214975622e-10
0.08948237023750269,1.0966636667489968e-09
0.10052891014472326,3.381019915300669e-09
0.11293913815718663,1.0082126235941187e-08
0.1268814006769336,2.9045250475202814e-08
0.14254482635890514,8.075643165668081e-08
0.16014189166643014,2.1652440123329793e-07
0.17991130314285533,5.595158066466934e-07
0.2021212354977168,1.3929905040644517e-06
0.2270729694325259,3.341026107149858e-06
0.2551049785537617,7.72125198127595e-06
0.28659752081259104,1.7201619632145974e-05
0.3219777967548112,3.6969350406577457e-05
0.36172574455336326,7.672596393422116e-05
0.4063805504338082,0.00015396627824865953
0.45654796280755766,0.00029919574004667345
0.5129085093300529,0.0005640107390038492
0.5762267283493882,0.001033330761493881
0.6473615399712076,0.0018435168433032635
0.7272778974247632,0.0032085251291878673
0.8170598767824696,0.005456310211370096
0.9179253825967483,0.009076780410307392
1.0312426689380967,0.014779752550861652
1.1585488999444697,0.02355548360899848
1.3015710016583038,0.03672094546579413
1.4622490880091454,0.05592324888831547
1.6427627787184707,0.08306179181663736
1.8455607661325835,0.12009072459793776
2.0733940320616497,0.16868283910463228
2.329353165215711,0.22978071989228332
2.6169102854537,0.3031245110916783
2.9399661435534976,0.38690386324269405
3.3029030354176987,0.47769776027615296
3.710644248503383,0.5708097291636545
4.168720846874621,0.6609792273715299
4.683346700825936,0.7432995078571865
5.261502778863538,0.8140726119460439
5.911031845476362,0.8713425285298986
6.64074484928479,0.9149702965076782
7.4605404447366075,0.9462890054191633
8.381539268677866,0.9675152270553533
9.416234793278331,0.9811371015954103
10.578662801651687,0.989447552923043
11.884591785129816,0.9942912363729286
13.351736844955687,0.9970032029339704
15.0,0.9984698025144767
