SA(0.6s) [g],Loss_ratio
0.05000000000000001,3.1124238665309337e-11
0.056172467201025755,9.505443579267873e-11
0.06310692142900626,2.8502737611570456e-10
0.07089742948257126,8.428453997524573e-10
0.07964967064493539,2.4709212063274006e-09
0.08948237023750269,7.221066348312436e-09
0.10052891014472326,2.1128919825599716e-08
0.11293913815718663,6.201000998857208e-08
0.1268814006769336,1.822120129317631e-07
0.14254482635890514,5.332690141418599e-07
0.16014189166643014,1.5427817100577696e-06
0.17991130314285533,4.376009217025145e-06
0.2021212354977168,1.2076489451494231e-05
0.2270729694325259,3.221893546471051e-05
0.2551049785537617,8.268619344032745e-05
0.28659752081259104,0.00020338621600566388
0.3219777967548112,0.0004782576303977857
0.36172574455336326,0.0010732557693467783
0.4063805504338082,0.0022959829892056517
0.45654796280755766,0.004679360811093428
0.5129085093300529,0.009083227926745083
0.5762267283493882,0.016793186146706413
0.6473615399712076,0.029577739804808677
0.7272778974247632,0.04964974333067968
0.8170598767824696,0.07947739227905708
0.9179253825967483,0.12141452328920838
1.0312426689380967,0.17717389409335688
1.1585488999444697,0.24724035173912812
1.3015710016583038,0.33038697274464673
1.4622490880091454,0.42348064241334865
1.6427627787184707,0.5217156092491801
1.8455607661325835,0.6192927974452
2.0733940320616497,0.7104057948130428
2.329353165215711,0.7902674675161023
2.6169102854537,0.8558786626000577
2.9399661435534976,0.9063273996765182
3.3029030354176987,0.9425782134330142
3.710644248503383,0.9668871607850966
4.168720846874621,0.9820791373536651
4.683346700825936,0.9909164516744349
5.261502778863538,0.9956959825869636
5.911031845476362,0.998096773757185
6.64074484928479,0.9992157383943651
7.4605404447366075,0.9996992441204817
8.381539268677866,0.9998927880671914
9.416234793278331,0.9999645105928002
10.578662801651687,0.9999891010958443
11.884591785129816,0.9999968972817846
13.351736844955687,0.9999991817916152
15.0,0.9999998002580807
