PGA [g],Loss_ratio
0.05000000000000001,1.3402080160071737e-15
0.056172467201025755,1.3827635239774748e-14
0.06310692142900626,1.2955995687174713e-13
0.07089742948257126,1.1131321500352654e-12
0.07964967064493539,8.785093264291892e-12
0.08948237023750269,6.368743557151829e-11
0.10052891014472326,4.2412540337851157e-10
0.11293913815718663,2.594933298854502e-09
0.1268814006769336,1.4588812913966193e-08
0.14254482635890514,7.538048148405237e-08
0.16014189166643014,3.58047465514883e-07
0.17991130314285533,1.5637905183156562e-06
0.2021212354977168,6.2820999912847285e-06
0.2270729694325259,2.3220590296220268e-05
0.2551049785537617,7.900667152268011e-05
0.28659752081259104,0.0002475642434157024
0.3219777967548112,0.000714818519919628
0.36172574455336326,0.0019032016743403244
0.4063805504338082,0.004676390086070817
0.45654796280755766,0.010614543170011174
0.5129085093300529,0.022282952031752803
0.5762267283493882,0.04332601936670037
0.6473615399712076,0.07815961007210026
0.7272778974247632,0.131092692486525
0.8170598767824696,0.204936023291473
0.9179253825967483,0.2994921429514356
1.0312426689380967,0.410579012621941
1.1585488999444697,0.5302029221093244
1.3015710016583038,0.6480880688370133
1.4622490880091454,0.754150076971233
1.6427627787184707,0.8409984456599167
1.8455607661325835,0.905477886542559
2.0733940320616497,0.9486993633499519
2.329353165215711,0.9747411571971965
2.6169102854537,0.9887831258686837
2.9399661435534976,0.9955309947722224
3.3029030354176987,0.9984099891329604
3.710644248503383,0.9994968910142323
4.168720846874621,0.9998589224915554
4.683346700825936,0.9999650485452517
5.261502778863538,0.9999923694650479
5.911031845476362,0.9999985352458598
6.64074484928479,0.9999997532395067
7.4605404447366075,0.999999963575762
8.381539268677866,0.9999999952954869
9.416234793278331,0.9999999994689445
10.578662801651687,0.9999999999476604
11.884591785129816,0.9999999999955
13.351736844955687,0.9999999999996627
15.0,0.999999999999978
