PGA [g],Loss_ratio
0.05000000000000001,4.16489274269638e-14
0.056172467201025755,2.2050310860600127e-13
0.06310692142900626,1.1259660892475875e-12
0.07089742948257126,5.610093651073363e-12
0.07964967064493539,2.7638086931861128e-11
0.08948237023750269,1.3609941053617453e-10
0.10052891014472326,6.721911211307713e-10
0.11293913815718663,3.3077495903148674e-09
0.1268814006769336,1.598648211783387e-08
0.14254482635890514,7.462298636867453e-08
0.16014189166643014,3.3145244209550713e-07
0.17991130314285533,1.3851855463352234e-06
0.2021212354977168,5.404923559351311e-06
0.2270729694325259,1.959421288403678e-05
0.2551049785537617,6.580050036844064e-05
0.28659752081259104,0.0002043464107954417
0.3219777967548112,0.0005864004565138846
0.36172574455336326,0.001554630469621873
0.4063805504338082,0.0038087041319372545
0.45654796280755766,0.008628127668284174
0.5129085093300529,0.0180910773005617
0.5762267283493882,0.03515512700706235
0.6473615399712076,0.06341864538864517
0.7272778974247632,0.10642772413287388
0.8170598767824696,0.1665743454853706
0.9179253825967483,0.24389944513918793
1.0312426689380967,0.33531903978457095
1.1585488999444697,0.4347600777640853
1.3015710016583038,0.5343648800861667
1.4622490880091454,0.6264282837973124
1.6427627787184707,0.7053349436335803
1.8455607661325835,0.7687129538675954
2.0733940320616497,0.8173823424982816
2.329353165215711,0.8542667900905089
2.6169102854537,0.8829014077236321
2.9399661435534976,0.9062328422416451
3.3029030354176987,0.9260876217708554
3.710644248503383,0.9432582556987485
4.168720846874621,0.9579058622718148
4.683346700825936,0.9699784446250056
5.261502778863538,0.9794839656793537
5.911031845476362,0.9865958368213903
6.64074484928479,0.9916404663959315
7.4605404447366075,0.9950296572898221
8.381539268677866,0.997185410130954
9.416234793278331,0.998483305228403
10.578662801651687,0.9992228284996555
11.884591785129816,0.9996215623713466
13.351736844955687,0.999824979634853
15.0,0.9999231600302089
