SA(0.6s) [g],Loss_ratio
0.05000000000000001,2.4027833711589558e-08
0.056172467201025755,6.20239302726843e-08
0.06310692142900626,1.5832370358952245e-07
0.07089742948257126,3.9909086707519104e-07
0.07964967064493539,9.90969299844637e-07
0.08948237023750269,2.416427932840474e-06
0.10052891014472326,5.7686212954402835e-06
0.11293913815718663,1.3447289764718566e-05
0.1268814006769336,3.055652754955448e-05
0.14254482635890514,6.762778487569561e-05
0.16014189166643014,0.00014577882440863776
0.17991130314285533,0.00030621725430202997
0.2021212354977168,0.0006271811454740697
0.2270729694325259,0.0012528692587491196
0.2551049785537617,0.002440069554448024
0.28659752081259104,0.004627664790916615
0.3219777967548112,0.008529712542539973
0.36172574455336326,0.015241888288655229
0.4063805504338082,0.02633290921516428
0.45654796280755766,0.04387069382234905
0.5129085093300529,0.0703175809637965
0.5762267283493882,0.10823546440244022
0.6473615399712076,0.15978442348832272
0.7272778974247632,0.22607872217374947
0.8170598767824696,0.3065598507992422
0.9179253825967483,0.39861211119348805
1.0312426689380967,0.49763106407530233
1.1585488999444697,0.5976345662168925
1.3015710016583038,0.6923104394002587
1.4622490880091454,0.7762084488558172
1.6427627787184707,0.8457055033205496
1.8455607661325835,0.8994532476643938
2.0733940320616497,0.938222182155273
2.329353165215711,0.9642822300708279
2.6169102854537,0.9805967736726762
2.9399661435534976,0.9901059887583973
3.3029030354176987,0.9952664572649373
3.710644248503383,0.9978749079773017
4.168720846874621,0.9991040448524213
4.683346700825936,0.9996447391298532
5.261502778863538,0.9998672308307237
5.911031845476362,0.999953102592079
6.64074484928479,0.9999842919514432
7.4605404447366075,0.999994993701702
8.381539268677866,0.9999984768968891
9.416234793278331,0.9999995565438227
10.578662801651687,0.999999876264402
11.884591785129816,0.999999966908367
13.351736844955687,0.9999999915265401
15.0,0.9999999979266028
