SA(0.6s) [g],Complete_damage
0.05000000000000001,0.0005839481566785043
0.056172467201025755,0.0009190651962625029
0.06310692142900626,0.0014233881645286939
0.07089742948257126,0.002169379377728098
0.07964967064493539,0.0032539839015436334
0.08948237023750269,0.004803948763685506
0.10052891014472326,0.00698108217358695
0.11293913815718663,0.009986888448952347
0.1268814006769336,0.014065850753220865
0.14254482635890514,0.01950650544691601
0.16014189166643014,0.026639393465435424
0.17991130314285533,0.03583102116921488
0.2021212354977168,0.04747314531989266
0.2270729694325259,0.06196703037424367
0.2551049785537617,0.07970280612798186
0.28659752081259104,0.101034648153568
0.3219777967548112,0.12625315247611157
0.36172574455336326,0.1555568951722437
0.4063805504338082,0.18902565822779416
0.45654796280755766,0.22659806684462513
0.5129085093300529,0.2680563410091179
0.5762267283493882,0.3130204726768755
0.6473615399712076,0.3609534066936665
0.7272778974247632,0.4111777917301831
0.8170598767824696,0.46290369164264444
0.9179253825967483,0.5152654588888901
1.0312426689380967,0.5673649342787512
1.1585488999444697,0.6183174014868428
1.3015710016583038,0.6672963998259114
1.4622490880091454,0.7135736337678149
1.6427627787184707,0.7565507922032979
1.8455607661325835,0.7957810183933435
2.0733940320616497,0.8309789169395387
2.329353165215711,0.8620191850912606
2.6169102854537,0.8889250524926353
2.9399661435534976,0.9118485738574276
3.3029030354176987,0.9310453572543927
3.710644248503383,0.9468464962104169
4.168720846874621,0.9596303298777684
4.683346700825936,0.9697962482405192
5.261502778863538,0.97774218139896
5.911031845476362,0.9838467640161386
6.64074484928479,0.9884565399651314
7.4605404447366075,0.9918780390504803
8.381539268677866,0.9943741610147246
9.416234793278331,0.9961640575714614
10.578662801651687,0.9974256027683129
11.884591785129816,0.9982995605242659
13.351736844955687,0.9988946616957283
15.0,0.9992929558205703
