SA(0.6s) [g],Complete_damage
0.05000000000000001,1.2103960056464302e-07
0.056172467201025755,2.622931865037259e-07
0.06310692142900626,5.566885973307123e-07
0.07089742948257126,1.1572272823334728e-06
0.07964967064493539,2.3562553956857357e-06
0.08948237023750269,4.699384353989977e-06
0.10052891014472326,9.181071003672159e-06
0.11293913815718663,1.7571135108362945e-05
0.1268814006769336,3.294445222279396e-05
0.14254482635890514,6.0515192641052984e-05
0.16014189166643014,0.00010891101014542937
0.17991130314285533,0.00019205786165155114
0.2021212354977168,0.00033187563545911125
0.2270729694325259,0.0005619973344835882
0.2551049785537617,0.0009327048516848402
0.28659752081259104,0.0015172039728809095
0.3219777967548112,0.00241922154343277
0.36172574455336326,0.0037816848426421856
0.4063805504338082,0.005795934612244369
0.45654796280755766,0.008710545223396204
0.5129085093300529,0.0128384197029221
0.5762267283493882,0.01856046324570415
0.6473615399712076,0.026323910021174846
0.7272778974247632,0.036633389974875974
0.8170598767824696,0.05003317108839078
0.9179253825967483,0.06707975757996576
1.0312426689380967,0.08830516003411737
1.1585488999444697,0.11417258713687017
1.3015710016583038,0.14502785593475664
1.4622490880091454,0.18105121780711042
1.6427627787184707,0.22221525476088477
1.8455607661325835,0.26825474376536185
2.0733940320616497,0.3186537358016127
2.329353165215711,0.37265352082111614
2.6169102854537,0.4292828004892767
2.9399661435534976,0.4874085909682224
3.3029030354176987,0.5458035739166588
3.710644248503383,0.603223288458842
4.168720846874621,0.658485129709781
4.683346700825936,0.7105408547859576
5.261502778863538,0.75853524458
5.911031845476362,0.8018455524510084
6.64074484928479,0.8400990268170896
7.4605404447366075,0.8731686552457456
8.381539268677866,0.9011498692628825
9.416234793278331,0.9243228870054179
10.578662801651687,0.9431064264490902
11.884591785129816,0.9580086494072123
13.351736844955687,0.9695805171841843
15.0,0.9783754928012725
