SA(0.3s) [g],Complete_damage
0.05000000000000001,3.265835806232076e-06
0.056172467201025755,6.350471236427069e-06
0.06310692142900626,1.2108030363000566e-05
0.07089742948257126,2.2636878697190888e-05
0.07964967064493539,4.150076849240847e-05
0.08948237023750269,7.461308514467024e-05
0.10052891014472326,0.00013155811630438663
0.11293913815718663,0.0002275048229414267
0.1268814006769336,0.0003858891830443856
0.14254482635890514,0.0006420439937963041
0.16014189166643014,0.0010479268929685093
0.17991130314285533,0.0016780233245303755
0.2021212354977168,0.0026363671054341342
0.2270729694325259,0.00406441802475932
0.2551049785537617,0.006149264718115388
0.28659752081259104,0.009131299032797857
0.3219777967548112,0.013310172666631481
0.36172574455336326,0.0190475569773515
0.4063805504338082,0.026765059055465
0.45654796280755766,0.03693568515327583
0.5129085093300529,0.05006756047429517
0.5762267283493882,0.06667925549694864
0.6473615399712076,0.08726702472131942
0.7272778974247632,0.11226545759722217
0.8170598767824696,0.14200432559378173
0.9179253825967483,0.17666557745841327
1.0312426689380967,0.2162452522705911
1.1585488999444697,0.2605253295397153
1.3015710016583038,0.30906006788694895
1.4622490880091454,0.361180162139327
1.6427627787184707,0.4160161752378366
1.8455607661325835,0.4725404152113418
2.0733940320616497,0.5296240703066897
2.329353165215711,0.5861043706556246
2.6169102854537,0.6408551623552061
2.9399661435534976,0.6928538029906968
3.3029030354176987,0.7412378015376839
3.710644248503383,0.7853460385535842
4.168720846874621,0.8247414659895018
4.683346700825936,0.8592145473854083
5.261502778863538,0.8887689754397416
5.911031845476362,0.9135930561854808
6.64074484928479,0.9340213430347686
7.4605404447366075,0.9504915429221041
8.381539268677866,0.9635014422467257
9.416234793278331,0.9735697652068449
10.578662801651687,0.9812037003889555
11.884591785129816,0.9868745472301659
13.351736844955687,0.9910017468816913
15.0,0.9939446172964451
