SA(1.0s) [g],Loss_ratio
0.05000000000000001,9.067780735289556e-11
0.056172467201025755,3.639139456780598e-10
0.06310692142900626,1.5268013356313071e-09
0.07089742948257126,6.6958559991453384e-09
0.07964967064493539,3.0077271125641193e-08
0.08948237023750269,1.3429723506241667e-07
0.10052891014472326,5.799632315078406e-07
0.11293913815718663,2.3753028521083763e-06
0.1268814006769336,9.113440074032232e-06
0.14254482635890514,3.252237307918593e-05
0.16014189166643014,0.0001075222886952431
0.17991130314285533,0.0003286535950429614
0.2021212354977168,0.0009279078820128061
0.2270729694325259,0.0024194206282128665
0.2551049785537617,0.0058275049452258
0.28659752081259104,0.012974930782974712
0.3219777967548112,0.026730438826954504
0.36172574455336326,0.05102135320383235
0.4063805504338082,0.09037693500106192
0.45654796280755766,0.14886980795673346
0.5129085093300529,0.22860242875377304
0.5762267283493882,0.3282458349145668
0.6473615399712076,0.44234969499243637
0.7272778974247632,0.5619813310443089
0.8170598767824696,0.6766959892933562
0.9179253825967483,0.7771630608915893
1.0312426689380967,0.8573939525650525
1.1585488999444697,0.9157044371223804
1.3015710016583038,0.9541930654375369
1.4622490880091454,0.9772151320503095
1.6427627787184707,0.9896663770395263
1.8455607661325835,0.9957419054866647
2.0733940320616497,0.9984108828489255
2.329353165215711,0.9994643971559573
2.6169102854537,0.9998373769230873
2.9399661435534976,0.9999556179986376
3.3029030354176987,0.9999891340956268
3.710644248503383,0.999997617613077
4.168720846874621,0.9999995329190822
4.683346700825936,0.9999999182225953
5.261502778863538,0.9999999872286823
5.911031845476362,0.9999999982226959
6.64074484928479,0.9999999997797945
7.4605404447366075,0.9999999999757283
8.381539268677866,0.9999999999976217
9.416234793278331,0.9999999999997929
10.578662801651687,0.999999999999984
11.884591785129816,0.9999999999999989
13.351736844955687,0.9999999999999999
15.0,1.0
