SA(1.0s) [g],Loss_ratio
0.05000000000000001,5.267090132682726e-08
0.056172467201025755,1.9830144335266173e-07
0.06310692142900626,6.881386330155246e-07
0.07089742948257126,2.2035576350260904e-06
0.07964967064493539,6.5215759144215726e-06
0.08948237023750269,1.7877092189755106e-05
0.10052891014472326,4.552620269563874e-05
0.11293913815718663,0.00010816114574645257
0.1268814006769336,0.00024113455928655413
0.14254482635890514,0.0005084404874966633
0.16014189166643014,0.0010241100671393496
0.17991130314285533,0.001993098970356627
0.2021212354977168,0.003789009020827035
0.2270729694325259,0.007089594895524299
0.2551049785537617,0.013079308464644005
0.28659752081259104,0.023687521904323196
0.3219777967548112,0.041759365072257505
0.36172574455336326,0.07098093193241481
0.4063805504338082,0.11536559454016443
0.45654796280755766,0.17822447443927908
0.5129085093300529,0.26080505646495133
0.5762267283493882,0.3610835785852897
0.6473615399712076,0.473336621916584
0.7272778974247632,0.5889213296809409
0.8170598767824696,0.6981789500144743
0.9179253825967483,0.7928024954249735
1.0312426689380967,0.8677336711975404
1.1585488999444697,0.9218746179517479
1.3015710016583038,0.957491063763646
1.4622490880091454,0.9787774964315145
1.6427627787184707,0.9903117442495798
1.8455607661325835,0.9959675746488217
2.0733940320616497,0.9984732948650357
2.329353165215711,0.999475073965583
2.6169102854537,0.999836236822912
2.9399661435534976,0.9999536418090689
3.3029030354176987,0.9999880788625175
3.710644248503383,0.9999972085160367
4.168720846874621,0.9999994024832144
4.683346700825936,0.999999882464563
5.261502778863538,0.9999999786149576
5.911031845476362,0.9999999963760293
6.64074484928479,0.9999999994244588
7.4605404447366075,0.999999999913987
8.381539268677866,0.9999999999878904
9.416234793278331,0.9999999999983968
10.578662801651687,0.9999999999998013
11.884591785129816,0.9999999999999771
13.351736844955687,0.9999999999999976
15.0,0.9999999999999998
