SA(1.0s) [g],Complete_damage
0.05000000000000001,2.220446049250313e-16
0.056172467201025755,1.5543122344752192e-15
0.06310692142900626,1.0658141036401503e-14
0.07089742948257126,6.94999613415348e-14
0.07964967064493539,4.277689313880728e-13
0.08948237023750269,2.4836799283889377e-12
0.10052891014472326,1.3591461289763629e-11
0.11293913815718663,7.011258240652296e-11
0.1268814006769336,3.409752480365569e-10
0.14254482635890514,1.5634656902463462e-09
0.16014189166643014,6.759831805425165e-09
0.17991130314285533,2.7562217286281054e-08
0.2021212354977168,1.0599300559466229e-07
0.2270729694325259,3.844902969341035e-07
0.2551049785537617,1.3158494979181867e-06
0.28659752081259104,4.2492822235340455e-06
0.3219777967548112,1.295087115260607e-05
0.36172574455336326,3.7260889298451616e-05
0.4063805504338082,0.00010122509920940104
0.45654796280755766,0.00025973432450876466
0.5129085093300529,0.0006296804349750218
0.5762267283493882,0.0014428655849200167
0.6473615399712076,0.0031263459539438987
0.7272778974247632,0.006408771386629986
0.8170598767824696,0.012436454128863739
0.9179253825967483,0.02286143036023447
1.0312426689380967,0.039842668583010776
1.1585488999444697,0.06589422095810205
1.3015710016583038,0.10353582875232903
1.4622490880091454,0.1547598083522912
1.6427627787184707,0.22041201091508178
1.8455607661325835,0.2996614715667566
2.0733940320616497,0.3897593381413643
2.329353165215711,0.4862319371489714
2.6169102854537,0.5835211709377565
2.9399661435534976,0.6759264806815408
3.3029030354176987,0.7585874264956644
3.710644248503383,0.8282300341731273
4.168720846874621,0.8834912905446655
4.683346700825936,0.924790085383302
5.261502778863538,0.9538587223346133
5.911031845476362,0.9731287504307016
6.64074484928479,0.9851599823334677
7.4605404447366075,0.992234674577337
8.381539268677866,0.9961527636140968
9.416234793278331,0.9981964294714119
10.578662801651687,0.9992003834857367
11.884591785129816,0.9996648833109105
13.351736844955687,0.9998672898370522
15.0,0.9999503571320267
