SA(0.6s) [g],Complete_damage
0.05000000000000001,3.5794101016506374e-10
0.056172467201025755,1.0940102157519505e-09
0.06310692142900626,3.2404077199288395e-09
0.07089742948257126,9.301745373946346e-09
0.07964967064493539,2.5878281406654935e-08
0.08948237023750269,6.978047151218192e-08
0.10052891014472326,1.8238239141155077e-07
0.11293913815718663,4.620696716362005e-07
0.1268814006769336,1.1348403412547725e-06
0.14254482635890514,2.7020564842272776e-06
0.16014189166643014,6.237617628745973e-06
0.17991130314285533,1.3961853203903196e-05
0.2021212354977168,3.0304427211635954e-05
0.2270729694325259,6.378965735887032e-05
0.2551049785537617,0.00013023339841422565
0.28659752081259104,0.00025791340788539063
0.3219777967548112,0.0004955207475445533
0.36172574455336326,0.00092373881415031
0.4063805504338082,0.0016711134910857295
0.45654796280755766,0.0029343366944700744
0.5129085093300529,0.00500204939405724
0.5762267283493882,0.008279745907641023
0.6473615399712076,0.01331145797223754
0.7272778974247632,0.0207919707913502
0.8170598767824696,0.03156196718284443
0.9179253825967483,0.046578455524428075
1.0312426689380967,0.06685481058486775
1.1585488999444697,0.09336910696871326
1.3015710016583038,0.126945889087265
1.4622490880091454,0.1681240374075279
1.6427627787184707,0.217030173745977
1.8455607661325835,0.2732809752737515
2.0733940320616497,0.33593701096763384
2.329353165215711,0.4035244454024981
2.6169102854537,0.4741298373995816
2.9399661435534976,0.5455595068276657
3.3029030354176987,0.6155418174791103
3.710644248503383,0.6819416186115304
4.168720846874621,0.7429534605657501
4.683346700825936,0.7972447731244454
5.261502778863538,0.8440307152222076
5.911031845476362,0.8830760572572791
6.64074484928479,0.9146327787832563
7.4605404447366075,0.9393320017647782
8.381539268677866,0.9580536224897516
9.416234793278331,0.9717963298875597
10.578662801651687,0.9815657733785945
11.884591785129816,0.9882914499378829
13.351736844955687,0.9927755026997531
15.0,0.9956706721343015
