SA(0.6s) [g],Complete_damage
0.05000000000000001,4.86166662483356e-13
0.056172467201025755,1.762479051592436e-12
0.06310692142900626,6.190825629914798e-12
0.07089742948257126,2.107103380666331e-11
0.07964967064493539,6.949230080266489e-11
0.08948237023750269,2.2208390682010304e-10
0.10052891014472326,6.877680647221496e-10
0.11293913815718663,2.064087012421112e-09
0.1268814006769336,6.003337382765039e-09
0.14254482635890514,1.6922139245423296e-08
0.16014189166643014,4.6231303785226885e-08
0.17991130314285533,1.2242149338703712e-07
0.2021212354977168,3.1422738233644054e-07
0.2270729694325259,7.81846426711752e-07
0.2551049785537617,1.8858994084158809e-06
0.28659752081259104,4.4102821892266775e-06
0.3219777967548112,9.99997790318563e-06
0.36172574455336326,2.1986381013361367e-05
0.4063805504338082,4.687824583560207e-05
0.45654796280755766,9.69385996868466e-05
0.5129085093300529,0.00019443720512801743
0.5762267283493882,0.0003783326524661179
0.6473615399712076,0.0007142339723561486
0.7272778974247632,0.0013084175884954252
0.8170598767824696,0.002326300752232835
0.9179253825967483,0.004014965935049464
1.0312426689380967,0.006728014616611211
1.1585488999444697,0.01094925514791456
1.3015710016583038,0.017309753437390274
1.4622490880091454,0.026591095040633506
1.6427627787184707,0.039707022196169395
1.8455607661325835,0.05765666858483498
2.0733940320616497,0.08144595958553291
2.329353165215711,0.11197940647923188
2.6169102854537,0.1499317792724899
2.9399661435534976,0.19561648399423714
3.3029030354176987,0.2488728493405319
3.710644248503383,0.3089959063871365
4.168720846874621,0.37472829762172144
4.683346700825936,0.44432467974205714
5.261502778863538,0.5156859807398482
5.911031845476362,0.5865470530455172
6.64074484928479,0.6546900995319291
7.4605404447366075,0.7181507079749788
8.381539268677866,0.7753849280609959
9.416234793278331,0.8253741233741141
10.578662801651687,0.8676570797889158
11.884591785129816,0.9022927302275225
13.351736844955687,0.9297685164793468
15.0,0.9508764472677341
