SA(1.0s) [g],Loss_ratio
0.05000000000000001,5.939382014326831e-07
0.056172467201025755,1.3971930121585546e-06
0.06310692142900626,3.1659982501802927e-06
0.07089742948257126,6.919762711998225e-06
0.07964967064493539,1.4612078707492579e-05
0.08948237023750269,2.986928720048517e-05
0.10052891014472326,5.9240426857456834e-05
0.11293913815718663,0.00011428666178197526
0.1268814006769336,0.00021504328592851174
0.14254482635890514,0.00039569550657238576
0.16014189166643014,0.0007137174203625768
0.17991130314285533,0.001264154264959579
0.2021212354977168,0.0022009705116463707
0.2270729694325259,0.003767057377504296
0.2551049785537617,0.0063330711669781475
0.28659752081259104,0.010442268681509822
0.3219777967548112,0.016853792003169273
0.36172574455336326,0.02657109443013848
0.4063805504338082,0.04083715354683867
0.45654796280755766,0.061076543245895266
0.5129085093300529,0.08876931401684512
0.5762267283493882,0.12525473947922228
0.6473615399712076,0.17148329561635317
0.7272778974247632,0.22775797298215794
0.8170598767824696,0.2935233036187701
0.9179253825967483,0.36726387940167204
1.0312426689380967,0.4465584155252329
1.1585488999444697,0.5283018425760173
1.3015710016583038,0.609065193376281
1.4622490880091454,0.6855248389876656
1.6427627787184707,0.7548723207011656
1.8455607661325835,0.8151211173092785
2.0733940320616497,0.865255449880873
2.329353165215711,0.9052084210833055
2.6169102854537,0.935698072385263
2.9399661435534976,0.9579777608775775
3.3029030354176987,0.9735653751659137
3.710644248503383,0.9840057466911729
4.168720846874621,0.9906992609054774
4.683346700825936,0.994806087289269
5.261502778863538,0.9972168287563132
5.911031845476362,0.9985702145782979
6.64074484928479,0.9992964895478522
7.4605404447366075,0.9996688051004302
8.381539268677866,0.9998509895707128
9.416234793278331,0.999936005431185
10.578662801651687,0.9999737992949278
11.884591785129816,0.9999897866971119
13.351736844955687,0.999996214272897
15.0,0.9999986672949718
