PGA [g],Complete_damage
0.05000000000000001,7.461780764383974e-07
0.056172467201025755,1.8011196554201803e-06
0.06310692142900626,4.215219049141794e-06
0.07089742948257126,9.565528823918257e-06
0.07964967064493539,2.1049704900466537e-05
0.08948237023750269,4.492330850458526e-05
0.10052891014472326,9.29888035705595e-05
0.11293913815718663,0.00018671181763607603
0.1268814006769336,0.00036370499936932976
0.14254482635890514,0.000687421146364442
0.16014189166643014,0.0012608371310990352
0.17991130314285533,0.0022445603025536
0.2021212354977168,0.0038790182209276214
0.2270729694325259,0.006509118949046044
0.2551049785537617,0.010608033560574825
0.28659752081259104,0.016794793501406224
0.3219777967548112,0.025838690571521328
0.36172574455336326,0.03864269909114626
0.4063805504338082,0.056199053387059994
0.45654796280755766,0.07951326825391858
0.5129085093300529,0.10949835865684321
0.5762267283493882,0.1468481405539348
0.6473615399712076,0.19190583271363015
0.7272778974247632,0.24454972661783092
0.8170598767824696,0.3041194075146405
0.9179253825967483,0.3694025067337079
1.0312426689380967,0.43869313295028534
1.1585488999444697,0.5099204274710829
1.3015710016583038,0.5808319244568372
1.4622490880091454,0.6492049977327558
1.6427627787184707,0.7130536577056631
1.8455607661325835,0.7707989657465455
2.0733940320616497,0.821379083466746
2.329353165215711,0.8642873699105155
2.6169102854537,0.8995407439585628
2.9399661435534976,0.9275923910004343
3.3029030354176987,0.9492103243889949
3.710644248503383,0.9653452914675494
4.168720846874621,0.9770085542016005
4.683346700825936,0.9851738150207348
5.261502778863538,0.9907100950620503
5.911031845476362,0.9943455936258485
6.64074484928479,0.9966576999132952
7.4605404447366075,0.9980818293012995
8.381539268677866,0.9989313791795527
9.416234793278331,0.9994222034554835
10.578662801651687,0.99969684159112
11.884591785129816,0.9998456725354552
13.351736844955687,0.9999237855050997
15.0,0.9999634909898013
