SA(1.0s) [g],Complete_damage
0.05000000000000001,0.0
0.056172467201025755,0.0
0.06310692142900626,1.1102230246251565e-16
0.07089742948257126,7.771561172376096e-16
0.07964967064493539,4.551914400963142e-15
0.08948237023750269,2.4424906541753444e-14
0.10052891014472326,1.2401191185062999e-13
0.11293913815718663,6.0285110237146e-13
0.1268814006769336,2.7996494011972572e-12
0.14254482635890514,1.2424283823975202e-11
0.16014189166643014,5.2688742258055754e-11
0.17991130314285533,2.1353552259739672e-10
0.2021212354977168,8.270933937737368e-10
0.2270729694325259,3.061960129890906e-09
0.2551049785537617,1.0835183306134866e-08
0.28659752081259104,3.6652104240531e-08
0.3219777967548112,1.1852910808407557e-07
0.36172574455336326,3.66484751768148e-07
0.4063805504338082,1.0835207753245868e-06
0.45654796280755766,3.063511808787389e-06
0.5129085093300529,8.284360174526384e-06
0.5762267283493882,2.1429792307459117e-05
0.6473615399712076,5.3035454698036055e-05
0.7272778974247632,0.00012559782562571176
0.8170598767824696,0.00028467755880856593
0.9179253825967483,0.000617701405863702
1.0312426689380967,0.0012834237864803866
1.1585488999444697,0.002554198504470362
1.3015710016583038,0.004870535713120239
1.4622490880091454,0.00890228037898122
1.6427627787184707,0.015603324383340889
1.8455607661325835,0.026238638269041048
2.0733940320616497,0.042356844554053086
2.329353165215711,0.06568292721886138
2.6169102854537,0.09791778403957418
2.9399661435534976,0.14045495771746486
3.3029030354176987,0.19405567040901572
3.710644248503383,0.2585514994581304
4.168720846874621,0.3326572470888416
4.683346700825936,0.41396489621655097
5.261502778863538,0.4991512827901847
5.911031845476362,0.584376533428445
6.64074484928479,0.6657955168406223
7.4605404447366075,0.7400704629879352
8.381539268677866,0.8047725462670341
9.416234793278331,0.8585937469589555
10.578662801651687,0.9013448803669768
11.884591785129816,0.9337714445598614
13.351736844955687,0.9572576679995809
15.0,0.9735013425160512
