SA(1.0s) [g],Complete_damage
0.05000000000000001,2.1094237467877974e-15
0.056172467201025755,1.1324274851176597e-14
0.06310692142900626,5.895284260759581e-14
0.07089742948257126,2.927658115936538e-13
0.07964967064493539,1.3882228699912957e-12
0.08948237023750269,6.290745702131062e-12
0.10052891014472326,2.7240987243715153e-11
0.11293913815718663,1.1273060263050638e-10
0.1268814006769336,4.458408087160137e-10
0.14254482635890514,1.6852532702671397e-09
0.16014189166643014,6.088741622001237e-09
0.17991130314285533,2.1028084828955684e-08
0.2021212354977168,6.942527652764596e-08
0.2270729694325259,2.1913955017272002e-07
0.2551049785537617,6.613825939139062e-07
0.28659752081259104,1.908806103956273e-06
0.3219777967548112,5.268674708402976e-06
0.36172574455336326,1.3910121223537075e-05
0.4063805504338082,3.5133117577856865e-05
0.45654796280755766,8.490491859725058e-05
0.5129085093300529,0.00019636431987768432
0.5762267283493882,0.0004347098566048757
0.6473615399712076,0.0009214022636677699
0.7272778974247632,0.001870387800804174
0.8170598767824696,0.0036373299229420786
0.9179253825967483,0.006778872706147854
1.0312426689380967,0.012112488876420358
1.1585488999444697,0.020759357307161275
1.3015710016583038,0.034145468410762714
1.4622490880091454,0.05393377528805765
1.6427627787184707,0.08186703531640593
1.8455607661325835,0.1195195087080223
2.0733940320616497,0.16798408292734468
2.329353165215711,0.22755227079338525
2.6169102854537,0.29746617335827286
2.9399661435534976,0.3758221139453234
3.3029030354176987,0.4596791637772545
3.710644248503383,0.5453763421774811
4.168720846874621,0.6290045454944984
4.683346700825936,0.7069334015662672
5.261502778863538,0.7762764774446589
5.911031845476362,0.835197072820048
6.64074484928479,0.8830039435086801
7.4605404447366075,0.9200440816548444
8.381539268677866,0.9474480765592653
9.416234793278331,0.9668084642718254
10.578662801651687,0.9798693608515414
11.884591785129816,0.9882831293667018
13.351736844955687,0.9934587996364049
15.0,0.996498991155771
