SA(1.0s) [g],Complete_damage
0.05000000000000001,1.1102230246251565e-16
0.056172467201025755,7.771561172376096e-16
0.06310692142900626,4.218847493575595e-15
0.07089742948257126,2.2426505097428162e-14
0.07964967064493539,1.141309269314661e-13
0.08948237023750269,5.557776461273534e-13
0.10052891014472326,2.5873747588889273e-12
0.11293913815718663,1.1509460051684073e-11
0.1268814006769336,4.892486415997155e-11
0.14254482635890514,1.987497944000438e-10
0.16014189166643014,7.716399741397595e-10
0.17991130314285533,2.863397519092814e-09
0.2021212354977168,1.0156373853043021e-08
0.2270729694325259,3.4436560492068224e-08
0.2551049785537617,1.1162520330287862e-07
0.28659752081259104,3.45945188051644e-07
0.3219777967548112,1.0251803490568534e-06
0.36172574455336326,2.905303257971781e-06
0.4063805504338082,7.874748548020172e-06
0.45654796280755766,2.0417288728924454e-05
0.5129085093300529,5.064597784787406e-05
0.5762267283493882,0.00012021399911521513
0.6473615399712076,0.0002730961536563381
0.7272778974247632,0.00059391584361701
0.8170598767824696,0.0012367849660772645
0.9179253825967483,0.002466888569985781
1.0312426689380967,0.004714486445093646
1.1585488999444697,0.008635998398557332
1.3015710016583038,0.0151695101574717
1.4622490880091454,0.02556388069267268
1.6427627787184707,0.04135483071757795
1.8455607661325835,0.06426229507685766
2.0733940320616497,0.09599481840458446
2.329353165215711,0.13796986052542337
2.6169102854537,0.19098949353999206
2.9399661435534976,0.25493962209215326
3.3029030354176987,0.3285951457060605
3.710644248503383,0.4096032494638976
4.168720846874621,0.49467999947317576
4.683346700825936,0.5800003465667865
5.261502778863538,0.6617062872432226
5.911031845476362,0.7364223431012307
6.64074484928479,0.8016652785194858
7.4605404447366075,0.856066950722437
8.381539268677866,0.8993831300367816
9.416234793278331,0.9323173280136696
10.578662801651687,0.9562286175494299
11.884591785129816,0.972806068360037
13.351736844955687,0.9837807317994347
15.0,0.9907185551852047
