SA(1.0s) [g],Loss_ratio
0.05000000000000001,1.746178167190315e-05
0.056172467201025755,3.935017550630077e-05
0.06310692142900626,8.441403768115252e-05
0.07089742948257126,0.00017240075101639416
0.07964967064493539,0.0003358868416985994
0.08948237023750269,0.0006267178542773105
0.10052891014472326,0.0011264275838291482
0.11293913815718663,0.0019650105754571642
0.1268814006769336,0.00335571142582576
0.14254482635890514,0.005656099254010992
0.16014189166643014,0.00946420331646022
0.17991130314285533,0.01574816564938928
0.2021212354977168,0.025985102318170167
0.2270729694325259,0.0422516757410617
0.2551049785537617,0.06717772071036282
0.28659752081259104,0.10366865843918496
0.3219777967548112,0.15434820585963321
0.36172574455336326,0.2207791763133338
0.4063805504338082,0.3026592388046643
0.45654796280755766,0.3972924490309663
0.5129085093300529,0.49962639703124595
0.5762267283493882,0.602980657001221
0.6473615399712076,0.7003226003589944
0.7272778974247632,0.7856991074698787
0.8170598767824696,0.8553459291448133
0.9179253825967483,0.9081286518885779
1.0312426689380967,0.9452527391516823
1.1585488999444697,0.9694621351698025
1.3015710016583038,0.9840878168968322
1.4622490880091454,0.9922677085178739
1.6427627787184707,0.9965005976826932
1.8455607661325835,0.9985264876271917
2.0733940320616497,0.999423092107312
2.329353165215711,0.9997900428136277
2.6169102854537,0.9999289640000927
2.9399661435534976,0.9999776441834343
3.3029030354176987,0.9999934489264974
3.710644248503383,0.9999982097816773
4.168720846874621,0.9999995428614257
4.683346700825936,0.9999998906531146
5.261502778863538,0.9999999754311425
5.911031845476362,0.9999999947997322
6.64074484928479,0.9999999989603703
7.4605404447366075,0.9999999998032764
8.381539268677866,0.9999999999647216
9.416234793278331,0.9999999999940026
10.578662801651687,0.9999999999990341
11.884591785129816,0.999999999999853
13.351736844955687,0.9999999999999787
15.0,0.9999999999999971
