SA(1.0s) [g],Loss_ratio
0.05000000000000001,1.746178167190315e-05
0.056172467201025755,3.935017550630077e-05
0.06310692142900626,8.441403768115252e-05
0.07089742948257126,0.00017240075101639416
0.07964967064493539,0.00033588684169859947
0.08948237023750269,0.0006267178542773105
0.10052891014472326,0.0011264275838291482
0.11293913815718663,0.0019650105754571642
0.1268814006769336,0.00335571142582576
0.14254482635890514,0.005656099254010992
0.16014189166643014,0.009464203316460222
0.17991130314285533,0.01574816564938928
0.2021212354977168,0.02598510231817017
0.2270729694325259,0.0422516757410617
0.2551049785537617,0.06717772071036282
0.28659752081259104,0.10366865843918496
0.3219777967548112,0.15434820585963324
0.36172574455336326,0.22077917631333382
0.4063805504338082,0.3026592388046643
0.45654796280755766,0.39729244903096633
0.5129085093300529,0.499626397031246
0.5762267283493882,0.602980657001221
0.6473615399712076,0.7003226003589945
0.7272778974247632,0.7856991074698787
0.8170598767824696,0.8553459291448133
0.9179253825967483,0.908128651888578
1.0312426689380967,0.9452527391516824
1.1585488999444697,0.9694621351698025
1.3015710016583038,0.9840878168968323
1.4622490880091454,0.9922677085178742
1.6427627787184707,0.9965005976826933
1.8455607661325835,0.9985264876271918
2.0733940320616497,0.9994230921073121
2.329353165215711,0.9997900428136278
2.6169102854537,0.9999289640000927
2.9399661435534976,0.9999776441834344
3.3029030354176987,0.9999934489264976
3.710644248503383,0.9999982097816773
4.168720846874621,0.9999995428614258
4.683346700825936,0.9999998906531147
5.261502778863538,0.9999999754311425
5.911031845476362,0.9999999947997322
6.64074484928479,0.9999999989603704
7.4605404447366075,0.9999999998032765
8.381539268677866,0.9999999999647216
9.416234793278331,0.9999999999940026
10.578662801651687,0.9999999999990342
11.884591785129816,0.999999999999853
13.351736844955687,0.9999999999999788
15.0,0.9999999999999972
