SA(1.0s) [g],Loss_ratio
0.05000000000000001,1.4961981870361902e-06
0.056172467201025755,4.45838940793129e-06
0.06310692142900626,1.2630264141449647e-05
0.07089742948257126,3.402286394270081e-05
0.07964967064493539,8.716498173225378e-05
0.08948237023750269,0.00021243520239633677
0.10052891014472326,0.0004926498531495128
0.11293913815718663,0.0010874460480468078
0.1268814006769336,0.0022855105810887085
0.14254482635890514,0.004575467231473911
0.16014189166643014,0.008728923569949825
0.17991130314285533,0.015877633591005892
0.2021212354977168,0.027553299006201605
0.2270729694325259,0.04564884942257402
0.2551049785537617,0.07226212911902528
0.28659752081259104,0.10940381992848315
0.3219777967548112,0.15859212065342204
0.36172574455336326,0.2204078541269743
0.4063805504338082,0.2941258367840877
0.45654796280755766,0.37754871577784294
0.5129085093300529,0.4671335037372629
0.5762267283493882,0.5584229744615254
0.6473615399712076,0.6466993006354923
0.7272778974247632,0.7277029461371862
0.8170598767824696,0.7982373375248459
0.9179253825967483,0.8565190295634378
1.0312426689380967,0.9022169452693433
1.1585488999444697,0.9362178768902231
1.3015710016583038,0.9602234038364078
1.4622490880091454,0.9763058327898855
1.6427627787184707,0.9865294247117592
1.8455607661325835,0.992696156997324
2.0733940320616497,0.9962254727534782
2.329353165215711,0.9981418838089555
2.6169102854537,0.9991291222687236
2.9399661435534976,0.9996115758741494
3.3029030354176987,0.9998352135613976
3.710644248503383,0.999933532214651
4.168720846874621,0.9999745207461446
4.683346700825936,0.9999907218922842
5.261502778863538,0.9999967919680709
5.911031845476362,0.9999989472380466
6.64074484928479,0.9999996722558964
7.4605404447366075,0.9999999032505034
8.381539268677866,0.9999999729315947
9.416234793278331,0.9999999928259651
10.578662801651687,0.9999999981997426
11.884591785129816,0.9999999995724789
13.351736844955687,0.9999999999039686
15.0,0.9999999999796069
