SA(1.0s) [g],Complete_damage
0.05000000000000001,3.601563491884008e-13
0.056172467201025755,1.5608625503205076e-12
0.06310692142900626,6.495914917081791e-12
0.07089742948257126,2.5960456007112498e-11
0.07964967064493539,9.962786151618275e-11
0.08948237023750269,3.67172292570217e-10
0.10052891014472326,1.2995782228131247e-09
0.11293913815718663,4.4177693725444556e-09
0.1268814006769336,1.4424434757742688e-08
0.14254482635890514,4.523965146940867e-08
0.16014189166643014,1.3630025919031397e-07
0.17991130314285533,3.945177068365169e-07
0.2021212354977168,1.0971540186366369e-06
0.2270729694325259,2.9318571413972094e-06
0.2551049785537617,7.52903644174463e-06
0.28659752081259104,1.8582738069761184e-05
0.3219777967548112,4.408712547221416e-05
0.36172574455336326,0.00010055651884344208
0.4063805504338082,0.00022053479245132124
0.45654796280755766,0.00046515004864766674
0.5129085093300529,0.0009437317520851751
0.5762267283493882,0.0018422366085953934
0.6473615399712076,0.0034609751571820224
0.7272778974247632,0.006259473658420389
0.8170598767824696,0.01090212077312791
0.9179253825967483,0.01829304284938149
1.0312426689380967,0.02958382538659876
1.1585488999444697,0.04613550379858711
1.3015710016583038,0.06941924217324769
1.4622490880091454,0.1008500933762887
1.6427627787184707,0.14156490330739602
1.8455607661325835,0.19217551471824623
2.0733940320616497,0.2525458676453528
2.329353165215711,0.32164917749320654
2.6169102854537,0.3975535898125251
2.9399661435534976,0.47756063976943575
3.3029030354176987,0.5584856137032912
3.710644248503383,0.6370326779861064
4.168720846874621,0.7101921257340903
4.683346700825936,0.7755810107561973
5.261502778863538,0.8316639116869162
5.911031845476362,0.8778222315462023
6.64074484928479,0.9142776804188808
7.4605404447366075,0.941906846862304
8.381539268677866,0.9620008247364249
9.416234793278331,0.9760243364041553
10.578662801651687,0.9854159512329083
11.884591785129816,0.9914514935106402
13.351736844955687,0.9951735652481178
15.0,0.9973762151792622
