SA(0.6s) [g],Loss_ratio
0.05000000000000001,7.932523422882016e-08
0.056172467201025755,1.9043191555283024e-07
0.06310692142900626,4.5488164503243553e-07
0.07089742948257126,1.071294161214421e-06
0.07964967064493539,2.4671227144533046e-06
0.08948237023750269,5.519061225206129e-06
0.10052891014472326,1.1934712095208886e-05
0.11293913815718663,2.4865747261176873e-05
0.1268814006769336,4.9818595872939664e-05
0.14254482635890514,9.590412778426607e-05
0.16014189166643014,0.00017743454477461788
0.17991130314285533,0.00031588022731189987
0.2021212354977168,0.0005423355647681609
0.2270729694325259,0.0009010427853744892
0.2551049785537617,0.0014553059137377658
0.28659752081259104,0.0022982982745635237
0.3219777967548112,0.0035725758582461175
0.36172574455336326,0.005502913636072178
0.4063805504338082,0.008446306521114735
0.45654796280755766,0.012959287084797043
0.5129085093300529,0.01987504818438613
0.5762267283493882,0.030371368075118102
0.6473615399712076,0.04599749305263841
0.7272778974247632,0.0686194046675119
0.8170598767824696,0.10024597345418013
0.9179253825967483,0.14272030118412923
1.0312426689380967,0.19730236517476007
1.1585488999444697,0.2642219670492166
1.3015710016583038,0.34232507693560776
1.4622490880091454,0.4289472031731828
1.6427627787184707,0.5201070712238728
1.8455607661325835,0.6110256287468196
2.0733940320616497,0.6968673609028164
2.329353165215711,0.7735172864862103
2.6169102854537,0.8381869867214269
2.9399661435534976,0.8896989986310293
3.3029030354176987,0.928407883924077
3.710644248503383,0.955831046354896
4.168720846874621,0.9741363162352459
4.683346700825936,0.98564362674671
5.261502778863538,0.9924535610445123
5.911031845476362,0.996246416341339
6.64074484928479,0.9982342690411942
7.4605404447366075,0.999214667831612
8.381539268677866,0.99966976457476
9.416234793278331,0.9998686743368912
10.578662801651687,0.9999505828599218
11.884591785129816,0.9999823886067999
13.351736844955687,0.9999940484965193
15.0,0.9999980899599062
