SA(0.6s) [g],Loss_ratio
0.05000000000000001,5.590212000782606e-08
0.056172467201025755,1.1274717507314922e-07
0.06310692142900626,2.2374204092644197e-07
0.07089742948257126,4.368992164442593e-07
0.07964967064493539,8.395637800876808e-07
0.08948237023750269,1.587996319015195e-06
0.10052891014472326,2.9574783760101292e-06
0.11293913815718663,5.426762248842655e-06
0.1268814006769336,9.821318013403503e-06
0.14254482635890514,1.7561487843787194e-05
0.16014189166643014,3.110767584393159e-05
0.17991130314285533,5.479229782783876e-05
0.2021212354977168,9.642701576279849e-05
0.2270729694325259,0.00017045126173987192
0.2551049785537617,0.0003040385717255619
0.28659752081259104,0.0005485611177794242
0.3219777967548112,0.0010000390712036514
0.36172574455336326,0.001833240732556266
0.4063805504338082,0.003353992360725467
0.45654796280755766,0.006071493413199022
0.5129085093300529,0.010785371321811215
0.5762267283493882,0.018670141431892943
0.6473615399712076,0.031324460745969965
0.7272778974247632,0.05073969509983693
0.8170598767824696,0.07914098978035936
0.9179253825967483,0.11867371950207815
1.0312426689380967,0.17095276060920736
1.1585488999444697,0.2365534513999915
1.3015710016583038,0.3145793619378216
1.4622490880091454,0.4024632063228382
1.6427627787184707,0.4961200586502517
1.8455607661325835,0.5904759712373387
2.0733940320616497,0.6802700914426393
2.329353165215711,0.7609256668520851
2.6169102854537,0.8292530359057829
2.9399661435534976,0.8838040980510786
3.3029030354176987,0.9248192259368293
3.710644248503383,0.9538402581134412
4.168720846874621,0.9731518565193902
4.683346700825936,0.9852295299692763
5.261502778863538,0.9923244357090261
5.911031845476362,0.9962370132665482
6.64074484928479,0.9982614459070851
7.4605404447366075,0.9992437706525082
8.381539268677866,0.9996905792095055
9.416234793278331,0.9998810029674929
10.578662801651687,0.999957015858939
11.884591785129816,0.9999854255711609
13.351736844955687,0.9999953640457526
15.0,0.9999986172979934
