SA(1.0s) [g],Complete_damage
0.05000000000000001,7.148085456876174e-10
0.056172467201025755,2.062291004634176e-09
0.06310692142900626,5.7787856722057995e-09
0.07089742948257126,1.5727754765215707e-08
0.07964967064493539,4.1577539522386076e-08
0.08948237023750269,1.0676591077896092e-07
0.10052891014472326,2.663236113864542e-07
0.11293913815718663,6.453766033809316e-07
0.1268814006769336,1.5193871808483195e-06
0.14254482635890514,3.4753839119883168e-06
0.16014189166643014,7.724066740100177e-06
0.17991130314285533,1.6681329628176478e-05
0.2021212354977168,3.501001099470713e-05
0.2270729694325259,7.141174570945985e-05
0.2551049785537617,0.00014158117780749269
0.28659752081259104,0.0002728643091397531
0.3219777967548112,0.0005112636414580374
0.36172574455336326,0.0009314445749595279
0.4063805504338082,0.0016502360223020762
0.45654796280755766,0.0028436874921596855
0.5129085093300529,0.0047669651120013645
0.5762267283493882,0.007775219710590364
0.6473615399712076,0.012342131678691581
0.7272778974247632,0.01907137404888848
0.8170598767824696,0.028695143669124623
0.9179253825967483,0.042053708927607514
1.0312426689380967,0.06005111838323096
1.1585488999444697,0.08358512057336565
1.3015710016583038,0.1134538823355088
1.4622490880091454,0.1502476539587978
1.6427627787184707,0.19423898252821736
1.8455607661325835,0.2452889589148569
2.0733940320616497,0.3027878838721233
2.329353165215711,0.3656457491334084
2.6169102854537,0.43234105409016266
2.9399661435534976,0.5010268026165604
3.3029030354176987,0.5696820520019881
3.710644248503383,0.6362885504772664
4.168720846874621,0.6990069829177514
4.683346700825936,0.75632742340161
5.261502778863538,0.8071737480651685
5.911031845476362,0.8509506803699309
6.64074484928479,0.8875326243717923
7.4605404447366075,0.9172030595438034
8.381539268677866,0.9405600407393554
9.416234793278331,0.9584062155390773
10.578662801651687,0.9716407657014536
11.884591785129816,0.9811667268943676
13.351736844955687,0.9878216644012103
15.0,0.9923341379679653
