SA(1.0s) [g],Complete_damage
0.05000000000000001,1.2006140936993148e-07
0.056172467201025755,2.9839175441637167e-07
0.06310692142900626,7.204432255214499e-07
0.07089742948257126,1.6899262226255374e-06
0.07964967064493539,3.851398457266342e-06
0.08948237023750269,8.528684016573251e-06
0.10052891014472326,1.8352335375504403e-05
0.11293913815718663,3.837799806682973e-05
0.1268814006769336,7.799994563717494e-05
0.14254482635890514,0.00015408857685095256
0.16014189166643014,0.00029590901260856395
0.17991130314285533,0.0005524714125363372
0.2021212354977168,0.0010029585644520944
0.2270729694325259,0.0017706860129134139
0.2551049785537617,0.0030405787423747332
0.28659752081259104,0.005079321178331875
0.3219777967548112,0.008256144712271096
0.36172574455336326,0.01306076714618698
0.4063805504338082,0.02011355665840986
0.45654796280755766,0.030161984122036745
0.5129085093300529,0.04405737718108549
0.5762267283493882,0.06270739095565248
0.6473615399712076,0.08700273717619444
0.7272778974247632,0.11772142553245724
0.8170598767824696,0.15541939050037135
0.9179253825967483,0.2003217153683362
1.0312426689380967,0.2522322436203671
1.1585488999444697,0.3104798096897359
1.3015710016583038,0.3739158171779028
1.4622490880091454,0.44097058047002347
1.6427627787184707,0.5097659430979464
1.8455607661325835,0.5782712845827032
2.0733940320616497,0.6444815680636357
2.329353165215711,0.7065916634592732
2.6169102854537,0.7631419325995401
2.9399661435534976,0.8131157905519268
3.3029030354176987,0.8559792075928874
3.710644248503383,0.8916626214136489
4.168720846874621,0.9204950802463259
4.683346700825936,0.9431067493513635
5.261502778863538,0.9603182681516368
5.911031845476362,0.9730340004631601
6.64074484928479,0.9821519909684153
7.4605404447366075,0.9884978795175915
8.381539268677866,0.9927845614096044
9.416234793278331,0.9955950740691929
10.578662801651687,0.9973835589309281
11.884591785129816,0.9984881979538343
13.351736844955687,0.9991504004875635
15.0,0.9995356983420238
