SA(1.0s) [g],Loss_ratio
0.05000000000000001,3.398209150369537e-06
0.056172467201025755,6.8475138278174736e-06
0.06310692142900626,1.3525352701077403e-05
0.07089742948257126,2.6185903415892433e-05
0.07964967064493539,4.968740169508255e-05
0.08948237023750269,9.239107552440782e-05
0.10052891014472326,0.00016832778179646114
0.11293913815718663,0.0003004385078385114
0.1268814006769336,0.0005252420610805538
0.14254482635890514,0.0008992878775240544
0.16014189166643014,0.0015076778156721611
0.17991130314285533,0.0024747463688611507
0.2021212354977168,0.003976636045834264
0.2270729694325259,0.006254974955125401
0.2551049785537617,0.009630176809188233
0.28659752081259104,0.014512117693032825
0.3219777967548112,0.021405246796936783
0.36172574455336326,0.030904771588905033
0.4063805504338082,0.043680665307085725
0.45654796280755766,0.0604470903455873
0.5129085093300529,0.08191651493284036
0.5762267283493882,0.10874022028588468
0.6473615399712076,0.1414396909408628
0.7272778974247632,0.18033595235638047
0.8170598767824696,0.2254855553591563
0.9179253825967483,0.27663201961140266
1.0312426689380967,0.33317995764579267
1.1585488999444697,0.39419622288510214
1.3015710016583038,0.45843920259303184
1.4622490880091454,0.5244148668882058
1.6427627787184707,0.5904569228151522
1.8455607661325835,0.6548279328116031
2.0733940320616497,0.7158371650079209
2.329353165215711,0.7719678656666683
2.6169102854537,0.8220014701272925
2.9399661435534976,0.865120932068636
3.3029030354176987,0.900973277321811
3.710644248503383,0.9296756956296451
4.168720846874621,0.9517603966088107
4.683346700825936,0.9680679715246487
5.261502778863538,0.9796116777953342
5.911031845476362,0.9874408688806698
6.64074484928479,0.9925287339667467
7.4605404447366075,0.9956994988861767
8.381539268677866,0.9975977916707355
9.416234793278331,0.9986926593080906
10.578662801651687,0.9993034722167378
11.884591785129816,0.9996348098312412
13.351736844955687,0.9998106534715322
15.0,0.9999025496162951
