PGA [g],Loss_ratio
0.05000000000000001,1.1381214306908521e-07
0.056172467201025755,2.776621515326869e-07
0.06310692142900626,6.591495671720811e-07
0.07089742948257126,1.5227877218169843e-06
0.07964967064493539,3.4240319619698895e-06
0.08948237023750269,7.494467011513079e-06
0.10052891014472326,1.597042797138532e-05
0.11293913815718663,3.313910451731764e-05
0.1268814006769336,6.697245951382103e-05
0.14254482635890514,0.0001318478396761817
0.16014189166643014,0.0002529110630628366
0.17991130314285533,0.0004728063195046331
0.2021212354977168,0.0008616410246996698
0.2270729694325259,0.0015311099642408355
0.2551049785537617,0.0026535773868941286
0.28659752081259104,0.004486481830395567
0.3219777967548112,0.007401535046957196
0.36172574455336326,0.011916678051646534
0.4063805504338082,0.018726521578488788
0.45654796280755766,0.02872405822881347
0.5129085093300529,0.043003106235399914
0.5762267283493882,0.06282805619441852
0.6473615399712076,0.0895565636122559
0.7272778974247632,0.12450402444970868
0.8170598767824696,0.168748201871861
0.9179253825967483,0.22288919025722853
1.0312426689380967,0.2868019181169896
1.1585488999444697,0.35943921250550004
1.3015710016583038,0.43875308016917736
1.4622490880091454,0.5217903727057567
1.6427627787184707,0.604982399917706
1.8455607661325835,0.6845933586725781
2.0733940320616497,0.7572379663616273
2.329353165215711,0.820347383255625
2.6169102854537,0.872470662824233
2.9399661435534976,0.9133465177568432
3.3029030354176987,0.9437491456615184
3.710644248503383,0.9651747168349645
4.168720846874621,0.9794685795014492
4.683346700825936,0.9884890115558498
5.261502778863538,0.9938701079576525
5.911031845476362,0.996902747117924
6.64074484928479,0.9985165456069821
7.4605404447366075,0.9993270507605555
8.381539268677866,0.9997110790263887
9.416234793278331,0.9998826781935153
10.578662801651687,0.9999549673720739
11.884591785129816,0.9999836695375715
13.351736844955687,0.9999944077002945
15.0,0.9999981923154662
