SA(1.0s) [g],Complete_damage
0.05000000000000001,4.951594689828198e-14
0.056172467201025755,2.3292479056635784e-13
0.06310692142900626,1.0499379143880105e-12
0.07089742948257126,4.53859172466764e-12
0.07964967064493539,1.8808732349384627e-11
0.08948237023750269,7.473488494724734e-11
0.10052891014472326,2.8472901814069473e-10
0.11293913815718663,1.0401782768454382e-09
0.1268814006769336,3.643994661572947e-09
0.14254482635890514,1.2242488800495721e-08
0.16014189166643014,3.944705218028588e-08
0.17991130314285533,1.2191187792609526e-07
0.2021212354977168,3.6141084402974144e-07
0.2270729694325259,1.0278288619103293e-06
0.2551049785537617,2.804464129257944e-06
0.28659752081259104,7.3424020297085946e-06
0.3219777967548112,1.8447637975427256e-05
0.36172574455336326,4.448555536251675e-05
0.4063805504338082,0.00010297724176067113
0.45654796280755766,0.0002288673783716888
0.5129085093300529,0.0004884640622021541
0.5762267283493882,0.0010013451068635604
0.6473615399712076,0.001972177854538071
0.7272778974247632,0.003732866745299157
0.8170598767824696,0.006792232735293946
0.9179253825967483,0.011885435935000688
1.0312426689380967,0.020009278032741107
1.1585488999444697,0.03242417091406147
1.3015710016583038,0.05060173283735958
1.4622490880091454,0.0761016958045968
1.6427627787184707,0.11037490909590342
1.8455607661325835,0.1545097473044621
2.0733940320616497,0.2089624910059148
2.329353165215711,0.2733304248989419
2.6169102854537,0.3462310063450631
2.9399661435534976,0.4253360313300685
3.3029030354176987,0.5075771164806514
3.710644248503383,0.5894962374578232
4.168720846874621,0.6676758340566301
4.683346700825936,0.7391605578856678
5.261502778863538,0.8017851216142621
5.911031845476362,0.8543490477599609
6.64074484928479,0.8966200400413662
7.4605404447366075,0.9291893524493908
8.381539268677866,0.9532322144631181
9.416234793278331,0.9702371534564115
10.578662801651687,0.9817604100976618
11.884591785129816,0.9892418729243835
13.351736844955687,0.9938956847636813
15.0,0.996669273046381
