PGA [g],Loss_ratio
0.05000000000000001,7.011588762953122e-06
0.056172467201025755,1.3471385008558848e-05
0.06310692142900626,2.523881809434213e-05
0.07089742948257126,4.618749393724774e-05
0.07964967064493539,8.272189493049687e-05
0.08948237023750269,0.00014530615744180302
0.10052891014472326,0.0002508918051880301
0.11293913815718663,0.00042675781616427044
0.1268814006769336,0.0007165123423239474
0.14254482635890514,0.0011892695579070033
0.16014189166643014,0.001953231988880768
0.17991130314285533,0.0031749359760192206
0.2021212354977168,0.005105039151183831
0.2270729694325259,0.00811047270088043
0.2551049785537617,0.012710785416604779
0.28659752081259104,0.019613440337065503
0.3219777967548112,0.02973887358250571
0.36172574455336326,0.044222011340450784
0.4063805504338082,0.06437410241468003
0.45654796280755766,0.09158928979358408
0.5129085093300529,0.1271866928478057
0.5762267283493882,0.1721924904475194
0.6473615399712076,0.22708685687199112
0.7272778974247632,0.29156316628451123
0.8170598767824696,0.3643633533895835
0.9179253825967483,0.44325376076677825
1.0312426689380967,0.5251832641701106
1.1585488999444697,0.6066212288790989
1.3015710016583038,0.6840190102323256
1.4622490880091454,0.7542951884961613
1.6427627787184707,0.8152307273471019
1.8455607661325835,0.8656841854884775
2.0733940320616497,0.9055910775450213
2.329353165215711,0.9357742400649026
2.6169102854537,0.9576394204891981
2.9399661435534976,0.9728467983253818
3.3029030354176987,0.9830342266720601
3.710644248503383,0.9896338570966668
4.168720846874621,0.993787339622243
4.683346700825936,0.9963389782056412
5.261502778863538,0.9978758580544542
5.911031845476362,0.9987864116487808
6.64074484928479,0.9993179654334825
7.4605404447366075,0.9996236835980883
8.381539268677866,0.9997966325755185
9.416234793278331,0.9998926171262502
10.578662801651687,0.9999447219697514
11.884591785129816,0.9999723095604499
13.351736844955687,0.9999865216836911
15.0,0.9999936320831523
