PGA [g],Complete_damage
0.05000000000000001,3.648696667024609e-07
0.056172467201025755,1.1285506372749055e-06
0.06310692142900626,3.3252832047914183e-06
0.07089742948257126,9.335218627559705e-06
0.07964967064493539,2.497354410824215e-05
0.08948237023750269,6.367603580070824e-05
0.10052891014472326,0.00015477558581789008
0.11293913815718663,0.00035872503536826805
0.1268814006769336,0.0007929934030155295
0.14254482635890514,0.001672468488954526
0.16014189166643014,0.003366489860128441
0.17991130314285533,0.006469938195222125
0.2021212354977168,0.011877490352046882
0.2270729694325259,0.02083913514892599
0.2551049785537617,0.0349646984573001
0.28659752081259104,0.05614124184431368
0.3219777967548112,0.08633629509988783
0.36172574455336326,0.1272857495779609
0.4063805504338082,0.18010499270271763
0.45654796280755766,0.24490395873992543
0.5129085093300529,0.3205133813879908
0.5762267283493882,0.40442377953279673
0.6473615399712076,0.49299399557003365
0.7272778974247632,0.5819124107222937
0.8170598767824696,0.6668163443640073
0.9179253825967483,0.7439237299053737
1.0312426689380967,0.810527094243592
1.1585488999444697,0.8652448545355922
1.3015710016583038,0.9080003873882715
1.4622490880091454,0.9397755722899569
1.6427627787184707,0.9622358677967254
1.8455607661325835,0.9773357758691222
2.0733940320616497,0.9869910457574073
2.329353165215711,0.9928630398036221
2.6169102854537,0.9962595869287078
2.9399661435534976,0.9981282038845561
3.3029030354176987,0.999105966123908
3.710644248503383,0.9995925708053419
4.168720846874621,0.9998229000275286
4.683346700825936,0.9999265934492394
5.261502778863538,0.9999709933937141
5.911031845476362,0.99998907522178
6.64074484928479,0.9999960789702749
7.4605404447366075,0.9999986591302856
8.381539268677866,0.9999995631756072
9.416234793278331,0.9999998644490068
10.578662801651687,0.9999999599390157
11.884591785129816,0.9999999887250052
13.351736844955687,0.9999999969783498
15.0,0.9999999992289788
