PGA [g],Complete_damage
0.05000000000000001,4.6143139742493844e-07
0.056172467201025755,1.1794754212202108e-06
0.06310692142900626,2.9144629859478854e-06
0.07089742948257126,6.96230760999228e-06
0.07964967064493539,1.6081021720459887e-05
0.08948237023750269,3.591572855266012e-05
0.10052891014472326,7.75739292075972e-05
0.11293913815718663,0.00016205470176544612
0.1268814006769336,0.0003274785044961037
0.14254482635890514,0.0006402455440037702
0.16014189166643014,0.0012112334521336976
0.17991130314285533,0.0022177383385497684
0.2021212354977168,0.00393085916675906
0.2270729694325259,0.006746279972968727
0.2551049785537617,0.01121395860012786
0.28659752081259104,0.01805943844097968
0.3219777967548112,0.02818710263160562
0.36172574455336326,0.042654758731547116
0.4063805504338082,0.06261062586822264
0.45654796280755766,0.08918889063586444
0.5129085093300529,0.12336843591253266
0.5762267283493882,0.16580982741566563
0.6473615399712076,0.21669563353564514
0.7272778974247632,0.27560541916212367
0.8170598767824696,0.34145636052223816
0.9179253825967483,0.41253192418052265
1.0312426689380967,0.48660534964069935
1.1585488999444697,0.561145170162721
1.3015710016583038,0.6335717630722819
1.4622490880091454,0.7015220919168564
1.6427627787184707,0.7630778741243798
1.8455607661325835,0.816920956576984
2.0733940320616497,0.8623961675959051
2.329353165215711,0.8994815919316038
2.6169102854537,0.9286837852550808
2.9399661435534976,0.9508867691039219
3.3029030354176987,0.9671868899307222
3.710644248503383,0.9787414619964566
4.168720846874621,0.9866500766538234
4.683346700825936,0.9918768108401685
5.261502778863538,0.9952121791444688
5.911031845476362,0.9972673148101789
6.64074484928479,0.9984900162846931
7.4605404447366075,0.9991924147220125
8.381539268677866,0.9995820243796143
9.416234793278331,0.9997906938321519
10.578662801651687,0.9998986061276346
11.884591785129816,0.9999524908657126
13.351736844955687,0.9999784711146318
15.0,0.9999905660462086
