SA(0.6s) [g],Complete_damage
0.05000000000000001,3.577993457071216e-10
0.056172467201025755,9.534305567271417e-10
0.06310692142900626,2.480179728259202e-09
0.07089742948257126,6.298453203434917e-09
0.07964967064493539,1.561544027417483e-08
0.08948237023750269,3.779705182171966e-08
0.10052891014472326,8.932227735236609e-08
0.11293913815718663,2.0609891082656873e-07
0.1268814006769336,4.643256941161411e-07
0.14254482635890514,1.0214549266418516e-06
0.16014189166643014,2.19424416869618e-06
0.17991130314285533,4.603003475045497e-06
0.2021212354977168,9.429992150922217e-06
0.2270729694325259,1.88677457162445e-05
0.2551049785537617,3.6871807719940364e-05
0.28659752081259104,7.038238539713859e-05
0.3219777967548112,0.00013123831622918747
0.36172574455336326,0.00023906680452845386
0.4063805504338082,0.0004254787615658451
0.45654796280755766,0.0007399085520803927
0.5129085093300529,0.0012573763226528811
0.5762267283493882,0.002088283768619914
0.6473615399712076,0.003390046238480049
0.7272778974247632,0.005379897510756959
0.8170598767824696,0.008347592648071944
0.9179253825967483,0.012666041418924356
1.0312426689380967,0.018797250099395146
1.1585488999444697,0.027290507412762954
1.3015710016583038,0.03876972640194942
1.4622490880091454,0.053907440267997875
1.6427627787184707,0.07338426469861248
1.8455607661325835,0.09783466237453653
2.0733940320616497,0.1277823736430308
2.329353165215711,0.16357151599005904
2.6169102854537,0.2053015652989696
2.9399661435534976,0.2527756353356029
3.3029030354176987,0.30547119275281553
3.710644248503383,0.36254035714991506
4.168720846874621,0.4228433689017629
4.683346700825936,0.485014171447545
5.261502778863538,0.5475521626897408
5.911031845476362,0.608929969298197
6.64074484928479,0.6677044477462899
7.4605404447366075,0.7226175758119104
8.381539268677866,0.7726755833534522
9.416234793278331,0.8171982231873116
10.578662801651687,0.8558347624249323
11.884591785129816,0.8885481476761352
13.351736844955687,0.9155729611962069
15.0,0.9373555684685747
