SA(0.6s) [g],Complete_damage
0.05000000000000001,3.568256801145253e-13
0.056172467201025755,1.1113332476497817e-12
0.06310692142900626,3.378741730841739e-12
0.07089742948257126,1.0026091068482401e-11
0.07964967064493539,2.904143592274977e-11
0.08948237023750269,8.211265001278889e-11
0.10052891014472326,2.2663182441817753e-10
0.11293913815718663,6.106043448639298e-10
0.1268814006769336,1.6059727991901696e-09
0.14254482635890514,4.123514196763267e-09
0.16014189166643014,1.0336186906378941e-08
0.17991130314285533,2.5294735972458682e-08
0.2021212354977168,6.043537403854771e-08
0.2270729694325259,1.409804578633711e-07
0.2551049785537617,3.211069949937695e-07
0.28659752081259104,7.141369661178842e-07
0.3219777967548112,1.5508624320315079e-06
0.36172574455336326,3.288862111205937e-06
0.4063805504338082,6.811157888808594e-06
0.45654796280755766,1.3776002227849915e-05
0.5129085093300529,2.7213131797210188e-05
0.5762267283493882,5.250675983425879e-05
0.6473615399712076,9.896099519379753e-05
0.7272778974247632,0.00018220425943016316
0.8170598767824696,0.00032774430832094303
0.9179253825967483,0.0005760150771266792
1.0312426689380967,0.0009892322367802686
1.1585488999444697,0.0016602605124090841
1.3015710016583038,0.002723455774813366
1.4622490880091454,0.0043670515211935435
1.6427627787184707,0.006846110001591188
1.8455607661325835,0.010494391528922953
2.0733940320616497,0.015732804662565325
2.329353165215711,0.023071536159347317
2.6169102854537,0.03310271833698264
2.9399661435534976,0.046480777785979144
3.3029030354176987,0.06388858327000424
3.710644248503383,0.08598922289734923
4.168720846874621,0.11336557562774252
4.683346700825936,0.1464524902951143
5.261502778863538,0.1854688641250275
5.911031845476362,0.2303586458739959
6.64074484928479,0.2807502344409494
7.4605404447366075,0.3359425451337201
8.381539268677866,0.3949231307817722
9.416234793278331,0.4564195126179471
10.578662801651687,0.51897998670837
11.884591785129816,0.5810755371443355
13.351736844955687,0.6412110354639273
15.0,0.6980323567625568
