SA(0.6s) [g],Complete_damage
0.05000000000000001,1.812527905542538e-11
0.056172467201025755,5.180322837361473e-11
0.06310692142900626,1.4452472552051177e-10
0.07089742948257126,3.9359604464550557e-10
0.07964967064493539,1.0463904187574258e-09
0.08948237023750269,2.715703995015417e-09
0.10052891014472326,6.880642500206591e-09
0.11293913815718663,1.7019484710445454e-08
0.1268814006769336,4.1100638559221636e-08
0.14254482635890514,9.690593560929273e-08
0.16014189166643014,2.2308369274082196e-07
0.17991130314285533,5.014389784507856e-07
0.2021212354977168,1.1005750557568916e-06
0.2270729694325259,2.3588073879698968e-06
0.2551049785537617,4.936942172850678e-06
0.28659752081259104,1.0091125266731282e-05
0.3219777967548112,2.0144770308538895e-05
0.36172574455336326,3.927837383688182e-05
0.4063805504338082,7.480709244744865e-05
0.45654796280755766,0.00013917537204488628
0.5129085093300529,0.0002529574534203549
0.5762267283493882,0.0004491965298093481
0.6473615399712076,0.0007794191221353053
0.7272778974247632,0.001321591983731829
0.8170598767824696,0.002190109328687906
0.9179253825967483,0.0035475753576724722
1.0312426689380967,0.00561766532720287
1.1585488999444697,0.008697726000220563
1.3015710016583038,0.013169080910987674
1.4622490880091454,0.01950236333823252
1.6427627787184707,0.028254788932595254
1.8455607661325835,0.04005630702455154
2.0733940320616497,0.05558222254373335
2.329353165215711,0.07551126667573915
2.6169102854537,0.10047017814099979
2.9399661435534976,0.13096841589717045
3.3029030354176987,0.16732924650369085
3.710644248503383,0.20962558753929117
4.168720846874621,0.25763006702636027
4.683346700825936,0.31078832004008894
5.261502778863538,0.36822239218706343
5.911031845476362,0.4287674220374236
6.64074484928479,0.49104007492213264
7.4605404447366075,0.5535323334289006
8.381539268677866,0.6147201642208469
9.416234793278331,0.6731741158229407
10.578662801651687,0.7276585787186958
11.884591785129816,0.7772083265115242
13.351736844955687,0.8211746542868661
15.0,0.8592381703045184
