SA(0.3s) [g],Complete_damage
0.05000000000000001,4.23085067124962e-06
0.056172467201025755,1.161683592321161e-05
0.06310692142900626,3.042906280303903e-05
0.07089742948257126,7.605179744851753e-05
0.07964967064493539,0.00018140120854759356
0.08948237023750269,0.00041303021557470565
0.10052891014472326,0.0008979435606776276
0.11293913815718663,0.0018645417785414509
0.1268814006769336,0.003699130811851137
0.14254482635890514,0.007014583330938962
0.16014189166643014,0.012719618120915266
0.17991130314285533,0.022066902913128184
0.2021212354977168,0.03664915342760755
0.2270729694325259,0.058310014940703536
0.2551049785537617,0.08894651544978383
0.28659752081259104,0.13020516355928613
0.3219777967548112,0.18311097335487792
0.36172574455336326,0.24770678810312496
0.4063805504338082,0.32280301583169313
0.45654796280755766,0.4059305035655152
0.5129085093300529,0.49354662522067116
0.5762267283493882,0.5814764592426985
0.6473615399712076,0.665500070229039
0.7272778974247632,0.7419503837449053
0.8170598767824696,0.8081827085844815
0.9179253825967483,0.862818025501255
1.0312426689380967,0.9057310958835407
1.1585488999444697,0.9378246831395156
1.3015710016583038,0.9606785327090368
1.4622490880091454,0.9761742879528262
1.6427627787184707,0.9861783931176932
1.8455607661325835,0.9923281178929056
2.0733940320616497,0.9959276399252891
2.329353165215711,0.9979337071938323
2.6169102854537,0.9989982359601842
2.9399661435534976,0.999536109649616
3.3029030354176987,0.9997948796377292
3.710644248503383,0.9999134177247484
4.168720846874621,0.9999651202797567
4.683346700825936,0.9999865924449828
5.261502778863538,0.999995083253812
5.911031845476362,0.999998280170356
6.64074484928479,0.9999994262694216
7.4605404447366075,0.9999998174895885
8.381539268677866,0.9999999446430251
9.416234793278331,0.9999999839928065
10.578662801651687,0.9999999955876114
11.884591785129816,0.9999999988406635
13.351736844955687,0.9999999997096729
15.0,0.9999999999307091
