SA(0.3s) [g],Complete_damage
0.05000000000000001,3.635923436706712e-05
0.056172467201025755,7.435906407349258e-05
0.06310692142900626,0.00014776384865922143
0.07089742948257126,0.0002853419035140359
0.07964967064493539,0.0005355239269044798
0.08948237023750269,0.000976937043532411
0.10052891014472326,0.0017325799693659327
0.11293913815718663,0.002987656804335659
0.1268814006769336,0.005010239851670151
0.14254482635890514,0.008172698204113704
0.16014189166643014,0.012970316744507548
0.17991130314285533,0.02003201411734712
0.2021212354977168,0.030116993550519777
0.2270729694325259,0.04409108220085345
0.2551049785537617,0.06287795807940888
0.28659752081259104,0.08738372296485764
0.3219777967548112,0.11839821051540844
0.36172574455336326,0.156482304785299
0.4063805504338082,0.20185612524572472
0.45654796280755766,0.25430664275489334
0.5129085093300529,0.3131336742792087
0.5762267283493882,0.37714942294981646
0.6473615399712076,0.4447389598877187
0.7272778974247632,0.5139786101747587
0.8170598767824696,0.5827983482339745
0.9179253825967483,0.6491656130081501
1.0312426689380967,0.7112636074121386
1.1585488999444697,0.7676382722055096
1.3015710016583038,0.8172944292122628
1.4622490880091454,0.85973145710513
1.6427627787184707,0.8949198571469485
1.8455607661325835,0.9232296549936543
2.0733940320616497,0.9453278438616487
2.329353165215711,0.962064135479328
2.6169102854537,0.9743624161650704
2.9399661435534976,0.98313065052398
3.3029030354176987,0.9891960924099598
3.710644248503383,0.9932670375952612
4.168720846874621,0.995918042526976
4.683346700825936,0.997593017207357
5.261502778863538,0.998619823074874
5.911031845476362,0.9992305552116941
6.64074484928479,0.999583003568358
7.4605404447366075,0.9997803468918474
8.381539268677866,0.999887555969704
9.416234793278331,0.9999440656432146
10.578662801651687,0.9999729655264825
11.884591785129816,0.9999873055996357
13.351736844955687,0.9999942094054156
15.0,0.9999974342412665
