SA(1.0s) [g],Complete_damage
0.05000000000000001,2.543365460905278e-06
0.056172467201025755,5.498421138505627e-06
0.06310692142900626,1.1581786038661335e-05
0.07089742948257126,2.3771181098197758e-05
0.07964967064493539,4.7543993960563746e-05
0.08948237023750269,9.267127530021568e-05
0.10052891014472326,0.00017605052719049663
0.11293913815718663,0.00032599728691939944
0.1268814006769336,0.000588465361362811
0.14254482635890514,0.0010356390405193983
0.16014189166643014,0.0017771820855737586
0.17991130314285533,0.0029740794762775913
0.2021212354977168,0.00485442616336651
0.2270729694325259,0.007729701407927614
0.2551049785537617,0.012009087176637623
0.28659752081259104,0.018208406342918093
0.3219777967548112,0.026949527218599445
0.36172574455336326,0.03894592482881898
0.4063805504338082,0.05497081995815667
0.45654796280755766,0.07580614019303644
0.5129085093300529,0.10217344998560807
0.5762267283493882,0.13465166396070738
0.6473615399712076,0.17359015751610518
0.7272778974247632,0.21902895771982434
0.8170598767824696,0.2706391265004382
0.9179253825967483,0.3276955344169774
1.0312426689380967,0.3890907182266846
1.1585488999444697,0.45339278278208117
1.3015710016583038,0.5189433221116759
1.4622490880091454,0.5839844946339454
1.6427627787184707,0.6467991807926505
1.8455607661325835,0.7058457629390336
2.0733940320616497,0.7598700527607152
2.329353165215711,0.8079810208240961
2.6169102854537,0.8496833049472453
2.9399661435534976,0.8848665827910613
3.3029030354176987,0.913758306214956
3.710644248503383,0.936850823699771
4.168720846874621,0.9548159294911494
4.683346700825936,0.9684193750959915
5.261502778863538,0.9784453981155501
5.911031845476362,0.985637719350382
6.64074484928479,0.990659642210278
7.4605404447366075,0.9940726050132481
8.381539268677866,0.9963302393506198
9.416234793278331,0.9977838100112948
10.578662801651687,0.998694727759061
11.884591785129816,0.9992503538288573
13.351736844955687,0.9995802265978608
15.0,0.9997708475706457
