SA(1.0s) [g],Complete_damage
0.05000000000000001,0.0
0.056172467201025755,0.0
0.06310692142900626,1.1102230246251565e-16
0.07089742948257126,4.440892098500626e-16
0.07964967064493539,3.552713678800501e-15
0.08948237023750269,2.5091040356528538e-14
0.10052891014472326,1.6786572132332367e-13
0.11293913815718663,1.0572653863505366e-12
0.1268814006769336,6.252776074688882e-12
0.14254482635890514,3.4739544574335923e-11
0.16014189166643014,1.8132917389834802e-10
0.17991130314285533,8.892910852154046e-10
0.2021212354977168,4.0982546245516005e-09
0.2270729694325259,1.7749400060829146e-08
0.2551049785537617,7.225284781586794e-08
0.28659752081259104,2.764880219219279e-07
0.3219777967548112,9.947615605687687e-07
0.36172574455336326,3.365605661609372e-06
0.4063805504338082,1.0710252693835187e-05
0.45654796280755766,3.2065009081039264e-05
0.5129085093300529,9.033903015909228e-05
0.5762267283493882,0.00023958853308259087
0.6473615399712076,0.0005983527850479398
0.7272778974247632,0.0014077553321496517
0.8170598767824696,0.0031216330357930477
0.9179253825967483,0.006527719127175868
1.0312426689380967,0.012880919635131494
1.1585488999444697,0.024003132894687917
1.3015710016583038,0.04227791050502039
1.4622490880091454,0.07046016066260019
1.6427627787184707,0.11125096906991061
1.8455607661325835,0.16666406101451492
2.0733940320616497,0.23731633817578524
2.329353165215711,0.3218644435073159
2.6169102854537,0.41682553521910837
2.9399661435534976,0.5169296039289303
3.3029030354176987,0.6159722014351752
3.710644248503383,0.7079443992996148
4.168720846874621,0.7881039529267535
4.683346700825936,0.8536758983428735
5.261502778863538,0.9040195499317809
5.911031845476362,0.9402968516822794
6.64074484928479,0.9648319926378554
7.4605404447366075,0.9804061691021138
8.381539268677866,0.9896848055846371
9.416234793278331,0.9948731080930414
10.578662801651687,0.9975959846360763
11.884591785129816,0.9989371785001895
13.351736844955687,0.9995572124570792
15.0,0.999826241404376
