SA(1.0s) [g],Loss_ratio
0.05000000000000001,4.382161047925711e-09
0.056172467201025755,1.5912703175821484e-08
0.06310692142900626,5.508009232979354e-08
0.07089742948257126,1.8175385868533654e-07
0.07964967064493539,5.718193599985414e-07
0.08948237023750269,1.715432833282499e-06
0.10052891014472326,4.907812321815305e-06
0.11293913815718663,1.3392713487964028e-05
0.1268814006769336,3.4865122283428526e-05
0.14254482635890514,8.660468662966248e-05
0.16014189166643014,0.0002053130755058965
0.17991130314285533,0.00046465248931960054
0.2021212354977168,0.0010041635848176403
0.2270729694325259,0.002072970658062488
0.2551049785537617,0.0040894593685560365
0.28659752081259104,0.007712979896642836
0.3219777967548112,0.013915351378357746
0.36172574455336326,0.024029858000778656
0.4063805504338082,0.03974695272397661
0.45654796280755766,0.06302401967587333
0.5129085093300529,0.0958859842815197
0.5762267283493882,0.14011599059342772
0.6473615399712076,0.19686755226249333
0.7272778974247632,0.2662638191133471
0.8170598767824696,0.3470763761684994
0.9179253825967483,0.43658642293553573
1.0312426689380967,0.5307169894391008
1.1585488999444697,0.6244780001527691
1.3015710016583038,0.7126840134877618
1.4622490880091454,0.7908027861802012
1.6427627787184707,0.8557126932141671
1.8455607661325835,0.9061412205753029
2.0733940320616497,0.9426518624873124
2.329353165215711,0.9672108365532267
2.6169102854537,0.9825162811913923
2.9399661435534976,0.9913320898816548
3.3029030354176987,0.9960151652054139
3.710644248503383,0.998305259175238
4.168720846874621,0.9993345650200218
4.683346700825936,0.9997592057009128
5.261502778863538,0.9999198217818186
5.911031845476362,0.9999754666515602
6.64074484928479,0.9999931095887555
7.4605404447366075,0.9999982254622118
8.381539268677866,0.9999995813049488
9.416234793278331,0.9999999095617546
10.578662801651687,0.9999999821285833
11.884591785129816,0.999999996771024
13.351736844955687,0.9999999994668535
15.0,0.9999999999195905
