SA(0.6s) [g],Complete_damage
0.05000000000000001,1.1058222386672867e-06
0.056172467201025755,2.1192864098074082e-06
0.06310692142900626,3.99225703295869e-06
0.07089742948257126,7.39240839908728e-06
0.07964967064493539,1.3455725311195543e-05
0.08948237023750269,2.40767649154483e-05
0.10052891014472326,4.2352234414289036e-05
0.11293913815718663,7.324201495784166e-05
0.1268814006769336,0.0001245288476108275
0.14254482635890514,0.00020817418194074566
0.16014189166643014,0.00034217960065263675
0.17991130314285533,0.000553065627487026
0.2021212354977168,0.00087906597594678
0.2270729694325259,0.0013740978326355346
0.2551049785537617,0.0021125001721482572
0.28659752081259104,0.0031944268279603394
0.3219777967548112,0.004751637695926347
0.36172574455336326,0.006953255290217064
0.4063805504338082,0.01001085910445465
0.45654796280755766,0.014182101284513249
0.5129085093300529,0.019771878197754278
0.5762267283493882,0.027130024657377017
0.6473615399712076,0.03664455308635339
0.7272778974247632,0.04872967403934303
0.8170598767824696,0.06380822585266588
0.9179253825967483,0.0822887024253699
1.0312426689380967,0.10453775935490195
1.1585488999444697,0.1308498258857368
1.3015710016583038,0.1614161507123757
1.4622490880091454,0.1962961451202062
1.6427627787184707,0.23539414213850496
1.8455607661325835,0.27844457613202644
2.0733940320616497,0.32500806175432306
2.329353165215711,0.37447993531917967
2.6169102854537,0.42611160386517244
2.9399661435534976,0.4790436753331768
3.3029030354176987,0.5323485036439279
3.710644248503383,0.5850786693633854
4.168720846874621,0.6363171982329762
4.683346700825936,0.6852251072624865
5.261502778863538,0.7310821945723238
5.911031845476362,0.7733178037459442
6.64074484928479,0.8115294705829224
7.4605404447366075,0.8454887232579558
8.381539268677866,0.8751346605450301
9.416234793278331,0.9005570965823964
10.578662801651687,0.921971898147257
11.884591785129816,0.9396915773619582
13.351736844955687,0.9540942325142809
15.0,0.9655936057711361
