SA(1.0s) [g],Loss_ratio
0.05000000000000001,1.7686763125687495e-07
0.056172467201025755,3.6952357026597917e-07
0.06310692142900626,7.537161052394538e-07
0.07089742948257126,1.5018780675360176e-06
0.07964967064493539,2.925873711742951e-06
0.08948237023750269,5.577608577799277e-06
0.10052891014472326,1.0414365997369736e-05
0.11293913815718663,1.906639475947353e-05
0.1268814006769336,3.426424045957205e-05
0.14254482635890514,6.051277882112134e-05
0.16014189166643014,0.00010514092448887021
0.17991130314285533,0.00017991282335050524
0.2021212354977168,0.0003034574245708568
0.2270729694325259,0.0005048520382327505
0.2551049785537617,0.0008287650162861955
0.28659752081259104,0.0013425922417865067
0.3219777967548112,0.002145965476703914
0.36172574455336326,0.0033828103788775196
0.4063805504338082,0.0052557323452462595
0.45654796280755766,0.008041878013874761
0.5129085093300529,0.012108582918268815
0.5762267283493882,0.017926178824885168
0.6473615399712076,0.026074500398481637
0.7272778974247632,0.03723917341153571
0.8170598767824696,0.05219395603903185
0.9179253825967483,0.07176639305300742
1.0312426689380967,0.0967857512618726
1.1585488999444697,0.1280142931597743
1.3015710016583038,0.16606494842518715
1.4622490880091454,0.21131008233954723
1.6427627787184707,0.26378759434124777
1.8455607661325835,0.32311285879647583
2.0733940320616497,0.3884089233914016
2.329353165215711,0.4582726517699407
2.6169102854537,0.5307986428613748
2.9399661435534976,0.603681189586355
3.3029030354176987,0.6744027889944662
3.710644248503383,0.740495143767185
4.168720846874621,0.7998311901350578
4.683346700825936,0.8508861502272485
5.261502778863538,0.8929038673329087
5.911031845476362,0.9259265336035551
6.64074484928479,0.9506847370121068
7.4605404447366075,0.9683848987590941
8.381539268677866,0.9804561447771238
9.416234793278331,0.988319840933773
10.578662801651687,0.9932254345408206
11.884591785129816,0.9961673903390902
13.351736844955687,0.9978727144469877
15.0,0.9988346961754234
