SA(0.6s) [g],Complete_damage
0.05000000000000001,1.1957932113726422e-05
0.056172467201025755,2.086764395314855e-05
0.06310692142900626,3.585804601868858e-05
0.07089742948257126,6.067521887520577e-05
0.07964967064493539,0.00010110307750332836
0.08948237023750269,0.00016590659605786318
0.10052891014472326,0.00026811953086680607
0.11293913815718663,0.00042675582627604847
0.1268814006769336,0.0006690197221196348
0.14254482635890514,0.0010330724394579383
0.16014189166643014,0.001571378545543567
0.17991130314285533,0.002354598583514722
0.2021212354977168,0.003475913848038692
0.2270729694325259,0.005055564839618776
0.2551049785537617,0.007245261851258511
0.28659752081259104,0.010231994730748983
0.3219777967548112,0.014240645485191217
0.36172574455336326,0.019534713834919337
0.4063805504338082,0.026414427394883533
0.45654796280755766,0.03521155035935353
0.5129085093300529,0.046280348453567766
0.5762267283493882,0.05998442479345234
0.6473615399712076,0.07667950757438802
0.7272778974247632,0.09669272396895723
0.8170598767824696,0.12029939322437055
0.9179253825967483,0.14769885624811363
1.0312426689380967,0.17899125835292362
1.1585488999444697,0.2141574443994525
1.3015710016583038,0.2530441502326286
1.4622490880091454,0.29535644309452913
1.6427627787184707,0.34065887186602595
1.8455607661325835,0.3883860694579985
2.0733940320616497,0.4378626760960014
2.329353165215711,0.48833152512725464
2.6169102854537,0.5389881696628247
2.9399661435534976,0.5890191440692398
3.3029030354176987,0.637640943472254
3.710644248503383,0.684136624832546
4.168720846874621,0.7278871960853437
4.683346700825936,0.7683955281294461
5.261502778863538,0.8053013188612654
5.911031845476362,0.8383865510950363
6.64074484928479,0.8675717983739175
7.4605404447366075,0.8929045335221735
8.381539268677866,0.9145411975367501
9.416234793278331,0.9327251392468874
10.578662801651687,0.9477626263585399
11.884591785129816,0.959998979746012
13.351736844955687,0.969796547060095
15.0,0.977515777388997
