SA(0.6s) [g],Complete_damage
0.05000000000000001,3.227763716306953e-07
0.056172467201025755,6.189769615749796e-07
0.06310692142900626,1.168474257573493e-06
0.07089742948257126,2.1714335931566353e-06
0.07964967064493539,3.972539393215513e-06
0.08948237023750269,7.154781862195314e-06
0.10052891014472326,1.2686569017983373e-05
0.11293913815718663,2.2147542297346057e-05
0.1268814006769336,3.806758903823759e-05
0.14254482635890514,6.442428927833088e-05
0.16014189166643014,0.00010735577517273498
0.17991130314285533,0.0001761574474460348
0.2021212354977168,0.000284640092819588
0.2270729694325259,0.0004529306489131635
0.2551049785537617,0.0007097912156119879
0.28659752081259104,0.0010955122708248277
0.3219777967548112,0.0016653976056488773
0.36172574455336326,0.0024937971424336958
0.4063805504338082,0.003678557326588172
0.45654796280755766,0.005345648285736804
0.5129085093300529,0.00765359825315004
0.5762267283493882,0.010797230507996969
0.6473615399712076,0.015010074143978258
0.7272778974247632,0.020564730630852845
0.8170598767824696,0.02777044991159827
0.9179253825967483,0.03696722873453606
1.0312426689380967,0.04851591064377292
1.1585488999444697,0.0627840510647153
1.3015710016583038,0.08012770547766834
1.4622490880091454,0.10086977721067769
1.6427627787184707,0.1252760768823329
1.8455607661325835,0.15353073368678305
2.0733940320616497,0.18571298525237523
2.329353165215711,0.22177758428203287
2.6169102854537,0.2615410368618566
2.9399661435534976,0.30467559580117687
3.3029030354176987,0.3507123753445953
3.710644248503383,0.3990541743730771
4.168720846874621,0.4489976752659911
4.683346700825936,0.4997637349287062
5.261502778863538,0.5505336258996663
5.911031845476362,0.6004884353356366
6.64074484928479,0.6488484788663605
7.4605404447366075,0.6949095846490839
8.381539268677866,0.7380734506764759
9.416234793278331,0.7778699260928426
10.578662801651687,0.8139699244388565
11.884591785129816,0.8461886271277272
13.351736844955687,0.8744795562253268
15.0,0.8989208765648742
