SA(0.3s) [g],Loss_ratio
0.05000000000000001,1.6021649492065558e-09
0.056172467201025755,4.3874044090713065e-09
0.06310692142900626,1.1595042741008057e-08
0.07089742948257126,2.958089317080394e-08
0.07964967064493539,7.287201283863444e-08
0.08948237023750269,1.7341671282184225e-07
0.10052891014472326,3.9885531129372355e-07
0.11293913815718663,8.871621335184223e-07
0.1268814006769336,1.909821755868236e-06
0.14254482635890514,3.983009770759696e-06
0.16014189166643014,8.057342523973241e-06
0.17991130314285533,1.5834109967060612e-05
0.2021212354977168,3.028437913856791e-05
0.2270729694325259,5.649603219068568e-05
0.2551049785537617,0.00010305788275324797
0.28659752081259104,0.00018433138451245327
0.3219777967548112,0.00032418418986473877
0.36172574455336326,0.000562082928555992
0.4063805504338082,0.0009628513957628002
0.45654796280755766,0.0016318161255802995
0.5129085093300529,0.002737299910423835
0.5762267283493882,0.004542165136738471
0.6473615399712076,0.007444903210184121
0.7272778974247632,0.012028113766436787
0.8170598767824696,0.019107757659204774
0.9179253825967483,0.029770408958639288
1.0312426689380967,0.04537889776357236
1.1585488999444697,0.06752160688873529
1.3015710016583038,0.0978810983496165
1.4622490880091454,0.13800822543840027
1.6427627787184707,0.18901151013346384
1.8455607661325835,0.25120662491253887
2.0733940320616497,0.3238078271012923
2.329353165215711,0.4047651318276898
2.6169102854537,0.49083934886727987
2.9399661435534976,0.5779529110344076
3.3029030354176987,0.6617686963581104
3.710644248503383,0.7383637853167538
4.168720846874621,0.8048202062466769
4.683346700825936,0.8595759448777973
5.261502778863538,0.9024611860231917
5.911031845476362,0.9344506298865422
6.64074484928479,0.95724571603748
7.4605404447366075,0.9728289456834316
8.381539268677866,0.9831047871477501
9.416234793278331,0.9896822852924618
10.578662801651687,0.993795655960817
11.884591785129816,0.996322941950663
13.351736844955687,0.9978540209029992
15.0,0.9987694978930202
