SA(0.3s) [g],Loss_ratio
0.05000000000000001,6.654927381661163e-12
0.056172467201025755,2.3804340647490093e-11
0.06310692142900626,8.238906345882511e-11
0.07089742948257126,2.7593989318111915e-10
0.07964967064493539,8.943709196271779e-10
0.08948237023750269,2.805470352116973e-09
0.10052891014472326,8.517327499381482e-09
0.11293913815718663,2.502843105324668e-08
0.1268814006769336,7.118976329937546e-08
0.14254482635890514,1.9600815488970831e-07
0.16014189166643014,5.224208177840061e-07
0.17991130314285533,1.3479439225995142e-06
0.2021212354977168,3.366990760608435e-06
0.2270729694325259,8.142229256051918e-06
0.2551049785537617,1.906285062770636e-05
0.28659752081259104,4.32102760960182e-05
0.3219777967548112,9.483151250877796e-05
0.36172574455336326,0.000201510192812082
0.4063805504338082,0.0004146033536696699
0.45654796280755766,0.0008259860133586973
0.5129085093300529,0.0015934108591027462
0.5762267283493882,0.0029764945313235465
0.6473615399712076,0.005383984851753612
0.7272778974247632,0.00942997160518497
0.8170598767824696,0.015991631608919886
0.9179253825967483,0.026254001035105362
1.0312426689380967,0.04171923958718583
1.1585488999444697,0.06415159949306494
1.3015710016583038,0.09542936054855763
1.4622490880091454,0.1372868360184119
1.6427627787184707,0.19095711130821708
1.8455607661325835,0.2567676860939576
2.0733940320616497,0.333785433105088
2.329353165215711,0.41963372797573323
2.6169102854537,0.5105906725304178
2.9399661435534976,0.6020120298719197
3.3029030354176987,0.6890191830448766
3.710644248503383,0.767290194954463
4.168720846874621,0.8337395854440457
4.683346700825936,0.8869008547451114
5.261502778863538,0.9269274389773808
5.911031845476362,0.9552574462499135
6.64074484928479,0.9740871407402251
7.4605404447366075,0.9858291959366058
8.381539268677866,0.9926935888797614
9.416234793278331,0.9964529334268144
10.578662801651687,0.9983804842714824
11.884591785129816,0.9993052833647577
13.351736844955687,0.9997202652927988
15.0,0.9998943530450252
