SA(0.6s) [g],Complete_damage
0.05000000000000001,9.47238825240726e-05
0.056172467201025755,0.00014875667426328398
0.06310692142900626,0.00023069581456403032
0.07089742948257126,0.00035331686072925805
0.07964967064493539,0.0005344000990713527
0.08948237023750269,0.0007982950691191038
0.10052891014472326,0.0011778053979513148
0.11293913815718663,0.0017163922148006883
0.1268814006769336,0.0024706633204232276
0.14254482635890514,0.003513074019374729
0.16014189166643014,0.00493471485064334
0.17991130314285533,0.00684800378010797
0.2021212354977168,0.009389040103601753
0.2270729694325259,0.012719320758508013
0.2551049785537617,0.01702647520583256
0.28659752081259104,0.022523652029763475
0.3219777967548112,0.029447198665570773
0.36172574455336326,0.038052323839972035
0.4063805504338082,0.048606526266150696
0.45654796280755766,0.061380714333143516
0.5129085093300529,0.07663812558084993
0.5762267283493882,0.09462137057354847
0.6473615399712076,0.11553815558997016
0.7272778974247632,0.13954645890235473
0.8170598767824696,0.16674011940785183
0.9179253825967483,0.19713591675755848
1.0312426689380967,0.23066325509876728
1.1585488999444697,0.26715749162753777
1.3015710016583038,0.3063577705479824
1.4622490880091454,0.3479099398418444
1.6427627787184707,0.3913747629687778
1.8455607661325835,0.4362412227330851
2.0733940320616497,0.4819442911983859
2.329353165215711,0.52788615259201
2.6169102854537,0.5734595584865625
2.9399661435534976,0.6180718012605557
3.3029030354176987,0.6611677353518189
3.710644248503383,0.7022503627331265
4.168720846874621,0.7408977192033964
4.683346700825936,0.7767751260259934
5.261502778863538,0.8096422699526243
5.911031845476362,0.8393549999453453
6.64074484928479,0.8658621364020436
7.4605404447366075,0.8891979387545716
8.381539268677866,0.90947113980285
9.416234793278331,0.9268516123921136
10.578662801651687,0.9415557818111912
11.884591785129816,0.9538318439027914
13.351736844955687,0.9639457126889847
15.0,0.97216842719878
