SA(0.6s) [g],Complete_damage
0.05000000000000001,2.3004847317764643e-05
0.056172467201025755,3.7554909850023854e-05
0.06310692142900626,6.053297869645924e-05
0.07089742948257126,9.634028620464363e-05
0.07964967064493539,0.0001514006760977571
0.08948237023750269,0.0002349448904609419
0.10052891014472326,0.00036002923591915703
0.11293913815718663,0.00054482798570199
0.1268814006769336,0.00081423232584521
0.14254482635890514,0.0012017750977221242
0.16014189166643014,0.001751878323325684
0.17991130314285533,0.002522388256477104
0.2021212354977168,0.0035873200551280737
0.2270729694325259,0.005039681977543231
0.2551049785537617,0.006994189838808174
0.28659752081259104,0.009589620911979124
0.3219777967548112,0.012990499214743378
0.36172574455336326,0.017387759755114418
0.4063805504338082,0.02299801762503051
0.45654796280755766,0.030061078812589015
0.5129085093300529,0.038835381969017924
0.5762267283493882,0.0495911598754597
0.6473615399712076,0.06260125710055497
0.7272778974247632,0.0781297313168644
0.8170598767824696,0.09641858801985359
0.9179253825967483,0.11767323318461431
1.0312426689380967,0.14204745125203488
1.1585488999444697,0.16962889897055278
1.3015710016583038,0.20042622122619125
1.4622490880091454,0.23435891917669327
1.6427627787184707,0.2712510177626023
1.8455607661325835,0.31082938426668505
2.0733940320616497,0.3527272506923903
2.329353165215711,0.39649311273412546
2.6169102854537,0.4416047514820104
2.9399661435534976,0.4874876936283431
3.3029030354176987,0.5335370379516442
3.710644248503383,0.5791412736244729
4.168720846874621,0.6237065341531578
4.683346700825936,0.6666796907377297
5.261502778863538,0.7075687952447347
5.911031845476362,0.7459596233266935
6.64074484928479,0.7815274146016249
7.4605404447366075,0.8140433198564445
8.381539268677866,0.8433754995641993
9.416234793278331,0.8694852282450107
10.578662801651687,0.8924187057521609
11.884591785129816,0.9122955301359933
13.351736844955687,0.9292949311235783
15.0,0.9436408960714932
