SA(0.6s) [g],Complete_damage
0.05000000000000001,5.8998060170623035e-06
0.056172467201025755,1.0072169209451864e-05
0.06310692142900626,1.696756725044768e-05
0.07089742948257126,2.820582931428728e-05
0.07964967064493539,4.626931470463891e-05
0.08948237023750269,7.490229383744218e-05
0.10052891014472326,0.00011966270975216631
0.11293913815718663,0.00018866830177910465
0.1268814006769336,0.0002935831748455131
0.14254482635890514,0.0004508917644588939
0.16014189166643014,0.0006835028582558023
0.17991130314285533,0.0010227147131751657
0.2021212354977168,0.0015105511510143943
0.2270729694325259,0.0022024459550966657
0.2551049785537617,0.0031702078660990063
0.28659752081259104,0.004505141290470416
0.3219777967548112,0.00632113072776741
0.36172574455336326,0.00875742453381112
0.4063805504338082,0.01198078324687557
0.45654796280755766,0.016186599105474264
0.5129085093300529,0.02159855825428414
0.5762267283493882,0.028466417847357595
0.6473615399712076,0.0370615181831101
0.7272778974247632,0.04766975340266699
0.8170598767824696,0.06058188608478354
0.9179253825967483,0.0760813069236923
1.0312426689380967,0.09442959767346737
1.1585488999444697,0.11585053205908324
1.3015710016583038,0.1405134162945143
1.4622490880091454,0.1685168944009443
1.6427627787184707,0.1998744892525468
1.8455607661325835,0.23450318811452342
2.0733940320616497,0.27221629078159126
2.329353165215711,0.31272151257693415
2.6169102854537,0.3556249834603671
2.9399661435534976,0.4004413356143426
3.3029030354176987,0.4466095675752729
3.710644248503383,0.49351386618049187
4.168720846874621,0.5405081150353404
4.683346700825936,0.5869424727018585
5.261502778863538,0.632190206808425
5.911031845476362,0.6756729457771754
6.64074484928479,0.7168826608655054
7.4605404447366075,0.7553989992779377
8.381539268677866,0.790901017079882
9.416234793278331,0.8231728581355161
10.578662801651687,0.8521034358611163
11.884591785129816,0.8776806435290901
13.351736844955687,0.8999810002751243
15.0,0.9191559020546664
