SA(0.3s) [g],Complete_damage
0.05000000000000001,1.895974488519414e-10
0.056172467201025755,8.4890516838243e-10
0.06310692142900626,3.5964325961757027e-09
0.07089742948257126,1.4418266913729383e-08
0.07964967064493539,5.470532160600783e-08
0.08948237023750269,1.9645977111792945e-07
0.10052891014472326,6.67887539274048e-07
0.11293913815718663,2.1497285215277273e-06
0.1268814006769336,6.552201554099746e-06
0.14254482635890514,1.8914553971072223e-05
0.16014189166643014,5.1725252183665305e-05
0.17991130314285533,0.00013403293139435668
0.2021212354977168,0.0003291864281141921
0.2270729694325259,0.0007665312110223255
0.2551049785537617,0.001692899539581072
0.28659752081259104,0.0035475243029445824
0.3219777967548112,0.007056993672319378
0.36172574455336326,0.01333382286044793
0.4063805504338082,0.0239447415956634
0.45654796280755766,0.040899040215440996
0.5129085093300529,0.06650382514179398
0.5762267283493882,0.10305296558769306
0.6473615399712076,0.15236446024323047
0.7272778974247632,0.2152476152950803
0.8170598767824696,0.29104178472145614
0.9179253825967483,0.3773898701996643
1.0312426689380967,0.4703689305378922
1.1585488999444697,0.5649998733349716
1.3015710016583038,0.656032435569351
1.4622490880091454,0.7388030018855508
1.6427627787184707,0.8099359132821609
1.8455607661325835,0.8677163260780242
2.0733940320616497,0.9120777990811757
2.329353165215711,0.9442696809789214
2.6169102854537,0.9663498123815298
2.9399661435534976,0.9806641605678941
3.3029030354176987,0.9894352967704767
3.710644248503383,0.994515185178899
4.168720846874621,0.9972959622747971
4.683346700825936,0.9987347326502036
5.261502778863538,0.9994383388891837
5.911031845476362,0.9997635611844163
6.64074484928479,0.999905644436673
7.4605404447366075,0.9999643145467738
8.381539268677866,0.9999872127710832
9.416234793278331,0.9999956596645989
10.578662801651687,0.9999986047774396
11.884591785129816,0.9999995753230073
13.351736844955687,0.9999998776231355
15.0,0.9999999666187185
