SA(0.3s) [g],Complete_damage
0.05000000000000001,1.368904989362818e-13
0.056172467201025755,1.330380250408325e-12
0.06310692142900626,1.1746381645139081e-11
0.07089742948257126,9.427048031085405e-11
0.07964967064493539,6.878011493682834e-10
0.08948237023750269,4.562987099276938e-09
0.10052891014472326,2.7531545598868945e-08
0.11293913815718663,1.5111814932744494e-07
0.1268814006769336,7.548026532688823e-07
0.14254482635890514,3.4318372650332662e-06
0.16014189166643014,1.42090747716761e-05
0.17991130314285533,5.3598026657386555e-05
0.2021212354977168,0.000184292941517894
0.2270729694325259,0.0005779915002687153
0.2551049785537617,0.0016546876813161582
0.28659752081259104,0.00432800082009599
0.3219777967548112,0.010354105177328377
0.36172574455336326,0.022686749122100558
0.4063805504338082,0.0456012690139741
0.45654796280755766,0.08425597383382355
0.5129085093300529,0.14345747206639492
0.5762267283493882,0.22577705741931187
0.6473615399712076,0.3297008246795996
0.7272778974247632,0.4488164114784806
0.8170598767824696,0.5727716164214632
0.9179253825967483,0.689884192510703
1.0312426689380967,0.7903422333561165
1.1585488999444697,0.8685784367137988
1.3015710016583038,0.9238971273117659
1.4622490880091454,0.9594091927927719
1.6427627787184707,0.9801067186390456
1.8455607661325835,0.9910588245129577
2.0733940320616497,0.9963203475396929
2.329353165215711,0.9986152150360897
2.6169102854537,0.9995239420311265
2.9399661435534976,0.9998506321741208
3.3029030354176987,0.9999572579675106
3.710644248503383,0.9999888522704881
4.168720846874621,0.9999973513506574
4.683346700825936,0.9999994269708615
5.261502778863538,0.9999998871560556
5.911031845476362,0.9999999797797222
6.64074484928479,0.9999999967040524
7.4605404447366075,0.9999999995114031
8.381539268677866,0.9999999999341426
9.416234793278331,0.9999999999919302
10.578662801651687,0.9999999999991013
11.884591785129816,0.9999999999999091
13.351736844955687,0.9999999999999917
15.0,0.9999999999999993
