SA(0.3s) [g],Loss_ratio
0.05000000000000001,1.2517350680076806e-06
0.056172467201025755,2.494426631570234e-06
0.06310692142900626,4.8253701601524775e-06
0.07089742948257126,9.063596753634246e-06
0.07964967064493539,1.6535835742802152e-05
0.08948237023750269,2.9315555882342584e-05
0.10052891014472326,5.0531700104540965e-05
0.11293913815718663,8.475062620802501e-05
0.1268814006769336,0.0001384352629410179
0.14254482635890514,0.00022049769769682666
0.16014189166643014,0.0003429967041775032
0.17991130314285533,0.0005221035150695247
0.2021212354977168,0.0007795789122487698
0.2270729694325259,0.0011451751638490366
0.2551049785537617,0.001660582317145689
0.28659752081259104,0.0023857370345475673
0.3219777967548112,0.003408425893874029
0.36172574455336326,0.0048580316128739405
0.4063805504338082,0.006923856408613282
0.45654796280755766,0.009877588117020178
0.5129085093300529,0.01409808951607865
0.5762267283493882,0.020094854334439607
0.6473615399712076,0.028524441059844575
0.7272778974247632,0.040192451571658794
0.8170598767824696,0.05603284914396667
0.9179253825967483,0.0770573709803068
1.0312426689380967,0.10427109982696847
1.1585488999444697,0.13855609253576429
1.3015710016583038,0.18053277181445687
1.4622490880091454,0.23041714873009228
1.6427627787184707,0.2878986777011334
1.8455607661325835,0.35206617231235104
2.0733940320616497,0.4214057107970137
2.329353165215711,0.49388414998597124
2.6169102854537,0.5671160486903581
2.9399661435534976,0.638593842930429
3.3029030354176987,0.7059457340311488
3.710644248503383,0.7671776025477786
4.168720846874621,0.8208572781969354
4.683346700825936,0.8662116461373723
5.261502778863538,0.9031261375652321
5.911031845476362,0.9320567431922296
6.64074484928479,0.9538811043465288
7.4605404447366075,0.9697234503843353
8.381539268677866,0.9807870460084218
9.416234793278331,0.9882192227442755
10.578662801651687,0.9930217244696574
11.884591785129816,0.99600704342759
13.351736844955687,0.9977926425999025
15.0,0.9988206873778863
