SA(1.0s) [g],Complete_damage
0.05000000000000001,2.220446049250313e-16
0.056172467201025755,1.6653345369377348e-15
0.06310692142900626,9.325873406851315e-15
0.07089742948257126,5.0959236830294685e-14
0.07964967064493539,2.645661467681748e-13
0.08948237023750269,1.3103962359650723e-12
0.10052891014472326,6.18693984932861e-12
0.11293913815718663,2.7845281636018626e-11
0.1268814006769336,1.1947365319286973e-10
0.14254482635890514,4.887210636184136e-10
0.16014189166643014,1.9061127121133836e-09
0.17991130314285533,7.088706732716332e-09
0.2021212354977168,2.5139239245852707e-08
0.2270729694325259,8.502434400980974e-08
0.2551049785537617,2.7427353099795937e-07
0.28659752081259104,8.439602340315489e-07
0.3219777967548112,2.47748384096802e-06
0.36172574455336326,6.939205002276516e-06
0.4063805504338082,1.854747506291332e-05
0.45654796280755766,4.731622709508443e-05
0.5129085093300529,0.00011523085753772921
0.5762267283493882,0.00026795046548044876
0.6473615399712076,0.0005950769618441321
0.7272778974247632,0.0012625387580640357
0.8170598767824696,0.002559799155610998
0.9179253825967483,0.004961496257980036
1.0312426689380967,0.009196949440973934
1.1585488999444697,0.016311907545509485
1.3015710016583038,0.027696980874709398
1.4622490880091454,0.04505061891735229
1.6427627787184707,0.0702469107432877
1.8455607661325835,0.10509462299384476
2.0733940320616497,0.15100423227343907
2.329353165215711,0.20861779325788676
2.6169102854537,0.2774890065548292
2.9399661435534976,0.3559118737723268
3.3029030354176987,0.4409746829415109
3.710644248503383,0.5288625210619086
4.168720846874621,0.6153612871731753
4.683346700825936,0.6964542384310697
5.261502778863538,0.7688725401784482
5.911031845476362,0.8304760639179425
6.64074484928479,0.8803937785444234
7.4605404447366075,0.9189234819416771
8.381539268677866,0.9472522939307016
9.416234793278331,0.9670927958453566
10.578662801651687,0.9803291504906099
11.884591785129816,0.9887406885654695
13.351736844955687,0.9938325142556301
15.0,0.9967685580309469
