SA(0.6s) [g],Complete_damage
0.05000000000000001,0.0016272662242315938
0.056172467201025755,0.00225581411088982
0.06310692142900626,0.0030968510843284447
0.07089742948257126,0.004210430135614951
0.07964967064493539,0.005669433398520551
0.08948237023750269,0.007560996013633248
0.10052891014472326,0.009987686737812362
0.11293913815718663,0.013068301472874078
0.1268814006769336,0.01693811107531884
0.14254482635890514,0.021748398860253815
0.16014189166643014,0.027665129175037384
0.17991130314285533,0.0348666089179166
0.2021212354977168,0.04354004070061546
0.2270729694325259,0.05387692002802258
0.2551049785537617,0.06606729829540159
0.28659752081259104,0.08029301561849134
0.3219777967548112,0.09672009761760336
0.36172574455336326,0.11549060160972258
0.4063805504338082,0.1367142822087538
0.45654796280755766,0.16046051538901662
0.5129085093300529,0.18675096509377398
0.5762267283493882,0.21555349007298896
0.6473615399712076,0.2467777655361132
0.7272778974247632,0.2802730321037399
0.8170598767824696,0.31582828470922275
0.9179253825967483,0.35317508162751465
1.0312426689380967,0.3919929974108901
1.1585488999444697,0.4319175748993904
1.3015710016583038,0.4725504643119883
1.4622490880091454,0.5134712859961287
1.6427627787184707,0.554250631139563
1.8455607661325835,0.5944635327406962
2.0733940320616497,0.6337027049639907
2.329353165215711,0.6715908658564459
2.6169102854537,0.7077915246993118
2.9399661435534976,0.7420177248721255
3.3029030354176987,0.7740383759902201
3.710644248503383,0.8036819724549011
4.168720846874621,0.8308376652699623
4.683346700825936,0.8554538159920743
5.261502778863538,0.8775343034836645
5.911031845476362,0.8971329658917041
6.64074484928479,0.9143466356105503
7.4605404447366075,0.9293072613304767
8.381539268677866,0.9421736097577165
9.416234793278331,0.9531230045626533
10.578662801651687,0.9623434983482225
11.884591785129816,0.9700267931899851
13.351736844955687,0.976362135334299
15.0,0.981531318287012
