SA(0.6s) [g],Complete_damage
0.05000000000000001,5.192422725230905e-06
0.056172467201025755,9.655545923248354e-06
0.06310692142900626,1.7638294251720588e-05
0.07089742948257126,3.165387884518367e-05
0.07964967064493539,5.580933405990862e-05
0.08948237023750269,9.667555490588953e-05
0.10052891014472326,0.0001645426066397837
0.11293913815718663,0.00027517918961195154
0.1268814006769336,0.000452224244868793
0.14254482635890514,0.0007303326642580377
0.16014189166643014,0.0011591672158145494
0.17991130314285533,0.001808265871859227
0.2021212354977168,0.002772709764754966
0.2270729694325259,0.0041793678634692855
0.2551049785537617,0.006193302955376345
0.28659752081259104,0.009023702402845557
0.3219777967548112,0.012928471369401895
0.36172574455336326,0.01821643322366684
0.4063805504338082,0.02524596906190546
0.45654796280755766,0.03441894716910121
0.5129085093300529,0.04616898980597062
0.5762267283493882,0.06094352788476287
0.6473615399712076,0.07917970366675464
0.7272778974247632,0.10127495885081794
0.8170598767824696,0.12755400949492124
0.9179253825967483,0.15823474200402565
1.0312426689380967,0.19339622488803276
1.1585488999444697,0.23295237804494695
1.3015710016583038,0.27663476168504264
1.4622490880091454,0.3239873825984101
1.6427627787184707,0.37437538374656953
1.8455607661325835,0.4270080846393147
2.0733940320616497,0.48097524926699
2.329353165215711,0.5352938989003888
2.6169102854537,0.5889616933022292
2.9399661435534976,0.6410120786008575
3.3029030354176987,0.6905661757718146
3.710644248503383,0.7368767967495051
4.168720846874621,0.7793609587494658
4.683346700825936,0.8176186643909206
5.261502778863538,0.851437308963973
5.911031845476362,0.8807826311168199
6.64074484928479,0.9057784270566589
7.4605404447366075,0.9266781467108475
8.381539268677866,0.9438319074248701
9.416234793278331,0.9576524033426101
10.578662801651687,0.968582733840519
11.884591785129816,0.9770684469075301
13.351736844955687,0.9835352370482338
15.0,0.9883728883626645
