SA(0.6s) [g],Complete_damage
0.05000000000000001,1.9086297390114026e-05
0.056172467201025755,3.417171686070919e-05
0.06310692142900626,6.0106867164289035e-05
0.07089742948257126,0.00010387574290526835
0.07964967064493539,0.0001763839671266032
0.08948237023750269,0.0002942949918983695
0.10052891014472326,0.0004825154546346244
0.11293913815718663,0.0007774492560539414
0.1268814006769336,0.0012311061962708703
0.14254482635890514,0.0019160830224839165
0.16014189166643014,0.0029313248842921524
0.17991130314285533,0.004408420068285235
0.2021212354977168,0.006517984446149372
0.2270729694325259,0.009475468615554705
0.2551049785537617,0.01354549688573159
0.28659752081259104,0.019043662054339605
0.3219777967548112,0.02633460172621782
0.36172574455336326,0.03582522205601146
0.4063805504338082,0.04795215772617967
0.45654796280755766,0.06316298840754575
0.5129085093300529,0.08189136699596211
0.5762267283493882,0.10452700928684422
0.6473615399712076,0.13138236216081278
0.7272778974247632,0.1626585856032634
0.8170598767824696,0.19841411044526636
0.9179253825967483,0.23853932953965118
1.0312426689380967,0.282740837758113
1.1585488999444697,0.3305380067425384
1.3015710016583038,0.3812735921938035
1.4622490880091454,0.43413863590496526
1.6427627787184707,0.48821032465546776
1.8455607661325835,0.5424999307281854
2.0733940320616497,0.5960067169025979
2.329353165215711,0.6477729377725461
2.6169102854537,0.6969349299780428
2.9399661435534976,0.7427657790324178
3.3029030354176987,0.784706099778895
3.710644248503383,0.8223809040793633
4.168720846874621,0.8556021314247921
4.683346700825936,0.8843579509397457
5.261502778863538,0.9087912004115155
5.911031845476362,0.9291701647847014
6.64074484928479,0.9458552483921323
7.4605404447366075,0.9592649790872089
8.381539268677866,0.9698442834467714
9.416234793278331,0.9780372191855274
10.578662801651687,0.9842654881722479
11.884591785129816,0.9889132144381716
13.351736844955687,0.9923177594875908
15.0,0.9947658247068075
