SA(0.6s) [g],Complete_damage
0.05000000000000001,7.329147733103891e-05
0.056172467201025755,0.00012630482099806883
0.06310692142900626,0.00021382025431382345
0.07089742948257126,0.00035560288516145455
0.07964967064493539,0.0005810269921877609
0.08948237023750269,0.0009327628464427251
0.10052891014472326,0.0014713697165052997
0.11293913815718663,0.002280775144797742
0.1268814006769336,0.0034744864920578378
0.14254482635890514,0.005202199195767587
0.16014189166643014,0.007656245396020722
0.17991130314285533,0.011077086914347056
0.2021212354977168,0.01575683197370581
0.2270729694325259,0.02203959185413573
0.2551049785537617,0.03031744588042895
0.28659752081259104,0.041020903816393006
0.3219777967548112,0.05460308429081917
0.36172574455336326,0.07151738082321402
0.4063805504338082,0.09218914022763025
0.45654796280755766,0.11698276397077634
0.5129085093300529,0.14616655039318305
0.5762267283493882,0.17987838144604962
0.6473615399712076,0.21809586788350477
0.7272778974247632,0.2606146656639604
0.8170598767824696,0.30703827608155876
0.9179253825967483,0.35678172945057773
1.0312426689380967,0.4090902016740413
1.1585488999444697,0.463071984628297
1.3015710016583038,0.5177435488581466
1.4622490880091454,0.5720829517057169
1.6427627787184707,0.625086788682595
1.8455607661325835,0.6758254311558011
2.0733940320616497,0.7234915138284772
2.329353165215711,0.7674374948318157
2.6169102854537,0.8071994697150711
2.9399661435534976,0.8425060624915117
3.3029030354176987,0.8732728920962916
3.710644248503383,0.8995845828870883
4.168720846874621,0.9216673674805629
4.683346700825936,0.9398559133731113
5.261502778863538,0.9545580747107696
5.911031845476362,0.9662208912282849
6.64074484928479,0.9753004501547528
7.4605404447366075,0.9822373448723994
8.381539268677866,0.98743855610404
9.416234793278331,0.9912657715453974
10.578662801651687,0.9940295317001752
11.884591785129816,0.9959881815665301
13.351736844955687,0.9973504173048195
15.0,0.9982802112855526
