SA(0.6s) [g],Loss_ratio
0.05000000000000001,3.648056894438287e-15
0.056172467201025755,1.9464603019871183e-14
0.06310692142900626,1.0231557658085101e-13
0.07089742948257126,5.17539230303533e-13
0.07964967064493539,2.5227503302042724e-12
0.08948237023750269,1.1832198194240676e-11
0.10052891014472326,5.3314804776861396e-11
0.11293913815718663,2.3043858940960858e-10
0.1268814006769336,9.540421574281634e-10
0.14254482635890514,3.778546009860093e-09
0.16014189166643014,1.4300022570605404e-08
0.17991130314285533,5.166382100200657e-08
0.2021212354977168,1.7804447166813976e-07
0.2270729694325259,5.849033987902946e-07
0.2551049785537617,1.830781770816707e-06
0.28659752081259104,5.457888525582781e-06
0.3219777967548112,1.54930720965063e-05
0.36172574455336326,4.187066453638957e-05
0.4063805504338082,0.00010772528671105648
0.45654796280755766,0.0002638608977655994
0.5129085093300529,0.0006153624567835566
0.5762267283493882,0.0013666780735719108
0.6473615399712076,0.002891272354317075
0.7272778974247632,0.0058281348602449105
0.8170598767824696,0.011197798626028849
0.9179253825967483,0.020513878799941702
1.0312426689380967,0.035844245939809144
1.1585488999444697,0.05975564674234969
1.3015710016583038,0.0950698209503325
1.4622490880091454,0.14438482953186957
1.6427627787184707,0.20938544941479187
1.8455607661325835,0.2900763015187535
2.0733940320616497,0.38418399387924873
2.329353165215711,0.48702166952801096
2.6169102854537,0.592022396816406
2.9399661435534976,0.6919149202496068
3.3029030354176987,0.7802235284174452
3.710644248503383,0.8525841427558213
4.168720846874621,0.9074144316470593
4.683346700825936,0.9457540176082506
5.261502778863538,0.970447009324478
5.911031845476362,0.9850717382562763
6.64074484928479,0.993025429318691
7.4605404447366075,0.9969925653233918
8.381539268677866,0.9988053491279647
9.416234793278331,0.999563528114801
10.578662801651687,0.9998535328969814
11.884591785129816,0.9999549109712714
13.351736844955687,0.9999872797455953
15.0,0.9999967143542536
