SA(1.0s) [g],Loss_ratio
0.05000000000000001,1.2807985662468828e-07
0.056172467201025755,2.7742143211527235e-07
0.06310692142900626,5.888337811937936e-07
0.07089742948257126,1.2254655057906986e-06
0.07964967064493539,2.5034264305557603e-06
0.08948237023750269,5.029153605692695e-06
0.10052891014472326,9.964645271029914e-06
0.11293913815718663,1.9557773578979183e-05
0.1268814006769336,3.824247800819499e-05
0.14254482635890514,7.497577122786562e-05
0.16014189166643014,0.00014819987397754627
0.17991130314285533,0.0002961004318752301
0.2021212354977168,0.0005967803215149836
0.2270729694325259,0.0012052744902379042
0.2551049785537617,0.0024157866703497406
0.28659752081259104,0.004755619262323852
0.3219777967548112,0.009108441566857218
0.36172574455336326,0.016845924005425755
0.4063805504338082,0.029919573527666263
0.45654796280755766,0.0508379837886781
0.5129085093300529,0.08244670852463343
0.5762267283493882,0.12745966360733943
0.6473615399712076,0.18777273282748252
0.7272778974247632,0.2637057833898789
0.8170598767824696,0.35341980338335777
0.9179253825967483,0.45277633321193494
1.0312426689380967,0.5558031684235997
1.1585488999444697,0.655720215275876
1.3015710016583038,0.7462487206104934
1.4622490880091454,0.8227932318715461
1.6427627787184707,0.8831270393221761
1.8455607661325835,0.9274137394343394
2.0733940320616497,0.9576561862306024
2.329353165215711,0.9768507175988984
2.6169102854537,0.9881633779482832
2.9399661435534976,0.9943494340862244
3.3029030354176987,0.9974855100705733
3.710644248503383,0.9989584033723856
4.168720846874621,0.9995988493219583
4.683346700825936,0.9998565168851712
5.261502778863538,0.9999523832786827
5.911031845476362,0.9999853509163501
6.64074484928479,0.9999958253347725
7.4605404447366075,0.9999988987214632
8.381539268677866,0.9999997312348606
9.416234793278331,0.9999999393525044
10.578662801651687,0.9999999873524738
11.884591785129816,0.9999999975635278
13.351736844955687,0.9999999995665788
15.0,0.9999999999288298
