SA(0.6s) [g],Loss_ratio
0.05000000000000001,1.7752245443341256e-12
0.056172467201025755,9.048431188953718e-12
0.06310692142900626,4.320633097661087e-11
0.07089742948257126,1.933038184845528e-10
0.07964967064493539,8.104306455309692e-10
0.08948237023750269,3.1845445704424318e-09
0.10052891014472326,1.1730564396277893e-08
0.11293913815718663,4.0516132937231765e-08
0.1268814006769336,1.3124674471219145e-07
0.14254482635890514,3.9887387598193724e-07
0.16014189166643014,1.1377095651114376e-06
0.17991130314285533,3.0470124037459256e-06
0.2021212354977168,7.666741143392928e-06
0.2270729694325259,1.8136558457316405e-05
0.2551049785537617,4.037519989859052e-05
0.28659752081259104,8.469047742057037e-05
0.3219777967548112,0.00016767124224340065
0.36172574455336326,0.00031407028440176
0.4063805504338082,0.0005584948077416974
0.45654796280755766,0.0009474514468559963
0.5129085093300529,0.001544034345143847
0.5762267283493882,0.002440449142854079
0.6473615399712076,0.003787220407695324
0.7272778974247632,0.00585103806062005
0.8170598767824696,0.009113309713102024
0.9179253825967483,0.01441485834293663
1.0312426689380967,0.023134187520864272
1.1585488999444697,0.03735371161054099
1.3015710016583038,0.05992268120912666
1.4622490880091454,0.09428370067613295
1.6427627787184707,0.14392886249456316
1.8455607661325835,0.2114415385238709
2.0733940320616497,0.29728640978922183
2.329353165215711,0.3987751280420525
2.6169102854537,0.509787821753918
2.9399661435534976,0.6216701411949099
3.3029030354176987,0.7252089447823886
3.710644248503383,0.812972276791806
4.168720846874621,0.8810162311306158
4.683346700825936,0.9292703092739835
5.261502778863538,0.9606260688935162
5.911031845476362,0.9793712793085348
6.64074484928479,0.9897513538749841
7.4605404447366075,0.9951277696350691
8.381539268677866,0.9977645020704236
9.416234793278331,0.99900454688617
10.578662801651687,0.9995694312943457
11.884591785129816,0.9998197610646791
13.351736844955687,0.999927444371228
15.0,0.9999721056076755
