SA(0.6s) [g],Loss_ratio
0.05000000000000001,8.052814186250708e-10
0.056172467201025755,2.2339947083460964e-09
0.06310692142900626,6.031199602323156e-09
0.07089742948257126,1.5846298003425667e-08
0.07964967064493539,4.052016442737974e-08
0.08948237023750269,1.0084444120788556e-07
0.10052891014472326,2.442811351198316e-07
0.11293913815718663,5.759795710045934e-07
0.1268814006769336,1.3219905294196843e-06
0.14254482635890514,2.953812405785499e-06
0.16014189166643014,6.425492607303722e-06
0.17991130314285533,1.360957573077333e-05
0.2021212354977168,2.80710539357499e-05
0.2270729694325259,5.639416627269049e-05
0.2551049785537617,0.00011038045185639495
0.28659752081259104,0.00021057423159465734
0.3219777967548112,0.0003917560556191414
0.36172574455336326,0.0007113032223056124
0.4063805504338082,0.0012617012928618028
0.45654796280755766,0.002189069127543169
0.5129085093300529,0.0037203490537455167
0.5762267283493882,0.006202602465189787
0.6473615399712076,0.010157893446399167
0.7272778974247632,0.01635493460417683
0.8170598767824696,0.025891584412321995
0.9179253825967483,0.04026821118807988
1.0312426689380967,0.06141142949106221
1.1585488999444697,0.09158766260759293
1.3015710016583038,0.13314165404359135
1.4622490880091454,0.18802619256332798
1.6427627787184707,0.2571672912654872
1.8455607661325835,0.3398188285947662
2.0733940320616497,0.4331514981737802
2.329353165215711,0.532322975692078
2.6169102854537,0.6311455461715691
2.9399661435534976,0.7232336221156163
3.3029030354176987,0.8032863281834033
3.710644248503383,0.8680720427209729
4.168720846874621,0.9167969829564794
4.683346700825936,0.9508019311042989
5.261502778863538,0.9727954835246204
5.911031845476362,0.9859639043182337
6.64074484928479,0.99325589400409
7.4605404447366075,0.9969873425555009
8.381539268677866,0.9987506187888922
9.416234793278331,0.9995195851414169
10.578662801651687,0.9998289031196308
11.884591785129816,0.9999436153402246
13.351736844955687,0.9999828203550742
15.0,0.9999951639873426
