SA(0.3s) [g],Complete_damage
0.05000000000000001,3.765371701613951e-05
0.056172467201025755,6.708985619252594e-05
0.06310692142900626,0.00011732656972296418
0.07089742948257126,0.00020139602783086907
0.07964967064493539,0.0003393492805561227
0.08948237023750269,0.0005613233909802506
0.10052891014472326,0.0009115502092699179
0.11293913815718663,0.0014533928520098494
0.1268814006769336,0.0022753963814300393
0.14254482635890514,0.0034981836672641764
0.16014189166643014,0.005281814158531017
0.17991130314285533,0.007832961919185033
0.2021212354977168,0.0114109846902547
0.2270729694325259,0.016331690008465016
0.2551049785537617,0.022967415235958022
0.28659752081259104,0.03174199282904666
0.3219777967548112,0.04311933548881641
0.36172574455336326,0.05758479586387022
0.4063805504338082,0.07561914572175354
0.45654796280755766,0.09766594437992904
0.5129085093300529,0.12409413324081875
0.5762267283493882,0.15515875662739154
0.6473615399712076,0.19096358642887035
0.7272778974247632,0.23142993034126125
0.8170598767824696,0.2762758732477173
0.9179253825967483,0.3250095514290262
1.0312426689380967,0.376938803139532
1.1585488999444697,0.4311978027035941
1.3015710016583038,0.4867892965310864
1.4622490880091454,0.5426391132861674
1.6427627787184707,0.5976580263766852
1.8455607661325835,0.6508050693583831
2.0733940320616497,0.7011462098145484
2.329353165215711,0.7479029082222433
2.6169102854537,0.7904864191289185
2.9399661435534976,0.8285155089750664
3.3029030354176987,0.8618172725529103
3.710644248503383,0.8904126192670367
4.168720846874621,0.9144895058829512
4.683346700825936,0.9343679372757625
5.261502778863538,0.9504610744239532
5.911031845476362,0.963236522034475
6.64074484928479,0.9731811454925181
7.4605404447366075,0.9807717674186979
8.381539268677866,0.9864530078450552
9.416234793278331,0.990622524952768
10.578662801651687,0.9936231043732626
11.884591785129816,0.9957404963271639
13.351736844955687,0.9972056195322767
15.0,0.9981997051299217
