SA(0.3s) [g],Complete_damage
0.05000000000000001,2.1235695737420457e-06
0.056172467201025755,4.135548137162992e-06
0.06310692142900626,7.9017242825552e-06
0.07089742948257126,1.4813258555235187e-05
0.07964967064493539,2.7248232478682688e-05
0.08948237023750269,4.918193168135243e-05
0.10052891014472326,8.71112899414328e-05
0.11293913815718663,0.00015141495526183046
0.1268814006769336,0.0002582940087325625
0.14254482635890514,0.00043245308813877337
0.16014189166643014,0.0007106781875025892
0.17991130314285533,0.0011464339805256074
0.2021212354977168,0.0018155273444404596
0.2270729694325259,0.002822753459616467
0.2551049785537617,0.004309250147302879
0.28659752081259104,0.006460038313137462
0.3219777967548112,0.009510938960617055
0.36172574455336326,0.013753765103812099
0.4063805504338082,0.01953844272476113
0.45654796280755766,0.027270585194855923
0.5129085093300529,0.037403101347578516
0.5762267283493882,0.050420719848926265
0.6473615399712076,0.06681689541053137
0.7272778974247632,0.08706341469108403
0.8170598767824696,0.11157407326071789
0.9179253825967483,0.14066492199391267
1.0312426689380967,0.17451460542812658
1.1585488999444697,0.21312903670009375
1.3015710016583038,0.2563148884626758
1.4622490880091454,0.3036659975087924
1.6427627787184707,0.3545657467164842
1.8455607661325835,0.4082068810307612
2.0733940320616497,0.4636282294958707
2.329353165215711,0.519765727125362
2.6169102854537,0.5755132837346937
2.9399661435534976,0.6297877361751387
3.3029030354176987,0.681591568545235
3.710644248503383,0.7300673871887189
4.168720846874621,0.7745392413394886
4.683346700825936,0.8145375973006856
5.261502778863538,0.849806817859212
5.911031845476362,0.8802960436113786
6.64074484928479,0.9061361167715194
7.4605404447366075,0.9276064055689273
8.381539268677866,0.945095963507544
9.416234793278331,0.9590633957145489
10.578662801651687,0.9699992093043686
11.884591785129816,0.9783934690848707
13.351736844955687,0.9847104633798576
15.0,0.9893709936025425
