PGA [g],Loss_ratio
0.05000000000000001,2.5821806296955185e-09
0.056172467201025755,7.4323256460830644e-09
0.06310692142900626,2.074595356747956e-08
0.07089742948257126,5.6166737822923823e-08
0.07964967064493539,1.4751680721980645e-07
0.08948237023750269,3.759360278430144e-07
0.10052891014472326,9.298341490833567e-07
0.11293913815718663,2.2327536688033774e-06
0.1268814006769336,5.206666096169144e-06
0.14254482635890514,1.179547246496593e-05
0.16014189166643014,2.5969919495503922e-05
0.17991130314285533,5.558954366986919e-05
0.2021212354977168,0.00011573056877858432
0.2270729694325259,0.00023441734994923208
0.2551049785537617,0.0004621164223384287
0.28659752081259104,0.0008868187791616893
0.3219777967548112,0.0016569144992314455
0.36172574455336326,0.0030140841254662084
0.4063805504338082,0.005337639637847532
0.45654796280755766,0.009199505706253911
0.5129085093300529,0.01542463190345697
0.5762267283493882,0.02514463073150921
0.6473615399712076,0.03982331932005889
0.7272778974247632,0.06122387769291375
0.8170598767824696,0.09128330669749324
0.9179253825967483,0.13186769603096232
1.0312426689380967,0.18440798037079048
1.1585488999444697,0.24946129337107542
1.3015710016583038,0.3262973237434905
1.4622490880091454,0.4126487217748942
1.6427627787184707,0.5047602525597739
1.8455607661325835,0.5978046875344295
2.0733940320616497,0.6866151168734185
2.329353165215711,0.7665582830433961
2.6169102854537,0.8343025990346602
2.9399661435534976,0.8882600083394925
3.3029030354176987,0.9285972926263844
3.710644248503383,0.956865768980423
4.168720846874621,0.9754167408494969
4.683346700825936,0.9868057604871184
5.261502778863538,0.9933415802279627
5.911031845476362,0.9968449973749984
6.64074484928479,0.9985980108609395
7.4605404447366075,0.9994163591362097
8.381539268677866,0.9997725954637094
9.416234793278331,0.9999171389968268
10.578662801651687,0.9999717845806045
11.884591785129816,0.999991027108514
13.351736844955687,0.9999973365532976
15.0,0.9999992624270725
