PGA [g],Loss_ratio
0.05000000000000001,9.395464964595219e-08
0.056172467201025755,2.3463208372909535e-07
0.06310692142900626,5.62932862853601e-07
0.07089742948257126,1.2981094168030099e-06
0.07964967064493539,2.8786006825547185e-06
0.08948237023750269,6.1426297228953455e-06
0.10052891014472326,1.2623838198512806e-05
0.11293913815718663,2.5012032318512423e-05
0.1268814006769336,4.7841391366688424e-05
0.14254482635890514,8.848766624887288e-05
0.16014189166643014,0.00015859668149289917
0.17991130314285533,0.00027615653237022625
0.2021212354977168,0.00046860535993454596
0.2270729694325259,0.0007776779281462422
0.2551049785537617,0.0012671575745050712
0.28659752081259104,0.002035272722141661
0.3219777967548112,0.003234001941906004
0.36172574455336326,0.005097709240157081
0.4063805504338082,0.007982821189793517
0.45654796280755766,0.012418044435632162
0.5129085093300529,0.01916029876517387
0.5762267283493882,0.02924486515021316
0.6473615399712076,0.04400988788036596
0.7272778974247632,0.06506757508032442
0.8170598767824696,0.09419149667222075
0.9179253825967483,0.1330971257448568
1.0312426689380967,0.18311635924253014
1.1585488999444697,0.2448064325267075
1.3015710016583038,0.3175801699324875
1.4622490880091454,0.39947796135456726
1.6427627787184707,0.4871978129229547
1.8455607661325835,0.5764432724870606
2.0733940320616497,0.6625491188184723
2.329353165215711,0.7412386641741939
2.6169102854537,0.8093048872810462
2.9399661435534976,0.8650258014340534
3.3029030354176987,0.9082188447734068
3.710644248503383,0.9399660117219992
4.168720846874621,0.9621420945044353
4.683346700825936,0.9769126722132894
5.261502778863538,0.9863346474878943
5.911031845476362,0.9921208649435493
6.64074484928479,0.9955612801602515
7.4605404447366075,0.9975523941235813
8.381539268677866,0.9986785886436638
9.416234793278331,0.9993024075039194
10.578662801651687,0.9996407433628086
11.884591785129816,0.9998200386343702
13.351736844955687,0.9999125735726919
15.0,0.9999589180376313
