SA(0.6s) [g],Complete_damage
0.05000000000000001,1.2823008099793753e-08
0.056172467201025755,4.091321503807421e-08
0.06310692142900626,1.252804306961508e-07
0.07089742948257126,3.682011791017459e-07
0.07964967064493539,1.0387461117922214e-06
0.08948237023750269,2.8131962400701482e-06
0.10052891014472326,7.314855268947262e-06
0.11293913815718663,1.826335270582735e-05
0.1268814006769336,4.379094172612952e-05
0.14254482635890514,0.00010085184621844157
0.16014189166643014,0.0002231278642812473
0.17991130314285533,0.00047432686468174
0.2021212354977168,0.0009690573809753023
0.2270729694325259,0.0019031583984119305
0.2551049785537617,0.003593963355245866
0.28659752081259104,0.006528015714796664
0.3219777967548112,0.011409108183084937
0.36172574455336326,0.0191937955362802
0.4063805504338082,0.031096356268935144
0.45654796280755766,0.04854311851275561
0.5129085093300529,0.07305996393486425
0.5762267283493882,0.10608853135247553
0.6473615399712076,0.14874553719565808
0.7272778974247632,0.20156166440821943
0.8170598767824696,0.26425456291731286
0.9179253825967483,0.33559664896951
1.0312426689380967,0.41342699347661604
1.1585488999444697,0.49482763348002046
1.3015710016583038,0.5764449696955991
1.4622490880091454,0.6548985457374341
1.6427627787184707,0.7271952986532926
1.8455607661325835,0.7910658312645389
2.0733940320616497,0.8451609336315133
2.329353165215711,0.8890838303739038
2.6169102854537,0.9232738667571598
2.9399661435534976,0.9487881659665478
3.3029030354176987,0.9670415393839781
3.710644248503383,0.9795607790745245
4.168720846874621,0.9877924497974266
4.683346700825936,0.9929813238697024
5.261502778863538,0.996117014826772
5.911031845476362,0.9979336521048879
6.64074484928479,0.9989426212594381
7.4605404447366075,0.9994798535391869
8.381539268677866,0.9997540871512908
9.416234793278331,0.9998882874446298
10.578662801651687,0.999951246797321
11.884591785129816,0.9999795633808094
13.351736844955687,0.9999917728013323
15.0,0.9999968196773279
