SA(0.6s) [g],Complete_damage
0.05000000000000001,5.544343424079834e-05
0.056172467201025755,8.994159435660176e-05
0.06310692142900626,0.00014393483948282881
0.07089742948257126,0.00022723852358830232
0.07964967064493539,0.00035393667324956635
0.08948237023750269,0.000543894689864155
0.10052891014472326,0.0008246488982375233
0.11293913815718663,0.0012336987332878246
0.1268814006769336,0.0018211981928009102
0.14254482635890514,0.0026530003211638897
0.16014189166643014,0.003813951329730947
0.17991130314285533,0.005411260822164254
0.2021212354977168,0.007577695351088765
0.2270729694325259,0.010474261062661694
0.2551049785537617,0.014291967454115317
0.28659752081259104,0.019252210887467425
0.3219777967548112,0.025605297637232627
0.36172574455336326,0.0336266558608328
0.4063805504338082,0.04361037539282686
0.45654796280755766,0.05585986993919101
0.5129085093300529,0.07067567665984742
0.5762267283493882,0.08834068225957425
0.6473615399712076,0.10910337119681568
0.7272778974247632,0.13315999959188152
0.8170598767824696,0.16063687013192107
0.9179253825967483,0.19157407850711305
1.0312426689380967,0.22591218362797083
1.1585488999444697,0.2634831943651397
1.3015710016583038,0.3040070520861794
1.4622490880091454,0.3470944270742522
1.6427627787184707,0.3922561646418832
1.8455607661325835,0.4389191587401814
2.0733940320616497,0.48644785626778786
2.329353165215711,0.5341700695717828
2.6169102854537,0.5814053605497841
2.9399661435534976,0.6274940082308791
3.3029030354176987,0.6718245142161926
3.710644248503383,0.7138577441480749
4.168720846874621,0.7531461303552771
4.683346700825936,0.7893468303202378
5.261502778863538,0.8222282905422951
5.911031845476362,0.8516702406562654
6.64074484928479,0.8776576745209697
7.4605404447366075,0.9002698094471351
8.381539268677866,0.9196653141156015
9.416234793278331,0.9360652422109939
10.578662801651687,0.9497351046757827
11.884591785129816,0.9609673785932134
13.351736844955687,0.97006551752385
15.0,0.977330235815975
