SA(0.6s) [g],Loss_ratio
0.05000000000000001,3.3559238563561265e-22
0.056172467201025755,1.7764040775794594e-16
0.06310692142900626,1.3323292462162557e-15
0.07089742948257126,8.260804410236675e-15
0.07964967064493539,4.983516627099489e-14
0.08948237023750269,2.8314943247492886e-13
0.10052891014472326,1.5259313372837693e-12
0.11293913815718663,7.794375003130622e-12
0.1268814006769336,3.774244800040442e-11
0.14254482635890514,1.732994282622574e-10
0.16014189166643014,7.547794280252584e-10
0.17991130314285533,3.1195367081781345e-09
0.2021212354977168,1.2242325388859182e-08
0.2270729694325259,4.565384382447518e-08
0.2551049785537617,1.6194055320025728e-07
0.28659752081259104,5.470335289149152e-07
0.3219777967548112,1.7621457415785693e-06
0.36172574455336326,5.420811190082151e-06
0.4063805504338082,1.594692173035471e-05
0.45654796280755766,4.4911610739636664e-05
0.5129085093300529,0.00012116512634694081
0.5762267283493882,0.0003131206811665991
0.6473615399712076,0.0007744763190340491
0.7272778974247632,0.0018306038784744688
0.8170598767824696,0.004126070823933913
0.9179253825967483,0.008845574122873099
1.0312426689380967,0.017987416170341403
1.1585488999444697,0.034599232765313966
1.3015710016583038,0.06278900175791213
1.4622490880091454,0.10725424538338847
1.6427627787184707,0.17213330694769177
1.8455607661325835,0.25927394889172994
2.0733940320616497,0.3664982094215416
2.329353165215711,0.48683007676081796
2.6169102854537,0.6095113932615585
2.9399661435534976,0.7227834257066497
3.3029030354176987,0.8172991324496539
3.710644248503383,0.8885180289985162
4.168720846874621,0.9370251227939151
4.683346700825936,0.9669792907641099
5.261502778863538,0.9838433012290783
5.911031845476362,0.9925706722598978
6.64074484928479,0.9967658343452664
7.4605404447366075,0.9986598282569377
8.381539268677866,0.999470401826888
9.416234793278331,0.9998008441193155
10.578662801651687,0.999929085385313
11.884591785129816,0.9999762337856841
13.351736844955687,0.9999925449026439
15.0,0.9999978206493976
