SA(1.0s) [g],Loss_ratio
0.05000000000000001,5.151448953046506e-07
0.056172467201025755,1.2386346531379238e-06
0.06310692142900626,2.8534813369471047e-06
0.07089742948257126,6.3034749867732195e-06
0.07964967064493539,1.336641665022583e-05
0.08948237023750269,2.7243903208327906e-05
0.10052891014472326,5.3469043821411776e-05
0.11293913815718663,0.00010127089216056739
0.1268814006769336,0.0001856244059887494
0.14254482635890514,0.00033040165766588174
0.16014189166643014,0.0005733841194305531
0.17991130314285533,0.0009744332935705657
0.2021212354977168,0.0016287915445365665
0.2270729694325259,0.002688056996441505
0.2551049785537617,0.004391350415883277
0.28659752081259104,0.007107841464424514
0.3219777967548112,0.011388380802718055
0.36172574455336326,0.018018175279350464
0.4063805504338082,0.028054956244727702
0.45654796280755766,0.04283014621284339
0.5129085093300529,0.06388778939197903
0.5762267283493882,0.09284157437118526
0.6473615399712076,0.1311467040498066
0.7272778974247632,0.17980938695473125
0.8170598767824696,0.23908586708639565
0.9179253825967483,0.30824442679733033
1.0312426689380967,0.3854663600973801
1.1585488999444697,0.4679390236613724
1.3015710016583038,0.5521486049292554
1.4622490880091454,0.6343252724554099
1.6427627787184707,0.7109479287470861
1.8455607661325835,0.7791969932379719
2.0733940320616497,0.83725895271157
2.329353165215711,0.884430055143212
2.6169102854537,0.9210221257936999
2.9399661435534976,0.9481215114912529
3.3029030354176987,0.9672781721038961
3.710644248503383,0.980201652909308
4.168720846874621,0.9885198325940743
4.683346700825936,0.9936263836692912
5.261502778863538,0.9966152395178784
5.911031845476362,0.9982822902098734
6.64074484928479,0.9991678272218756
7.4605404447366075,0.9996155254129175
8.381539268677866,0.999830780589579
9.416234793278331,0.9999291248269575
10.578662801651687,0.9999717814046111
11.884591785129816,0.9999893310340225
13.351736844955687,0.9999961732798428
15.0,0.9999986990651424
