SA(1.0s) [g],Loss_ratio
0.05000000000000001,1.0276433667538498e-08
0.056172467201025755,2.8117072108919685e-08
0.06310692142900626,7.386101134881231e-08
0.07089742948257126,1.863419424021384e-07
0.07964967064493539,4.516687891965517e-07
0.08948237023750269,1.0523206639283252e-06
0.10052891014472326,2.3580451412836373e-06
0.11293913815718663,5.085793282433506e-06
0.1268814006769336,1.0567788712156201e-05
0.14254482635890514,2.1181640594541262e-05
0.16014189166643014,4.101670266066105e-05
0.17991130314285533,7.688448021605022e-05
0.2021212354977168,0.00013984505805057134
0.2270729694325259,0.0002475456185239644
0.2551049785537617,0.00042788881420322597
0.28659752081259104,0.0007248971452894018
0.3219777967548112,0.0012080999285779394
0.36172574455336326,0.0019872329701316844
0.4063805504338082,0.0032342566651891464
0.45654796280755766,0.005214265492301484
0.5129085093300529,0.00832531195689526
0.5762267283493882,0.013144165072197421
0.6473615399712076,0.02047065662609239
0.7272778974247632,0.03135830767325737
0.8170598767824696,0.04711483378822362
0.9179253825967483,0.0692546526223933
1.0312426689380967,0.09938799791960573
1.1585488999444697,0.13903811005647268
1.3015710016583038,0.18938914054452477
1.4622490880091454,0.2509834942569889
1.6427627787184707,0.32341000839060585
1.8455607661325835,0.4050532715094413
2.0733940320616497,0.4930005879122278
2.329353165215711,0.583205209640814
2.6169102854537,0.6709572384062172
2.9399661435534976,0.7516110585081096
3.3029030354176987,0.8213951550210693
3.710644248503383,0.8780558673893377
4.168720846874621,0.9211210142748303
4.683346700825936,0.9517118484409889
5.261502778863538,0.9720099736804375
5.911031845476362,0.9846019660495059
6.64074484928479,0.9919241162270486
7.4605404447366075,0.9959343299639208
8.381539268677866,0.9980182242749941
9.416234793278331,0.9990559645382506
10.578662801651687,0.9995570544153037
11.884591785129816,0.9997943951958704
13.351736844955687,0.9999056005098446
15.0,0.9999572989606269
