SA(0.3s) [g],Complete_damage
0.05000000000000001,6.796050816437749e-06
0.056172467201025755,1.194302451512641e-05
0.06310692142900626,2.0675156971905473e-05
0.07089742948257126,3.5259333379777935e-05
0.07964967064493539,5.92386464582928e-05
0.08948237023750269,9.805232538995234e-05
0.10052891014472326,0.00015990039209867746
0.11293913815718663,0.0002569202654378877
0.1268814006769336,0.0004067467325759022
0.14254482635890514,0.0006345236137327293
0.16014189166643014,0.0009754212720136657
0.17991130314285533,0.001477684834070625
0.2021212354977168,0.0022061899577844324
0.2270729694325259,0.00324641388177338
0.2551049785537617,0.0047086394008135635
0.28659752081259104,0.006732101987750316
0.3219777967548112,0.00948867374260709
0.36172574455336326,0.013185565477820904
0.4063805504338082,0.018066438104322846
0.45654796280755766,0.024410268034657956
0.5129085093300529,0.03252733087139725
0.5762267283493882,0.04275177266371899
0.6473615399712076,0.05543044071288061
0.7272778974247632,0.07090794683831037
0.8170598767824696,0.0895083205171463
0.9179253825967483,0.11151404584685687
1.0312426689380967,0.13714371753251986
1.1585488999444697,0.16652993826691076
1.3015710016583038,0.19969935008658435
1.4622490880091454,0.2365567883232773
1.6427627787184707,0.27687542755095307
1.8455607661325835,0.32029443891303366
2.0733940320616497,0.366325113623312
2.329353165215711,0.41436567765729826
2.6169102854537,0.46372420594453756
2.9399661435534976,0.5136482380533431
3.3029030354176987,0.5633590038514567
3.710644248503383,0.6120876786831744
4.168720846874621,0.6591108695555733
4.683346700825936,0.7037826166388912
5.261502778863538,0.745560566651799
5.911031845476362,0.7840245855526584
6.64074484928479,0.818886845514694
7.4605404447366075,0.8499932458812649
8.381539268677866,0.8773168081418994
9.416234793278331,0.9009443325279889
10.578662801651687,0.9210580552305521
11.884591785129816,0.9379142690616225
13.351736844955687,0.9518208682598066
15.0,0.9631155805889751
