SA(0.3s) [g],Complete_damage
0.05000000000000001,5.616013054599023e-08
0.056172467201025755,1.1076046124713912e-07
0.06310692142900626,2.151477767053933e-07
0.07089742948257126,4.1161688413282604e-07
0.07964967064493539,7.756449871276772e-07
0.08948237023750269,1.4396474007360993e-06
0.10052891014472326,2.631983016754269e-06
0.11293913815718663,4.739744660420264e-06
0.1268814006769336,8.40782303401788e-06
0.14254482635890514,1.4692020921525106e-05
0.16014189166643014,2.529078542068408e-05
0.17991130314285533,4.2888439788946187e-05
0.2021212354977168,7.165238698725318e-05
0.2270729694325259,0.00011793696910078477
0.2551049785537617,0.0001912562813486396
0.28659752081259104,0.0003055953356300156
0.3219777967548112,0.00048113084863321554
0.36172574455336326,0.0007464261630391045
0.4063805504338082,0.001141145462933868
0.45654796280755766,0.0017192965478982636
0.5129085093300529,0.0025529557230022926
0.5762267283493882,0.0037363512812625954
0.6473615399712076,0.005390084885821711
0.7272778974247632,0.007665158161182628
0.8170598767824696,0.01074635505587429
0.9179253825967483,0.014854424187680126
1.0312426689380967,0.020246428969954988
1.1585488999444697,0.027213608974502534
1.3015710016583038,0.036076145422646366
1.4622490880091454,0.04717436419310761
1.6427627787184707,0.0608561496450748
1.8455607661325835,0.0774606770891465
2.0733940320616497,0.09729898001765369
2.329353165215711,0.12063231253789075
2.6169102854537,0.14764969559099062
2.9399661435534976,0.17844638619554676
3.3029030354176987,0.2130052201898699
3.710644248503383,0.25118279837393453
4.168720846874621,0.29270228106188045
4.683346700825936,0.3371541226439648
5.261502778863538,0.3840054445129666
5.911031845476362,0.4326179725479814
6.64074484928479,0.48227364097281256
7.4605404447366075,0.532206188753776
8.381539268677866,0.5816364480105813
9.416234793278331,0.6298086299959688
10.578662801651687,0.6760248068144359
11.884591785129816,0.719674980983692
13.351736844955687,0.7602606035313064
15.0,0.7974100809086042
