SA(0.6s) [g],Loss_ratio
0.05000000000000001,3.659810275172402e-07
0.056172467201025755,7.319221890116045e-07
0.06310692142900626,1.4376504519705487e-06
0.07089742948257126,2.7735648169575295e-06
0.07964967064493539,5.255769826405292e-06
0.08948237023750269,9.782869602584168e-06
0.10052891014472326,1.7887541169508223e-05
0.11293913815718663,3.2130490110305726e-05
0.1268814006769336,5.6702480122647437e-05
0.14254482635890514,9.83222458142758e-05
0.16014189166643014,0.00016754434503645307
0.17991130314285533,0.00028062200038977286
0.2021212354977168,0.00046210804092149154
0.2270729694325259,0.000748427969654922
0.2551049785537617,0.0011927337876104457
0.28659752081259104,0.0018714607194122998
0.3219777967548112,0.002893174135523966
0.36172574455336326,0.0044105025145396186
0.4063805504338082,0.0066361407535367066
0.45654796280755766,0.009863910678095845
0.5129085093300529,0.014495373357939347
0.5762267283493882,0.02107105804875573
0.6473615399712076,0.030302551708106314
0.7272778974247632,0.043097309954804826
0.8170598767824696,0.060562666172314816
0.9179253825967483,0.08397086810164398
1.0312426689380967,0.1146660681203766
1.1585488999444697,0.15390061758841378
1.3015710016583038,0.202604213334801
1.4622490880091454,0.26111436555604783
1.6427627787184707,0.32892395110659944
1.8455607661325835,0.40452007450056415
2.0733940320616497,0.48538581369970657
2.329353165215711,0.5682057729580837
2.6169102854537,0.6492621058383934
2.9399661435534976,0.7249468577323149
3.3029030354176987,0.792273073723416
3.710644248503383,0.8492609269907759
4.168720846874621,0.8951111458782649
4.683346700825936,0.9301428014823796
5.261502778863538,0.9555402805610275
5.911031845476362,0.9729995379827915
6.64074484928479,0.9843731461451305
7.4605404447366075,0.9913904860793766
8.381539268677866,0.9954891353296718
9.416234793278331,0.9977544013701876
10.578662801651687,0.9989386555296649
11.884591785129816,0.9995240827906618
13.351736844955687,0.9997976563197349
15.0,0.9999184746463802
