PGA [g],Complete_damage
0.05000000000000001,2.6120217100356058e-12
0.056172467201025755,7.050915407091907e-12
0.06310692142900626,1.865796406264053e-11
0.07089742948257126,4.839972866932385e-11
0.07964967064493539,1.2308043473296948e-10
0.08948237023750269,3.0683788843077764e-10
0.10052891014472326,7.499137977262649e-10
0.11293913815718663,1.7968191379225118e-09
0.1268814006769336,4.220820581934959e-09
0.14254482635890514,9.72071689808729e-09
0.16014189166643014,2.194919412890073e-08
0.17991130314285533,4.859240076982019e-08
0.2021212354977168,1.054772843511742e-07
0.2270729694325259,2.2449278958003305e-07
0.2551049785537617,4.6850217205740563e-07
0.28659752081259104,9.587388931642238e-07
0.3219777967548112,1.9239037581941787e-06
0.36172574455336326,3.7859631999426213e-06
0.4063805504338082,7.306281784802415e-06
0.45654796280755766,1.3828071715349388e-05
0.5129085093300529,2.566797271930099e-05
0.5762267283493882,4.673124208942614e-05
0.6473615399712076,8.345101230600172e-05
0.7272778974247632,0.00014618033619417936
0.8170598767824696,0.0002511920516435895
0.9179253825967483,0.0004234587814549995
1.0312426689380967,0.0007003834155016042
1.1585488999444697,0.001136616208973984
1.3015710016583038,0.00181001383698709
1.4622490880091454,0.0028286554636568484
1.6427627787184707,0.00433862377975025
1.8455607661325835,0.006531988425085289
2.0733940320616497,0.009654114552840598
2.329353165215711,0.014009099515594148
2.6169102854537,0.01996187491820678
2.9399661435534976,0.02793537429742554
3.3029030354176987,0.03840123793374994
3.710644248503383,0.05186287341756546
4.168720846874621,0.06883034913134989
4.683346700825936,0.08978755154867857
5.261502778863538,0.11515320462865053
5.911031845476362,0.1452385819727764
6.64074484928479,0.18020583828320935
7.4605404447366075,0.2200316223622114
8.381539268677866,0.2644808071826251
9.416234793278331,0.313094650572586
10.578662801651687,0.36519646028963004
11.884591785129816,0.4199159898966658
13.351736844955687,0.47623157487738443
15.0,0.5330267630102112
