SA(1.0s) [g],Complete_damage
0.05000000000000001,1.8474111129762605e-13
0.056172467201025755,8.469891454865319e-13
0.06310692142900626,3.719580199401662e-12
0.07089742948257126,1.565247931267777e-11
0.07964967064493539,6.311595690533522e-11
0.08948237023750269,2.4388824293453126e-10
0.10052891014472326,9.031506653656152e-10
0.11293913815718663,3.205334886402511e-09
0.1268814006769336,1.0903328684364055e-08
0.14254482635890514,3.555072292105166e-08
0.16014189166643014,1.1111573627875515e-07
0.17991130314285533,3.329492288539626e-07
0.2021212354977168,9.565266261279959e-07
0.2270729694325259,2.6349858335272813e-06
0.2551049785537617,6.961007280592568e-06
0.28659752081259104,1.7637393116221034e-05
0.3219777967548112,4.286742621761874e-05
0.36172574455336326,9.995868121648321e-05
0.4063805504338082,0.0002236615582759116
0.45654796280755766,0.00048031593350039703
0.5129085093300529,0.000990205838485081
0.5762267283493882,0.0019601868277207
0.6473615399712076,0.003727075898772081
0.7272778974247632,0.006808949149296084
0.8170598767824696,0.011956253537672046
0.9179253825967483,0.020188240388500867
1.0312426689380967,0.032794590414347846
1.1585488999444697,0.051280211937247744
1.3015710016583038,0.07723627779525377
1.4622490880091454,0.1121345473787061
1.6427627787184707,0.15706380286114974
1.8455607661325835,0.21245170662382296
2.0733940320616497,0.2778341394396677
2.329353165215711,0.35173810001762806
2.6169102854537,0.43172794894122324
2.9399661435534976,0.5146294873245945
3.3029030354176987,0.5969012616074022
3.710644248503383,0.6750819869615021
4.168720846874621,0.7462212022825474
4.683346700825936,0.8082051111473127
5.261502778863538,0.8599192532305358
5.911031845476362,0.901233525573186
6.64074484928479,0.9328381944782884
7.4605404447366075,0.9559888160310509
8.381539268677866,0.9722268799866999
9.416234793278331,0.9831328906083789
10.578662801651687,0.9901467579000802
11.884591785129816,0.9944660144659889
13.351736844955687,0.9970129628717519
15.0,0.9984510686331004
