SA(1.0s) [g],Complete_damage
0.05000000000000001,2.55351295663786e-15
0.056172467201025755,1.3322676295501878e-14
0.06310692142900626,6.539213615042172e-14
0.07089742948257126,3.084199562408685e-13
0.07964967064493539,1.393885007416884e-12
0.08948237023750269,6.034950317257426e-12
0.10052891014472326,2.503686147292683e-11
0.11293913815718663,9.953216029146006e-11
0.1268814006769336,3.791827962729144e-10
0.14254482635890514,1.384395709180808e-09
0.16014189166643014,4.844232903700174e-09
0.17991130314285533,1.6246968215227753e-08
0.2021212354977168,5.223172050428104e-08
0.2270729694325259,1.6097048372021305e-07
0.2551049785537617,4.756054327037518e-07
0.28659752081259104,1.3473445291678487e-06
0.3219777967548112,3.660066130173334e-06
0.36172574455336326,9.5351995021975e-06
0.4063805504338082,2.3826439204954752e-05
0.45654796280755766,5.7113858515922544e-05
0.5129085093300529,0.00013135568331490433
0.5762267283493882,0.0002899091217625216
0.6473615399712076,0.0006141452640022749
0.7272778974247632,0.0012490464222325581
0.8170598767824696,0.002439493095453882
0.9179253825967483,0.004576830491114681
1.0312426689380967,0.008251308947766822
1.1585488999444697,0.01430023070410713
1.3015710016583038,0.023835215711702773
1.4622490880091454,0.03822724327138838
1.6427627787184707,0.059028232567064354
1.8455607661325835,0.0878158782563373
2.0733940320616497,0.12596535215818483
2.329353165215711,0.17437492907586338
2.6169102854537,0.2331962023495482
2.9399661435534976,0.3016343133166073
3.3029030354176987,0.37788119896745653
3.710644248503383,0.45922168080355596
4.168720846874621,0.5423122869037758
4.683346700825936,0.6235874171923905
5.261502778863538,0.699711833640346
5.911031845476362,0.7679851208432771
6.64074484928479,0.8266175859099454
7.4605404447366075,0.8748330055094065
8.381539268677866,0.9127989446140452
9.416234793278331,0.941425076716384
10.578662801651687,0.9620927429645892
11.884591785129816,0.9763810362560635
13.351736844955687,0.9858396896590744
15.0,0.9918353660551763
