SA(1.0s) [g],Complete_damage
0.05000000000000001,0.0
0.056172467201025755,0.0
0.06310692142900626,1.1102230246251565e-16
0.07089742948257126,6.661338147750939e-16
0.07964967064493539,3.774758283725532e-15
0.08948237023750269,2.020605904817785e-14
0.10052891014472326,1.0336176359260207e-13
0.11293913815718663,5.03819208574896e-13
0.1268814006769336,2.3480106747797436e-12
0.14254482635890514,1.045719066894435e-11
0.16014189166643014,4.450939616873484e-11
0.17991130314285533,1.8106516286309216e-10
0.2021212354977168,7.040334981667229e-10
0.2270729694325259,2.616703298485845e-09
0.2551049785537617,9.297133951591263e-09
0.28659752081259104,3.157990580149317e-08
0.3219777967548112,1.0255967952677025e-07
0.36172574455336326,3.184837382708139e-07
0.4063805504338082,9.457744329921525e-07
0.45654796280755766,2.686131612028575e-06
0.5129085093300529,7.297289600916024e-06
0.5762267283493882,1.896495612596638e-05
0.6473615399712076,4.715921710751747e-05
0.7272778974247632,0.00011222316643788588
0.8170598767824696,0.00025561466623025275
0.9179253825967483,0.0005574082084416343
1.0312426689380967,0.0011640052405322843
1.1585488999444697,0.002328385041305503
1.3015710016583038,0.004462871052117512
1.4622490880091454,0.008199641684848546
1.6427627787184707,0.014447112598932055
1.8455607661325835,0.024422204318384932
2.0733940320616497,0.03963239188400669
2.329353165215711,0.06178155937684071
2.6169102854537,0.0925840293846889
2.9399661435534976,0.13349305114806453
3.3029030354176987,0.1853800033714833
3.710644248503383,0.24822964833756223
4.168720846874621,0.32093278771381095
4.683346700825936,0.40125010990853627
5.261502778863538,0.48598670958002177
5.911031845476362,0.5713632631787062
6.64074484928479,0.653514098627034
7.4605404447366075,0.7290043920136859
8.381539268677866,0.7952528807886889
9.416234793278331,0.8507750628275359
10.578662801651687,0.8952139013949152
11.884591785129816,0.9291814667189907
13.351736844955687,0.95397689353664
15.0,0.9712624790882607
