SA(0.3s) [g],Complete_damage
0.05000000000000001,2.0831471214677322e-08
0.056172467201025755,4.3474171151913765e-08
0.06310692142900626,8.921622995927692e-08
0.07089742948257126,1.8003917023889926e-07
0.07964967064493539,3.5728162994796975e-07
0.08948237023750269,6.972451779274635e-07
0.10052891014472326,1.3381437790060957e-06
0.11293913815718663,2.5256576509091744e-06
0.1268814006769336,4.688278910758292e-06
0.14254482635890514,8.5592030842907e-06
0.16014189166643014,1.536911179955691e-05
0.17991130314285533,2.7144096652387262e-05
0.2021212354977168,4.715523868437099e-05
0.2270729694325259,8.058058010684821e-05
0.2551049785537617,0.00013545529784730892
0.28659752081259104,0.00022399972356657027
0.3219777967548112,0.00036442414376347543
0.36172574455336326,0.0005833094202746247
0.4063805504338082,0.0009186475700485586
0.45654796280755766,0.0014235900288058767
0.5129085093300529,0.0021708871977579314
0.5762267283493882,0.0032579066369095022
0.6473615399712076,0.00481198823638096
0.7272778974247632,0.0069957379791216745
0.8170598767824696,0.010011690236364168
0.9179253825967483,0.01410560325240473
1.0312426689380967,0.019567523044072943
1.1585488999444697,0.026729692459537602
1.3015710016583038,0.03596043058626708
1.4622490880091454,0.04765329314563682
1.6427627787184707,0.06221116317816444
1.8455607661325835,0.08002540786282575
2.0733940320616497,0.10145083924356735
2.329353165215711,0.12677787281645947
2.6169102854537,0.1562039025951124
2.9399661435534976,0.18980640414782635
3.3029030354176987,0.22752053882847745
3.710644248503383,0.2691239830214054
4.168720846874621,0.3142313031428938
4.683346700825936,0.3622994489374466
5.261502778863538,0.4126449095291247
5.911031845476362,0.4644718859336239
6.64074484928479,0.5169096340794295
7.4605404447366075,0.5690560903598316
8.381539268677866,0.6200241586291542
9.416234793278331,0.6689867227288533
10.578662801651687,0.7152165996930692
11.884591785129816,0.758118242847714
13.351736844955687,0.7972489519047135
15.0,0.8323285096689945
