SA(1.0s) [g],Complete_damage
0.05000000000000001,3.697042672001771e-14
0.056172467201025755,1.7863488466218769e-13
0.06310692142900626,8.256728634137289e-13
0.07089742948257126,3.655187263973403e-12
0.07964967064493539,1.5498269334557335e-11
0.08948237023750269,6.294231802428385e-11
0.10052891014472326,2.448565794566093e-10
0.11293913815718663,9.12460329516307e-10
0.1268814006769336,3.257436542725145e-09
0.14254482635890514,1.1141061850850065e-08
0.16014189166643014,3.650879953909225e-08
0.17991130314285533,1.1463668403433047e-07
0.2021212354977168,3.449395057364413e-07
0.2270729694325259,9.947124547382558e-07
0.2551049785537617,2.749374416466388e-06
0.28659752081259104,7.2845598045878646e-06
0.3219777967548112,1.850388274438064e-05
0.36172574455336326,4.506880415089398e-05
0.4063805504338082,0.0001052721951183555
0.45654796280755766,0.00023586045731616156
0.5129085093300529,0.0005069784429363455
0.5762267283493882,0.001045724033444606
0.6473615399712076,0.0020703858305365364
0.7272778974247632,0.003935687024244183
0.8170598767824696,0.007185730559765902
0.9179253825967483,0.012605756215914976
1.0312426689380967,0.0212571407030282
1.1585488999444697,0.034474422011713135
1.3015710016583038,0.053801715005963646
1.4622490880091454,0.0808520358242798
1.6427627787184707,0.1170885493126661
1.8455607661325835,0.16355003303055993
2.0733940320616497,0.22056810194313892
2.329353165215711,0.28754187369937667
2.6169102854537,0.3628375231562774
2.9399661435534976,0.4438604482630485
3.3029030354176987,0.5273090153649971
3.710644248503383,0.6095716831690601
4.168720846874621,0.6871891797949976
4.683346700825936,0.7572845592628288
5.261502778863538,0.8178733155189355
5.911031845476362,0.8679998321448877
6.64074484928479,0.9076930033968239
7.4605404447366075,0.9377770866783057
8.381539268677866,0.9596008877469204
9.416234793278331,0.9747538149196049
10.578662801651687,0.9848239453661021
11.884591785129816,0.991229340882737
13.351736844955687,0.9951290208223247
15.0,0.9974014166622953
