SA(1.0s) [g],Complete_damage
0.05000000000000001,1.908473379330644e-13
0.056172467201025755,8.416600749683312e-13
0.06310692142900626,3.5651481766763027e-12
0.07089742948257126,1.449973474620947e-11
0.07964967064493539,5.662736946021596e-11
0.08948237023750269,2.1237089864456493e-10
0.10052891014472326,7.648718325370396e-10
0.11293913815718663,2.6456440371802614e-09
0.1268814006769336,8.789200256487106e-09
0.14254482635890514,2.804600351957731e-08
0.16014189166643014,8.596613343403448e-08
0.17991130314285533,2.531352719659097e-07
0.2021212354977168,7.161173394276688e-07
0.2270729694325259,1.946538993546909e-06
0.2551049785537617,5.084342354133575e-06
0.28659752081259104,1.2762900345464345e-05
0.3219777967548112,3.079374266590218e-05
0.36172574455336326,7.142263397041937e-05
0.4063805504338082,0.00015927161609019524
0.45654796280755766,0.0003415442594078
0.5129085093300529,0.0007044463120361444
0.5762267283493882,0.0013977774460299797
0.6473615399712076,0.002668865058563008
0.7272778974247632,0.004904978986813635
0.8170598767824696,0.008679798272644423
0.9179253825967483,0.014794599346576232
1.0312426689380967,0.024299608776864212
1.1585488999444697,0.03847734634879285
1.3015710016583038,0.058770314711094174
1.4622490880091454,0.08664234324430709
1.6427627787184707,0.12337700227007642
1.8455607661325835,0.16983579862899933
2.0733940320616497,0.22621831580598273
2.329353165215711,0.2918790271066001
2.6169102854537,0.3652545754397082
2.9399661435534976,0.443937740129127
3.3029030354176987,0.5249026766021392
3.710644248503383,0.6048486965874693
4.168720846874621,0.6805984844614432
4.683346700825936,0.7494717516213947
5.261502778863538,0.8095620853597638
5.911031845476362,0.8598707950318496
6.64074484928479,0.9002880047038144
7.4605404447366075,0.9314463227732165
8.381539268677866,0.9544960690526184
9.416234793278331,0.9708583060642064
10.578662801651687,0.9820039075139223
11.884591785129816,0.989289225995868
13.351736844955687,0.9938588205669943
15.0,0.9966091883690699
