SA(0.6s) [g],Loss_ratio
0.05000000000000001,1.4493264259575607e-08
0.056172467201025755,3.6103317516861716e-08
0.06310692142900626,9.182846329565185e-08
0.07089742948257126,2.3811755310533062e-07
0.07964967064493539,6.252471812692213e-07
0.08948237023750269,1.6457668075342173e-06
0.10052891014472326,4.29542147501886e-06
0.11293913815718663,1.100821336708138e-05
0.1268814006769336,2.7486222070667154e-05
0.14254482635890514,6.648147356399327e-05
0.16014189166643014,0.00015513892322997603
0.17991130314285533,0.00034833047859963024
0.2021212354977168,0.0007511729314995866
0.2270729694325259,0.00155411754623217
0.2551049785537617,0.0030828046398748508
0.28659752081259104,0.005861327953606666
0.3219777967548112,0.010681011140104583
0.36172574455336326,0.018657693707175963
0.4063805504338082,0.031251108078387144
0.45654796280755766,0.05021448499936645
0.5129085093300529,0.07744643046801541
0.5762267283493882,0.11473454688816176
0.6473615399712076,0.16341112176205702
0.7272778974247632,0.22397878860303208
0.8170598767824696,0.29579540549258626
0.9179253825967483,0.3769172184023331
1.0312426689380967,0.4641768839667357
1.1585488999444697,0.5535184934789529
1.3015710016583038,0.6405396857726223
1.4622490880091454,0.7211258381211847
1.6427627787184707,0.7920284344138375
1.8455607661325835,0.8512535307701183
2.0733940320616497,0.8981830290286149
2.329353165215711,0.9334300563977752
2.6169102854537,0.958500819346942
2.9399661435534976,0.975374572421904
3.3029030354176987,0.9861117488591735
3.710644248503383,0.9925660262854823
4.168720846874621,0.996228234548284
4.683346700825936,0.9981882162789426
5.261502778863538,0.9991769273507494
5.911031845476362,0.9996467244465175
6.64074484928479,0.9998568654624818
7.4605404447366075,0.9999453011685853
8.381539268677866,0.9999802987235826
9.416234793278331,0.9999933165111682
10.578662801651687,0.9999978657674705
11.884591785129816,0.999999358832106
13.351736844955687,0.9999998188753106
15.0,0.9999999519089766
