SA(0.6s) [g],Loss_ratio
0.05000000000000001,1.4883491180286616e-06
0.056172467201025755,3.4178582695234033e-06
0.06310692142900626,7.518621733733866e-06
0.07089742948257126,1.5859384255708136e-05
0.07964967064493539,3.211899656146542e-05
0.08948237023750269,6.256099551591159e-05
0.10052891014472326,0.00011745509285292609
0.11293913815718663,0.0002131560064521357
0.1268814006769336,0.00037524841165242705
0.14254482635890514,0.0006435490224585964
0.16014189166643014,0.001080367778410243
0.17991130314285533,0.0017842085952999931
0.2021212354977168,0.002911766120167099
0.2270729694325259,0.004711090333694518
0.2551049785537617,0.007567329721615006
0.28659752081259104,0.012058691464636642
0.3219777967548112,0.019013818247043394
0.36172574455336326,0.029553464959145674
0.4063805504338082,0.045091630148336656
0.45654796280755766,0.06726822370850372
0.5129085093300529,0.09779149293558631
0.5762267283493882,0.1381866640508982
0.6473615399712076,0.18947624723510392
0.7272778974247632,0.25185010123207063
0.8170598767824696,0.3244077176490551
0.9179253825967483,0.4050584491398199
1.0312426689380967,0.4906398218703807
1.1585488999444697,0.5772622066087624
1.3015710016583038,0.6608242908882235
1.4622490880091454,0.7375899463030191
1.6427627787184707,0.8046941328788946
1.8455607661325835,0.8604638286009113
2.0733940320616497,0.9044940333410688
2.329353165215711,0.9374888655653218
2.6169102854537,0.9609381937171156
2.9399661435534976,0.9767312177323231
3.3029030354176987,0.9868036472114212
3.710644248503383,0.9928829179234256
4.168720846874621,0.9963532445675334
4.683346700825936,0.9982260475756444
5.261502778863538,0.9991812062519096
5.911031845476362,0.9996415135025645
6.64074484928479,0.9998511259036863
7.4605404447366075,0.9999413424743767
8.381539268677866,0.9999780598111705
9.416234793278331,0.9999922020256157
10.578662801651687,0.9999973628667448
11.884591785129816,0.9999991499389822
13.351736844955687,0.9999997382673202
15.0,0.9999999228376126
