SA(0.6s) [g],Complete_damage
0.05000000000000001,1.704181240569369e-11
0.056172467201025755,5.835409933041547e-11
0.06310692142900626,1.9328738609658558e-10
0.07089742948257126,6.193395796216805e-10
0.07964967064493539,1.919838732433732e-09
0.08948237023750269,5.75745240372072e-09
0.10052891014472326,1.6704990946081466e-08
0.11293913815718663,4.6895878846875405e-08
0.1268814006769336,1.2738544641344163e-07
0.14254482635890514,3.348327227703507e-07
0.16014189166643014,8.517016665265942e-07
0.17991130314285533,2.09666860617741e-06
0.2021212354977168,4.9956137384565835e-06
0.2270729694325259,1.152131339443585e-05
0.2551049785537617,2.5722321832954975e-05
0.28659752081259104,5.559790642284401e-05
0.3219777967548112,0.00011635805986554004
0.36172574455336326,0.00023581919343751423
0.4063805504338082,0.00046287876432726804
0.45654796280755766,0.0008800923997602794
0.5129085093300529,0.0016212025435544675
0.5762267283493882,0.0028938633916090195
0.6473615399712076,0.005006614541111287
0.7272778974247632,0.00839731805669841
0.8170598767824696,0.013657940810585245
0.9179253825967483,0.02154818484165333
1.0312426689380967,0.03298880856027275
1.1585488999444697,0.04902550877384848
1.3015710016583038,0.07075684388355041
1.4622490880091454,0.09922530156544096
1.6427627787184707,0.13527881884590776
1.8455607661325835,0.1794193488329795
2.0733940320616497,0.2316630189827027
2.329353165215711,0.2914402879688893
2.6169102854537,0.35756209826677954
2.9399661435534976,0.4282686551742665
3.3029030354176987,0.5013625227536543
3.710644248503383,0.574410550977716
4.168720846874621,0.6449841646745939
4.683346700825936,0.7108988999478849
5.261502778863538,0.7704142451364018
5.911031845476362,0.8223637814356065
6.64074484928479,0.866200763599327
7.4605404447366075,0.9019614505448406
8.381539268677866,0.9301632785098431
9.416234793278331,0.9516640891308622
10.578662801651687,0.9675107783042678
11.884591785129816,0.9788016723728049
13.351736844955687,0.9865788884733752
15.0,0.9917576509020151
