SA(0.6s) [g],Complete_damage
0.05000000000000001,2.298161660974074e-14
0.056172467201025755,9.270362255620057e-14
0.06310692142900626,3.6215475063272606e-13
0.07089742948257126,1.3687939670603555e-12
0.07964967064493539,5.004552328102818e-12
0.08948237023750269,1.7697732168642233e-11
0.10052891014472326,6.053912926518024e-11
0.11293913815718663,2.0032353553744997e-10
0.1268814006769336,6.412406161615536e-10
0.14254482635890514,1.9857354649488457e-09
0.16014189166643014,5.94911109264018e-09
0.17991130314285533,1.7243828698276786e-08
0.2021212354977168,4.836025380150488e-08
0.2270729694325259,1.3123234954282026e-07
0.2551049785537617,3.4460138109704275e-07
0.28659752081259104,8.756802390985641e-07
0.3219777967548112,2.1535639148639873e-06
0.36172574455336326,5.12610887182241e-06
0.4063805504338082,1.1810632356445971e-05
0.45654796280755766,2.6342368257381565e-05
0.5129085093300529,5.6882412733716414e-05
0.5762267283493882,0.00011893030884313482
0.6473615399712076,0.00024079833518608762
0.7272778974247632,0.00047219543411525233
0.8170598767824696,0.0008969436311395684
0.9179253825967483,0.0016506648882720354
1.0312426689380967,0.002943656323303623
1.1585488999444697,0.005087959906447281
1.3015710016583038,0.008525776500543092
1.4622490880091454,0.01385403161370391
1.6427627787184707,0.021837530199978916
1.8455607661325835,0.03340151432988114
2.0733940320616497,0.04959453107395961
2.329353165215711,0.07151521670308636
2.6169102854537,0.10020231594957874
2.9399661435534976,0.13649551989369968
3.3029030354176987,0.180883990996886
3.710644248503383,0.23336731060310534
4.168720846874621,0.293357283104843
4.683346700825936,0.35964641079589554
5.261502778863538,0.4304592870023338
5.911031845476362,0.5035880897553864
6.64074484928479,0.5765961811607585
7.4605404447366075,0.6470589702750682
8.381539268677866,0.7128027944055817
9.416234793278331,0.7721030250452559
10.578662801651687,0.8238117794407054
11.884591785129816,0.8674008916853032
13.351736844955687,0.9029229564620864
15.0,0.9309079094011135
