SA(0.6s) [g],Complete_damage
0.05000000000000001,1.8290127190567773e-09
0.056172467201025755,4.243674966986077e-09
0.06310692142900626,9.65868640623313e-09
0.07089742948257126,2.1565233154774432e-08
0.07964967064493539,4.723463409295192e-08
0.08948237023750269,1.0149580165208505e-07
0.10052891014472326,2.1395786420352891e-07
0.11293913815718663,4.42500105557464e-07
0.1268814006769336,8.978764511891058e-07
0.14254482635890514,1.787524066321211e-06
0.16014189166643014,3.491679304579165e-06
0.17991130314285533,6.6923713468725055e-06
0.2021212354977168,1.2586535740322091e-05
0.2270729694325259,2.3229049827211412e-05
0.2551049785537617,4.207030682967794e-05
0.28659752081259104,7.47756853292092e-05
0.3219777967548112,0.00013043939763024426
0.36172574455336326,0.00022332937338143122
0.4063805504338082,0.000375317352949156
0.45654796280755766,0.0006191508442306981
0.5129085093300529,0.001002700156364944
0.5762267283493882,0.0015942519937374167
0.6473615399712076,0.00248880930007489
0.7272778974247632,0.003815187264630926
0.8170598767824696,0.005743467774209754
0.9179253825967483,0.008492101794362883
1.0312426689380967,0.012333660070517505
1.1585488999444697,0.01759797358506454
1.3015710016583038,0.024671237877171515
1.4622490880091454,0.0339896487203859
1.6427627787184707,0.04602635488721529
1.8455607661325835,0.061270999576742535
2.0733940320616497,0.08020187963860281
2.329353165215711,0.10325173247861708
2.6169102854537,0.1307692575705819
2.9399661435534976,0.1629795339536343
3.3029030354176987,0.19994731658698695
3.710644248503383,0.24154759399685033
4.168720846874621,0.28744761972977995
4.683346700825936,0.3371038231563265
5.261502778863538,0.3897756008861213
5.911031845476362,0.4445561429717033
6.64074484928479,0.5004184104180042
7.4605404447366075,0.5562724617191264
8.381539268677866,0.6110288362195587
9.416234793278331,0.6636618908774441
10.578662801651687,0.7132669932885212
11.884591785129816,0.7591062965293927
13.351736844955687,0.8006393197654404
15.0,0.8375364814938306
