SA(0.6s) [g],Complete_damage
0.05000000000000001,2.385660557990832e-10
0.056172467201025755,5.649829493137304e-10
0.06310692142900626,1.3138665710954456e-09
0.07089742948257126,3.000296455724083e-09
0.07964967064493539,6.727940538020505e-09
0.08948237023750269,1.4815412230362313e-08
0.10052891014472326,3.203819498587279e-08
0.11293913815718663,6.8038493394873e-08
0.1268814006769336,1.4190050356965855e-07
0.14254482635890514,2.906475692343591e-07
0.16014189166643014,5.84675080905761e-07
0.17991130314285533,1.1551542916654611e-06
0.2021212354977168,2.241589882601147e-06
0.2270729694325259,4.272452139963967e-06
0.2551049785537617,7.998678975273954e-06
0.28659752081259104,1.4709419707825688e-05
0.3219777967548112,2.657213193846264e-05
0.36172574455336326,4.7155190380676615e-05
0.4063805504338082,8.221004808472987e-05
0.45654796280755766,0.0001408102229115693
0.5129085093300529,0.00023696304346421115
0.5762267283493882,0.0003918224426685546
0.6473615399712076,0.0006366304098374131
0.7272778974247632,0.0010164925158817617
0.8170598767824696,0.001595039791097097
0.9179253825967483,0.0024599364107639188
1.0312426689380967,0.0037290544659177582
1.1585488999444697,0.005556954033978712
1.3015710016583038,0.00814108863303531
1.4622490880091454,0.011726924713048148
1.6427627787184707,0.016610953817521756
1.8455607661325835,0.023140433425156703
2.0733940320616497,0.031708669408574086
2.329353165215711,0.04274479915394025
2.6169102854537,0.05669738524777568
2.9399661435534976,0.07401169428722354
3.3029030354176987,0.09510128562462228
3.710644248503383,0.12031539972887084
4.168720846874621,0.14990450396384158
4.683346700825936,0.18398708529388696
5.261502778863538,0.22252122814948727
5.911031845476362,0.26528455560421704
6.64074484928479,0.31186566686483974
7.4605404447366075,0.36166927050045283
8.381539268677866,0.41393587191724535
9.416234793278331,0.46777528615681696
10.578662801651687,0.5222116318168846
11.884591785129816,0.5762360591945151
13.351736844955687,0.628862494509755
15.0,0.6791812981369288
