PGA [g],Loss_ratio
0.05000000000000001,1.4669391218327735e-05
0.056172467201025755,3.596660176748548e-05
0.06310692142900626,8.712983685407994e-05
0.07089742948257126,0.00020617841239725017
0.07964967064493539,0.00047230599463022406
0.08948237023750269,0.0010406673770929232
0.10052891014472326,0.0021960155980367806
0.11293913815718663,0.004425998199854282
0.1268814006769336,0.008506473298992602
0.14254482635890514,0.015577888308374654
0.16014189166643014,0.027176720118297082
0.17991130314285533,0.045176422963519695
0.2021212354977168,0.07159798179233781
0.2270729694325259,0.10827848996425368
0.2551049785537617,0.15643594091033333
0.28659752081259104,0.21622549597419588
0.3219777967548112,0.2864220734319364
0.36172574455336326,0.36436091641744167
0.4063805504338082,0.44621017132240315
0.45654796280755766,0.5275495930049556
0.5129085093300529,0.604122465479926
0.5762267283493882,0.6725584172854422
0.6473615399712076,0.730866446522434
0.7272778974247632,0.7785741614329367
0.8170598767824696,0.8165105961126804
0.9179253825967483,0.846344258468152
1.0312426689380967,0.8700482077412565
1.1585488999444697,0.8894516668410427
1.3015710016583038,0.9059706858071479
1.4622490880091454,0.9205283469661899
1.6427627787184707,0.9336149438533231
1.8455607661325835,0.945416811291541
2.0733940320616497,0.9559529603212586
2.329353165215711,0.9651839160855029
2.6169102854537,0.9730812552062464
2.9399661435534976,0.9796615530474782
3.3029030354176987,0.9849945775664611
3.710644248503383,0.9891959156206476
4.168720846874621,0.9924121510357788
4.683346700825936,0.99480423323314
5.261502778863538,0.9965325422627613
5.911031845476362,0.9977454974413893
6.64074484928479,0.9985723214085787
7.4605404447366075,0.9991197110369054
8.381539268677866,0.9994716503806474
9.416234793278331,0.9996913863482539
10.578662801651687,0.9998246072513055
11.884591785129816,0.9999030329865928
13.351736844955687,0.9999478598226857
15.0,0.9999727363715574
