PGA [g],Loss_ratio
0.05000000000000001,1.1288585654511762e-05
0.056172467201025755,3.186706798590989e-05
0.06310692142900626,8.521688926315802e-05
0.07089742948257126,0.0002159008587311096
0.07964967064493539,0.0005183519420874749
0.08948237023750269,0.0011796788857311045
0.10052891014472326,0.002545829968451004
0.11293913815718663,0.005212090252443352
0.1268814006769336,0.01012832649604336
0.14254482635890514,0.018692749021943914
0.16014189166643014,0.03278916718059026
0.17991130314285533,0.05471080776824232
0.2021212354977168,0.08692089915875524
0.2270729694325259,0.13163574295605512
0.2551049785537617,0.1902783797124488
0.28659752081259104,0.26292250659199057
0.3219777967548112,0.3478959922662634
0.36172574455336326,0.44170948768446233
0.4063805504338082,0.5394035756810873
0.45654796280755766,0.6352827401078576
0.5129085093300529,0.7238700901247155
0.5762267283493882,0.8008291863755937
0.6473615399712076,0.8636003871239231
0.7272778974247632,0.9115940861852507
0.8170598767824696,0.9459343206536102
0.9179253825967483,0.968889077206625
1.0312426689380967,0.983199485016134
1.1585488999444697,0.9915060800127705
1.3015710016583038,0.9959884104419694
1.4622490880091454,0.998233628249338
1.6427627787184707,0.9992761911533097
1.8455607661325835,0.9997244245989045
2.0733940320616497,0.9999026570051066
2.329353165215711,0.9999681391159363
2.6169102854537,0.9999903483183482
2.9399661435534976,0.9999972966690901
3.3029030354176987,0.9999993005521128
3.710644248503383,0.9999998329584104
4.168720846874621,0.9999999632041114
4.683346700825936,0.9999999925285267
5.261502778863538,0.9999999986023362
5.911031845476362,0.9999999997592466
6.64074484928479,0.99999999996183
7.4605404447366075,0.9999999999944322
8.381539268677866,0.999999999999253
9.416234793278331,0.9999999999999079
10.578662801651687,0.9999999999999896
11.884591785129816,0.9999999999999989
13.351736844955687,0.9999999999999999
15.0,1.0
