PGA [g],Loss_ratio
0.05000000000000001,1.4669391218327735e-05
0.056172467201025755,3.5966601767485486e-05
0.06310692142900626,8.712983685407996e-05
0.07089742948257126,0.00020617841239725017
0.07964967064493539,0.0004723059946302241
0.08948237023750269,0.0010406673770929232
0.10052891014472326,0.0021960155980367806
0.11293913815718663,0.004425998199854282
0.1268814006769336,0.008506473298992604
0.14254482635890514,0.015577888308374655
0.16014189166643014,0.027176720118297085
0.17991130314285533,0.045176422963519695
0.2021212354977168,0.07159798179233783
0.2270729694325259,0.10827848996425368
0.2551049785537617,0.15643594091033336
0.28659752081259104,0.2162254959741959
0.3219777967548112,0.2864220734319364
0.36172574455336326,0.3643609164174417
0.4063805504338082,0.44621017132240315
0.45654796280755766,0.5275495930049556
0.5129085093300529,0.604122465479926
0.5762267283493882,0.6725584172854423
0.6473615399712076,0.730866446522434
0.7272778974247632,0.7785741614329368
0.8170598767824696,0.8165105961126804
0.9179253825967483,0.846344258468152
1.0312426689380967,0.8700482077412566
1.1585488999444697,0.8894516668410428
1.3015710016583038,0.905970685807148
1.4622490880091454,0.92052834696619
1.6427627787184707,0.9336149438533232
1.8455607661325835,0.945416811291541
2.0733940320616497,0.9559529603212588
2.329353165215711,0.9651839160855029
2.6169102854537,0.9730812552062466
2.9399661435534976,0.9796615530474782
3.3029030354176987,0.9849945775664612
3.710644248503383,0.9891959156206477
4.168720846874621,0.992412151035779
4.683346700825936,0.9948042332331402
5.261502778863538,0.9965325422627613
5.911031845476362,0.9977454974413893
6.64074484928479,0.9985723214085787
7.4605404447366075,0.9991197110369054
8.381539268677866,0.9994716503806476
9.416234793278331,0.999691386348254
10.578662801651687,0.9998246072513055
11.884591785129816,0.9999030329865928
13.351736844955687,0.9999478598226859
15.0,0.9999727363715574
