SA(0.6s) [g],Loss_ratio
0.05000000000000001,2.2689781612313611e-10
0.056172467201025755,8.144929744857663e-10
0.06310692142900626,2.780334731449532e-09
0.07089742948257126,9.026554142867134e-09
0.07964967064493539,2.787972530936329e-08
0.08948237023750269,8.195699451300357e-08
0.10052891014472326,2.2944240399504852e-07
0.11293913815718663,6.122001165963186e-07
0.1268814006769336,1.5584371898432193e-06
0.14254482635890514,3.7899428779440253e-06
0.16014189166643014,8.819649250836824e-06
0.17991130314285533,1.968157662562526e-05
0.2021212354977168,4.222640322053763e-05
0.2270729694325259,8.737096324053827e-05
0.2551049785537617,0.0001749610760650089
0.28659752081259104,0.00034036731214015883
0.3219777967548112,0.000645641882926249
0.36172574455336326,0.0011979740484458989
0.4063805504338082,0.002178979214224167
0.45654796280755766,0.003888301124855353
0.5129085093300529,0.006802900387665337
0.5762267283493882,0.011647929670861227
0.6473615399712076,0.019465671274668434
0.7272778974247632,0.031657009641078045
0.8170598767824696,0.04995963741858767
0.9179253825967483,0.07632559012623061
1.0312426689380967,0.11267490761871062
1.1585488999444697,0.16053519247202214
1.3015710016583038,0.2206229619437955
1.4622490880091454,0.29246647749356114
1.6427627787184707,0.3741901377861262
1.8455607661325835,0.4625605168987854
2.0733940320616497,0.5533312817622577
2.329353165215711,0.6418358248297236
2.6169102854537,0.7236947355417701
2.9399661435534976,0.7954635997388682
3.3029030354176987,0.8550635365662769
3.710644248503383,0.9019063761183048
4.168720846874621,0.9367205214612772
4.683346700825936,0.9611657845989319
5.261502778863538,0.9773675620356135
5.911031845476362,0.9874941332084535
6.64074484928479,0.9934577198964814
7.4605404447366075,0.9967639516524683
8.381539268677866,0.9984882327260342
9.416234793278331,0.9993335990545864
10.578662801651687,0.9997230151542865
11.884591785129816,0.9998914976515537
13.351736844955687,0.9999599505693236
15.0,0.9999860692408419
