SA(0.3s) [g],Complete_damage
0.05000000000000001,4.653445355717878e-07
0.056172467201025755,1.179861416455985e-06
0.06310692142900626,2.8935026193943614e-06
0.07089742948257126,6.8641920902834386e-06
0.07964967064493539,1.5753146883512592e-05
0.08948237023750269,3.4978500196181095e-05
0.10052891014472326,7.515174680883252e-05
0.11293913815718663,0.00015625506180982907
0.1268814006769336,0.0003144452183028168
0.14254482635890514,0.0006125435712598382
0.16014189166643014,0.0011552676121029393
0.17991130314285533,0.002109904017718045
0.2021212354977168,0.003732223772276666
0.2270729694325259,0.006395857646944281
0.2551049785537617,0.01062110641266134
0.28659752081259104,0.017096553913072077
0.3219777967548112,0.026684533517573272
0.36172574455336326,0.04040043275362826
0.4063805504338082,0.059357074065855775
0.45654796280755766,0.08466977392942232
0.5129085093300529,0.11732521542717989
0.5762267283493882,0.15802692965230225
0.6473615399712076,0.20703977611120616
0.7272778974247632,0.2640624083446489
0.8170598767824696,0.32815749374230074
0.9179253825967483,0.39776280040519374
1.0312426689380967,0.47079260445342364
1.1585488999444697,0.5448209579532848
1.3015710016583038,0.617320659303165
1.4622490880091454,0.685919142746581
1.6427627787184707,0.7486285900107851
1.8455607661325835,0.8040135159112294
2.0733940320616497,0.8512731456315648
2.329353165215711,0.8902340613717006
2.6169102854537,0.921265940466494
2.9399661435534976,0.9451455398357437
3.3029030354176987,0.9628991223323327
3.710644248503383,0.975651316868736
4.168720846874621,0.9845009194483377
4.683346700825936,0.9904343035532028
5.261502778863538,0.9942777511031103
5.911031845476362,0.9966831061418184
6.64074484928479,0.9981374834342919
7.4605404447366075,0.998987083572546
8.381539268677866,0.9994665868479534
9.416234793278331,0.999728048507364
10.578662801651687,0.9998657896850128
11.884591785129816,0.9999358962714464
13.351736844955687,0.9999703703768238
15.0,0.9999867485794739
