SA(0.6s) [g],Loss_ratio
0.05000000000000001,2.9264561063271295e-14
0.056172467201025755,2.039908033041853e-13
0.06310692142900626,1.315420434252251e-12
0.07089742948257126,7.847148877881786e-12
0.07964967064493539,4.3315284152699716e-11
0.08948237023750269,2.2127020694009845e-10
0.10052891014472326,1.046266335970258e-09
0.11293913815718663,4.58032325500167e-09
0.1268814006769336,1.8569382218969444e-08
0.14254482635890514,6.973959655304008e-08
0.16014189166643014,2.4271784191287747e-07
0.17991130314285533,7.831756757757891e-07
0.2021212354977168,2.3442025885438612e-06
0.2270729694325259,6.513595921521826e-06
0.2551049785537617,1.6816889372092136e-05
0.28659752081259104,4.03946770479925e-05
0.3219777967548112,9.043328442809083e-05
0.36172574455336326,0.00018917323904862337
0.4063805504338082,0.00037112199177706117
0.45654796280755766,0.0006864832414695116
0.5129085093300529,0.001206572485775419
0.5762267283493882,0.0020366911333553235
0.6473615399712076,0.003347124465903229
0.7272778974247632,0.005437427483159792
0.8170598767824696,0.00884910039562034
0.9179253825967483,0.014532570128597095
1.0312426689380967,0.02405212185802071
1.1585488999444697,0.03977460199456402
1.3015710016583038,0.06493532102877457
1.4622490880091454,0.10342002825586338
1.6427627787184707,0.1590858861162977
1.8455607661325835,0.234545450327726
2.0733940320616497,0.3296269914526352
2.329353165215711,0.4401399826726772
2.6169102854537,0.5578154984317432
2.9399661435534976,0.6719625193715902
3.3029030354176987,0.7724368733929264
3.710644248503383,0.852564627239734
4.168720846874621,0.91054902680748
4.683346700825936,0.9488333534835877
5.261502778863538,0.9721327741983128
5.911031845476362,0.9853983980524607
6.64074484928479,0.9925874589022651
7.4605404447366075,0.996351151013993
8.381539268677866,0.9982676265536965
9.416234793278331,0.9992136892200351
10.578662801651687,0.9996618744792205
11.884591785129816,0.9998632595332859
13.351736844955687,0.9999482627804732
15.0,0.999981746766986
