SA(0.3s) [g],Loss_ratio
0.05000000000000001,2.0333976744422727e-07
0.056172467201025755,4.367766457817572e-07
0.06310692142900626,9.189901296598911e-07
0.07089742948257126,1.8942417416349248e-06
0.07964967064493539,3.825628735354872e-06
0.08948237023750269,7.571727627897031e-06
0.10052891014472326,1.4689490003509513e-05
0.11293913815718663,2.7941264569946083e-05
0.1268814006769336,5.212351395860154e-05
0.14254482635890514,9.53896660211144e-05
0.16014189166643014,0.00017131240977987132
0.17991130314285533,0.00030202279206823803
0.2021212354977168,0.000522871861377829
0.2270729694325259,0.0008891744600021228
0.2551049785537617,0.001485688909878957
0.28659752081259104,0.0024395128737118355
0.3219777967548112,0.003936954801592314
0.36172574455336326,0.006244554613820654
0.4063805504338082,0.009733627299431561
0.45654796280755766,0.014906337951962025
0.5129085093300529,0.02241930311588472
0.5762267283493882,0.03309815263663079
0.6473615399712076,0.047933816249171486
0.7272778974247632,0.06804942433670647
0.8170598767824696,0.09462700355307037
0.9179253825967483,0.12878717033913797
1.0312426689380967,0.17142389749839815
1.1585488999444697,0.2230098922987475
1.3015710016583038,0.2834036810146936
1.4622490880091454,0.35170222480593194
1.6427627787184707,0.42618654047810073
1.8455607661325835,0.5043972309395033
2.0733940320616497,0.5833510695367079
2.329353165215711,0.6598740711891448
2.6169102854537,0.730991719525449
2.9399661435534976,0.794296042867147
3.3029030354176987,0.8482112404729527
3.710644248503383,0.8921054167155278
4.168720846874621,0.9262371367853619
4.683346700825936,0.9515674754356597
5.261502778863538,0.9694968912819404
5.911031845476362,0.9815938375139637
6.64074484928479,0.9893695477419862
7.4605404447366075,0.994128971545683
8.381539268677866,0.9969018843296988
9.416234793278331,0.9984390574783771
10.578662801651687,0.9992495868557204
11.884591785129816,0.9996559779159627
13.351736844955687,0.9998496792204399
15.0,0.9999374256675698
