SA(0.6s) [g],Loss_ratio
0.05000000000000001,7.400416847367503e-10
0.056172467201025755,2.479580623496985e-09
0.06310692142900626,8.199732565582669e-09
0.07089742948257126,2.6670247110388274e-08
0.07964967064493539,8.480006116884366e-08
0.08948237023750269,2.6157706282257654e-07
0.10052891014472326,7.767542252719573e-07
0.11293913815718663,2.2054516578713303e-06
0.1268814006769336,5.955660178721497e-06
0.14254482635890514,1.5239680168245535e-05
0.16014189166643014,3.687373376623119e-05
0.17991130314285533,8.431016579023644e-05
0.2021212354977168,0.00018230946581871977
0.2270729694325259,0.00037365767866268877
0.2551049785537617,0.0007286171921305486
0.28659752081259104,0.0013589386990883055
0.3219777967548112,0.0024409143595706495
0.36172574455336326,0.004256212833094162
0.4063805504338082,0.007263578044792281
0.45654796280755766,0.012214639542194164
0.5129085093300529,0.02031589024751687
0.5762267283493882,0.03340857881269997
0.6473615399712076,0.054087268094130884
0.7272778974247632,0.08562165240702607
0.8170598767824696,0.13152584611163934
0.9179253825967483,0.19469181562305682
1.0312426689380967,0.2762015180956487
1.1585488999444697,0.37420362234669585
1.3015710016583038,0.4834234242628001
1.4622490880091454,0.5957722999351619
1.6427627787184707,0.702074422455742
1.8455607661325835,0.7943360981954115
2.0733940320616497,0.8676321146178009
2.329353165215711,0.9208505780690748
2.6169102854537,0.9561359351027523
2.9399661435534976,0.9774968426393336
3.3029030354176987,0.9893121582978217
3.710644248503383,0.9952936366071801
4.168720846874621,0.9980730175898561
4.683346700825936,0.9992633291874805
5.261502778863538,0.9997357167248034
5.911031845476362,0.9999105588446837
6.64074484928479,0.9999713194229795
7.4605404447366075,0.999991263299408
8.381539268677866,0.9999974711833167
9.416234793278331,0.9999993058872372
10.578662801651687,0.9999998199641376
11.884591785129816,0.9999999560538335
13.351736844955687,0.9999999899443452
15.0,0.9999999978502296
