SA(0.6s) [g],Complete_damage
0.05000000000000001,1.4483969579259792e-12
0.056172467201025755,5.383693491012309e-12
0.06310692142900626,1.933764259831605e-11
0.07089742948257126,6.712508326955913e-11
0.07964967064493539,2.251833164379491e-10
0.08948237023750269,7.300877680194162e-10
0.10052891014472326,2.2878100525147715e-09
0.11293913815718663,6.929327223126336e-09
0.1268814006769336,2.0286637147926e-08
0.14254482635890514,5.74117133833596e-08
0.16014189166643014,1.5706810363447232e-07
0.17991130314285533,4.154324233507367e-07
0.2021212354977168,1.0623510334761832e-06
0.2270729694325259,2.626782733994304e-06
0.2551049785537617,6.28065661545385e-06
0.28659752081259104,1.4522808324812786e-05
0.3219777967548112,3.247915078230523e-05
0.36172574455336326,7.026119859687707e-05
0.4063805504338082,0.0001470403936695286
0.45654796280755766,0.0002977330778537457
0.5129085093300529,0.0005833812405590111
0.5762267283493882,0.0011063327835769687
0.6473615399712076,0.0020309932719932977
0.7272778974247632,0.0036100367010325485
0.8170598767824696,0.0062143717319183
0.9179253825967483,0.010362868053791163
1.0312426689380967,0.016745146022020596
1.1585488999444697,0.026228281067813608
1.3015710016583038,0.039837068474283144
1.4622490880091454,0.05869865644093952
1.6427627787184707,0.08394674217017828
1.8455607661325835,0.11658824024832748
2.0733940320616497,0.1573453305358986
2.329353165215711,0.20649580983297877
2.6169102854537,0.2637416414091128
2.9399661435534976,0.3281365496263091
3.3029030354176987,0.39809670340857706
3.710644248503383,0.47150439410203193
4.168720846874621,0.5458960036868237
4.683346700825936,0.6187071616609394
5.261502778863538,0.6875349011639694
5.911031845476362,0.7503726548744989
6.64074484928479,0.805780257590643
7.4605404447366075,0.8529658717976527
8.381539268677866,0.8917756699552721
9.416234793278331,0.9226050395887311
10.578662801651687,0.946257665311998
11.884591785129816,0.963783773488078
13.351736844955687,0.9763262409810799
15.0,0.9849952967566872
