SA(0.6s) [g],Complete_damage
0.05000000000000001,2.4646951146678475e-14
0.056172467201025755,1.0158540675320182e-13
0.06310692142900626,4.035660694512444e-13
0.07089742948257126,1.549760320074256e-12
0.07964967064493539,5.750289133743536e-12
0.08948237023750269,2.0618839968733482e-11
0.10052891014472326,7.14479586605421e-11
0.11293913815718663,2.3926927106288076e-10
0.1268814006769336,7.744126451214584e-10
0.14254482635890514,2.422507416888209e-09
0.16014189166643014,7.324619022419654e-09
0.17991130314285533,2.14069114656823e-08
0.2021212354977168,6.047775924500343e-08
0.2270729694325259,1.6517175227548364e-07
0.2551049785537617,4.3611621980410575e-07
0.28659752081259104,1.1133342946445524e-06
0.3219777967548112,2.7481419236918825e-06
0.36172574455336326,6.5596317032623475e-06
0.4063805504338082,1.5142115165733827e-05
0.45654796280755766,3.380683267162343e-05
0.5129085093300529,7.300991468583984e-05
0.5762267283493882,0.00015253597244191397
0.6473615399712076,0.000308343793830268
0.7272778974247632,0.000603165675067352
0.8170598767824696,0.0011419574078670447
0.9179253825967483,0.002092940894562023
1.0312426689380967,0.0037140638494856937
1.1585488999444697,0.006383072260667588
1.3015710016583038,0.010627068710690413
1.4622490880091454,0.017144721697141097
1.6427627787184707,0.026811876508361365
1.8455607661325835,0.0406602060701412
2.0733940320616497,0.0598198502353382
2.329353165215711,0.08542155406669982
2.6169102854537,0.11846168236133425
2.9399661435534976,0.15964355066595193
3.3029030354176987,0.20921845264720162
3.710644248503383,0.26685649339586937
4.168720846874621,0.3315779235116455
4.683346700825936,0.40176846100956454
5.261502778863538,0.47528763369353566
5.911031845476362,0.549660452435073
6.64074484928479,0.6223244791745959
7.4605404447366075,0.6908916556106409
8.381539268677866,0.7533808099023005
9.416234793278331,0.8083835835862669
10.578662801651687,0.8551415997704643
11.884591785129816,0.8935316854157003
13.351736844955687,0.9239737128238773
15.0,0.9472878590682581
