SA(0.6s) [g],Complete_damage
0.05000000000000001,2.2258367948668756e-05
0.056172467201025755,3.57754323982995e-05
0.06310692142900626,5.682253192573761e-05
0.07089742948257126,8.91890790101213e-05
0.07964967064493539,0.00013834713898974726
0.08948237023750269,0.00021208445935183562
0.10052891014472326,0.0003213225804089559
0.11293913815718663,0.0004811514945165518
0.1268814006769336,0.0007121082850782834
0.14254482635890514,0.0010417182894999488
0.16014189166643014,0.0015063023430749167
0.17991130314285533,0.0021530315579711967
0.2021212354977168,0.00304218134788381
0.2270729694325259,0.004249499282439673
0.2551049785537617,0.005868558179865424
0.28659752081259104,0.008012919273103325
0.3219777967548112,0.010817884410628364
0.36172574455336326,0.01444157657044276
0.4063805504338082,0.019065061072295553
0.45654796280755766,0.02489121291397789
0.5129085093300529,0.03214205549610816
0.5762267283493882,0.04105434817492204
0.6473615399712076,0.05187328765830923
0.7272778974247632,0.06484431072905728
0.8170598767824696,0.08020313821283653
0.9179253825967483,0.09816437275981715
1.0312426689380967,0.11890914153755872
1.1585488999444697,0.14257244135921665
1.3015710016583038,0.16923097815936272
1.4622490880091454,0.19889237547493932
1.6427627787184707,0.23148664105553096
1.8455607661325835,0.2668607158819416
2.0733940320616497,0.3047767824989024
2.329353165215711,0.3449147856619995
2.6169102854537,0.3868793333237198
2.9399661435534976,0.43021082382144726
3.3029030354176987,0.47440031576368846
3.710644248503383,0.5189073532752759
4.168720846874621,0.5631797125041299
4.683346700825936,0.606673871986765
5.261502778863538,0.6488749473905461
5.911031845476362,0.6893148771148911
6.64074484928479,0.7275877941905622
7.4605404447366075,0.7633617556232231
8.381539268677866,0.7963862975056034
9.416234793278331,0.826495611856201
10.578662801651687,0.8536074664152526
11.884591785129816,0.8777182809096877
13.351736844955687,0.898895007609975
15.0,0.9172646235131848
