PGA [g],Complete_damage
0.05000000000000001,9.637279649865604e-07
0.056172467201025755,2.1096125043529312e-06
0.06310692142900626,4.504728369214561e-06
0.07089742948257126,9.383758275749443e-06
0.07964967064493539,1.9070144026578362e-05
0.08948237023750269,3.7811948778387894e-05
0.10052891014472326,7.315324434031822e-05
0.11293913815718663,0.0001381026182940559
0.1268814006769336,0.00025443187561058345
0.14254482635890514,0.0004574919120473586
0.16014189166643014,0.0008029389841286427
0.17991130314285533,0.0013756824675522639
0.2021212354977168,0.0023011483479032924
0.2270729694325259,0.0037585602492348213
0.2551049785537617,0.005995353704282169
0.28659752081259104,0.009341085726984
0.3219777967548112,0.014218370858964713
0.36172574455336326,0.0211476312908061
0.4063805504338082,0.030742021787494633
0.45654796280755766,0.04368903777502331
0.5129085093300529,0.06071625921751411
0.5762267283493882,0.08254052826807112
0.6473615399712076,0.1098025128717196
0.7272778974247632,0.14299173558799105
0.8170598767824696,0.1823701802724551
0.9179253825967483,0.22790482069037077
1.0312426689380967,0.279220153225446
1.1585488999444697,0.3355805802648879
1.3015710016583038,0.3959091875661691
1.4622490880091454,0.45884447580009313
1.6427627787184707,0.5228307842704776
1.8455607661325835,0.5862326138053646
2.0733940320616497,0.6474589721957776
2.329353165215711,0.7050821189038862
2.6169102854537,0.7579360641642929
2.9399661435534976,0.8051836631480521
3.3029030354176987,0.8463463734587696
3.710644248503383,0.8812966051695179
4.168720846874621,0.9102179193606451
4.683346700825936,0.9335421777211717
5.261502778863538,0.951874585364647
5.911031845476362,0.9659173622466288
6.64074484928479,0.9764009104546351
7.4605404447366075,0.984028466205764
8.381539268677866,0.9894370586633536
9.416234793278331,0.993174762428641
10.578662801651687,0.9956921334443763
11.884591785129816,0.997344518591117
13.351736844955687,0.9984015722090386
15.0,0.9990606010240437
