SA(0.3s) [g],Loss_ratio
0.05000000000000001,2.200550625765131e-06
0.056172467201025755,4.4915334653438995e-06
0.06310692142900626,8.968635855143779e-06
0.07089742948257126,1.752059652227039e-05
0.07964967064493539,3.3487773575850675e-05
0.08948237023750269,6.262746241666713e-05
0.10052891014472326,0.00011460754768448923
0.11293913815718663,0.00020524050259247128
0.1268814006769336,0.0003597074182058124
0.14254482635890514,0.000617037380969705
0.16014189166643014,0.0010360815862409003
0.17991130314285533,0.0017031322783541652
0.2021212354977168,0.002741165674217951
0.2270729694325259,0.004320429861879691
0.2551049785537617,0.006669771399434417
0.28659752081259104,0.010087748532344107
0.3219777967548112,0.014952295997944136
0.36172574455336326,0.021727575922122894
0.4063805504338082,0.030966716922677738
0.45654796280755766,0.0433093334917413
0.5129085093300529,0.05947276495408729
0.5762267283493882,0.08023543956004099
0.6473615399712076,0.10640924271113723
0.7272778974247632,0.13879529819677097
0.8170598767824696,0.17811521959667184
0.9179253825967483,0.22491001080696618
1.0312426689380967,0.2794044720414875
1.1585488999444697,0.3413482290695493
1.3015710016583038,0.4098637736596007
1.4622490880091454,0.48335026618332966
1.6427627787184707,0.5594982450155273
1.8455607661325835,0.6354547323729699
2.0733940320616497,0.7081386693431725
2.329353165215711,0.7746542739927811
2.6169102854537,0.8327064828948727
2.9399661435534976,0.8809101433560076
3.3029030354176987,0.9189126620052954
3.710644248503383,0.9473085450783424
4.168720846874621,0.9673886543418548
4.683346700825936,0.9808101831086605
5.261502778863538,0.9892806109974881
5.911031845476362,0.9943236133052851
6.64074484928479,0.9971538666491978
7.4605404447366075,0.9986502212447305
8.381539268677866,0.9993950871489111
9.416234793278331,0.9997440273916415
10.578662801651687,0.9998977991416624
11.884591785129816,0.9999615228812606
13.351736844955687,0.9999863480133119
15.0,0.999995437316053
