SA(1.0s) [g],Loss_ratio
0.05000000000000001,2.47181182569037e-07
0.056172467201025755,6.733466420291881e-07
0.06310692142900626,1.7676492973349812e-06
0.07089742948257126,4.472266885193603e-06
0.07964967064493539,1.0906305606836253e-05
0.08948237023750269,2.5638621996363216e-05
0.10052891014472326,5.81075648329364e-05
0.11293913815718663,0.00012698471915766676
0.1268814006769336,0.0002676193885242498
0.14254482635890514,0.0005440079220334252
0.16014189166643014,0.0010668354482990044
0.17991130314285533,0.0020187724948254634
0.2021212354977168,0.003687057620207372
0.2270729694325259,0.0065012001995987
0.2551049785537617,0.011070379824263529
0.28659752081259104,0.018211247286815325
0.3219777967548112,0.028953403784992244
0.36172574455336326,0.044508454019139755
0.4063805504338082,0.06619095222068863
0.45654796280755766,0.0952869642056351
0.5129085093300529,0.13287806851996786
0.5762267283493882,0.17964304523278404
0.6473615399712076,0.23567192930559872
0.7272778974247632,0.300332495160181
0.8170598767824696,0.3722240054804255
0.9179253825967483,0.4492372993711601
1.0312426689380967,0.528718623886565
1.1585488999444697,0.6077144127770369
1.3015710016583038,0.6832616877378977
1.4622490880091454,0.7526852047366562
1.6427627787184707,0.8138640826527412
1.8455607661325835,0.8654328034732278
2.0733940320616497,0.9068841903311156
2.329353165215711,0.9385509711053646
2.6169102854537,0.9614634697869384
2.9399661435534976,0.9771114612886387
3.3029030354176987,0.9871658955279855
3.710644248503383,0.9932260673394149
4.168720846874621,0.9966434654277676
4.683346700825936,0.9984422897612166
5.261502778863538,0.9993243574484564
5.911031845476362,0.999726609952302
6.64074484928479,0.9998969648344678
7.4605404447366075,0.9999638825460369
8.381539268677866,0.9999882388774104
9.416234793278331,0.999996445974024
10.578662801651687,0.9999990042908047
11.884591785129816,0.9999997415741658
13.351736844955687,0.9999999379093185
15.0,0.9999999861981417
