SA(0.6s) [g],Complete_damage
0.05000000000000001,2.220446049250313e-16
0.056172467201025755,1.2212453270876722e-15
0.06310692142900626,5.773159728050814e-15
0.07089742948257126,2.6645352591003757e-14
0.07964967064493539,1.1746159600534156e-13
0.08948237023750269,4.982680934517703e-13
0.10052891014472326,2.0355939156502245e-12
0.11293913815718663,8.007372542806479e-12
0.1268814006769336,3.0329960765129726e-11
0.14254482635890514,1.1062861737798357e-10
0.16014189166643014,3.885917143620077e-10
0.17991130314285533,1.314530373441869e-09
0.2021212354977168,4.282734611393835e-09
0.2270729694325259,1.3439078960786333e-08
0.2551049785537617,4.062020186879067e-08
0.28659752081259104,1.1826812207349491e-07
0.3219777967548112,3.31724735791461e-07
0.36172574455336326,8.964106450459752e-07
0.4063805504338082,2.3339575374592414e-06
0.45654796280755766,5.855679000132952e-06
0.5129085093300529,1.4158125325791637e-05
0.5762267283493882,3.299354950803135e-05
0.6473615399712076,7.41145005522803e-05
0.7272778974247632,0.000160505692580859
0.8170598767824696,0.00033516611259809537
0.9179253825967483,0.000674977862535453
1.0312426689380967,0.001311189009443492
1.1585488999444697,0.0024574493665884267
1.3015710016583038,0.004444845802398678
1.4622490880091454,0.007760773761491646
1.6427627787184707,0.01308486042984669
1.8455607661325835,0.02131116325461324
2.0733940320616497,0.033542781090221796
2.329353165215711,0.051044585670552034
2.6169102854537,0.07514372576828432
2.9399661435534976,0.10707675491645641
3.3029030354176987,0.1477958953096935
3.710644248503383,0.19776217881779867
4.168720846874621,0.25676536978829523
4.683346700825936,0.32381463001750876
5.261502778863538,0.39713633366786816
5.911031845476362,0.47429615057976193
6.64074484928479,0.5524355239970297
7.4605404447366075,0.6285853223691705
8.381539268677866,0.7000000334008092
9.416234793278331,0.7644505922594944
10.578662801651687,0.8204245156988598
11.884591785129816,0.8672050135980676
13.351736844955687,0.9048289231482419
15.0,0.9339483585438342
