SA(0.6s) [g],Complete_damage
0.05000000000000001,2.2870594307278225e-14
0.056172467201025755,1.0103029524088925e-13
0.06310692142900626,4.303224443447107e-13
0.07089742948257126,1.7646994976416863e-12
0.07964967064493539,6.9686478809671826e-12
0.08948237023750269,2.6498025995636e-11
0.10052891014472326,9.702683101409093e-11
0.11293913815718663,3.421358751865e-10
0.1268814006769336,1.1618607187457997e-09
0.14254482635890514,3.799974224172331e-09
0.16014189166643014,1.1970228475099987e-08
0.17991130314285533,3.6319982799071227e-08
0.2021212354977168,1.0615459622442813e-07
0.2270729694325259,2.988912070067684e-07
0.2551049785537617,8.107795379519445e-07
0.28659752081259104,2.1190693411110573e-06
0.3219777967548112,5.33680660386171e-06
0.36172574455336326,1.2952602110427591e-05
0.4063805504338082,3.0298556803143306e-05
0.45654796280755766,6.83174563178568e-05
0.5129085093300529,0.00014850731183568833
0.5762267283493882,0.0003112711877459873
0.6473615399712076,0.0006291894377193907
0.7272778974247632,0.001226763684157972
0.8170598767824696,0.002307668345647218
0.9179253825967483,0.004189159280706178
1.0312426689380967,0.007340796392476534
1.1585488999444697,0.01242110062908719
1.3015710016583038,0.02030176393031413
1.4622490880091454,0.03206577570957159
1.6427627787184707,0.0489650414973819
1.8455607661325835,0.0723265027553629
2.0733940320616497,0.1034044282226555
2.329353165215711,0.14318984797741297
2.6169102854537,0.19220336039278785
2.9399661435534976,0.2503102607154266
3.3029030354176987,0.3166020326920488
3.710644248503383,0.3893819587883163
4.168720846874621,0.46627440462398795
4.683346700825936,0.544450834725274
5.261502778863538,0.6209379164851008
5.911031845476362,0.69295249799211
6.64074484928479,0.7582013494799216
7.4605404447366075,0.8150925845534656
8.381539268677866,0.8628276898065037
9.416234793278331,0.9013711235645294
10.578662801651687,0.9313201612273493
11.884591785129816,0.9537143451682903
13.351736844955687,0.9698284969508065
15.0,0.9809868328626894
