SA(0.6s) [g],Complete_damage
0.05000000000000001,5.594124508068177e-08
0.056172467201025755,1.1298697089046073e-07
0.06310692142900626,2.245150102497817e-07
0.07089742948257126,4.389276268002007e-07
0.07964967064493539,8.442699273025767e-07
0.08948237023750269,1.597796985497446e-06
0.10052891014472326,2.9752637182856034e-06
0.11293913815718663,5.451366905884214e-06
0.1268814006769336,9.828217505614134e-06
0.14254482635890514,1.7436034873585804e-05
0.16014189166643014,3.0439641293344977e-05
0.17991130314285533,5.2295755174514014e-05
0.2021212354977168,8.84190597759682e-05
0.2270729694325259,0.00014712842837061313
0.2551049785537617,0.00024095649389288543
0.28659752081259104,0.000388412864244847
0.3219777967548112,0.0006162894734234037
0.36172574455336326,0.0009625806267415937
0.4063805504338082,0.0014800545761609607
0.45654796280755766,0.0022404527049326717
0.5129085093300529,0.003339203107515898
0.5762267283493882,0.0049004174091503705
0.6473615399712076,0.007081798111819748
0.7272778974247632,0.010078930249107887
0.8170598767824696,0.014128284736500074
0.9179253825967483,0.01950814744038576
1.0312426689380967,0.026536638241708488
1.1585488999444697,0.035566029390859955
1.3015710016583038,0.04697273820051595
1.4622490880091454,0.06114266964978787
1.6427627787184707,0.07845201541181235
1.8455607661325835,0.09924414965328232
2.0733940320616497,0.12380384662867405
2.329353165215711,0.15233060718846614
2.6169102854537,0.18491333432879076
2.9399661435534976,0.2215088549691795
3.3029030354176987,0.261926774507411
3.710644248503383,0.30582283114843045
4.168720846874621,0.3527022899543273
4.683346700825936,0.4019340317898956
5.261502778863538,0.45277494524236794
5.911031845476362,0.5044031495423196
6.64074484928479,0.5559576077355206
7.4605404447366075,0.606580967632214
8.381539268677866,0.6554620976080726
9.416234793278331,0.701874819513878
10.578662801651687,0.7452097765820528
11.884591785129816,0.7849971464896216
13.351736844955687,0.8209189075803185
15.0,0.8528104507480346
