SA(1.0s) [g],Complete_damage
0.05000000000000001,7.771561172376096e-16
0.056172467201025755,4.218847493575595e-15
0.06310692142900626,2.3314683517128287e-14
0.07089742948257126,1.2223555501122974e-13
0.07964967064493539,6.116218642659987e-13
0.08948237023750269,2.919109398646924e-12
0.10052891014472326,1.3291256983904987e-11
0.11293913815718663,5.773470590497709e-11
0.1268814006769336,2.3926782777294875e-10
0.14254482635890514,9.460981997833073e-10
0.16014189166643014,3.5696318123612514e-09
0.17991130314285533,1.2852249375860936e-08
0.2021212354977168,4.4161098888828576e-08
0.2270729694325259,1.4482575816376908e-07
0.2551049785537617,4.5335805676227636e-07
0.28659752081259104,1.3548011951192152e-06
0.3219777967548112,3.865476366771148e-06
0.36172574455336326,1.0531357802268104e-05
0.4063805504338082,2.7402320729619234e-05
0.45654796280755766,6.810638120657853e-05
0.5129085093300529,0.0001617226889194523
0.5762267283493882,0.0003669719051557774
0.6473615399712076,0.0007959430027303371
0.7272778974247632,0.0016505990412507554
0.8170598767824696,0.003273798068409217
0.9179253825967483,0.006212594513884895
1.0312426689380967,0.011284659313634537
1.1585488999444697,0.01962949615846643
1.3015710016583038,0.03271736310768314
1.4622490880091454,0.052284984427856784
1.6427627787184707,0.08017350655080602
1.8455607661325835,0.1180641000938687
2.0733940320616497,0.1671385997620689
2.329353165215711,0.2277283301671873
2.6169102854537,0.29904005014835455
2.9399661435534976,0.3790495617968087
3.3029030354176987,0.4646234353166293
3.710644248503383,0.5518722734053241
4.168720846874621,0.6366724996672478
4.683346700825936,0.715241867044143
5.261502778863538,0.7846368953648725
5.911031845476362,0.8430650626970924
6.64074484928479,0.8899609663225163
7.4605404447366075,0.9258421037906188
8.381539268677866,0.9520128459288069
9.416234793278331,0.970209196341616
10.578662801651687,0.9822698492088716
11.884591785129816,0.9898902085978301
13.351736844955687,0.9944800535935134
15.0,0.9971154036689683
