SA(1.0s) [g],Loss_ratio
0.05000000000000001,2.3538326116736436e-08
0.056172467201025755,5.98584333392997e-08
0.06310692142900626,1.467544525682901e-07
0.07089742948257126,3.470245067982278e-07
0.07964967064493539,7.918882348862646e-07
0.08948237023750269,1.7449851529555636e-06
0.10052891014472326,3.716247991839384e-06
0.11293913815718663,7.656890168514385e-06
0.1268814006769336,1.528240059112793e-05
0.14254482635890514,2.9593987021360493e-05
0.16014189166643014,5.570667884323506e-05
0.17991130314285533,0.0001021557018581268
0.2021212354977168,0.00018295899489099236
0.2270729694325259,0.00032088278267273
0.2551049785537617,0.0005526010114438832
0.28659752081259104,0.0009367415022078996
0.3219777967548112,0.001566096725829644
0.36172574455336326,0.002585383052562388
0.4063805504338082,0.004215604107990577
0.45654796280755766,0.006785008694312395
0.5129085093300529,0.010764600132184034
0.5762267283493882,0.016803176390703237
0.6473615399712076,0.025753426081484773
0.7272778974247632,0.038677648145614606
0.8170598767824696,0.05682048754211304
0.9179253825967483,0.08153778585991323
1.0312426689380967,0.11417555492041034
1.1585488999444697,0.15590050080761605
1.3015710016583038,0.20749233202065273
1.4622490880091454,0.2691179473503965
1.6427627787184707,0.34011956904100843
1.8455607661325835,0.418863599675528
2.0733940320616497,0.5027103628870044
2.329353165215711,0.5881650455586491
2.6169102854537,0.6712414928173268
2.9399661435534976,0.7480070413538522
3.3029030354176987,0.8151961466640664
3.710644248503383,0.8707243121506899
4.168720846874621,0.9139432044143511
4.683346700825936,0.9455621560917786
5.261502778863538,0.9672834585488989
5.911031845476362,0.9812960145821505
6.64074484928479,0.9897969960016968
7.4605404447366075,0.9946623950515642
8.381539268677866,0.9973033244708933
9.416234793278331,0.998673250975298
10.578662801651687,0.9993590431364024
11.884591785129816,0.999693996130199
13.351736844955687,0.9998552117587018
15.0,0.9999321783673245
