SA(0.3s) [g],Complete_damage
0.05000000000000001,7.596449358437951e-07
0.056172467201025755,1.3758866813651238e-06
0.06310692142900626,2.457608275441281e-06
0.07089742948257126,4.32922727189311e-06
0.07964967064493539,7.521183712388968e-06
0.08948237023750269,1.28869782586305e-05
0.10052891014472326,2.177793917323978e-05
0.11293913815718663,3.6299086961677496e-05
0.1268814006769336,5.967619468827401e-05
0.14254482635890514,9.677143631359186e-05
0.16014189166643014,0.00015479217166269876
0.17991130314285533,0.00024424330682737416
0.2021212354977168,0.0003801766792559391
0.2270729694325259,0.0005837889462152468
0.2551049785537617,0.0008844100073714944
0.28659752081259104,0.0013219043974534994
0.3219777967548112,0.001949475876793505
0.36172574455336326,0.0028368188959306817
0.4063805504338082,0.004073499382224788
0.45654796280755766,0.005772373168430156
0.5129085093300529,0.008072767886758925
0.5762267283493882,0.011143070987133297
0.6473615399712076,0.015182293575585093
0.7272778974247632,0.020420130470591658
0.8170598767824696,0.027115026027302203
0.9179253825967483,0.035549797028951
1.0312426689380967,0.04602446928600501
1.1585488999444697,0.05884615860221476
1.3015710016583038,0.07431606609373476
1.4622490880091454,0.09271394887531637
1.6427627787184707,0.11428074553456358
1.8455607661325835,0.1392003478226378
2.0733940320616497,0.1675817755286908
2.329353165215711,0.1994431891258175
2.6169102854537,0.23469922774761964
2.9399661435534976,0.2731530627600297
3.3029030354176987,0.3144943007086781
3.710644248503383,0.35830346514449785
4.168720846874621,0.4040632672392659
4.683346700825936,0.4511762911757261
5.261502778863538,0.4989881356800808
5.911031845476362,0.5468145357345817
6.64074484928479,0.5939706011882987
7.4605404447366075,0.6398000999014677
8.381539268677866,0.6837027086384325
9.416234793278331,0.7251573557275939
10.578662801651687,0.7637401601447209
11.884591785129816,0.7991359847136048
13.351736844955687,0.8311432042652128
15.0,0.8596718749013325
