SA(0.6s) [g],Complete_damage
0.05000000000000001,9.906520048730272e-13
0.056172467201025755,4.598210701090011e-12
0.06310692142900626,2.0378032594692286e-11
0.07089742948257126,8.622891289888912e-11
0.07964967064493539,3.484088573202371e-10
0.08948237023750269,1.3443030022486369e-09
0.10052891014472326,4.953443655253409e-09
0.11293913815718663,1.7432214449719652e-08
0.1268814006769336,5.859621643455881e-08
0.14254482635890514,1.881474503973024e-07
0.16014189166643014,5.771425179990075e-07
0.17991130314285533,1.6915027148955986e-06
0.2021212354977168,4.737197722981534e-06
0.2270729694325259,1.2679143319482833e-05
0.2551049785537617,3.243734522606623e-05
0.28659752081259104,7.93346916758697e-05
0.3219777967548112,0.00018553597641945974
0.36172574455336326,0.0004149881706506653
0.4063805504338082,0.0008879606631477799
0.45654796280755766,0.0018181279017829288
0.5129085093300529,0.003563419228287734
0.5762267283493882,0.006687748436755903
0.6473615399712076,0.012023895993343525
0.7272778974247632,0.020719129583189222
0.8170598767824696,0.034237278940226545
0.9179253825967483,0.054288275231549554
1.0312426689380967,0.0826633849822036
1.1585488999444697,0.1209742670471885
1.3015710016583038,0.1703245757577726
1.4622490880091454,0.230975973418853
1.6427627787184707,0.3020932386834101
1.8455607661325835,0.3816528473431722
2.0733940320616497,0.4665696486735764
2.329353165215711,0.5530421532627865
2.6169102854537,0.6370550345227172
2.9399661435534976,0.714929869505396
3.3029030354176987,0.7838001401301005
3.710644248503383,0.8419099939677119
4.168720846874621,0.8886890071001083
4.683346700825936,0.9246172124887965
5.261502778863538,0.9509443166076689
5.911031845476362,0.9693500716115863
6.64074484928479,0.9816269238214165
7.4605404447366075,0.9894396591442041
8.381539268677866,0.9941831898861342
9.416234793278331,0.9969309743601678
10.578662801651687,0.9984495825800397
11.884591785129816,0.9992503211410645
13.351736844955687,0.9996531470731271
15.0,0.9998464887704275
