PGA [g],Complete_damage
0.05000000000000001,4.999266151162196e-05
0.056172467201025755,0.00010966427448677596
0.06310692142900626,0.00023205016143790225
0.07089742948257126,0.00047372695033653933
0.07964967064493539,0.0009332197546875198
0.08948237023750269,0.0017743490935653305
0.10052891014472326,0.003256823687110999
0.11293913815718663,0.005772485500698976
0.1268814006769336,0.009882637462944932
0.14254482635890514,0.016348168783058892
0.16014189166643014,0.026140618908867097
0.17991130314285533,0.040420329508048414
0.2021212354977168,0.060469130577449515
0.2270729694325259,0.08757094938980803
0.2551049785537617,0.12284453088441716
0.28659752081259104,0.1670465206732159
0.3219777967548112,0.22037697312568505
0.36172574455336326,0.28232820407135917
0.4063805504338082,0.35161745481163875
0.45654796280755766,0.42623192604464555
0.5129085093300529,0.5035928336590043
0.5762267283493882,0.5808184431162209
0.6473615399712076,0.655042114000157
0.7272778974247632,0.7237275728175316
0.8170598767824696,0.7849243359348672
0.9179253825967483,0.8374211986726011
1.0312426689380967,0.8807802198431803
1.1585488999444697,0.9152601812497851
1.3015710016583038,0.9416596513583176
1.4622490880091454,0.9611206325473404
1.6427627787184707,0.9749332276146633
1.8455607661325835,0.9843722449587581
2.0733940320616497,0.9905826391928756
2.329353165215711,0.9945168022471996
2.6169102854537,0.9969163326218881
2.9399661435534976,0.9983254292066626
3.3029030354176987,0.999122130979366
3.710644248503383,0.9995558327597618
4.168720846874621,0.9997831471393173
4.683346700825936,0.9998978575335931
5.261502778863538,0.999953591334685
5.911031845476362,0.9999796633404908
6.64074484928479,0.9999914060947044
7.4605404447366075,0.9999964982904822
8.381539268677866,0.9999986243707264
9.416234793278331,0.9999994790309378
10.578662801651687,0.9999998098164078
11.884591785129816,0.9999999330809856
13.351736844955687,0.9999999773060941
15.0,0.9999999925830942
