PGA [g],Complete_damage
0.05000000000000001,3.50067984111746e-06
0.056172467201025755,8.240304958273548e-06
0.06310692142900626,1.8766140360337857e-05
0.07089742948257126,4.135155731566087e-05
0.07964967064493539,8.817450115217174e-05
0.08948237023750269,0.00018196276263782174
0.10052891014472326,0.00036347149494120323
0.11293913815718663,0.0007028668730130194
0.1268814006769336,0.001316026817449023
0.14254482635890514,0.0023863160747891188
0.16014189166643014,0.004191361663351767
0.17991130314285533,0.00713263156010846
0.2021212354977168,0.01176327505485808
0.2270729694325259,0.01880708528939956
0.2551049785537617,0.029159313591568314
0.28659752081259104,0.04385940329243265
0.3219777967548112,0.06402755641700075
0.36172574455336326,0.0907620722415654
0.4063805504338082,0.12500245462399429
0.45654796280755766,0.16737309375735476
0.5129085093300529,0.2180315069397476
0.5762267283493882,0.2765507005397123
0.6473615399712076,0.34186455128596216
0.7272778974247632,0.41229694814382345
0.8170598767824696,0.4856806945226969
0.9179253825967483,0.5595539997047602
1.0312426689380967,0.6314054305858178
1.1585488999444697,0.6989271586160806
1.3015710016583038,0.7602344179808838
1.4622490880091454,0.8140168539124313
1.6427627787184707,0.8596026168811942
1.8455607661325835,0.8969343503061276
2.0733940320616497,0.9264727676994741
2.329353165215711,0.9490544552686342
2.6169102854537,0.9657340552318329
2.9399661435534976,0.9776375609967667
3.3029030354176987,0.9858453108709629
3.710644248503383,0.9913133706702785
4.168720846874621,0.9948330431621102
4.683346700825936,0.9970219689827633
5.261502778863538,0.998337253043213
5.911031845476362,0.99910085620551
6.64074484928479,0.9995291832030857
7.4605404447366075,0.999761319293325
8.381539268677866,0.9998828733002821
9.416234793278331,0.9999443704798695
10.578662801651687,0.9999744312653359
11.884591785129816,0.9999886285259612
13.351736844955687,0.9999951069263289
15.0,0.9999979631347851
