SA(0.6s) [g],Complete_damage
0.05000000000000001,2.398010900961367e-09
0.056172467201025755,6.526070683854357e-09
0.06310692142900626,1.727489418179573e-08
0.07089742948257126,4.447943191543402e-08
0.07964967064493539,1.1140426625644295e-07
0.08948237023750269,2.7143333036772077e-07
0.10052891014472326,6.433760829649415e-07
0.11293913815718663,1.4836465064282933e-06
0.1268814006769336,3.3287802850834325e-06
0.14254482635890514,7.26702328845974e-06
0.16014189166643014,1.5437418973140993e-05
0.17991130314285533,3.1913338272571146e-05
0.2021212354977168,6.420736988654863e-05
0.2270729694325259,0.00012573369467538953
0.2551049785537617,0.0002396709703799127
0.28659752081259104,0.0004447573827605078
0.3219777967548112,0.0008035753587691818
0.36172574455336326,0.0014137832071461354
0.4063805504338082,0.0024224499977533176
0.45654796280755766,0.004043080590199977
0.5129085093300529,0.006574049202730747
0.5762267283493882,0.01041603662426338
0.6473615399712076,0.016084842760504703
0.7272778974247632,0.024214903509000685
0.8170598767824696,0.03554836374556214
0.9179253825967483,0.050905061482639624
1.0312426689380967,0.07113058393297633
1.1585488999444697,0.09702274415598633
1.3015710016583038,0.12924110696500946
1.4622490880091454,0.16820885539680974
1.6427627787184707,0.21402028417607877
1.8455607661325835,0.2663693641379078
2.0733940320616497,0.32451417649483805
2.329353165215711,0.38728814795256705
2.6169102854537,0.45316228766303746
2.9399661435534976,0.5203542044190445
3.3029030354176987,0.5869713205738092
3.710644248503383,0.6511692986122605
4.168720846874621,0.7113037830726615
4.683346700825936,0.7660548453009924
5.261502778863538,0.8145086867572073
5.911031845476362,0.8561889617470874
6.64074484928479,0.8910387081240584
7.4605404447366075,0.9193614528257027
8.381539268677866,0.9417351474396913
9.416234793278331,0.9589144966191978
10.578662801651687,0.9717360994270674
11.884591785129816,0.9810374179638846
13.351736844955687,0.987596050156075
15.0,0.9920912454693426
