SA(1.0s) [g],Complete_damage
0.05000000000000001,1.2200240817605845e-12
0.056172467201025755,5.081823850616729e-12
0.06310692142900626,2.0332846517590042e-11
0.07089742948257126,7.814959790408693e-11
0.07964967064493539,2.8855007272454714e-10
0.08948237023750269,1.0235400305091957e-09
0.10052891014472326,3.4882032817762365e-09
0.11293913815718663,1.1421899759334053e-08
0.1268814006769336,3.593711028759827e-08
0.14254482635890514,1.0865445043695132e-07
0.16014189166643014,3.157081046589738e-07
0.17991130314285533,8.816483924034557e-07
0.2021212354977168,2.3665625638047416e-06
0.2270729694325259,6.106594799715204e-06
0.2551049785537617,1.5149184121265868e-05
0.28659752081259104,3.6136357237981365e-05
0.3219777967548112,8.28946834837696e-05
0.36172574455336326,0.00018289653322511867
0.4063805504338082,0.00038820239792825006
0.45654796280755766,0.0007928147118000384
0.5129085093300529,0.0015582728023189052
0.5762267283493882,0.0029483805860525125
0.6473615399712076,0.005371754412188179
0.7272778974247632,0.009427188679828169
0.8170598767824696,0.01594196428994077
0.9179253825967483,0.025988279838428885
1.0312426689380967,0.04085994273613569
1.1585488999444697,0.06199277525939828
1.3015710016583038,0.09081990734675327
1.4622490880091454,0.1285676329845271
1.6427627787184707,0.1760164985371231
1.8455607661325835,0.23327060296004665
2.0733940320616497,0.2995888767891405
2.329353165215711,0.3733293013298764
2.6169102854537,0.4520382138833253
2.9399661435534976,0.5326851858475666
3.3029030354176987,0.612007997571215
3.710644248503383,0.6869032021291126
4.168720846874621,0.7547853827488393
4.683346700825936,0.8138467364124883
5.261502778863538,0.8631751117011279
5.911031845476362,0.9027241552292449
6.64074484928479,0.9331624880585847
7.4605404447366075,0.9556505162343094
8.381539268677866,0.971599295793279
9.416234793278331,0.9824572751691304
10.578662801651687,0.9895533135041322
11.884591785129816,0.9940050369057923
13.351736844955687,0.9966859674119165
15.0,0.9982358113928381
