SA(0.3s) [g],Complete_damage
0.05000000000000001,6.284206577444884e-06
0.056172467201025755,1.0824550884525053e-05
0.06310692142900626,1.8388635283472787e-05
0.07089742948257126,3.080927943543976e-05
0.07964967064493539,5.091187122863161e-05
0.08948237023750269,8.298048404709046e-05
0.10052891014472326,0.00013340346133106085
0.11293913815718663,0.00021154770511000454
0.1268814006769336,0.00033091509583071943
0.14254482635890514,0.0005106343525281831
0.16014189166643014,0.0007773347951629539
0.17991130314285533,0.0011674322108112811
0.2021212354977168,0.0017298287350046015
0.2270729694325259,0.00252898628121756
0.2551049785537617,0.0036482757237552565
0.28659752081259104,0.005193432815780552
0.3219777967548112,0.007295870367000079
0.36172574455336326,0.010115511298537161
0.4063805504338082,0.01384272889361371
0.45654796280755766,0.018698921813776304
0.5129085093300529,0.02493522701033979
0.5762267283493882,0.03282889831886093
0.6473615399712076,0.042676964691596764
0.7272778974247632,0.054786936961076615
0.8170598767824696,0.0694645551416293
0.9179253825967483,0.08699884900433164
1.0312426689380967,0.107645101542583
1.1585488999444697,0.13160662633693976
1.3015710016583038,0.15901655654678248
1.4622490880091454,0.18992105308935603
1.6427627787184707,0.22426543319407277
1.8455607661325835,0.26188466803989785
2.0733940320616497,0.3024994851472933
2.329353165215711,0.34571894298214767
2.6169102854537,0.3910498487338082
2.9399661435534976,0.437912812234614
3.3029030354176987,0.48566413113123663
3.710644248503383,0.5336221533304557
4.168720846874621,0.5810963285121691
4.683346700825936,0.6274168950109783
5.261502778863538,0.6719630851556796
5.911031845476362,0.7141878792707438
6.64074484928479,0.7536376772924815
7.4605404447366075,0.7899657447914141
8.381539268677866,0.8229388672262092
9.416234793278331,0.8524372441784508
10.578662801651687,0.8784482072311177
11.884591785129816,0.9010547945936738
13.351736844955687,0.9204205233466545
15.0,0.9367718480431578
