SA(0.3s) [g],Complete_damage
0.05000000000000001,1.0113243575915476e-11
0.056172467201025755,4.397138209100149e-11
0.06310692142900626,1.824896900259887e-10
0.07089742948257126,7.229691290078222e-10
0.07964967064493539,2.734285020622451e-09
0.08948237023750269,9.872851980397002e-09
0.10052891014472326,3.4037018425969734e-08
0.11293913815718663,1.1204931393837825e-07
0.1268814006769336,3.5225603833843877e-07
0.14254482635890514,1.0576610269819042e-06
0.16014189166643014,3.0333725640208087e-06
0.17991130314285533,8.311022214102515e-06
0.2021212354977168,2.17569242606519e-05
0.2270729694325259,5.442864693250282e-05
0.2551049785537617,0.00013014455819504445
0.28659752081259104,0.00029749837075376817
0.3219777967548112,0.0006502895340603221
0.36172574455336326,0.0013595956329652825
0.4063805504338082,0.0027197364032155447
0.45654796280755766,0.005207267033028762
0.5129085093300529,0.009546247117722784
0.5762267283493882,0.016764660156769473
0.6473615399712076,0.028217965708566384
0.7272778974247632,0.04555022540308573
0.8170598767824696,0.07056605496827517
0.9179253825967483,0.10500185311235732
1.0312426689380967,0.15021253349670838
1.1585488999444697,0.2068244272454851
1.3015710016583038,0.2744343065316699
1.4622490880091454,0.35144455853611767
1.6427627787184707,0.43510552657813206
1.8455607661325835,0.5217883833045999
2.0733940320616497,0.6074486748945581
2.329353165215711,0.6881836804615018
2.6169102854537,0.7607575343378166
2.9399661435534976,0.8229781675040707
3.3029030354176987,0.8738555243188488
3.710644248503383,0.9135335862950658
4.168720846874621,0.9430464982558274
4.683346700825936,0.9639832478603932
5.261502778863538,0.978149074076672
5.911031845476362,0.9872904141145545
6.64074484928479,0.9929165854621786
7.4605404447366075,0.9962191475908394
8.381539268677866,0.998068091715646
9.416234793278331,0.9990553507277
10.578662801651687,0.9995581246222
11.884591785129816,0.9998023261478467
13.351736844955687,0.9999154509406989
15.0,0.999965431453392
