SA(0.6s) [g],Loss_ratio
0.05000000000000001,7.14478224998256e-07
0.056172467201025755,1.3715850619577747e-06
0.06310692142900626,2.60978911186803e-06
0.07089742948257126,4.938420128000139e-06
0.07964967064493539,9.33040380628226e-06
0.08948237023750269,1.767418883379747e-05
0.10052891014472326,3.3682303393544764e-05
0.11293913815718663,6.469068829592132e-05
0.1268814006769336,0.00012512120668105217
0.14254482635890514,0.00024288111672457973
0.16014189166643014,0.0004706115852753097
0.17991130314285533,0.0009043225775199203
0.2021212354977168,0.0017122132323907457
0.2270729694325259,0.003175786266264047
0.2551049785537617,0.005742975534364787
0.28659752081259104,0.010088296452431839
0.3219777967548112,0.01716801016855045
0.36172574455336326,0.028250209846982646
0.4063805504338082,0.04489344910344166
0.45654796280755766,0.06884720956757259
0.5129085093300529,0.10185730981745632
0.5762267283493882,0.14538120016802317
0.6473615399712076,0.2002492383756554
0.7272778974247632,0.2663399989417796
0.8170598767824696,0.3423576523408817
0.9179253825967483,0.42579495154791214
1.0312426689380967,0.5131304548877469
1.1585488999444697,0.6002490417468562
1.3015710016583038,0.6830084533552001
1.4622490880091454,0.7578258126046131
1.6427627787184707,0.822147166175005
1.8455607661325835,0.8746963653968637
2.0733940320616497,0.9154653342394273
2.329353165215711,0.9454810024413504
2.6169102854537,0.9664381927546025
2.9399661435534976,0.9803060470873877
3.3029030354176987,0.9889979540007431
3.710644248503383,0.9941550350371177
4.168720846874621,0.9970500124201199
4.683346700825936,0.9985868355105176
5.261502778863538,0.9993579892539399
5.911031845476362,0.9997235947286481
6.64074484928479,0.9998873027482468
7.4605404447366075,0.9999565109547188
8.381539268677866,0.9999841252196535
9.416234793278331,0.9999945212526502
10.578662801651687,0.9999982130794587
11.884591785129816,0.9999994494426099
13.351736844955687,0.9999998398183779
15.0,0.9999999560063938
