SA(0.6s) [g],Complete_damage
0.05000000000000001,5.78462468259211e-07
0.056172467201025755,1.1391596304033413e-06
0.06310692142900626,2.203770986364262e-06
0.07089742948257126,4.18827032033775e-06
0.07964967064493539,7.819953553811487e-06
0.08948237023750269,1.4344677145783358e-05
0.10052891014472326,2.585303723801058e-05
0.11293913815718663,4.5780956073881995e-05
0.1268814006769336,7.965816640964629e-05
0.14254482635890514,0.0001361974809216404
0.16014189166643014,0.0002288357969038035
0.17991130314285533,0.0003778501117591704
0.2021212354977168,0.0006131721304686311
0.2270729694325259,0.0009780053594052873
0.2551049785537617,0.0015332999782385892
0.28659752081259104,0.002363054845661794
0.3219777967548112,0.0035802870314162183
0.36172574455336326,0.005333337137766181
0.4063805504338082,0.007811971825382957
0.45654796280755766,0.011252522956538114
0.5129085093300529,0.015941097405788307
0.5762267283493882,0.02221374559872835
0.6473615399712076,0.03045243944880527
0.7272778974247632,0.041075829457375646
0.8170598767824696,0.05452406227192386
0.9179253825967483,0.07123745621734945
1.0312426689380967,0.09162953139018981
1.1585488999444697,0.1160557108800947
1.3015710016583038,0.14477984963302082
1.4622490880091454,0.17794147759466317
1.6427627787184707,0.21552712433051024
1.8455607661325835,0.25734919903214504
2.0733940320616497,0.3030355511529912
2.329353165215711,0.35203201725348954
2.6169102854537,0.40361903228748286
2.9399661435534976,0.45694188910252476
3.3029030354176987,0.5110526683068779
3.710644248503383,0.5649604593155585
4.168720846874621,0.617685467196019
4.683346700825936,0.6683121111971437
5.261502778863538,0.7160363481210061
5.911031845476362,0.7602031764544921
6.64074484928479,0.8003314798211247
7.4605404447366075,0.8361248626418853
8.381539268677866,0.8674686918746577
9.416234793278331,0.8944149655669216
10.578662801651687,0.9171577028239394
11.884591785129816,0.9360021803599645
13.351736844955687,0.951331497651855
15.0,0.9635736806332228
