SA(1.0s) [g],Complete_damage
0.05000000000000001,6.006744029951605e-07
0.056172467201025755,1.4167388945329762e-06
0.06310692142900626,3.2466344845882844e-06
0.07089742948257126,7.229352682713852e-06
0.07964967064493539,1.5643001036402815e-05
0.08948237023750269,3.289505129577819e-05
0.10052891014472326,6.723097368255271e-05
0.11293913815718663,0.00013356073470938146
0.1268814006769336,0.0002579319614942621
0.14254482635890514,0.0004842833871095964
0.16014189166643014,0.0008841346174436326
0.17991130314285533,0.001569726361853041
0.2021212354977168,0.002710723915058
0.2270729694325259,0.00455385356719018
0.2551049785537617,0.007443729137909805
0.28659752081259104,0.011841722088337114
0.3219777967548112,0.01833826155993934
0.36172574455336326,0.02765281071091974
0.4063805504338082,0.0406154619090503
0.45654796280755766,0.058125137597367926
0.5129085093300529,0.08108211300154378
0.5762267283493882,0.11029695630193581
0.6473615399712076,0.14638345963063304
0.7272778974247632,0.1896486294267823
0.8170598767824696,0.23999688281417575
0.9179253825967483,0.2968668276690929
1.0312426689380967,0.3592164199686557
1.1585488999444697,0.4255657971751293
1.3015710016583038,0.49409765593936095
1.4622490880091454,0.5628045952798741
1.6427627787184707,0.6296637875080815
1.8455607661325835,0.6928138924332035
2.0733940320616497,0.7507086781360355
2.329353165215711,0.802226469935863
2.6169102854537,0.8467231318506832
2.9399661435534976,0.8840266689714549
3.3029030354176987,0.9143813006434964
3.710644248503383,0.9383559505356172
4.168720846874621,0.9567353750915149
4.683346700825936,0.9704115249251183
5.261502778863538,0.9802890483075535
5.911031845476362,0.9872134862493316
6.64074484928479,0.9919251381721468
7.4605404447366075,0.9950369551419771
8.381539268677866,0.9970317903514904
9.416234793278331,0.9982730198763552
10.578662801651687,0.9990226537748783
11.884591785129816,0.9994620925103674
13.351736844955687,0.999712126703695
15.0,0.9998502135683003
