SA(1.0s) [g],Complete_damage
0.05000000000000001,2.453592884421596e-14
0.056172467201025755,7.638334409421077e-14
0.06310692142900626,2.324807013565078e-13
0.07089742948257126,6.916689443414725e-13
0.07964967064493539,2.013500477460184e-12
0.08948237023750269,5.7343019221889335e-12
0.10052891014472326,1.5976664435868315e-11
0.11293913815718663,4.3549386319341465e-11
0.1268814006769336,1.1613887629380315e-10
0.14254482635890514,3.030273809656592e-10
0.16014189166643014,7.735758700277984e-10
0.17991130314285533,1.932193849363273e-09
0.2021212354977168,4.722102708853981e-09
0.2270729694325259,1.1291925616774279e-08
0.2551049785537617,2.6421659082842552e-08
0.28659752081259104,6.04956387206812e-08
0.3219777967548112,1.3554179512098585e-07
0.36172574455336326,2.971815152852386e-07
0.4063805504338082,6.376538232988338e-07
0.45654796280755766,1.3389954210962784e-06
0.5129085093300529,2.751830693425994e-06
0.5762267283493882,5.535179357862852e-06
0.6473615399712076,1.0897562947476125e-05
0.7272778974247632,2.1000841979423868e-05
0.8170598767824696,3.961661385087911e-05
0.9179253825967483,7.316054851080889e-05
1.0312426689380967,0.0001322705862032425
1.1585488999444697,0.00023413506538383366
1.3015710016583038,0.0004058067319183678
1.4622490880091454,0.0006887431292200707
1.6427627787184707,0.0011447730907446774
1.8455607661325835,0.001863580120230024
2.0733940320616497,0.0029715951534512453
2.329353165215711,0.004641891018434041
2.6169102854537,0.007104273945950812
2.9399661435534976,0.010654305592590396
3.3029030354176987,0.015659527308086396
3.710644248503383,0.02256079528996091
4.168720846874621,0.03186649325044466
4.683346700825936,0.0441375937742452
5.261502778863538,0.059962188171231556
5.911031845476362,0.07991923071372464
6.64074484928479,0.10453278378156217
7.4605404447366075,0.13421982925647757
8.381539268677866,0.16923644678349803
9.416234793278331,0.20962850294947266
10.578662801651687,0.25519359904582006
11.884591785129816,0.30546062422406717
13.351736844955687,0.35969175334467507
15.0,0.4169092273625259
