SA(0.6s) [g],Loss_ratio
0.05000000000000001,5.540012893762917e-14
0.056172467201025755,2.885469642397459e-13
0.06310692142900626,1.4309664584854193e-12
0.07089742948257126,6.763478693790127e-12
0.07964967064493539,3.0466518546511535e-11
0.08948237023750269,1.3080181789686545e-10
0.10052891014472326,5.352693173404e-10
0.11293913815718663,2.087992997064419e-09
0.1268814006769336,7.764562971815837e-09
0.14254482635890514,2.7527868834821225e-08
0.16014189166643014,9.305418612638237e-08
0.17991130314285533,2.999518653781426e-07
0.2021212354977168,9.220816358746198e-07
0.2270729694325259,2.7036195925248036e-06
0.2551049785537617,7.562137680706697e-06
0.28659752081259104,2.0180938926443546e-05
0.3219777967548112,5.139552685517818e-05
0.36172574455336326,0.00012494119376857591
0.4063805504338082,0.0002900141606131661
0.45654796280755766,0.0006430446486664353
0.5129085093300529,0.0013626945072251688
0.5762267283493882,0.002761761176106557
0.6473615399712076,0.005357740588095485
0.7272778974247632,0.00995989644737082
0.8170598767824696,0.01776480494217051
0.9179253825967483,0.030444164089658284
1.0312426689380967,0.05019591614762504
1.1585488999444697,0.07970791374078152
1.3015710016583038,0.1219517771258993
1.4622490880091454,0.1797019717882517
1.6427627787184707,0.25471292435547177
1.8455607661325835,0.34664726907108717
2.0733940320616497,0.45212305722522883
2.329353165215711,0.564472847914981
2.6169102854537,0.6747103570624633
2.9399661435534976,0.7736499146093632
3.3029030354176987,0.8543864885536554
3.710644248503383,0.9139856099225352
4.168720846874621,0.9536208298918992
4.683346700825936,0.9772873015860744
5.261502778863538,0.9899408644767842
5.911031845476362,0.9959853492910921
6.64074484928479,0.9985604346152012
7.4605404447366075,0.9995373802542126
8.381539268677866,0.9998670421550725
9.416234793278331,0.9999658859426657
10.578662801651687,0.9999921974927658
11.884591785129816,0.99999841121022
13.351736844955687,0.9999997122857626
15.0,0.9999999537067843
