SA(0.6s) [g],Loss_ratio
0.05000000000000001,0.0001411435353266937
0.056172467201025755,0.0002167911557710053
0.06310692142900626,0.00032969763796439106
0.07089742948257126,0.0004965260211161648
0.07964967064493539,0.0007404785136705725
0.08948237023750269,0.001093309837772254
0.10052891014472326,0.0015976316330621775
0.11293913815718663,0.0023093999348114823
0.1268814006769336,0.003300461877856436
0.14254482635890514,0.004661112932090738
0.16014189166643014,0.0065028409135332865
0.17991130314285533,0.008961843677508453
0.2021212354977168,0.012204476877330915
0.2270729694325259,0.01643638153331201
0.2551049785537617,0.021917378394613135
0.28659752081259104,0.028983864624722886
0.3219777967548112,0.03807887970459647
0.36172574455336326,0.04978676535495842
0.4063805504338082,0.06486436238662896
0.45654796280755766,0.08425472657904429
0.5129085093300529,0.10906437466376404
0.5762267283493882,0.14048423926575732
0.6473615399712076,0.1796413079347568
0.7272778974247632,0.2273843856824655
0.8170598767824696,0.28403190726631655
0.9179253825967483,0.3491354949636739
1.0312426689380967,0.42132912997192856
1.1585488999444697,0.4983294009232829
1.3015710016583038,0.5771221982472731
1.4622490880091454,0.6543209941654947
1.6427627787184707,0.7266278406787924
1.8455607661325835,0.7912915933604004
2.0733940320616497,0.8464547488786485
2.329353165215711,0.8913133128408468
2.6169102854537,0.9260705285384858
2.9399661435534976,0.9517229666560032
3.3029030354176987,0.9697555474602747
3.710644248503383,0.9818301650315998
4.168720846874621,0.9895337976605416
4.683346700825936,0.994218978900997
5.261502778863538,0.9969369908829534
5.911031845476362,0.9984423502271043
6.64074484928479,0.9992391412359437
7.4605404447366075,0.9996426844947344
8.381539268677866,0.9998385071560798
9.416234793278331,0.9999296840834747
10.578662801651687,0.9999704766977993
11.884591785129816,0.9999880373742212
13.351736844955687,0.99999531973054
15.0,0.9999982315205118
