SA(0.3s) [g],Complete_damage
0.05000000000000001,8.668082208673766e-07
0.056172467201025755,1.6026759733778206e-06
0.06310692142900626,2.9189660484263413e-06
0.07089742948257126,5.237019019777023e-06
0.07964967064493539,9.25599145362721e-06
0.08948237023750269,1.6116031136936826e-05
0.10052891014472326,2.7644142551408457e-05
0.11293913815718663,4.671673135936416e-05
0.1268814006769336,7.778242655687162e-05
0.14254482635890514,0.0001275988408928619
0.16014189166643014,0.0002062461406446836
0.17991130314285533,0.0003284866461953362
0.2021212354977168,0.0005155404025569688
0.2270729694325259,0.0007973382764108194
0.2551049785537617,0.0012152927490759469
0.28659752081259104,0.001825588343000617
0.3219777967548112,0.0027029355331558147
0.36172574455336326,0.003944652876394228
0.4063805504338082,0.005674843729670087
0.45654796280755766,0.008048322154790788
0.5129085093300529,0.011253828058370607
0.5762267283493882,0.015515969854464462
0.6473615399712076,0.02109526365058878
0.7272778974247632,0.02828562301338755
0.8170598767824696,0.03740871371649834
0.9179253825967483,0.048804739516282614
1.0312426689380967,0.0628194745912235
1.1585488999444697,0.07978769910610461
1.3015710016583038,0.10001360370542356
1.4622490880091454,0.12374916753061005
1.6427627787184707,0.15117192979002503
1.8455607661325835,0.18236390624606635
2.0733940320616497,0.21729358904386453
2.329353165215711,0.2558029615730286
2.6169102854537,0.29760123064184274
2.9399661435534976,0.34226652577618055
3.3029030354176987,0.3892561719926385
3.710644248503383,0.4379253711119515
4.168720846874621,0.48755331493452925
4.683346700825936,0.537375001152709
5.261502778863538,0.5866164270542895
5.911031845476362,0.6345304764927431
6.64074484928479,0.6804307412246836
7.4605404447366075,0.723720738750907
8.381539268677866,0.7639164749892866
9.416234793278331,0.8006609857767913
10.578662801651687,0.8337302860281411
11.884591785129816,0.8630309588758973
13.351736844955687,0.8885903340159806
15.0,0.9105407583358217
