SA(1.0s) [g],Loss_ratio
0.05000000000000001,6.509550894547404e-09
0.056172467201025755,2.2562485826687368e-08
0.06310692142900626,7.472698152860452e-08
0.07089742948257126,2.3651727056186827e-07
0.07964967064493539,7.15463918736313e-07
0.08948237023750269,2.0687182992468997e-06
0.10052891014472326,5.718187596014242e-06
0.11293913815718663,1.5111922421854326e-05
0.1268814006769336,3.8190312758900306e-05
0.14254482635890514,9.230705955534093e-05
0.16014189166643014,0.00021342740344962394
0.17991130314285533,0.00047216649001511176
0.2021212354977168,0.0009997203284174369
0.2270729694325259,0.0020263920274535795
0.2551049785537617,0.0039334183674701075
0.28659752081259104,0.007314396155803608
0.3219777967548112,0.01303561661082346
0.36172574455336326,0.022276127625582908
0.4063805504338082,0.03652119243169259
0.45654796280755766,0.05748133296229222
0.5129085093300529,0.08691778455956765
0.5762267283493882,0.12637608927935945
0.6473615399712076,0.1768600355343298
0.7272778974247632,0.23850964321580873
0.8170598767824696,0.3103667576364488
0.9179253825967483,0.3903082056340564
1.0312426689380967,0.47519447417470057
1.1585488999444697,0.5612277653659418
1.3015710016583038,0.6444539046897585
1.4622490880091454,0.7212992172073304
1.6427627787184707,0.7890227008958355
1.8455607661325835,0.8459898348192566
2.0733940320616497,0.8917270477512221
2.329353165215711,0.926775528394157
2.6169102854537,0.9524092518595259
2.9399661435534976,0.9703020477078343
3.3029030354176987,0.9822210074751355
3.710644248503383,0.9897971110354193
4.168720846874621,0.9943915608950173
4.683346700825936,0.9970492671888843
5.261502778863538,0.9985152853962137
5.911031845476362,0.9992861278128842
6.64074484928479,0.9996722976298184
7.4605404447366075,0.9998565127951726
8.381539268677866,0.9999401327022659
9.416234793278331,0.9999762230911582
10.578662801651687,0.9999910207697489
11.884591785129816,0.9999967792444583
13.351736844955687,0.9999989039678087
15.0,0.999999646532346
