SA(1.0s) [g],Loss_ratio
0.05000000000000001,2.808649674481594e-07
0.056172467201025755,7.066261550927295e-07
0.06310692142900626,1.722572445125564e-06
0.07089742948257126,4.069045577878639e-06
0.07964967064493539,9.314712364800411e-06
0.08948237023750269,2.0665505929146748e-05
0.10052891014472326,4.4438962119964574e-05
0.11293913815718663,9.263365464585568e-05
0.1268814006769336,0.00018720230958019929
0.14254482635890514,0.0003668149162721271
0.16014189166643014,0.0006970086576394857
0.17991130314285533,0.0012845583871451433
0.2021212354977168,0.002296525658696258
0.2270729694325259,0.0039836152166522025
0.2551049785537617,0.0067061027608126995
0.28659752081259104,0.0109587555916706
0.3219777967548112,0.01738913225685942
0.36172574455336326,0.02680196785385477
0.4063805504338082,0.04014178614333185
0.45654796280755766,0.058447197852572894
0.5129085093300529,0.08277399566262439
0.5762267283493882,0.11408989127924818
0.6473615399712076,0.15315038180033266
0.7272778974247632,0.2003708466086951
0.8170598767824696,0.25571260022692593
0.9179253825967483,0.31859939885103444
1.0312426689380967,0.3878769279657661
1.1585488999444697,0.46182384246350683
1.3015710016583038,0.5382213971324077
1.4622490880091454,0.6144889071502725
1.6427627787184707,0.687889349367924
1.8455607661325835,0.755797138659523
2.0733940320616497,0.815997045067904
2.329353165215711,0.8669575471062853
2.6169102854537,0.9080094923156515
2.9399661435534976,0.9393754145693423
3.3029030354176987,0.9620363364957366
3.710644248503383,0.9774746020682961
4.168720846874621,0.987368597707329
4.683346700825936,0.9933209648589664
5.261502778863538,0.9966766112312957
5.911031845476362,0.9984466051243585
6.64074484928479,0.9993190111101605
7.4605404447366075,0.999720381770196
8.381539268677866,0.999892590278204
9.416234793278331,0.9999614410140311
10.578662801651687,0.9999870753165561
11.884591785129816,0.9999959581119313
13.351736844955687,0.999998821528713
15.0,0.9999996798444699
