SA(1.0s) [g],Loss_ratio
0.05000000000000001,1.9749813005664557e-08
0.056172467201025755,6.084582682470205e-08
0.06310692142900626,1.8016964520207624e-07
0.07089742948257126,5.128036039289699e-07
0.07964967064493539,1.403066467840981e-06
0.08948237023750269,3.6906785804330633e-06
0.10052891014472326,9.334317119152793e-06
0.11293913815718663,2.2701776583951054e-05
0.1268814006769336,5.310024089009582e-05
0.14254482635890514,0.00011946960972092923
0.16014189166643014,0.0002585920509173692
0.17991130314285533,0.0005385806357015036
0.2021212354977168,0.0010795806302516112
0.2270729694325259,0.0020831979622533167
0.2551049785537617,0.003870727181283558
0.28659752081259104,0.006927424175524098
0.3219777967548112,0.01194583260072856
0.36172574455336326,0.01985615367276744
0.4063805504338082,0.031827329926937584
0.45654796280755766,0.04922112094957413
0.5129085093300529,0.0734853488355921
0.5762267283493882,0.10598312179757469
0.6473615399712076,0.1477715184999539
0.7272778974247632,0.19936239361430075
0.8170598767824696,0.26051363319210075
0.9179253825967483,0.33010461407241826
1.0312426689380967,0.40614007253881473
1.1585488999444697,0.4859019167933804
1.3015710016583038,0.5662342616239969
1.4622490880091454,0.6439130718766057
1.6427627787184707,0.716029201743215
1.8455607661325835,0.7803099706519653
2.0733940320616497,0.8353209858748791
2.329353165215711,0.8805210426673703
2.6169102854537,0.9161783485152237
2.9399661435534976,0.9431852544306555
3.3029030354176987,0.9628237686908301
3.710644248503383,0.9765335480662716
4.168720846874621,0.9857211979489515
4.683346700825936,0.991630957943047
5.261502778863538,0.9952787574686703
5.911031845476362,0.9974387165846242
6.64074484928479,0.9986650627995552
7.4605404447366075,0.999332276234444
8.381539268677866,0.9996798574032464
9.416234793278331,0.9998530643328908
10.578662801651687,0.9999355341570746
11.884591785129816,0.999973004117046
13.351736844955687,0.9999892265289145
15.0,0.99999590908147
