SA(0.6s) [g],Complete_damage
0.05000000000000001,9.578005055743688e-12
0.056172467201025755,3.8277714331513835e-11
0.06310692142900626,1.4680068272099334e-10
0.07089742948257126,5.403109071266954e-10
0.07964967064493539,1.908609492673463e-09
0.08948237023750269,6.471043589861836e-09
0.10052891014472326,2.1059300636672162e-08
0.11293913815718663,6.578957978398137e-08
0.1268814006769336,1.973094793106256e-07
0.14254482635890514,5.681381072264458e-07
0.16014189166643014,1.570783175086632e-06
0.17991130314285533,4.1704256202867995e-06
0.2021212354977168,1.0633999021680829e-05
0.2270729694325259,2.6044780032652426e-05
0.2551049785537617,6.127941135780635e-05
0.28659752081259104,0.00013853112885064967
0.3219777967548112,0.0003009513458208657
0.36172574455336326,0.000628416996168224
0.4063805504338082,0.0012615359566755524
0.45654796280755766,0.002435349088441341
0.5129085093300529,0.004522274100513757
0.5762267283493882,0.008080300056290679
0.6473615399712076,0.013897391722540231
0.7272778974247632,0.023017444691340372
0.8170598767824696,0.03672890120558958
0.9179253825967483,0.05649699102418404
1.0312426689380967,0.0838270647480317
1.1585488999444697,0.12006070514064049
1.3015710016583038,0.16612646940123466
1.4622490880091454,0.22228811188988817
1.6427627787184707,0.2879474623798126
1.8455607661325835,0.36155947095180907
2.0733940320616497,0.4406994786936932
2.329353165215711,0.5222898412530895
2.6169102854537,0.6029533296956919
2.9399661435534976,0.6794267467613266
3.3029030354176987,0.7489514810040626
3.710644248503383,0.8095641625635628
4.168720846874621,0.8602379004907472
4.683346700825936,0.9008632975253099
5.261502778863538,0.9320958494633997
5.911031845476362,0.955121527515711
6.64074484928479,0.9713999534702912
7.4605404447366075,0.9824358423658732
8.381539268677866,0.9896104318735244
9.416234793278331,0.9940832527855075
10.578662801651687,0.9967572475313085
11.884591785129816,0.9982902188942027
13.351736844955687,0.999132974870181
15.0,0.9995772620580562
