SA(0.6s) [g],Complete_damage
0.05000000000000001,4.18554080283684e-13
0.056172467201025755,1.828537321557633e-12
0.06310692142900626,7.665201806617006e-12
0.07089742948257126,3.083366895140216e-11
0.07964967064493539,1.1902390184559408e-10
0.08948237023750269,4.4093295681335576e-10
0.10052891014472326,1.5677064091335069e-09
0.11293913815718663,5.3497867247287445e-09
0.1268814006769336,1.7523301476529696e-08
0.14254482635890514,5.509774481105012e-08
0.16014189166643014,1.663120737793733e-07
0.17991130314285533,4.819729950700236e-07
0.2021212354977168,1.3411309903732516e-06
0.2270729694325259,3.5835545275642033e-06
0.2551049785537617,9.19603550353365e-06
0.28659752081259104,2.266657479643719e-05
0.3219777967548112,5.36698923399026e-05
0.36172574455336326,0.00012209644340821502
0.4063805504338082,0.0002669184739209074
0.45654796280755766,0.0005608446784303167
0.5129085093300529,0.0011328971372418506
0.5762267283493882,0.002200543575286318
0.6473615399712076,0.004111334922622389
0.7272778974247632,0.007390727737023317
0.8170598767824696,0.012787922891402514
0.9179253825967483,0.02130591906471313
1.0312426689380967,0.034197361631879475
1.1585488999444697,0.0529067876586502
1.3015710016583038,0.07894519269474709
1.4622490880091454,0.11369587598617281
1.6427627787184707,0.158170005018335
1.8455607661325835,0.21275166685970937
2.0733940320616497,0.27698808426261357
2.329353165215711,0.34948360379042454
2.6169102854537,0.427941444626573
2.9399661435534976,0.5093662800884573
3.3029030354176987,0.5904013085472624
3.710644248503383,0.6677377258218509
4.168720846874621,0.7385144823965244
4.683346700825936,0.8006289244794136
5.261502778863538,0.8529034151140942
5.911031845476362,0.8950907677788713
6.64074484928479,0.927739770671727
7.4605404447366075,0.9519697301514827
8.381539268677866,0.9692134314079603
9.416234793278331,0.9809814470943802
10.578662801651687,0.988682867502929
11.884591785129816,0.9935160495797271
13.351736844955687,0.9964246903661914
15.0,0.9981032682543233
