SA(0.6s) [g],Loss_ratio
0.05000000000000001,8.305435087041925e-05
0.056172467201025755,0.00013788450776995841
0.06310692142900626,0.00022410772210520812
0.07089742948257126,0.00035621968196189804
0.07964967064493539,0.0005536570253408127
0.08948237023750269,0.0008421291260591909
0.10052891014472326,0.0012557412488038784
0.11293913815718663,0.0018407125961090983
0.1268814006769336,0.0026619137470626675
0.14254482635890514,0.0038138101204488383
0.16014189166643014,0.005437493095067766
0.17991130314285533,0.00774502512430148
0.2021212354977168,0.011051016983757362
0.2270729694325259,0.015808984715066015
0.2551049785537617,0.022646652031568307
0.28659752081259104,0.0323904692479053
0.3219777967548112,0.04606628069317076
0.36172574455336326,0.0648618668208372
0.4063805504338082,0.09003974478887318
0.45654796280755766,0.12279633960432487
0.5129085093300529,0.1640762826764478
0.5762267283493882,0.2143659861315865
0.6473615399712076,0.27350457603229894
0.7272778974247632,0.3405574495068577
0.8170598767824696,0.413793599401025
0.9179253825967483,0.49079077169015856
1.0312426689380967,0.5686652201881126
1.1585488999444697,0.644392329176632
1.3015710016583038,0.7151599920696425
1.4622490880091454,0.7786865859675047
1.6427627787184707,0.8334434922942685
1.8455607661325835,0.8787460787080437
2.0733940320616497,0.9147092034573758
2.329353165215711,0.9420935612435999
2.6169102854537,0.9620889368113612
2.9399661435534976,0.9760854753274723
3.3029030354176987,0.9854755631456418
3.710644248503383,0.9915120314802524
4.168720846874621,0.9952297823299316
4.683346700825936,0.997423073257141
5.261502778863538,0.998662387552147
5.911031845476362,0.9993330505693092
6.64074484928479,0.9996806291781668
7.4605404447366075,0.9998531483865191
8.381539268677866,0.9999351631187122
9.416234793278331,0.999972512001264
10.578662801651687,0.9999888081908861
11.884591785129816,0.9999956228140435
13.351736844955687,0.9999983549726543
15.0,0.9999994056720536
