PGA [g],Complete_damage
0.05000000000000001,1.2384198022630244e-07
0.056172467201025755,3.3647587527330103e-07
0.06310692142900626,8.826955232299483e-07
0.07089742948257126,2.236008133094103e-06
0.07964967064493539,5.46989686578403e-06
0.08948237023750269,1.2923191568314785e-05
0.10052891014472326,2.949110916405928e-05
0.11293913815718663,6.501202062170197e-05
0.1268814006769336,0.0001384628907696861
0.14254482635890514,0.0002849524181768315
0.16014189166643014,0.0005667343318790374
0.17991130314285533,0.001089511561902401
0.2021212354977168,0.002024954559478598
0.2270729694325259,0.0036393696455032654
0.2551049785537617,0.00632663400236344
0.28659752081259104,0.010640860761766069
0.3219777967548112,0.017321115392677333
0.36172574455336326,0.027297670634548354
0.4063805504338082,0.04166797018777557
0.45654796280755766,0.06163202289467795
0.5129085093300529,0.08838236420030987
0.5762267283493882,0.12295302895562021
0.6473615399712076,0.16604376982451619
0.7272778974247632,0.21784714502870006
0.8170598767824696,0.2779133300236104
0.9179253825967483,0.3450871373539336
1.0312426689380967,0.41754204728362265
1.1585488999444697,0.492918141933942
1.3015710016583038,0.5685487174333689
1.4622490880091454,0.6417399633457445
1.6427627787184707,0.7100553973168052
1.8455607661325835,0.7715555887362089
2.0733940320616497,0.8249544542076046
2.329353165215711,0.8696727757681417
2.6169102854537,0.9057918683251011
2.9399661435534976,0.9339294003157791
3.3029030354176987,0.9550707624235969
3.710644248503383,0.9703914293459979
4.168720846874621,0.981099717885997
4.683346700825936,0.9883184360410219
5.261502778863538,0.9930119451604748
5.911031845476362,0.9959552329771421
6.64074484928479,0.9977354182615229
7.4605404447366075,0.9987738907674882
8.381539268677866,0.9993581721260938
9.416234793278331,0.9996752355847199
10.578662801651687,0.9998411818135374
11.884591785129816,0.9999249512331171
13.351736844955687,0.9999657362302327
15.0,0.9999848881386814
