SA(1.0s) [g],Loss_ratio
0.05000000000000001,1.0410940072018851e-17
0.056172467201025755,1.237859680477666e-16
0.06310692142900626,1.3542562643151555e-15
0.07089742948257126,1.3632300249486292e-14
0.07964967064493539,1.2652595045571576e-13
0.08948237023750269,1.0775876342021447e-12
0.10052891014472326,8.446528808206704e-12
0.11293913815718663,6.091216984208297e-11
0.1268814006769336,4.041406139506226e-10
0.14254482635890514,2.4669459552271793e-09
0.16014189166643014,1.3854529979717629e-08
0.17991130314285533,7.158920078619023e-08
0.2021212354977168,3.403768496320199e-07
0.2270729694325259,1.489292333682774e-06
0.2551049785537617,5.997615469877375e-06
0.28659752081259104,2.2235747871717e-05
0.3219777967548112,7.591439459149811e-05
0.36172574455336326,0.00023875658949097775
0.4063805504338082,0.00069206493808436
0.45654796280755766,0.0018499102377856273
0.5129085093300529,0.004563316591668057
0.5762267283493882,0.01039742718554671
0.6473615399712076,0.021906233018461806
0.7272778974247632,0.042736473499422695
0.8170598767824696,0.07732944521758305
0.9179253825967483,0.13004380232043958
1.0312426689380967,0.20375055346949145
1.1585488999444697,0.29829643987764726
1.3015710016583038,0.40950149934446106
1.4622490880091454,0.5293248380108034
1.6427627787184707,0.6474153330795016
1.8455607661325835,0.7536245152555815
2.0733940320616497,0.8405414837540047
2.329353165215711,0.9050377938173657
2.6169102854537,0.9482723358359549
2.9399661435534976,0.9743580054923211
3.3029030354176987,0.9884784317015787
3.710644248503383,0.9953194255037481
4.168720846874621,0.998282104462628
4.683346700825936,0.9994294975493396
5.261502778863538,0.9998278586343048
5.911031845476362,0.9999524750053096
6.64074484928479,0.9999878806345458
7.4605404447366075,0.9999971151243137
8.381539268677866,0.9999993531315684
9.416234793278331,0.999999862678661
10.578662801651687,0.9999999724083278
11.884591785129816,0.9999999947769842
13.351736844955687,0.9999999990747259
15.0,0.9999999998475928
