SA(1.0s) [g],Complete_damage
0.05000000000000001,1.687538997430238e-14
0.056172467201025755,6.905587213168474e-14
0.06310692142900626,2.73003841755326e-13
0.07089742948257126,1.0428324870304095e-12
0.07964967064493539,3.852584917751756e-12
0.08948237023750269,1.3764656081605153e-11
0.10052891014472326,4.756162130803432e-11
0.11293913815718663,1.5894296989671375e-10
0.1268814006769336,5.137322789394716e-10
0.14254482635890514,1.6060535124040598e-09
0.16014189166643014,4.856571478306648e-09
0.17991130314285533,1.4205833620550834e-08
0.2021212354977168,4.0196938000391924e-08
0.2270729694325259,1.1003544131416021e-07
0.2551049785537617,2.9141487167816393e-07
0.28659752081259104,7.467217291168282e-07
0.3219777967548112,1.8514196080676726e-06
0.36172574455336326,4.4420540797895924e-06
0.4063805504338082,1.0314136823397213e-05
0.45654796280755766,2.3178897494702255e-05
0.5129085093300529,5.0420639861270544e-05
0.5762267283493882,0.00010617666176193641
0.6473615399712076,0.00021647589820184
0.7272778974247632,0.0004273761769653106
0.8170598767824696,0.0008171438474348092
0.9179253825967483,0.001513383206315
1.0312426689380967,0.0027154691155568678
1.1585488999444697,0.004721495761821792
1.3015710016583038,0.007957150813414637
1.4622490880091454,0.013001581153234909
1.6427627787184707,0.020602857117110518
1.8455607661325835,0.03167381978527628
2.0733940320616497,0.04725889282232143
2.329353165215711,0.06846480288763457
2.6169102854537,0.09635359148533096
2.9399661435534976,0.1318044768697766
3.3029030354176987,0.1753606040399872
3.710644248503383,0.2270850911225777
4.168720846874621,0.2864552098747397
4.683346700825936,0.3523216893806024
5.261502778863538,0.42295113692773
5.911031845476362,0.4961546630579452
6.64074484928479,0.5694882675369833
7.4605404447366075,0.6404948976526056
8.381539268677866,0.7069486650476688
9.416234793278331,0.7670612130799332
10.578662801651687,0.8196188073578141
11.884591785129816,0.8640339039028824
13.351736844955687,0.9003125031637921
15.0,0.9289539629160638
