SA(1.0s) [g],Complete_damage
0.05000000000000001,1.1102230246251565e-16
0.056172467201025755,4.440892098500626e-16
0.06310692142900626,2.1094237467877974e-15
0.07089742948257126,9.2148511043888e-15
0.07964967064493539,3.7969627442180354e-14
0.08948237023750269,1.5221157667610896e-13
0.10052891014472326,5.898614929833457e-13
0.11293913815718663,2.2106760866336117e-12
0.1268814006769336,8.01225752411483e-12
0.14254482635890514,2.8084090608615497e-11
0.16014189166643014,9.520384480765642e-11
0.17991130314285533,3.121420899532268e-10
0.2021212354977168,9.8985142304997e-10
0.2270729694325259,3.036169760051166e-09
0.2551049785537617,9.00824681515644e-09
0.28659752081259104,2.5854378749023965e-08
0.3219777967548112,7.178451388867302e-08
0.36172574455336326,1.9282150331978443e-07
0.4063805504338082,5.011129646792511e-07
0.45654796280755766,1.2600888867897453e-06
0.5129085093300529,3.066088865466554e-06
0.5762267283493882,7.219747876652249e-06
0.6473615399712076,1.6453270376137752e-05
0.7272778974247632,3.62926260183416e-05
0.8170598767824696,7.749397148537618e-05
0.9179253825967483,0.0001601965442262765
1.0312426689380967,0.00032065053500340834
1.1585488999444697,0.0006215393198386598
1.3015710016583038,0.0011669021552013215
1.4622490880091454,0.002122310921679915
1.6427627787184707,0.0037400822266282496
1.8455607661325835,0.00638778561327058
2.0733940320616497,0.01057616390929006
2.329353165215711,0.01698009870292916
2.6169102854537,0.02644404774753617
2.9399661435534976,0.039962358708339085
3.3029030354176987,0.058626029646667965
3.710644248503383,0.0835315917941537
4.168720846874621,0.11565490360783115
4.683346700825936,0.15570181242840042
5.261502778863538,0.20395682545508442
5.911031845476362,0.26015738696616864
6.64074484928479,0.32342241042005204
7.4605404447366075,0.3922577580769311
8.381539268677866,0.4646486916172937
9.416234793278331,0.5382324018139385
10.578662801651687,0.6105266966920082
11.884591785129816,0.6791783827624599
13.351736844955687,0.7421903762493085
15.0,0.7980914369552075
