SA(1.0s) [g],Complete_damage
0.05000000000000001,1.7763568394002505e-15
0.056172467201025755,7.771561172376096e-15
0.06310692142900626,3.241851231905457e-14
0.07089742948257126,1.3022916078853086e-13
0.07964967064493539,5.067057884389214e-13
0.08948237023750269,1.906474977886319e-12
0.10052891014472326,6.9358963017407405e-12
0.11293913815718663,2.4403701281983103e-11
0.1268814006769336,8.304124055058537e-11
0.14254482635890514,2.7329627450001226e-10
0.16014189166643014,8.69944671855194e-10
0.17991130314285533,2.6784633400112057e-09
0.2021212354977168,7.9769276739583e-09
0.2270729694325259,2.2980669700523038e-08
0.2551049785537617,6.404567531870242e-08
0.28659752081259104,1.7267999075087914e-07
0.3219777967548112,4.504498741786378e-07
0.36172574455336326,1.1369274984796007e-06
0.4063805504338082,2.776727347386654e-06
0.45654796280755766,6.562710200386235e-06
0.5129085093300529,1.5011410439358386e-05
0.5762267283493882,3.3234614077448654e-05
0.6473615399712076,7.122583303920127e-05
0.7272778974247632,0.00014777941259747074
0.8170598767824696,0.0002968773543381431
0.9179253825967483,0.0005775510786136806
1.0312426689380967,0.0010882393904433352
1.1585488999444697,0.00198635907339062
1.3015710016583038,0.0035129993812280658
1.4622490880091454,0.006021207239831683
1.6427627787184707,0.010004247373220698
1.8455607661325835,0.016117752274792174
2.0733940320616497,0.025187398182100917
2.329353165215711,0.03819253542889722
2.6169102854537,0.056217073341486734
2.9399661435534976,0.08036267202872627
3.3029030354176987,0.11162609287460445
3.710644248503383,0.15075157774194947
4.168720846874621,0.19807844062487434
4.683346700825936,0.25341096439639865
5.261502778863538,0.3159394686103345
5.911031845476362,0.3842362782215727
6.64074484928479,0.4563383298911119
7.4605404447366075,0.5299115332911444
8.381539268677866,0.6024747536653466
9.416234793278331,0.6716480177449237
10.578662801651687,0.7353840201905443
11.884591785129816,0.7921458244394197
13.351736844955687,0.8410057009516577
15.0,0.8816568961989368
