SA(1.0s) [g],Complete_damage
0.05000000000000001,4.670708264598034e-13
0.056172467201025755,2.028821555200011e-12
0.06310692142900626,8.457679001594443e-12
0.07089742948257126,3.383870961215507e-11
0.07964967064493539,1.2994283427048003e-10
0.08948237023750269,4.789482144218482e-10
0.10052891014472326,1.6945147507385627e-09
0.11293913815718663,5.755043330779586e-09
0.1268814006769336,1.8764042764018996e-08
0.14254482635890514,5.8736695729422195e-08
0.16014189166643014,1.7653528416872177e-07
0.17991130314285533,5.094825801243985e-07
0.2021212354977168,1.4120287878949256e-06
0.2270729694325259,3.7585376186921593e-06
0.2551049785537617,9.609589786685468e-06
0.28659752081259104,2.360240199128505e-05
0.3219777967548112,5.569726434206945e-05
0.36172574455336326,0.00012630068052976728
0.4063805504338082,0.0002752627848079392
0.45654796280755766,0.0005766924270439455
0.5129085093300529,0.0011616931111199102
0.5762267283493882,0.00225059115259707
0.6473615399712076,0.004194512310743415
0.7272778974247632,0.0075228762990739995
0.8170598767824696,0.01298855199866189
0.9179253825967483,0.021596862269991357
1.0312426689380967,0.034600147539206594
1.1585488999444697,0.053438785632750396
1.3015710016583038,0.07961502466157433
1.4622490880091454,0.11449903539044093
1.6427627787184707,0.1590859140040849
1.8455607661325835,0.21374335418396584
2.0733940320616497,0.2780051888374919
2.329353165215711,0.350468572505231
2.6169102854537,0.4288378400001953
2.9399661435534976,0.5101273817336902
3.3029030354176987,0.5909969793968197
3.710644248503383,0.6681579368099683
4.168720846874621,0.7387688191852954
4.683346700825936,0.8007425086207696
5.261502778863538,0.8529105716133014
5.911031845476362,0.8950281771992429
6.64074484928479,0.9276406837779942
7.4605404447366075,0.9518602389910478
8.381539268677866,0.9691110510979606
9.416234793278331,0.9808956345319334
10.578662801651687,0.9886167515523772
11.884591785129816,0.9934685989327053
13.351736844955687,0.9963927183439231
15.0,0.9980829410051769
