SA(1.0s) [g],Complete_damage
0.05000000000000001,3.153440841785482e-10
0.056172467201025755,1.1305660851945731e-09
0.06310692142900626,3.890855304611307e-09
0.07089742948257126,1.2854623920866004e-08
0.07964967064493539,4.077262838464435e-08
0.08948237023750269,1.2416686789862297e-07
0.10052891014472326,3.6308325668255037e-07
0.11293913815718663,1.0195523698630637e-06
0.1268814006769336,2.7495335072069693e-06
0.14254482635890514,7.1220090890333765e-06
0.16014189166643014,1.77211972739455e-05
0.17991130314285533,4.236326914486277e-05
0.2021212354977168,9.730994907597434e-05
0.2270729694325259,0.00021481742945406168
0.2551049785537617,0.00045583549017558234
0.28659752081259104,0.0009299615869470257
0.3219777967548112,0.0018244989929622202
0.36172574455336326,0.00344318900770213
0.4063805504338082,0.006252433639689081
0.45654796280755766,0.01092845261672759
0.5129085093300529,0.018393351626021737
0.5762267283493882,0.029822995450431766
0.6473615399712076,0.046607273199741006
0.7272778974247632,0.07024653552490301
0.8170598767824696,0.10217856888619203
0.9179253825967483,0.1435481096642639
1.0312426689380967,0.19495204466500693
1.1585488999444697,0.2562115702408341
1.3015710016583038,0.32623002734771434
1.4622490880091454,0.4029861669217909
1.6427627787184707,0.4836865163827647
1.8455607661325835,0.5650630946007593
2.0733940320616497,0.6437649830040455
2.329353165215711,0.716766618960468
2.6169102854537,0.7817110210978958
2.9399661435534976,0.8371241295883853
3.3029030354176987,0.8824707495296611
3.710644248503383,0.918061643203841
4.168720846874621,0.9448529788507504
4.683346700825936,0.964195419037445
5.261502778863538,0.9775887776917127
5.911031845476362,0.986483430019105
6.64074484928479,0.9921488171293467
7.4605404447366075,0.9956097344116756
8.381539268677866,0.9976374812677635
9.416234793278331,0.9987769358060006
10.578662801651687,0.9993910383086709
11.884591785129816,0.9997084662638938
13.351736844955687,0.99986583184341
15.0,0.9999406547214705
