SA(1.0s) [g],Loss_ratio
0.05000000000000001,4.542353141150376e-09
0.056172467201025755,1.5949428760672115e-08
0.06310692142900626,5.3511916303306454e-08
0.07089742948257126,1.7156799463961496e-07
0.07964967064493539,5.257094141398609e-07
0.08948237023750269,1.5396670964552623e-06
0.10052891014472326,4.3105490769042045e-06
0.11293913815718663,1.1537775527081364e-05
0.1268814006769336,2.952984267181484e-05
0.14254482635890514,7.228086910403415e-05
0.16014189166643014,0.0001692354681162588
0.17991130314285533,0.0003791038216253738
0.2021212354977168,0.0008126970009291545
0.2270729694325259,0.0016677147538323555
0.2551049785537617,0.003276971243637418
0.28659752081259104,0.006167871321240403
0.3219777967548112,0.011124641455301119
0.36172574455336326,0.019236540973781992
0.4063805504338082,0.03190735781554226
0.45654796280755766,0.05079792950520355
0.5129085093300529,0.07767885301723443
0.5762267283493882,0.11418802767469563
0.6473615399712076,0.1615160917023062
0.7272778974247632,0.22007520797350913
0.8170598767824696,0.2892311518063969
0.9179253825967483,0.36718255728723437
1.0312426689380967,0.45104704551224
1.1585488999444697,0.5371647269294614
1.3015710016583038,0.621569517847824
1.4622490880091454,0.7005287590413165
1.6427627787184707,0.7710306057755154
1.8455607661325835,0.8311147697924045
2.0733940320616497,0.8799891437694763
2.329353165215711,0.917934805067202
2.6169102854537,0.9460536697953318
2.9399661435534976,0.9659410572084604
3.3029030354176987,0.9793650767089493
3.710644248503383,0.9880123473810287
4.168720846874621,0.9933274753117884
4.683346700825936,0.996444248605056
5.261502778863538,0.9981874018070349
5.911031845476362,0.9991168844092364
6.64074484928479,0.9995891705577081
7.4605404447366075,0.9998177043795355
8.381539268677866,0.9999229338435115
9.416234793278331,0.9999689981073464
10.578662801651687,0.9999881482569773
11.884591785129816,0.9999957001314895
13.351736844955687,0.9999985215596182
15.0,0.9999995189134818
