SA(1.0s) [g],Loss_ratio
0.05000000000000001,5.566615959180119e-07
0.056172467201025755,1.3420096895740498e-06
0.06310692142900626,3.106609922780711e-06
0.07089742948257126,6.9143550586196525e-06
0.07964967064493539,1.4820328383010438e-05
0.08948237023750269,3.0653143547248916e-05
0.10052891014472326,6.132669040561515e-05
0.11293913815718663,0.00011901436348766348
0.1268814006769336,0.00022473895763454595
0.14254482635890514,0.00041428297589960985
0.16014189166643014,0.0007478211056554961
0.17991130314285533,0.0013252447547530085
0.2021212354977168,0.0023095414232820756
0.2270729694325259,0.003960324873000361
0.2551049785537617,0.006677993014272932
0.28659752081259104,0.011055338483561048
0.3219777967548112,0.017927538915616912
0.36172574455336326,0.02840416209208057
0.4063805504338082,0.04386049668450309
0.45654796280755766,0.06586387600248392
0.5129085093300529,0.0960176388235237
0.5762267283493882,0.13572308487742463
0.6473615399712076,0.18588629790025407
0.7272778974247632,0.2466249415164224
0.8170598767824696,0.31704915109766146
0.9179253825967483,0.3951896700472178
1.0312426689380967,0.4781201594800648
1.1585488999444697,0.5622734940836037
1.3015710016583038,0.6438978886844005
1.4622490880091454,0.7195568015279677
1.6427627787184707,0.7865625859498215
1.8455607661325835,0.8432533896222502
2.0733940320616497,0.8890684684533767
2.329353165215711,0.9244319490694974
2.6169102854537,0.9505002089961591
2.9399661435534976,0.9688503820542139
3.3029030354176987,0.9811841726463015
3.710644248503383,0.9890987878634153
4.168720846874621,0.993946907884786
4.683346700825936,0.996781158084087
5.261502778863538,0.9983620580872076
5.911031845476362,0.9992030908769011
6.64074484928479,0.999629629088506
7.4605404447366075,0.9998357306616044
8.381539268677866,0.9999305441425903
9.416234793278331,0.9999720355424769
10.578662801651687,0.9999892912073112
11.884591785129816,0.999996104234434
13.351736844955687,0.9999986552271906
15.0,0.9999995600389148
