SA(1.0s) [g],Complete_damage
0.05000000000000001,0.0
0.056172467201025755,1.1102230246251565e-16
0.06310692142900626,6.661338147750939e-16
0.07089742948257126,4.6629367034256575e-15
0.07964967064493539,2.964295475749168e-14
0.08948237023750269,1.794120407794253e-13
0.10052891014472326,1.0281775431053575e-12
0.11293913815718663,5.568323580007473e-12
0.1268814006769336,2.850519820185582e-11
0.14254482635890514,1.379439895643486e-10
0.16014189166643014,6.310941769172018e-10
0.17991130314285533,2.7298316940260747e-09
0.2021212354977168,1.1165301128102101e-08
0.2270729694325259,4.318618507248573e-08
0.2551049785537617,1.5798333741212645e-07
0.28659752081259104,5.466733880021835e-07
0.3219777967548112,1.7896157374908128e-06
0.36172574455336326,5.543444998146185e-06
0.4063805504338082,1.6250615049839823e-05
0.45654796280755766,4.509439663935577e-05
0.5129085093300529,0.00011847945388054892
0.5762267283493882,0.0002948157091464676
0.6473615399712076,0.0006949950754806533
0.7272778974247632,0.0015527187640427265
0.8170598767824696,0.003289000708699419
0.9179253825967483,0.006608508480793418
1.0312426689380967,0.012602390023187748
1.1585488999444697,0.0228241114308374
1.3015710016583038,0.039287593697543755
1.4622490880091454,0.0643314645983174
1.6427627787184707,0.10031166613851039
1.8455607661325835,0.1491328550806137
2.0733940320616497,0.21169850256729728
2.329353165215711,0.2874247674240289
2.6169102854537,0.37398935414223167
2.9399661435534976,0.46744750982834704
3.3029030354176987,0.5627441145800486
3.710644248503383,0.6545183843355413
4.168720846874621,0.737991708700308
4.683346700825936,0.8096980691455344
5.261502778863538,0.8678749916442936
5.911031845476362,0.9124536259014377
6.64074484928479,0.9447151993132931
7.4605404447366075,0.9667661277717552
8.381539268677866,0.9810008995726556
9.416234793278331,0.9896796287552013
10.578662801651687,0.9946770208992943
11.884591785129816,0.997394786643109
13.351736844955687,0.9987907097725572
15.0,0.9994678699943497
