SA(1.0s) [g],Complete_damage
0.05000000000000001,3.3306690738754696e-16
0.056172467201025755,2.3314683517128287e-15
0.06310692142900626,1.4876988529977098e-14
0.07089742948257126,9.237055564881302e-14
0.07964967064493539,5.405675906899887e-13
0.08948237023750269,2.9896085607106215e-12
0.10052891014472326,1.5628498495345866e-11
0.11293913815718663,7.72285568828579e-11
0.1268814006769336,3.607770748814687e-10
0.14254482635890514,1.5934388253313614e-09
0.16014189166643014,6.65439103819665e-09
0.17991130314285533,2.6278648035393815e-08
0.2021212354977168,9.814534029928268e-08
0.2270729694325259,3.467082455577142e-07
0.2551049785537617,1.1586408020791694e-06
0.28659752081259104,3.663476825122025e-06
0.3219777967548112,1.0961664849373776e-05
0.36172574455336326,3.104463151382131e-05
0.4063805504338082,8.323836909507332e-05
0.45654796280755766,0.0002113496127489345
0.5129085093300529,0.0005083349394306991
0.5762267283493882,0.0011585577149461068
0.6473615399712076,0.0025030840511316432
0.7272778974247632,0.005128855229286744
0.8170598767824696,0.009971976124565463
0.9179253825967483,0.018408723007737104
1.0312426689380967,0.032289263467767504
1.1585488999444697,0.05385775211598631
1.3015710016583038,0.08551078509407328
1.4622490880091454,0.12938339635052398
1.6427627787184707,0.18681545673728284
1.8455607661325835,0.2578219806431191
2.0733940320616497,0.34073547050977004
2.329353165215711,0.4321752838849454
2.6169102854537,0.5274173321882893
2.9399661435534976,0.6211099580317148
3.3029030354176987,0.7081592756975562
3.710644248503383,0.7845443592824799
4.168720846874621,0.8478489029042275
4.683346700825936,0.8973989663691715
5.261502778863538,0.9340289217763463
5.911031845476362,0.9596036602642168
6.64074484928479,0.9764679636517477
7.4605404447366075,0.9869708272124987
8.381539268677866,0.9931485559531192
9.416234793278331,0.9965804303493503
10.578662801651687,0.9983810209624158
11.884591785129816,0.9992732558463995
13.351736844955687,0.9996908203512661
15.0,0.9998753846135862
