SA(1.0s) [g],Loss_ratio
0.05000000000000001,1.0067800480096891e-13
0.056172467201025755,6.353159017274582e-13
0.06310692142900626,3.769593673216788e-12
0.07089742948257126,2.1032262064229054e-11
0.07964967064493539,1.1035499664707279e-10
0.08948237023750269,5.445718586011446e-10
0.10052891014472326,2.527663465953475e-09
0.11293913815718663,1.1036527524043128e-08
0.1268814006769336,4.5336567945511613e-08
0.14254482635890514,1.7523786595372716e-07
0.16014189166643014,6.374378693114104e-07
0.17991130314285533,2.1825003937862616e-06
0.2021212354977168,7.034986943071359e-06
0.2270729694325259,2.1353171566834365e-05
0.2551049785537617,6.104682576128224e-05
0.28659752081259104,0.00016443464769445705
0.3219777967548112,0.00041744646482455767
0.36172574455336326,0.0009992102101776096
0.4063805504338082,0.0022561174778567756
0.45654796280755766,0.004807843944247077
0.5129085093300529,0.009676095809157072
0.5762267283493882,0.018405152252184774
0.6473615399712076,0.03311745762892069
0.7272778974247632,0.056430249663739926
0.8170598767824696,0.09116793417355351
0.9179253825967483,0.13985225545426902
1.0312426689380967,0.2040338571587037
1.1585488999444697,0.28361785211398755
1.3015710016583038,0.3763929097153161
1.4622490880091454,0.47796580433047114
1.6427627787184707,0.5822215637738555
1.8455607661325835,0.682286150811958
2.0733940320616497,0.7717947886590599
2.329353165215711,0.8461191722252351
2.6169102854537,0.9031609733235063
2.9399661435534976,0.9434434575926892
3.3029030354176987,0.969506254398343
3.710644248503383,0.9848934493665201
4.168720846874621,0.9931530655834828
4.683346700825936,0.9971713891466221
5.261502778863538,0.9989383612282138
5.911031845476362,0.9996390218995104
6.64074484928479,0.9998890742062814
7.4605404447366075,0.9999692581153519
8.381539268677866,0.9999923298461602
9.416234793278331,0.9999982797390977
10.578662801651687,0.9999996536326786
11.884591785129816,0.9999999374614916
13.351736844955687,0.9999999898839901
15.0,0.9999999985352549
