SA(0.6s) [g],Loss_ratio
0.05000000000000001,8.919608095920359e-09
0.056172467201025755,2.7453783845060303e-08
0.06310692142900626,8.073016963362035e-08
0.07089742948257126,2.2645356894512084e-07
0.07964967064493539,6.054335148998893e-07
0.08948237023750269,1.5422968064116056e-06
0.10052891014472326,3.744156187466397e-06
0.11293913815718663,8.667302340149668e-06
0.1268814006769336,1.9152131830707838e-05
0.14254482635890514,4.0461456911847514e-05
0.16014189166643014,8.190647678770834e-05
0.17991130314285533,0.00015934314892589155
0.2021212354977168,0.00029904846018512373
0.2270729694325259,0.00054396623527504
0.2551049785537617,0.0009641712931129771
0.28659752081259104,0.0016746384840422583
0.3219777967548112,0.0028646816001701115
0.36172574455336326,0.00484384827707513
0.4063805504338082,0.008107108847149604
0.45654796280755766,0.013416108833612982
0.5129085093300529,0.02188207641489963
0.5762267283493882,0.0350209674900755
0.6473615399712076,0.05473749694520025
0.7272778974247632,0.08319039007203005
0.8170598767824696,0.12250615499511755
0.9179253825967483,0.17434843459893098
1.0312426689380967,0.2394096262722883
1.1585488999444697,0.31695210829691783
1.3015710016583038,0.4045588069055165
1.4622490880091454,0.4982294790149798
1.6427627787184707,0.5928713173354162
1.8455607661325835,0.6831028882743849
2.0733940320616497,0.7641698439114524
2.329353165215711,0.8327164493801122
2.6169102854537,0.8872005717359661
2.9399661435534976,0.9278662746467669
3.3029030354176987,0.9563404512522882
3.710644248503383,0.9750299970083945
4.168720846874621,0.9865224967528068
4.683346700825936,0.9931407125754412
5.261502778863538,0.9967096417485535
5.911031845476362,0.9985122651718432
6.64074484928479,0.9993655765659096
7.4605404447366075,0.9997445482110808
8.381539268677866,0.9999027060000005
9.416234793278331,0.9999648644991146
10.578662801651687,0.9999879342344247
11.884591785129816,0.9999960469947111
13.351736844955687,0.9999987603633199
15.0,0.9999996268131653
