SA(0.6s) [g],Loss_ratio
0.05000000000000001,1.3927024881453406e-09
0.056172467201025755,3.542133558577578e-09
0.06310692142900626,8.810759772781852e-09
0.07089742948257126,2.145239117400638e-08
0.07964967064493539,5.119720129652474e-08
0.08948237023750269,1.2001288801921735e-07
0.10052891014472326,2.7714639394524415e-07
0.11293913815718663,6.329725066380637e-07
0.1268814006769336,1.4363141837091792e-06
0.14254482635890514,3.2531168324098342e-06
0.16014189166643014,7.379855157281685e-06
0.17991130314285533,1.6787619381824774e-05
0.2021212354977168,3.8218330671869476e-05
0.2270729694325259,8.664900082503237e-05
0.2551049785537617,0.00019430571226834606
0.28659752081259104,0.0004277454674067266
0.3219777967548112,0.0009179406725314504
0.36172574455336326,0.0019089754239703736
0.4063805504338082,0.0038293919058434924
0.45654796280755766,0.0073844510047856955
0.5129085093300529,0.013656091109761917
0.5762267283493882,0.024180787680880132
0.6473615399712076,0.04095837383410256
0.7272778974247632,0.0663363248281948
0.8170598767824696,0.10272565183971363
0.9179253825967483,0.1521447588431223
1.0312426689380967,0.21565372478146624
1.1585488999444697,0.2928142525655511
1.3015710016583038,0.38135648037736797
1.4622490880091454,0.47721843533489194
1.6427627787184707,0.5750321622913762
1.8455607661325835,0.668983952030132
2.0733940320616497,0.7538318267122834
2.329353165215711,0.8257900931705295
2.6169102854537,0.8830302865342013
2.9399661435534976,0.9256874015504135
3.3029030354176987,0.9554356215303487
3.710644248503383,0.9748285872523523
4.168720846874621,0.9866346546975988
4.683346700825936,0.993340288366204
5.261502778863538,0.9968906799809214
5.911031845476362,0.9986416360357009
6.64074484928479,0.9994454003642712
7.4605404447366075,0.9997886090305023
8.381539268677866,0.9999248516281748
9.416234793278331,0.999975105233181
10.578662801651687,0.9999923206979444
11.884591785129816,0.9999977957212359
13.351736844955687,0.9999994115900543
15.0,0.9999998540084036
