SA(0.3s) [g],Loss_ratio
0.05000000000000001,5.0179002693849606e-11
0.056172467201025755,1.3360530607614302e-10
0.06310692142900626,3.481880740302437e-10
0.07089742948257126,8.883636549387713e-10
0.07964967064493539,2.2196611960523683e-09
0.08948237023750269,5.4334530208932615e-09
0.10052891014472326,1.3037149042568662e-08
0.11293913815718663,3.068223108667557e-08
0.1268814006769336,7.0880510787202e-08
0.14254482635890514,1.6087685195329737e-07
0.16014189166643014,3.591014244317528e-07
0.17991130314285533,7.8911450268281e-07
0.2021212354977168,1.7087498317835795e-06
0.2270729694325259,3.649002963122794e-06
0.2551049785537617,7.688526768724684e-06
0.28659752081259104,1.5985665479422995e-05
0.3219777967548112,3.2785688347254195e-05
0.36172574455336326,6.627495778325888e-05
0.4063805504338082,0.0001318839934662906
0.45654796280755766,0.00025795338164174485
0.5129085093300529,0.0004950431642304054
0.5762267283493882,0.0009304987748294461
0.6473615399712076,0.0017100028616445087
0.7272778974247632,0.0030674514653619258
0.8170598767824696,0.005363220839195915
0.9179253825967483,0.00912837937682577
1.0312426689380967,0.01510849695445559
1.1585488999444697,0.024295737862202352
1.3015710016583038,0.03793296905323432
1.4622490880091454,0.05747062515372603
1.6427627787184707,0.08445865600181168
1.8455607661325835,0.1203645618153109
2.0733940320616497,0.16632542521138158
2.329353165215711,0.22286517768999856
2.6169102854537,0.2896323317756119
2.9399661435534976,0.36522885917733333
3.3029030354176987,0.44719792489236193
3.710644248503383,0.5322109713375747
4.168720846874621,0.6164461259092757
4.683346700825936,0.6960935182362632
5.261502778863538,0.7678792035051496
5.911031845476362,0.8294868132347885
6.64074484928479,0.8797825397308071
7.4605404447366075,0.9188062043367151
8.381539268677866,0.9475574211671762
9.416234793278331,0.9676565618145684
10.578662801651687,0.9809790006890198
11.884591785129816,0.989346496747488
13.351736844955687,0.9943234119056062
15.0,0.9971252961082138
