SA(0.6s) [g],Loss_ratio
0.05000000000000001,2.0250440808207415e-14
0.056172467201025755,7.432502875626512e-14
0.06310692142900626,2.713434346682216e-13
0.07089742948257126,9.923429883106735e-13
0.07964967064493539,3.683751769691207e-12
0.08948237023750269,1.4028253968337469e-11
0.10052891014472326,5.5000689420647974e-11
0.11293913815718663,2.2063497969460047e-10
0.1268814006769336,8.929635427651577e-10
0.14254482635890514,3.5857671519282747e-09
0.16014189166643014,1.407211453438932e-08
0.17991130314285533,5.334933040843416e-08
0.2021212354977168,1.938134383361821e-07
0.2270729694325259,6.711504685630076e-07
0.2551049785537617,2.207882207080204e-06
0.28659752081259104,6.885725344902913e-06
0.3219777967548112,2.033300544175468e-05
0.36172574455336326,5.681030395648895e-05
0.4063805504338082,0.00015013349220161705
0.45654796280755766,0.00037524191456136973
0.5129085093300529,0.0008870840111380476
0.5762267283493882,0.0019839722686782937
0.6473615399712076,0.00419927651262671
0.7272778974247632,0.008415529945601366
0.8170598767824696,0.015977416320567685
0.9179253825967483,0.028757600413827068
1.0312426689380967,0.049111241831347
1.1585488999444697,0.07965591145442082
1.3015710016583038,0.12284720613407248
1.4622490880091454,0.18038907687082495
1.6427627787184707,0.2526041896826687
1.8455607661325835,0.33795666584992834
2.0733940320616497,0.43292561353164505
2.329353165215711,0.5323500272146517
2.6169102854537,0.6302190572507874
2.9399661435534976,0.7207205307812938
3.3029030354176987,0.7992558624360226
3.710644248503383,0.8631329605306763
4.168720846874621,0.9117636349084627
4.683346700825936,0.9463681963341752
5.261502778863538,0.9693489112400936
5.911031845476362,0.9835703636800699
6.64074484928479,0.991759303072991
7.4605404447366075,0.9961404816224724
8.381539268677866,0.998315402459325
9.416234793278331,0.9993159433483938
10.578662801651687,0.9997419914588344
11.884591785129816,0.9999097379886939
13.351736844955687,0.9999707482385574
15.0,0.9999912283506406
