SA(0.6s) [g],Complete_damage
0.05000000000000001,1.6169525137721408e-06
0.056172467201025755,2.7493706615810964e-06
0.06310692142900626,4.620214298256542e-06
0.07089742948257126,7.67347159713605e-06
0.07964967064493539,1.2595958421068865e-05
0.08948237023750269,2.0435685956887717e-05
0.10052891014472326,3.276993258394256e-05
0.11293913815718663,5.193981907403167e-05
0.1268814006769336,8.137195036195255e-05
0.14254482635890514,0.00012601143202906062
0.16014189166643014,0.0001928938302266925
0.17991130314285533,0.00029188576143079903
0.2021212354977168,0.000436623913907197
0.2270729694325259,0.0006456793780387216
0.2551049785537617,0.0009439670433489811
0.28659752081259104,0.0013644073478945584
0.3219777967548112,0.0019498288459697255
0.36172574455336326,0.0027550742806569106
0.4063805504338082,0.0038492401353791283
0.45654796280755766,0.005317940924425613
0.5129085093300529,0.007265446835379108
0.5762267283493882,0.009816500111623161
0.6473615399712076,0.013117576407533749
0.7272778974247632,0.017337328010006314
0.8170598767824696,0.022665932720039694
0.9179253825967483,0.029313081756105808
1.0312426689380967,0.037504377833102676
1.1585488999444697,0.047475984259615744
1.3015710016583038,0.05946746825623106
1.4622490880091454,0.0737129137471424
1.6427627787184707,0.09043053335856988
1.8455607661325835,0.10981117471859436
2.0733940320616497,0.13200627714979718
2.329353165215711,0.15711597380255327
2.6169102854537,0.18517813293755092
2.9399661435534976,0.21615917386211425
3.3029030354176987,0.24994746547299374
3.710644248503383,0.28635001224542544
4.168720846874621,0.3250929554963301
4.683346700825936,0.365826177081334
5.261502778863538,0.4081320067807581
5.911031845476362,0.45153772851915464
6.64074484928479,0.4955312832868448
7.4605404447366075,0.5395793079141803
8.381539268677866,0.5831464554881469
9.416234793278331,0.6257148356919221
10.578662801651687,0.666802403239421
11.884591785129816,0.7059792109598025
13.351736844955687,0.742880621451945
15.0,0.7772168187114519
