SA(0.3s) [g],Loss_ratio
0.05000000000000001,1.3051992574145412e-08
0.056172467201025755,3.104351570691488e-08
0.06310692142900626,7.281436074605999e-08
0.07089742948257126,1.6801146404516888e-07
0.07964967064493539,3.8034723735636214e-07
0.08948237023750269,8.425635042992957e-07
0.10052891014472326,1.8220578785535773e-06
0.11293913815718663,3.83849131815985e-06
0.1268814006769336,7.86453863747917e-06
0.14254482635890514,1.5651683041255212e-05
0.16014189166643014,3.0232398656325986e-05
0.17991130314285533,5.665572140527482e-05
0.2021212354977168,0.00010301445063347345
0.2270729694325259,0.0001818241228188978
0.2551049785537617,0.0003118319988386157
0.28659752081259104,0.0005203980086309636
0.3219777967548112,0.0008467401194952337
0.36172574455336326,0.0013466146163903779
0.4063805504338082,0.0020994210117329854
0.45654796280755766,0.00321922821061875
0.5129085093300529,0.004871645780664772
0.5762267283493882,0.007298495240005065
0.6473615399712076,0.010851411247169998
0.7272778974247632,0.0160333043062902
0.8170598767824696,0.023542676659231744
0.9179253825967483,0.034310218940957746
1.0312426689380967,0.04951093767124795
1.1585488999444697,0.07053047135681459
1.3015710016583038,0.09886450407717376
1.4622490880091454,0.13593871164785368
1.6427627787184707,0.18285532986600073
1.8455607661325835,0.24009931599916737
2.0733940320616497,0.307265079461589
2.329353165215711,0.3828823703915927
2.6169102854537,0.46441516424181495
2.9399661435534976,0.5484741212810414
3.3029030354176987,0.6312267205879016
3.710644248503383,0.7089271656871511
4.168720846874621,0.7784447995281878
4.683346700825936,0.8376646003785213
5.261502778863538,0.8856708077112097
5.911031845476362,0.9226907907508597
6.64074484928479,0.9498447314932708
7.4605404447366075,0.9687920210985319
8.381539268677866,0.9813743875674275
9.416234793278331,0.9893323354960064
10.578662801651687,0.9941312244650331
11.884591785129816,0.9968945127945621
13.351736844955687,0.998416725908239
15.0,0.9992207505741029
