SA(0.3s) [g],Loss_ratio
0.05000000000000001,1.1872259429018803e-08
0.056172467201025755,2.6241668147663817e-08
0.06310692142900626,5.691592461814695e-08
0.07089742948257126,1.2113594486017484e-07
0.07964967064493539,2.5300198777732246e-07
0.08948237023750269,5.185667076214859e-07
0.10052891014472326,1.043129884905294e-06
0.11293913815718663,2.0594740950089473e-06
0.1268814006769336,3.991181711261342e-06
0.14254482635890514,7.593369574412525e-06
0.16014189166643014,1.4185395165481538e-05
0.17991130314285533,2.6028157913782662e-05
0.2021212354977168,4.692548437203535e-05
0.2270729694325259,8.316974314105801e-05
0.2551049785537617,0.00014501479832282766
0.28659752081259104,0.0002489583914269879
0.3219777967548112,0.00042127059092460554
0.36172574455336326,0.0007034371135757072
0.4063805504338082,0.0011605083485122538
0.45654796280755766,0.001893731994643408
0.5129085093300529,0.003059192148906997
0.5762267283493882,0.004894234811719665
0.6473615399712076,0.007752806119206931
0.7272778974247632,0.012148897534349456
0.8170598767824696,0.018803545665709416
0.9179253825967483,0.028685140435040637
1.0312426689380967,0.043025953369798045
1.1585488999444697,0.06329201989790162
1.3015710016583038,0.09108245300725455
1.4622490880091454,0.12794214716119717
1.6427627787184707,0.17509140049268118
1.8455607661325835,0.23310581434645064
2.0733940320616497,0.3016123061954893
2.329353165215711,0.379088976041954
2.6169102854537,0.4628535350306986
2.9399661435534976,0.5492890143707535
3.3029030354176987,0.6342917897866833
3.710644248503383,0.7138557087240084
4.168720846874621,0.7846555321355139
4.683346700825936,0.8444862330607006
5.261502778863538,0.8924575372436414
5.911031845476362,0.9289191652151324
6.64074484928479,0.9551708420878665
7.4605404447366075,0.9730623896947521
8.381539268677866,0.9845980547302327
9.416234793278331,0.9916304411239508
10.578662801651687,0.9956819266978607
11.884591785129816,0.9978868095351221
13.351736844955687,0.9990198469128937
15.0,0.9995694331767656
