SA(1.0s) [g],Loss_ratio
0.05000000000000001,1.3318226842548352e-06
0.056172467201025755,3.476439621660507e-06
0.06310692142900626,8.922808080695738e-06
0.07089742948257126,2.2302531936672215e-05
0.07964967064493539,5.394868310990112e-05
0.08948237023750269,0.00012580499435826614
0.10052891014472326,0.00028215625202357235
0.11293913815718663,0.0006078039894728759
0.1268814006769336,0.0012565916639785994
0.14254482635890514,0.002492461386498224
0.16014189166643014,0.004742729505733795
0.17991130314285533,0.00865839784969321
0.2021212354977168,0.015169180285054089
0.2270729694325259,0.025512950376054964
0.2551049785537617,0.041213557118999794
0.28659752081259104,0.06398160886675147
0.3219777967548112,0.09552369821204167
0.36172574455336326,0.1372677321328693
0.4063805504338082,0.19004182943536552
0.45654796280755766,0.2537726752389328
0.5129085093300529,0.3272843220765047
0.5762267283493882,0.40827007067904636
0.6473615399712076,0.4934754066706147
0.7272778974247632,0.5790766459391289
0.8170598767824696,0.6611846570636273
0.9179253825967483,0.7363654128672088
1.0312426689380967,0.8020633942792145
1.1585488999444697,0.8568424149145725
1.3015710016583038,0.9004106480593906
1.4622490880091454,0.9334536593906514
1.6427627787184707,0.9573421396465818
1.8455607661325835,0.9737982750124248
2.0733940320616497,0.9845956076340266
2.329353165215711,0.9913403142952888
2.6169102854537,0.9953496131342018
2.9399661435534976,0.997616490734249
3.3029030354176987,0.9988350165237307
3.710644248503383,0.9994574325897849
4.168720846874621,0.9997594003754858
4.683346700825936,0.9998984828654827
5.261502778863538,0.9999592711984763
5.911031845476362,0.9999844720303431
6.64074484928479,0.9999943775075947
7.4605404447366075,0.9999980675357799
8.381539268677866,0.9999993698473842
9.416234793278331,0.9999998051365547
10.578662801651687,0.9999999428812676
11.884591785129816,0.9999999841358348
13.351736844955687,0.9999999958266366
15.0,0.9999999989604691
