SA(1.0s) [g],Complete_damage
0.05000000000000001,0.0
0.056172467201025755,1.1102230246251565e-16
0.06310692142900626,7.771561172376096e-16
0.07089742948257126,4.107825191113079e-15
0.07964967064493539,1.9872992140790302e-14
0.08948237023750269,9.248157795127554e-14
0.10052891014472326,4.1389114358025836e-13
0.11293913815718663,1.780131597683976e-12
0.1268814006769336,7.352674025185024e-12
0.14254482635890514,2.916822339216196e-11
0.16014189166643014,1.1114109632615055e-10
0.17991130314285533,4.0678016510753423e-10
0.2021212354977168,1.4301705375530105e-09
0.2270729694325259,4.830406408196097e-09
0.2551049785537617,1.567380003564267e-08
0.28659752081259104,4.88640198303969e-08
0.3219777967548112,1.463728653838814e-07
0.36172574455336326,4.2133135214061923e-07
0.4063805504338082,1.1655142977406996e-06
0.45654796280755766,3.0987374965985026e-06
0.5129085093300529,7.919039049286702e-06
0.5762267283493882,1.945507387557388e-05
0.6473615399712076,4.595405991336676e-05
0.7272778974247632,0.00010437822300579658
0.8170598767824696,0.00022801465945754273
0.9179253825967483,0.0004791404830012391
1.0312426689380967,0.0009687246411033135
1.1585488999444697,0.001884849333625871
1.3015710016583038,0.0035302558928879124
1.4622490880091454,0.006366759929940846
1.6427627787184707,0.01106013506564163
1.8455607661325835,0.01851395565464231
2.0733940320616497,0.029876210386734936
2.329353165215711,0.0465004630918302
2.6169102854537,0.06984642976428646
2.9399661435534976,0.10131476687953433
3.3029030354176987,0.14202728877753357
3.710644248503383,0.1925835045930474
4.168720846874621,0.2528413376971256
4.683346700825936,0.32177715081906066
5.261502778863538,0.3974724256507812
5.911031845476362,0.47725079153950556
6.64074484928479,0.5579545971488166
7.4605404447366075,0.6363147739886359
8.381539268677866,0.709342757320176
9.416234793278331,0.7746671976759658
10.578662801651687,0.8307532082251188
11.884591785129816,0.8769727700758018
13.351736844955687,0.9135313631259785
15.0,0.9412866320089401
