SA(1.0s) [g],Complete_damage
0.05000000000000001,9.43689570931383e-15
0.056172467201025755,4.496403249731884e-14
0.06310692142900626,2.0550228185811648e-13
0.07089742948257126,9.005018952734645e-13
0.07964967064493539,3.790856517582597e-12
0.08948237023750269,1.5326517832647824e-11
0.10052891014472326,5.951716897101278e-11
0.11293913815718663,2.2199897475871921e-10
0.1268814006769336,7.954109593200087e-10
0.14254482635890514,2.7377140554563084e-09
0.16014189166643014,9.052455007818594e-09
0.17991130314285533,2.8757737857709742e-08
0.2021212354977168,8.777766480339011e-08
0.2270729694325259,2.5744716403153234e-07
0.2551049785537617,7.256114119558177e-07
0.28659752081259104,1.965498978795388e-06
0.3219777967548112,5.117281086430836e-06
0.36172574455336326,1.2807170714168592e-05
0.4063805504338082,3.0815535454919996e-05
0.45654796280755766,7.12935221772737e-05
0.5129085093300529,0.0001586216553349784
0.5762267283493882,0.00033945573528826323
0.6473615399712076,0.0006988717245290932
0.7272778974247632,0.0013845267773521241
0.8170598767824696,0.0026399937727190625
0.9179253825967483,0.00484645550439744
1.0312426689380967,0.008568479061876966
1.1585488999444697,0.014594818403248722
1.3015710016583038,0.02396008004877004
1.4622490880091454,0.037929495172005834
1.6427627787184707,0.057929431217519145
1.8455607661325835,0.08541287531002872
2.0733940320616497,0.12166270316023398
2.329353165215711,0.16755428790185023
2.6169102854537,0.2233181102150894
2.9399661435534976,0.28835569963835916
3.3029030354176987,0.3611619723143237
3.710644248503383,0.43939058862107994
4.168720846874621,0.5200685668363623
4.683346700825936,0.5999299593796152
5.261502778863538,0.6758071536195106
5.911031845476362,0.7450027006809838
6.64074484928479,0.805569902123458
7.4605404447366075,0.8564548471588374
8.381539268677866,0.8974878699167892
9.416234793278331,0.9292471067011832
10.578662801651687,0.9528409604994451
11.884591785129816,0.9696645985760528
13.351736844955687,0.9811787800926094
15.0,0.9887425490386893
