SA(1.0s) [g],Complete_damage
0.05000000000000001,5.971889649458717e-13
0.056172467201025755,2.468025783741723e-12
0.06310692142900626,9.812040069334671e-12
0.07089742948257126,3.7530201169033717e-11
0.07964967064493539,1.381110781295547e-10
0.08948237023750269,4.890134963630999e-10
0.10052891014472326,1.666016546941762e-09
0.11293913815718663,5.461698648900892e-09
0.1268814006769336,1.7230252669087065e-08
0.14254482635890514,5.2311716181030476e-08
0.16014189166643014,1.5285517607210863e-07
0.17991130314285533,4.299010538666437e-07
0.2021212354977168,1.1638595640572902e-06
0.2270729694325259,3.033307953703712e-06
0.2551049785537617,7.6113291066493005e-06
0.28659752081259104,1.8389985864897263e-05
0.3219777967548112,4.278910799959679e-05
0.36172574455336326,9.589059017800494e-05
0.4063805504338082,0.0002070028892756648
0.45654796280755766,0.00043053546877791504
0.5129085093300529,0.0008628928524447854
0.5762267283493882,0.0016669157674085167
0.6473615399712076,0.0031044480369648575
0.7272778974247632,0.005575549248617029
0.8170598767824696,0.009659564333584725
0.9179253825967483,0.016149017813448574
1.0312426689380967,0.026063110906204945
1.1585488999444697,0.04062514479982937
1.3015710016583038,0.06118951165304232
1.4622490880091454,0.08911064122973489
1.6427627787184707,0.12555875256598448
1.8455607661325835,0.17130353183056246
2.0733940320616497,0.22650270293383168
2.329353165215711,0.2905422321146688
2.6169102854537,0.36197348894258774
2.9399661435534976,0.438577774088021
3.3029030354176987,0.5175623814693721
3.710644248503383,0.5958614322001985
4.168720846874621,0.6704882910228861
4.683346700825936,0.73887291256542
5.261502778863538,0.7991214259745272
5.911031845476362,0.8501553304941332
6.64074484928479,0.8917172689462602
7.4605404447366075,0.9242602463334104
8.381539268677866,0.9487589560221459
9.416234793278331,0.9664907841426451
10.578662801651687,0.9788300158078787
11.884591785129816,0.9870855835813558
13.351736844955687,0.9923960163123183
15.0,0.9956802716618366
