SA(1.0s) [g],Complete_damage
0.05000000000000001,1.3433698597964394e-14
0.056172467201025755,6.150635556423367e-14
0.06310692142900626,2.6989521728637555e-13
0.07089742948257126,1.1395329124752607e-12
0.07964967064493539,4.6276316112425775e-12
0.08948237023750269,1.8079204799903437e-11
0.10052891014472326,6.79541978243492e-11
0.11293913815718663,2.4574686730005624e-10
0.1268814006769336,8.55093884588598e-10
0.14254482635890514,2.8629675297153767e-09
0.16014189166643014,9.224020880438388e-09
0.17991130314285533,2.859907177743537e-08
0.2021212354977168,8.533760231799192e-08
0.2270729694325259,2.4508542284529256e-07
0.2551049785537617,6.775132537217843e-07
0.28659752081259104,1.8029325968837995e-06
0.3219777967548112,4.618963093561135e-06
0.36172574455336326,1.1393549134042225e-05
0.4063805504338082,2.7062892093310253e-05
0.45654796280755766,6.190798282734722e-05
0.5129085093300529,0.00013640782834944964
0.5762267283493882,0.00028954910556899804
0.6473615399712076,0.0005922072960014013
0.7272778974247632,0.0011672975621320747
0.8170598767824696,0.002217911504762138
0.9179253825967483,0.004063241284951169
1.0312426689380967,0.007179465014570896
1.1585488999444697,0.012238960273977861
1.3015710016583038,0.020136826712493616
1.4622490880091454,0.03199005101854513
1.6427627787184707,0.04909364726197474
1.8455607661325835,0.07282173088815624
2.0733940320616497,0.10447089617581107
2.329353165215711,0.1450578341522729
2.6169102854537,0.19509985060451607
2.9399661435534976,0.25442076644401157
3.3029030354176987,0.3220299145194815
3.710644248503383,0.39611446991527066
4.168720846874621,0.4741647585943898
4.683346700825936,0.5532227870142659
5.261502778863538,0.630214162622827
5.911031845476362,0.7023021344547067
6.64074484928479,0.7671966729286236
7.4605404447366075,0.8233632657245376
8.381539268677866,0.8701015287784337
9.416234793278331,0.9074946377525153
10.578662801651687,0.9362576952779872
11.884591785129816,0.9575294312889919
13.351736844955687,0.9726544236154719
15.0,0.9829942122240596
