SA(0.6s) [g],Complete_damage
0.05000000000000001,2.0832365227319016e-06
0.056172467201025755,3.5383693713919584e-06
0.06310692142900626,5.938484883505346e-06
0.07089742948257126,9.84837632589386e-06
0.07964967064493539,1.6139095743494813e-05
0.08948237023750269,2.6135389122217134e-05
0.10052891014472326,4.182386443452035e-05
0.11293913815718663,6.614173558794345e-05
0.1268814006769336,0.00010337005572502722
0.14254482635890514,0.000159659168326165
0.16014189166643014,0.00024371705022663281
0.17991130314285533,0.0003676924632187717
0.2021212354977168,0.0005482833242337337
0.2270729694325259,0.0008080952366941174
0.2551049785537617,0.0011772644189650405
0.28659752081259104,0.0016953421326902918
0.3219777967548112,0.0024134132770485817
0.36172574455336326,0.0033963897767576023
0.4063805504338082,0.004725380327984197
0.45654796280755766,0.006499993706611806
0.5129085093300529,0.008840386280125956
0.5762267283493882,0.011888820129319133
0.6473615399712076,0.01581046212793691
0.7272778974247632,0.020793133242644313
0.8170598767824696,0.027045718301026533
0.9179253825967483,0.03479497603626325
1.0312426689380967,0.04428055218223803
1.1585488999444697,0.05574809677335435
1.3015710016583038,0.0694405187636562
1.4622490880091454,0.08558757021878116
1.6427627787184707,0.10439412747183274
1.8455607661325835,0.12602771225844556
2.0733940320616497,0.15060595329321824
2.329353165215711,0.17818480808007853
2.6169102854537,0.20874842715616726
2.9399661435534976,0.24220153343128703
3.3029030354176987,0.27836509908935103
3.710644248503383,0.31697593123756784
4.168720846874621,0.3576905340381973
4.683346700825936,0.4000933175525665
5.261502778863538,0.4437088978402811
5.911031845476362,0.4880179099687306
6.64074484928479,0.5324754680368573
7.4605404447366075,0.5765311842193361
8.381539268677866,0.619649526051558
9.416234793278331,0.6613292621837856
10.578662801651687,0.7011208248164733
11.884591785129816,0.7386405934452098
13.351736844955687,0.7735813602646748
15.0,0.805718545416852
