SA(0.6s) [g],Complete_damage
0.05000000000000001,1.2568996143880184e-07
0.056172467201025755,2.26598207642148e-07
0.06310692142900626,4.036304587229367e-07
0.07089742948257126,7.103780516048985e-07
0.07964967064493539,1.2353220536498455e-06
0.08948237023750269,2.122575793350734e-06
0.10052891014472326,3.603680455155356e-06
0.11293913815718663,6.045573919921665e-06
0.1268814006769336,1.0021796918113779e-05
0.14254482635890514,1.641646214511905e-05
0.16014189166643014,2.6573520716999255e-05
0.17991130314285533,4.250738695110723e-05
0.2021212354977168,6.719490590911814e-05
0.2270729694325259,0.00010497271769471794
0.2551049785537617,0.00016206786872230428
0.28659752081259104,0.0002472924216920802
0.3219777967548112,0.0003729339813034471
0.36172574455336326,0.0005558724288647898
0.4063805504338082,0.0008189475300637294
0.45654796280755766,0.001192591167910484
0.5129085093300529,0.0017167205768072735
0.5762267283493882,0.0024428642521965305
0.6473615399712076,0.003436459910934775
0.7272778974247632,0.004779224592271647
0.8170598767824696,0.006571452492144192
0.9179253825967483,0.008934049556982848
1.0312426689380967,0.0120100698083484
1.1585488999444697,0.015965482716209567
1.3015710016583038,0.020988880504922758
1.4622490880091454,0.027289836156408565
1.6427627787184707,0.035095653534638394
1.8455607661325835,0.0446463152436225
2.0733940320616497,0.05618753344058769
2.329353165215711,0.06996194187159432
2.6169102854537,0.08619862731041306
2.9399661435534976,0.10510137402009456
3.3029030354176987,0.1268361701739742
3.710644248503383,0.15151868162509574
4.168720846874621,0.179202516057536
4.683346700825936,0.20986916067019523
5.261502778863538,0.24342046429184716
5.911031845476362,0.2796744417526682
6.64074484928479,0.31836500432987935
7.4605404447366075,0.35914597438983
8.381539268677866,0.40159944338451703
9.416234793278331,0.44524820622935035
10.578662801651687,0.48957168288962716
11.884591785129816,0.5340244522568569
13.351736844955687,0.578056304062849
15.0,0.6211325852373606
