SA(0.6s) [g],Loss_ratio
0.05000000000000001,1.4329177433192833e-05
0.056172467201025755,2.4772832305754556e-05
0.06310692142900626,4.219621373244082e-05
0.07089742948257126,7.082877704522682e-05
0.07964967064493539,0.00011719828329842968
0.08948237023750269,0.00019124985079183176
0.10052891014472326,0.0003079741188036977
0.11293913815718663,0.0004897912149665441
0.1268814006769336,0.0007700772389654112
0.14254482635890514,0.0011984311631263024
0.16014189166643014,0.001848567015087644
0.17991130314285533,0.002830043398711369
0.2021212354977168,0.004305295555374397
0.2270729694325259,0.006513381170681377
0.2551049785537617,0.009801123616004683
0.28659752081259104,0.014660490941029756
0.3219777967548112,0.02176773594629671
0.36172574455336326,0.03201509378209037
0.4063805504338082,0.04652052072369073
0.45654796280755766,0.06659694225276405
0.5129085093300529,0.09366256447863174
0.5762267283493882,0.12908092460348128
0.6473615399712076,0.17393508279096093
0.7272778974247632,0.22876312597199788
0.8170598767824696,0.29330617196961994
0.9179253825967483,0.3663360119013784
1.0312426689380967,0.44562765782140734
1.1585488999444697,0.5281169651958465
1.3015710016583038,0.6102384128189442
1.4622490880091454,0.6883859574733868
1.6427627787184707,0.7593993251641183
1.8455607661325835,0.8209657771559051
2.0733940320616497,0.871849764862652
2.329353165215711,0.9119124687305139
2.6169102854537,0.9419415281079817
2.9399661435534976,0.9633572847877871
3.3029030354176987,0.9778813383717533
3.710644248503383,0.987244004332605
4.168720846874621,0.9929783359293194
4.683346700825936,0.9963139035403842
5.261502778863538,0.9981559832316728
5.911031845476362,0.9991215030858812
6.64074484928479,0.9996016823967779
7.4605404447366075,0.9998282104731648
8.381539268677866,0.9999295582751658
9.416234793278331,0.9999725502164832
10.578662801651687,0.999989838638274
11.884591785129816,0.9999964279785474
13.351736844955687,0.9999988079751883
15.0,0.9999996224810876
