PGA [g],Loss_ratio
0.05000000000000001,3.842069695353464e-09
0.056172467201025755,1.6767317634538684e-08
0.06310692142900626,6.871157160840512e-08
0.07089742948257126,2.6442738569307236e-07
0.07964967064493539,9.557608841222525e-07
0.08948237023750269,3.2451040774250656e-06
0.10052891014472326,1.0352142852307073e-05
0.11293913815718663,3.1035372722828143e-05
0.1268814006769336,8.746436671167292e-05
0.14254482635890514,0.00023179177798461127
0.16014189166643014,0.0005778695331816773
0.17991130314285533,0.001355910790271045
0.2021212354977168,0.002996027912333864
0.2270729694325259,0.006238288085045002
0.2551049785537617,0.012250069547984771
0.28659752081259104,0.02270816341897347
0.3219777967548112,0.03978242622402555
0.36172574455336326,0.0659552465972778
0.4063805504338082,0.1036411016330892
0.45654796280755766,0.1546351590610363
0.5129085093300529,0.21950150453582123
0.5762267283493882,0.29707733966017846
0.6473615399712076,0.3842869576840472
0.7272778974247632,0.47640952470106335
0.8170598767824696,0.5678251484308413
0.9179253825967483,0.6530923605427305
1.0312426689380967,0.7280422102132692
1.1585488999444697,0.7905062440471242
1.3015710016583038,0.8404117724964504
1.4622490880091454,0.8792557036954362
1.6427627787184707,0.9092510744006395
1.8455607661325835,0.9325450785458633
2.0733940320616497,0.9507811688390144
2.329353165215711,0.965038400751121
2.6169102854537,0.976000397641185
2.9399661435534976,0.9841686270778545
3.3029030354176987,0.9900043987892868
3.710644248503383,0.9939756581890905
4.168720846874621,0.9965403417314295
4.683346700825936,0.9981092792171977
5.261502778863538,0.9990176165510177
5.911031845476362,0.999515081437178
6.64074484928479,0.9997727411786757
7.4605404447366075,0.9998989338455775
8.381539268677866,0.999957369321964
9.416234793278331,0.9999829512491994
10.578662801651687,0.9999935381192605
11.884591785129816,0.9999976795056043
13.351736844955687,0.9999992107201541
15.0,0.9999997457876355
