PGA [g],Loss_ratio
0.05000000000000001,4.693062442631708e-09
0.056172467201025755,2.0527332766200066e-08
0.06310692142900626,8.427858515154941e-08
0.07089742948257126,3.248461797408858e-07
0.07964967064493539,1.1756822954279008e-06
0.08948237023750269,3.996131792475564e-06
0.10052891014472326,1.2759246023271023e-05
0.11293913815718663,3.827872281787027e-05
0.1268814006769336,0.00010793584842211727
0.14254482635890514,0.0002861532138037721
0.16014189166643014,0.0007135581969977977
0.17991130314285533,0.0016744064191410778
0.2021212354977168,0.003699406369952257
0.2270729694325259,0.007700621009356066
0.2551049785537617,0.015113943384991401
0.28659752081259104,0.02799539376996359
0.3219777967548112,0.04899170101130807
0.36172574455336326,0.08110269038529434
0.4063805504338082,0.12719119034241383
0.45654796280755766,0.18927839329225227
0.5129085093300529,0.267766823609496
0.5762267283493882,0.3608179445071407
0.6473615399712076,0.46413531850186446
0.7272778974247632,0.571341632904213
0.8170598767824696,0.6749837963675502
0.9179253825967483,0.7679765776335876
1.0312426689380967,0.8450729758127535
1.1585488999444697,0.9038542888802958
1.3015710016583038,0.9448758084002313
1.4622490880091454,0.9709613594430839
1.6427627787184707,0.9860143587019338
1.8455607661325835,0.9938686125807472
2.0733940320616497,0.9975624924989199
2.329353165215711,0.9991241881866246
2.6169102854537,0.9997163882564202
2.9399661435534976,0.9999174272456443
3.3029030354176987,0.9999784297914187
3.710644248503383,0.999994953208585
4.168720846874621,0.9999989439840725
4.683346700825936,0.9999998026373826
5.261502778863538,0.999999967090348
5.911031845476362,0.999999995108557
6.64074484928479,0.9999999993524797
7.4605404447366075,0.9999999999237101
8.381539268677866,0.9999999999920051
9.416234793278331,0.9999999999992552
10.578662801651687,0.9999999999999384
11.884591785129816,0.9999999999999954
13.351736844955687,0.9999999999999997
15.0,1.0
